{
  "header": {
    "stamp": {
      "sec": 1769665095,
      "nanosec": 901735052
    },
    "frame_id": "base_link"
  },
  "is_online": true,
  "enable": true,
  "in_motion": false,
  "joint_position_deg": [
    -15.586679516171273,
    28.10079160402314,
    100.74056376678243,
    -19.285143281915847,
    89.70387965301227,
    -16.015014339401112
  ],
  "joint_position_rad": [
    -0.27203887701034546,
    0.4904513359069824,
    1.7582545280456543,
    -0.3365892469882965,
    1.5656280517578125,
    -0.27951472997665405
  ],
  "cartesian_position": {
    "position": {
      "x": 0.22342081367969513,
      "y": -0.18896733224391937,
      "z": 0.47320669889450073
    },
    "orientation": {
      "x": -0.7043262124061584,
      "y": -0.7096730470657349,
      "z": 0.010449913330376148,
      "w": 0.013402292504906654
    },
    "euler_orientation_rpy_rad": [
      -3.107874742171344,
      -0.004302209038921259,
      1.5782865344665726
    ],
    "euler_orientation_rpy_deg": [
      -178.06810598172692,
      -0.24649842051322227,
      90.42915728726355
    ]
  }
}