{
  "header": {
    "stamp": {
      "sec": 1770020679,
      "nanosec": 22445648
    },
    "frame_id": "base_link"
  },
  "is_online": true,
  "enable": true,
  "in_motion": false,
  "joint_position_deg": [
    -15.532647597194595,
    28.481289489853502,
    101.36736339672532,
    -17.18309792333106,
    89.93568944325332,
    -15.528908068624013
  ],
  "joint_position_rad": [
    -0.2710958421230316,
    0.49709227681159973,
    1.76919424533844,
    -0.2999016344547272,
    1.5696738958358765,
    -0.27103057503700256
  ],
  "cartesian_position": {
    "position": {
      "x": 0.22485190629959106,
      "y": -0.1887100785970688,
      "z": 0.47364383935928345
    },
    "orientation": {
      "x": -0.7071067811865476,
      "y": -0.7071067811865476,
      "z": 0.0,
      "w": 0.0
    },
    "euler_orientation_rpy_rad": [
      -3.141592653589793,
      0.0,
      1.5707963267948966
    ],
    "euler_orientation_rpy_deg": [
      -180.0,
      0.0,
      90.0
    ]
  }
}