{
  "header": {
    "stamp": {
      "sec": 1770185509,
      "nanosec": 581845318
    },
    "frame_id": "base_link"
  },
  "is_online": true,
  "enable": true,
  "in_motion": false,
  "joint_position_deg": [
    0.7148565631568201,
    -4.720684391080667,
    121.00512031718496,
    35.75053858764031,
    90.05107182890235,
    0.6580188771742946
  ],
  "joint_position_rad": [
    0.012476600706577301,
    -0.08239148557186127,
    2.1119377613067627,
    0.6239646077156067,
    1.5716876983642578,
    0.011484595946967602
  ],
  "cartesian_position": {
    "position": {
      "x": 0.4428432881832123,
      "y": -0.1159001961350441,
      "z": 0.19161126017570496
    },
    "orientation": {
      "x": -0.7071067811865476,
      "y": -0.7071067811865476,
      "z": 0.0,
      "w": 0.0
    },
    "euler_orientation_rpy_rad": [
      -3.141592653589793,
      0.0,
      1.5707963267948966
    ],
    "euler_orientation_rpy_deg": [
      -180.0,
      0.0,
      90.0
    ]
  }
}