{
  "header": {
    "stamp": {
      "sec": 1769665041,
      "nanosec": 401654927
    },
    "frame_id": "base_link"
  },
  "is_online": true,
  "enable": true,
  "in_motion": false,
  "joint_position_deg": [
    0.15788242400642316,
    8.697918058931078,
    134.2975973477569,
    34.83296414435162,
    94.65068514052902,
    3.729334086358914
  ],
  "joint_position_rad": [
    0.002755568129941821,
    0.15180730819702148,
    2.343935251235962,
    0.6079499125480652,
    1.6519660949707031,
    0.0650891587138176
  ],
  "cartesian_position": {
    "position": {
      "x": 0.3455769717693329,
      "y": -0.11292658746242523,
      "z": 0.18787752091884613
    },
    "orientation": {
      "x": -0.7283675074577332,
      "y": -0.6839516758918762,
      "z": -0.022814976051449776,
      "w": 0.03421001508831978
    },
    "euler_orientation_rpy_rad": [
      -3.12290538135764,
      -0.08011704972040797,
      1.5071702878772655
    ],
    "euler_orientation_rpy_deg": [
      -178.9292981704856,
      -4.590368816019149,
      86.35449650288461
    ]
  }
}