{
  "header": {
    "stamp": {
      "sec": 1770020846,
      "nanosec": 522430346
    },
    "frame_id": "base_link"
  },
  "is_online": true,
  "enable": true,
  "in_motion": false,
  "joint_position_deg": [
    39.66620749163316,
    1.3851552133242986,
    116.0427146776039,
    24.55980297223509,
    90.01618322262193,
    39.66754620871048
  ],
  "joint_position_rad": [
    0.6923059225082397,
    0.02417551912367344,
    2.025327444076538,
    0.4286494255065918,
    1.5710787773132324,
    0.6923292875289917
  ],
  "cartesian_position": {
    "position": {
      "x": 0.41176897287368774,
      "y": 0.18364354968070984,
      "z": 0.2553410828113556
    },
    "orientation": {
      "x": -0.7071148753166199,
      "y": -0.7070981860160828,
      "z": 0.000836266961414367,
      "w": 0.00021990499226376414
    },
    "euler_orientation_rpy_rad": [
      -3.140099010698986,
      0.0008716848844420567,
      1.5707734148064205
    ],
    "euler_orientation_rpy_deg": [
      -179.91442056625704,
      0.04994386494387872,
      89.99868723976007
    ]
  }
}