{
  "header": {
    "stamp": {
      "sec": 1770020824,
      "nanosec": 122496620
    },
    "frame_id": "base_link"
  },
  "is_online": true,
  "enable": true,
  "in_motion": false,
  "joint_position_deg": [
    39.655856339946006,
    4.884180336790554,
    107.66722252863244,
    12.694446157413129,
    90.0136628828182,
    39.65661790603846
  ],
  "joint_position_rad": [
    0.6921252608299255,
    0.0852450281381607,
    1.8791475296020508,
    0.22155988216400146,
    1.5710347890853882,
    0.6921385526657104
  ],
  "cartesian_position": {
    "position": {
      "x": 0.4118858575820923,
      "y": 0.18363314867019653,
      "z": 0.32766640186309814
    },
    "orientation": {
      "x": -0.7071113586425781,
      "y": -0.7071018218994141,
      "z": 0.0007586818537674844,
      "w": 0.0001907168625621125
    },
    "euler_orientation_rpy_rad": [
      -3.140250006184992,
      0.0008032327171927574,
      1.570783451054922
    ],
    "euler_orientation_rpy_deg": [
      -179.9230719703307,
      0.046021844661970235,
      89.99926227444135
    ]
  }
}