{
  "header": {
    "stamp": {
      "sec": 1769670839,
      "nanosec": 278996660
    },
    "frame_id": "base_link"
  },
  "is_online": true,
  "enable": true,
  "in_motion": false,
  "joint_position_deg": [
    -32.18696252026702,
    -13.979086065755698,
    90.29962924298829,
    10.798360884381848,
    93.20876390484763,
    -33.999670820326315
  ],
  "joint_position_rad": [
    -0.5617684721946716,
    -0.24398107826709747,
    1.5760258436203003,
    0.18846695125102997,
    1.6267998218536377,
    -0.5934062004089355
  ],
  "cartesian_position": {
    "position": {
      "x": 0.41164326667785645,
      "y": -0.39644142985343933,
      "z": 0.3017784655094147
    },
    "orientation": {
      "x": -0.6958501935005188,
      "y": -0.7169992327690125,
      "z": -0.021120229735970497,
      "w": 0.03547600656747818
    },
    "euler_orientation_rpy_rad": [
      -3.122444109757181,
      -0.08035200769142749,
      1.5999624802753805
    ],
    "euler_orientation_rpy_deg": [
      -178.90286925457005,
      -4.603830916121525,
      91.67109749906253
    ]
  }
}