{
  "feature_parameters": {
    "workpiece_center_x_original": 338.8426818847656,
    "workpiece_center_y_original": 134.0,
    "workpiece_radius_original": 53.47437286376953,
    "workpiece_area": 1318.0,
    "valve_center_x": 365.0,
    "valve_center_y": 106.5,
    "valve_radius": 19.780139923095703,
    "valve_area": 555.0,
    "standardized_angle_rad": -0.8104162185416863,
    "standardized_angle_deg": -46.4334289713904,
    "final_workpiece_radius": 53.47437286376953,
    "crop_x": 285.0,
    "crop_y": 80.0,
    "crop_width": 107.0,
    "crop_height": 107.0,
    "rotation_angle_rad": 0.0,
    "rotation_angle_deg": 0.0,
    "final_valve_center_x": 80.0,
    "final_valve_center_y": 26.5
  },
  "original_grasp_pose": {
    "cartesian_position": {
      "position": {
        "x": 0.4428432881832123,
        "y": -0.1159001961350441,
        "z": 0.19161126017570496
      },
      "orientation": {
        "x": 0.7071067811865477,
        "y": 0.7071067811865476,
        "z": 0.0,
        "w": -0.0
      }
    }
  },
  "standardized_grasp_pose": {
    "cartesian_position": {
      "position": {
        "x": 0.4428432881832124,
        "y": -0.11590019613504407,
        "z": 0.19161126017570496
      },
      "orientation": {
        "x": 0.7071067811865477,
        "y": 0.7071067811865476,
        "z": 5.366526958391809e-19,
        "w": 0.0
      }
    }
  },
  "original_preparation_pose": {
    "cartesian_position": {
      "position": {
        "x": 0.4419867694377899,
        "y": -0.11688749492168427,
        "z": 0.3544745147228241
      },
      "orientation": {
        "x": 0.7071067811865477,
        "y": 0.7071067811865476,
        "z": 0.0,
        "w": -0.0
      }
    }
  },
  "standardized_preparation_pose": {
    "cartesian_position": {
      "position": {
        "x": 0.44198676943779,
        "y": -0.11688749492168422,
        "z": 0.3544745147228241
      },
      "orientation": {
        "x": 0.7071067811865477,
        "y": 0.7071067811865476,
        "z": 5.366526958391809e-19,
        "w": 0.0
      }
    }
  }
}