{
  "feature_parameters": {
    "workpiece_center_x_original": 242.4862518310547,
    "workpiece_center_y_original": 205.95068359375,
    "workpiece_radius_original": 49.27613067626953,
    "workpiece_area": 1220.0,
    "valve_center_x": 209.0,
    "valve_center_y": 190.0,
    "valve_radius": 10.198139190673828,
    "valve_area": 201.0,
    "standardized_angle_rad": -2.6970554014743824,
    "standardized_angle_deg": -154.52989161744395,
    "final_workpiece_radius": 49.27613067626953,
    "crop_x": 193.0,
    "crop_y": 156.0,
    "crop_width": 99.0,
    "crop_height": 99.0,
    "rotation_angle_rad": 0.0,
    "rotation_angle_deg": 0.0,
    "final_valve_center_x": 16.0,
    "final_valve_center_y": 34.0
  },
  "original_grasp_pose": {
    "cartesian_position": {
      "position": {
        "x": 0.3455769717693329,
        "y": -0.11292658746242523,
        "z": 0.18787752091884613
      },
      "orientation": {
        "x": 0.7283675074577332,
        "y": 0.6839516758918762,
        "z": 0.022814976051449776,
        "w": -0.03421001508831978
      }
    }
  },
  "standardized_grasp_pose": {
    "cartesian_position": {
      "position": {
        "x": 0.3455769717693329,
        "y": -0.1129265874624252,
        "z": 0.18787752091884613
      },
      "orientation": {
        "x": 0.7283675074577332,
        "y": 0.6839516758918763,
        "z": 0.022814976051449772,
        "w": -0.03421001508831978
      }
    }
  },
  "original_preparation_pose": {
    "cartesian_position": {
      "position": {
        "x": 0.3473168909549713,
        "y": -0.12321929633617401,
        "z": 0.31427037715911865
      },
      "orientation": {
        "x": 0.7283690571784973,
        "y": 0.6839486956596375,
        "z": 0.022780321538448334,
        "w": -0.03425956889986992
      }
    }
  },
  "standardized_preparation_pose": {
    "cartesian_position": {
      "position": {
        "x": 0.3473168909549713,
        "y": -0.123219296336174,
        "z": 0.3142703771591187
      },
      "orientation": {
        "x": 0.7283690571784973,
        "y": 0.6839486956596373,
        "z": 0.02278032153844833,
        "w": -0.03425956889986991
      }
    }
  }
}