<?xml version="1.0" encoding="utf-8"?>
<COLLADA xmlns="http://www.collada.org/2005/11/COLLADASchema" version="1.4.1" xmlns:xsi="http://www.w3.org/2001/XMLSchema-instance">
  <asset>
    <contributor>
      <author>Blender User</author>
      <authoring_tool>Blender 4.5.14 LTS commit date:2026-09-14, commit time:14:54, hash:62c1db4208e8</authoring_tool>
    </contributor>
    <created>2026-09-24T16:02:39</created>
    <modified>2026-09-24T16:02:39</modified>
    <unit name="meter" meter="1"/>
    <up_axis>Z_UP</up_axis>
  </asset>
  <library_effects>
    <effect id="fruit_skin-effect">
      <profile_COMMON>
        <newparam sid="fruit_skin_albedo_png-surface">
          <surface type="2D">
            <init_from>fruit_skin_albedo_png</init_from>
          </surface>
        </newparam>
        <newparam sid="fruit_skin_albedo_png-sampler">
          <sampler2D>
            <source>fruit_skin_albedo_png-surface</source>
          </sampler2D>
        </newparam>
        <technique sid="common">
          <lambert>
            <emission>
              <color sid="emission">0 0 0 1</color>
            </emission>
            <diffuse>
              <texture texture="fruit_skin_albedo_png-sampler"/>
            </diffuse>
            <index_of_refraction>
              <float sid="ior">1.5</float>
            </index_of_refraction>
          </lambert>
        </technique>
      </profile_COMMON>
    </effect>
    <effect id="wire-effect">
      <profile_COMMON>
        <technique sid="common">
          <lambert>
            <emission>
              <color sid="emission">0 0 0 1</color>
            </emission>
            <diffuse>
              <color sid="diffuse">0.45 0.4 0.3 1</color>
            </diffuse>
            <reflectivity>
              <float sid="specular">0.3</float>
            </reflectivity>
            <index_of_refraction>
              <float sid="ior">1.5</float>
            </index_of_refraction>
          </lambert>
        </technique>
      </profile_COMMON>
    </effect>
    <effect id="inner-effect">
      <profile_COMMON>
        <technique sid="common">
          <lambert>
            <emission>
              <color sid="emission">0 0 0 1</color>
            </emission>
            <diffuse>
              <color sid="diffuse">0.18 0.15 0.13 1</color>
            </diffuse>
            <index_of_refraction>
              <float sid="ior">1.5</float>
            </index_of_refraction>
          </lambert>
        </technique>
      </profile_COMMON>
    </effect>
    <effect id="paper-effect">
      <profile_COMMON>
        <newparam sid="paper_bag_albedo_png-surface">
          <surface type="2D">
            <init_from>paper_bag_albedo_png</init_from>
          </surface>
        </newparam>
        <newparam sid="paper_bag_albedo_png-sampler">
          <sampler2D>
            <source>paper_bag_albedo_png-surface</source>
          </sampler2D>
        </newparam>
        <technique sid="common">
          <lambert>
            <emission>
              <color sid="emission">0 0 0 1</color>
            </emission>
            <diffuse>
              <texture texture="paper_bag_albedo_png-sampler" texcoord="UVMap"/>
            </diffuse>
            <index_of_refraction>
              <float sid="ior">1.5</float>
            </index_of_refraction>
          </lambert>
        </technique>
      </profile_COMMON>
    </effect>
  </library_effects>
  <library_images>
    <image id="fruit_skin_albedo_png" name="fruit_skin_albedo_png">
      <init_from>fruit_skin_albedo.png</init_from>
    </image>
    <image id="paper_bag_albedo_png" name="paper_bag_albedo_png">
      <init_from>paper_bag_albedo.png</init_from>
    </image>
  </library_images>
  <library_materials>
    <material id="fruit_skin-material" name="fruit_skin">
      <instance_effect url="#fruit_skin-effect"/>
    </material>
    <material id="wire-material" name="wire">
      <instance_effect url="#wire-effect"/>
    </material>
    <material id="inner-material" name="inner">
      <instance_effect url="#inner-effect"/>
    </material>
    <material id="paper-material" name="paper">
      <instance_effect url="#paper-effect"/>
    </material>
  </library_materials>
  <library_geometries>
    <geometry id="fruit-mesh" name="fruit">
      <mesh>
        <source id="fruit-mesh-positions">
          <float_array id="fruit-mesh-positions-array" count="1086">0 0.01416701 0.02247458 0 0.01803117 0.01911306 0 0.02355891 0.0103439 0 0.02549999 0 0 0.01803117 -0.01911306 0 0.004974782 -0.02651059 0.001287519 0.004805266 0.02651059 0.002525627 0.009425878 0.02497243 0.003666698 0.01368427 0.02247458 0.004666805 0.01741677 0.01911306 0.005487561 0.02047997 0.01501703 0.006097495 0.02275615 0.0103439 0.006473064 0.02415782 0.005273282 0.006599843 0.02463108 0 0.006473064 0.02415782 -0.005273282 0.006097495 0.02275615 -0.0103439 0.005487561 0.02047997 -0.01501703 0.004666805 0.01741677 -0.01911306 0.003666698 0.01368427 -0.02247458 0.002525627 0.009425878 -0.02497243 0.001287519 0.004805266 -0.02651059 0.002487361 0.004308283 0.02651059 0.004879176 0.008451044 0.02497243 0.007083475 0.01226902 0.02247458 0.00901556 0.01561546 0.01911306 0.01060122 0.01836186 0.01501703 0.01177942 0.02040261 0.0103439 0.01250499 0.02165931 0.005273282 0.01274996 0.02208364 0 0.01250499 0.02165931 -0.005273282 0.01177942 0.02040261 -0.0103439 0.01060122 0.01836186 -0.01501703 0.00901556 0.01561546 -0.01911306 0.007083475 0.01226902 -0.02247458 0.004879176 0.008451044 -0.02497243 0.002487361 0.004308283 -0.02651059 0.003517687 0.003517687 0.02651059 0.00690025 0.00690025 0.02497243 0.01001757 0.01001757 0.02247458 0.01274996 0.01274996 0.01911306 0.01499241 0.01499241 0.01501703 0.01665866 0.01665866 0.0103439 0.01768475 0.01768475 0.005273282 0.01803117 0.01803117 0 0.01768475 0.01768475 -0.005273282 0.01665866 0.01665866 -0.0103439 0.01499241 0.01499241 -0.01501703 0.01274996 0.01274996 -0.01911306 0.01001757 0.01001757 -0.02247458 0.00690025 0.00690025 -0.02497243 0.003517687 0.003517687 -0.02651059 0.004308283 0.002487361 0.02651053 0.008450984 0.004879176 0.02497237 0.01226896 0.007083475 0.02247458 0.01561546 0.00901556 0.01911306 0.0183618 0.01060122 0.01501703 0.02040255 0.01177942 0.0103439 0.02165925 0.01250499 0.005273282 0.02208358 0.01274996 0 0.02165925 0.01250499 -0.005273282 0.02040255 0.01177942 -0.0103439 0.0183618 0.01060122 -0.01501703 0.01561546 0.00901556 -0.01911306 0.01226896 0.007083475 -0.02247458 0.008450984 0.004879176 -0.02497237 0.004308283 0.002487361 -0.02651053 0.004795372 0.001284897 0.02645605 0.009406507 0.002520442 0.02492105 0.01365613 0.003659129 0.02242833 0.01738095 0.004657208 0.01907372 0.02043783 0.005476295 0.01498615 0.02270931 0.006084918 0.01032263 0.02410811 0.006459712 0.005262434 0.02458041 0.006586253 0 0.02410811 0.006459712 -0.005262434 0.02270931 0.006084918 -0.01032263 0.02043783 0.005476295 -0.01498615 0.01738095 0.004657208 -0.01907372 0.01365613 0.003659129 -0.02242833 0.009406507 0.002520442 -0.02492105 0.004795372 0.001284897 -0.02645605 0.004825532 0 0.02571529 0.009465634 0 0.02422326 0.01374202 0 0.02180033 0.01749026 0 0.01853966 0.0205664 0 0.01456654 0.02285212 0 0.0100336 0.02425968 0 0.005115091 0.02473497 0 0 0.02425968 0 -0.005115091 0.02285212 0 -0.0100336 0.0205664 0 -0.01456654 0.01749026 0 -0.01853966 0.01374202 0 -0.02180033 0.009465634 0 -0.02422326 0.004825532 0 -0.02571529 0.004795372 -0.001284897 0.02645605 0.009406507 -0.002520442 0.02492105 0.01365613 -0.003659129 0.02242833 0.01738095 -0.004657208 0.01907372 0.02043783 -0.005476295 0.01498615 0.02270931 -0.006084918 0.01032263 0.02410811 -0.006459712 0.005262434 0.02458041 -0.006586253 0 0.02410811 -0.006459712 -0.005262434 0.02270931 -0.006084918 -0.01032263 0.02043783 -0.005476295 -0.01498615 0.01738095 -0.004657208 -0.01907372 0.01365613 -0.003659129 -0.02242833 0.009406507 -0.002520442 -0.02492105 0.004795372 -0.001284897 -0.02645605 0.004308283 -0.002487361 0.02651053 0.008450984 -0.004879176 0.02497237 0.01226896 -0.007083475 0.02247458 0.01561546 -0.00901556 0.01911306 0.0183618 -0.01060122 0.01501703 0.02040255 -0.01177942 0.0103439 0.02165925 -0.01250499 0.005273282 0.02208358 -0.01274996 0 0.02165925 -0.01250499 -0.005273282 0.02040255 -0.01177942 -0.0103439 0.0183618 -0.01060122 -0.01501703 0.01561546 -0.00901556 -0.01911306 0.01226896 -0.007083475 -0.02247458 0.008450984 -0.004879176 -0.02497237 0.004308283 -0.002487361 -0.02651053 0.003517687 -0.003517687 0.02651059 0.00690025 -0.00690025 0.02497243 0.01001757 -0.01001757 0.02247458 0.01274996 -0.01274996 0.01911306 0.01499241 -0.01499241 0.01501703 0.01665866 -0.01665866 0.0103439 0.01768475 -0.01768475 0.005273282 0.01803117 -0.01803117 0 0.01768475 -0.01768475 -0.005273282 0.01665866 -0.01665866 -0.0103439 0.01499241 -0.01499241 -0.01501703 0.01274996 -0.01274996 -0.01911306 0.01001757 -0.01001757 -0.02247458 0.00690025 -0.00690025 -0.02497243 0.003517687 -0.003517687 -0.02651059 0.002487361 -0.004308283 0.02651059 0.004879176 -0.008451044 0.02497243 0.007083475 -0.01226902 0.02247458 0.00901556 -0.01561546 0.01911306 0.01060122 -0.01836186 0.01501703 0.01177942 -0.02040261 0.0103439 0.01250499 -0.02165931 0.005273282 0.01274996 -0.02208364 0 0.01250499 -0.02165931 -0.005273282 0.01177942 -0.02040261 -0.0103439 0.01060122 -0.01836186 -0.01501703 0.00901556 -0.01561546 -0.01911306 0.007083475 -0.01226902 -0.02247458 0.004879176 -0.008451044 -0.02497243 0.002487361 -0.004308283 -0.02651059 0.001287519 -0.004805266 0.02651059 0.002525627 -0.009425878 0.02497243 0.003666639 -0.01368427 0.02247458 0.004666805 -0.01741677 0.01911306 0.005487561 -0.02047997 0.01501703 0.006097495 -0.02275615 0.0103439 0.006473064 -0.02415782 0.005273282 0.006599843 -0.02463108 0 0.006473064 -0.02415782 -0.005273282 0.006097495 -0.02275615 -0.0103439 0.005487561 -0.02047997 -0.01501703 0.004666805 -0.01741677 -0.01911306 0.003666639 -0.01368427 -0.02247458 0.002525627 -0.009425878 -0.02497243 0.001287519 -0.004805266 -0.02651059 0 -0.004974782 0.02651059 0 -0.009758412 0.02497243 0 -0.01416701 0.02247458 0 -0.01803117 0.01911306 0 -0.02120244 0.01501703 0 -0.02355891 0.0103439 0 -0.02500998 0.005273282 0 -0.02549993 0 0 -0.02500998 -0.005273282 0 -0.02355891 -0.0103439 0 -0.02120244 -0.01501703 0 -0.01803117 -0.01911306 0 -0.01416701 -0.02247458 0 -0.009758412 -0.02497243 0 -0.004974782 -0.02651059 -0.001287519 -0.004805266 0.02651059 -0.002525627 -0.009425878 0.02497243 -0.003666698 -0.01368427 0.02247458 -0.004666805 -0.01741677 0.01911306 -0.005487561 -0.02047997 0.01501703 -0.006097495 -0.02275615 0.0103439 -0.006473064 -0.02415782 0.005273282 -0.006599843 -0.02463108 0 -0.006473064 -0.02415782 -0.005273282 -0.006097495 -0.02275615 -0.0103439 -0.005487561 -0.02047997 -0.01501703 -0.004666805 -0.01741677 -0.01911306 -0.003666698 -0.01368427 -0.02247458 -0.002525627 -0.009425878 -0.02497243 -0.001287519 -0.004805266 -0.02651059 -0.002487361 -0.004308283 0.02651059 -0.004879176 -0.008451044 0.02497243 -0.007083475 -0.01226896 0.02247458 -0.00901556 -0.01561546 0.01911306 -0.01060122 -0.01836186 0.01501703 -0.01177942 -0.02040261 0.0103439 -0.01250499 -0.02165931 0.005273282 -0.01274996 -0.02208364 0 -0.01250499 -0.02165931 -0.005273282 -0.01177942 -0.02040261 -0.0103439 -0.01060122 -0.01836186 -0.01501703 -0.00901556 -0.01561546 -0.01911306 -0.007083475 -0.01226896 -0.02247458 -0.004879176 -0.008451044 -0.02497243 -0.002487361 -0.004308283 -0.02651059 -0.003517687 -0.003517687 0.02651059 -0.00690025 -0.00690025 0.02497243 -0.01001757 -0.01001757 0.02247458 -0.01274996 -0.01274996 0.01911306 -0.01499235 -0.01499235 0.01501703 -0.01665866 -0.01665866 0.0103439 -0.01768475 -0.01768475 0.005273282 -0.01803117 -0.01803117 0 -0.01768475 -0.01768475 -0.005273282 -0.01665866 -0.01665866 -0.0103439 -0.01499235 -0.01499235 -0.01501703 -0.01274996 -0.01274996 -0.01911306 -0.01001757 -0.01001757 -0.02247458 -0.00690025 -0.00690025 -0.02497243 -0.003517687 -0.003517687 -0.02651059 -0.004308283 -0.002487361 0.02651053 -0.008450984 -0.004879176 0.02497237 -0.01226896 -0.007083475 0.02247458 -0.01561546 -0.00901556 0.01911306 -0.0183618 -0.01060122 0.01501703 -0.02040255 -0.01177942 0.0103439 -0.02165925 -0.01250499 0.005273282 -0.02208358 -0.01274996 0 -0.02165925 -0.01250499 -0.005273282 -0.02040255 -0.01177942 -0.0103439 -0.0183618 -0.01060122 -0.01501703 -0.01561546 -0.00901556 -0.01911306 -0.01226896 -0.007083475 -0.02247458 -0.008450984 -0.004879176 -0.02497237 -0.004308283 -0.002487361 -0.02651053 -0.004795372 -0.001284897 0.02645605 -0.009406507 -0.002520442 0.02492105 -0.01365613 -0.003659129 0.02242833 -0.01738095 -0.004657208 0.01907372 -0.02043783 -0.005476295 0.01498615 -0.02270931 -0.006084918 0.01032263 -0.02410811 -0.006459712 0.005262434 -0.02458035 -0.006586253 0 -0.02410811 -0.006459712 -0.005262434 -0.02270931 -0.006084918 -0.01032263 -0.02043783 -0.005476295 -0.01498615 -0.01738095 -0.004657208 -0.01907372 -0.01365613 -0.003659129 -0.02242833 -0.009406507 -0.002520442 -0.02492105 -0.004795372 -0.001284897 -0.02645605 0 0 0.02621906 -0.004825532 0 0.02571529 -0.009465634 0 0.02422326 -0.01374202 0 0.02180033 -0.01749026 0 0.01853966 -0.02056634 0 0.01456654 -0.02285212 0 0.0100336 -0.02425968 0 0.005115091 -0.02473497 0 0 -0.02425968 0 -0.005115091 -0.02285212 0 -0.0100336 -0.02056634 0 -0.01456654 -0.01749026 0 -0.01853966 -0.01374202 0 -0.02180033 -0.009465634 0 -0.02422326 -0.004825532 0 -0.02571529 -0.004795372 0.001284897 0.02645605 -0.009406507 0.002520442 0.02492105 -0.01365613 0.003659129 0.02242833 -0.01738095 0.004657208 0.01907372 -0.02043783 0.005476295 0.01498615 -0.02270931 0.006084918 0.01032263 -0.02410811 0.006459712 0.005262434 -0.02458035 0.006586253 0 -0.02410811 0.006459712 -0.005262434 -0.02270931 0.006084918 -0.01032263 -0.02043783 0.005476295 -0.01498615 -0.01738095 0.004657208 -0.01907372 -0.01365613 0.003659129 -0.02242833 -0.009406507 0.002520442 -0.02492105 -0.004795372 0.001284897 -0.02645605 -0.004308283 0.002487361 0.02651053 -0.008450984 0.004879176 0.02497237 -0.01226896 0.007083475 0.02247458 -0.01561546 0.00901556 0.01911306 -0.0183618 0.01060122 0.01501703 -0.02040255 0.01177942 0.0103439 -0.02165925 0.01250499 0.005273282 -0.02208358 0.01274996 0 -0.02165925 0.01250499 -0.005273282 -0.02040255 0.01177942 -0.0103439 -0.0183618 0.01060122 -0.01501703 -0.01561546 0.00901556 -0.01911306 -0.01226896 0.007083475 -0.02247458 -0.008450984 0.004879176 -0.02497237 -0.004308283 0.002487361 -0.02651053 -0.003517687 0.003517687 0.02651059 -0.00690025 0.00690025 0.02497243 -0.01001757 0.01001757 0.02247458 -0.01274996 0.01274996 0.01911306 -0.01499235 0.01499235 0.01501703 -0.01665866 0.01665866 0.0103439 -0.01768475 0.01768475 0.005273282 -0.01803117 0.01803117 0 -0.01768475 0.01768475 -0.005273282 -0.01665866 0.01665866 -0.0103439 -0.01499235 0.01499235 -0.01501703 -0.01274996 0.01274996 -0.01911306 -0.01001757 0.01001757 -0.02247458 -0.00690025 0.00690025 -0.02497243 -0.003517687 0.003517687 -0.02651059 -0.002487361 0.004308283 0.02651059 -0.004879176 0.008451044 0.02497243 -0.007083475 0.01226896 0.02247458 -0.00901556 0.01561546 0.01911306 -0.01060122 0.01836186 0.01501703 -0.01177942 0.02040261 0.0103439 -0.01250499 0.02165931 0.005273282 -0.01274996 0.02208364 0 -0.01250499 0.02165931 -0.005273282 -0.01177942 0.02040261 -0.0103439 -0.01060122 0.01836186 -0.01501703 -0.00901556 0.01561546 -0.01911306 -0.007083475 0.01226896 -0.02247458 -0.004879176 0.008451044 -0.02497243 -0.002487361 0.004308283 -0.02651059 -0.001287519 0.004805266 0.02651059 -0.002525627 0.009425878 0.02497243 -0.003666639 0.01368427 0.02247458 -0.004666805 0.01741677 0.01911306 -0.005487561 0.02047997 0.01501703 -0.006097495 0.02275615 0.0103439 -0.006473064 0.02415782 0.005273282 -0.006599843 0.02463108 0 -0.006473064 0.02415782 -0.005273282 -0.006097495 0.02275615 -0.0103439 -0.005487561 0.02047997 -0.01501703 -0.004666805 0.01741677 -0.01911306 -0.003666639 0.01368427 -0.02247458 -0.002525627 0.009425878 -0.02497243 -0.001287519 0.004805266 -0.02651059 0 0.004974782 0.02651059 0 0.009758412 0.02497243 0 0.02120244 0.01501703 0 0.02500998 0.005273282 0 0.02500998 -0.005273282 0 0.02355891 -0.0103439 0 0.02120244 -0.01501703 0 0.01416701 -0.02247458 0 0.009758412 -0.02497243 0 0 -0.02621906</float_array>
          <technique_common>
            <accessor source="#fruit-mesh-positions-array" count="362" stride="3">
              <param name="X" type="float"/>
              <param name="Y" type="float"/>
              <param name="Z" type="float"/>
            </accessor>
          </technique_common>
        </source>
        <source id="fruit-mesh-normals">
          <float_array id="fruit-mesh-normals-array" count="1086">-2.2731e-7 0.1409564 0.9900159 0 0 1 0.03648179 0.1361534 0.9900159 0 0 -1 -2.34263e-7 0.1409564 -0.9900159 0.03648155 0.1361534 -0.9900159 9.68293e-7 1 0 0.2544342 0.9495721 -0.1832383 -3.51248e-6 0.9830685 -0.1832387 0.1057829 0.3947815 0.9126651 9.52316e-7 0.4087094 0.9126647 2.57214e-6 0.9323018 -0.3616814 0.2413001 0.9005337 -0.3616814 0.1509046 0.5631748 0.812442 -1.75353e-7 0.5830427 0.8124415 0.2194577 0.8190375 -0.5301095 -1.99592e-6 0.8479288 -0.5301102 0.1891461 0.705904 0.6825858 -5.03331e-7 0.7308034 0.6825881 0.1891462 0.7059041 -0.6825857 -2.21316e-6 0.7308043 -0.6825872 -2.80441e-6 0.8479284 0.5301108 0.2194577 0.8190373 0.5301096 0.1509018 0.5631771 -0.812441 -2.69283e-6 0.5830421 -0.8124421 5.53599e-7 0.9323013 0.3616826 0.2412983 0.9005346 0.36168 0.1057812 0.394782 -0.9126651 0 0.4087086 -0.912665 -2.46828e-6 0.9830684 0.1832392 0.254435 0.9495719 0.1832375 0.2588214 0.9659253 0 0.4915344 0.8513623 0.183238 0.2043544 0.3539539 -0.9126642 0.07047802 0.1220722 -0.9900158 0.5 0.8660254 0 0.07047843 0.1220722 0.9900158 0.4915344 0.8513624 -0.183238 0.2043546 0.3539527 0.9126646 0.4661514 0.8073961 -0.3616829 0.2915229 0.5049294 0.8124412 0.4239621 0.7343293 -0.5301101 0.3654038 0.6328939 0.6825873 0.3654038 0.6328939 -0.6825873 0.4239644 0.7343291 0.5301086 0.2915219 0.5049289 -0.812442 0.4661508 0.8073968 0.3616821 0.5995769 0.5995751 -0.5301107 0.5167582 0.5167526 0.682589 0.5167582 0.5167526 -0.682589 0.5995778 0.5995728 0.5301123 0.412275 0.4122686 -0.8124432 0.6592373 0.659236 0.3616823 0.2890037 0.2889958 -0.9126656 0.6951382 0.6951307 0.1832384 0.09968191 0.09966129 -0.9900158 0.7071068 0.7071067 0 0.09968191 0.09966129 0.9900158 0.6951382 0.6951307 -0.1832384 0.2890037 0.2889958 0.9126656 0.6592382 0.6592355 -0.3616816 0.412275 0.4122686 0.8124432 0.1328394 0.05192703 -0.9897764 0.8679808 0.4965977 0 0.1328393 0.05192708 0.9897764 0.853361 0.4880307 -0.1833066 0.3588454 0.1938738 0.9130406 0.8095272 0.4623497 -0.3617991 0.5083962 0.2845475 0.8127523 0.7366953 0.419618 -0.5302839 0.6356614 0.3601166 0.6828255 0.6356614 0.3601166 -0.6828256 0.7366953 0.419618 0.5302839 0.5083962 0.2845475 -0.8127523 0.8095272 0.4623497 0.3617991 0.3588454 0.1938737 -0.9130405 0.853361 0.4880307 0.1833066 0.7227567 0.1041883 -0.6832039 0.7227567 0.1041883 0.6832039 0.8341709 0.1488641 0.5310352 0.5829007 0.04055958 -0.8115305 0.9146088 0.1791093 0.3625063 0.4200877 -0.05526602 -0.9057992 0.9630444 0.196866 0.1838186 0.2088186 -0.2302554 -0.9504616 0.9792251 0.2027766 0 0.2088185 -0.2302554 0.9504616 0.9630444 0.196866 -0.1838186 0.4200877 -0.05526608 0.9057992 0.9146088 0.1791093 -0.3625063 0.5829008 0.04055958 0.8115305 0.8341709 0.1488641 -0.5310352 0.2684766 5.18681e-7 0.9632863 0.2684767 5.21275e-7 -0.9632862 0.9832047 0 -0.1825063 0.4292645 0 0.9031789 0.9330974 0 -0.359624 0.592727 2.38249e-7 0.8054035 0.8500995 2.30326e-7 -0.5266222 0.735543 0 0.6774781 0.7355429 0 -0.6774781 0.8500995 2.30177e-7 0.5266222 0.592727 2.40632e-7 -0.8054035 0.9330974 0 0.359624 0.4292645 0 -0.9031789 0.9832047 0 0.1825063 1 0 0 0.834171 -0.1488642 0.5310351 0.7227565 -0.1041887 -0.683204 0.5829008 -0.04055958 -0.8115304 0.9146087 -0.1791095 0.3625063 0.4200878 0.05526608 -0.905799 0.9630444 -0.1968664 0.1838186 0.2088178 0.2302554 -0.9504618 0.9792249 -0.202777 0 0.2088181 0.2302553 0.9504617 0.9630444 -0.1968664 -0.1838186 0.4200878 0.05526608 0.905799 0.9146086 -0.1791095 -0.3625063 0.5829008 -0.04055958 0.8115304 0.834171 -0.1488642 -0.5310351 0.7227565 -0.1041887 0.6832041 0.8679819 -0.4965959 0 0.8533601 -0.4880326 -0.1833053 0.3588452 -0.1938739 0.9130405 0.809527 -0.4623499 -0.361799 0.5083962 -0.2845478 0.812752 0.7366951 -0.419618 -0.5302841 0.6356611 -0.3601168 0.6828256 0.6356611 -0.3601169 -0.6828256 0.7366951 -0.419618 0.5302841 0.5083963 -0.2845478 -0.812752 0.809527 -0.4623499 0.361799 0.3588452 -0.1938739 -0.9130405 0.85336 -0.4880327 0.1833053 0.1328393 -0.05192768 -0.9897764 0.1328394 -0.05192768 0.9897764 0.5167575 -0.5167554 -0.6825876 0.4122763 -0.4122691 -0.8124424 0.6592381 -0.6592357 0.3616816 0.2890036 -0.2889947 -0.9126659 0.6951357 -0.6951332 0.1832382 0.09968352 -0.09966117 -0.9900156 0.7071093 -0.7071043 -7.66761e-7 0.09968346 -0.09966123 0.9900156 0.695136 -0.6951325 -0.18324 0.2890036 -0.2889947 0.9126659 0.6592391 -0.6592339 -0.3616828 0.4122763 -0.4122691 0.8124424 0.5995775 -0.5995749 -0.5301102 0.5167575 -0.5167552 0.6825875 0.5995775 -0.5995749 0.5301102 0.2043542 -0.3539519 0.912665 0.4661533 -0.8073955 -0.3616817 0.291523 -0.5049284 0.8124419 0.423963 -0.7343287 -0.5301103 0.3653998 -0.6328961 0.6825874 0.3653998 -0.6328961 -0.6825874 0.423963 -0.7343286 0.5301102 0.291523 -0.5049284 -0.8124418 0.4661513 -0.8073961 0.361683 0.2043543 -0.3539521 -0.912665 0.4915339 -0.8513621 0.1832401 0.07047796 -0.1220718 -0.9900159 0.4999989 -0.866026 8.63589e-7 0.07047778 -0.1220718 0.9900159 0.4915348 -0.8513621 -0.1832383 0.2412983 -0.9005348 0.3616801 0.1057816 -0.394782 -0.912665 0.2544385 -0.9495711 0.1832374 0.03648108 -0.1361534 -0.9900159 0.2588167 -0.9659265 0 0.03648078 -0.1361534 0.9900159 0.2544375 -0.9495711 -0.1832382 0.1057816 -0.394782 0.912665 0.2413001 -0.9005337 -0.3616815 0.1509045 -0.5631753 0.8124417 0.2194586 -0.8190367 -0.5301102 0.1891437 -0.7059032 0.6825872 0.1891437 -0.7059032 -0.6825872 0.2194586 -0.8190367 0.5301102 0.1509045 -0.5631753 -0.8124417 1.90733e-6 -0.9323015 -0.3616821 1.3656e-7 -0.4087084 0.912665 2.20278e-6 -0.5830425 0.8124417 6.80605e-7 -0.847928 -0.5301114 -2.32876e-6 -0.7308041 0.6825873 -2.32996e-6 -0.7308041 -0.6825873 -1.47945e-6 -0.8479288 0.5301101 2.20278e-6 -0.5830425 -0.8124417 -1.21476e-6 -0.9323018 0.3616815 1.35961e-7 -0.4087084 -0.912665 2.56267e-6 -0.9830685 0.1832383 0 -0.1409564 -0.9900159 -2.40742e-6 -1 0 0 -0.1409564 0.9900159 6.72731e-7 -0.9830685 -0.1832383 -0.1057815 -0.3947821 -0.912665 -0.2544345 -0.949572 0.1832382 -0.03648155 -0.1361534 -0.9900159 -0.2588214 -0.9659252 0 -0.03648179 -0.1361534 0.9900159 -0.2544354 -0.9495719 -0.1832374 -0.1057815 -0.3947821 0.912665 -0.2412985 -0.9005346 -0.3616802 -0.1509005 -0.5631763 0.8124417 -0.2194574 -0.819037 -0.5301102 -0.1891482 -0.7059019 0.6825874 -0.1891482 -0.7059019 -0.6825874 -0.2194593 -0.8190357 0.5301116 -0.1509005 -0.5631764 -0.8124416 -0.2412995 -0.9005335 0.3616821 -0.423962 -0.7343294 -0.53011 -0.2915194 -0.5049307 0.8124417 -0.3654038 -0.6328938 0.6825873 -0.3654039 -0.6328938 -0.6825874 -0.423962 -0.7343294 0.53011 -0.2915194 -0.5049307 -0.8124417 -0.4661535 -0.8073956 0.3616813 -0.2043543 -0.3539519 -0.912665 -0.4915322 -0.8513637 0.183238 -0.07047808 -0.1220719 -0.9900159 -0.5000022 -0.8660241 0 -0.07047849 -0.1220719 0.9900159 -0.4915322 -0.8513637 -0.183238 -0.2043543 -0.3539519 0.912665 -0.4661535 -0.8073956 -0.3616814 -0.289006 -0.2889968 -0.9126645 -0.09968197 -0.09966164 -0.9900157 -0.6951345 -0.6951345 0.1832381 -0.7071104 -0.7071031 0 -0.09968197 -0.09966164 0.9900157 -0.6951346 -0.6951344 -0.1832381 -0.289006 -0.2889969 0.9126645 -0.659241 -0.6592327 -0.3616817 -0.412275 -0.412271 0.8124421 -0.5995766 -0.5995759 -0.5301102 -0.5167606 -0.5167521 0.6825877 -0.5167606 -0.5167521 -0.6825877 -0.5995767 -0.5995758 0.5301101 -0.412275 -0.412271 -0.8124421 -0.659241 -0.6592327 0.3616816 -0.5083963 -0.2845477 0.812752 -0.6356614 -0.3601141 0.6828268 -0.7366946 -0.4196181 -0.5302845 -0.6356614 -0.360114 -0.6828268 -0.7366946 -0.4196182 0.5302845 -0.5083964 -0.2845478 -0.812752 -0.8095277 -0.4623478 0.3618005 -0.358846 -0.193874 -0.9130403 -0.8533595 -0.4880334 0.1833057 -0.1328386 -0.05192708 -0.9897766 -0.867982 -0.4965956 0 -0.1328384 -0.05192708 0.9897766 -0.8533595 -0.4880334 -0.1833058 -0.358846 -0.193874 0.9130403 -0.8095277 -0.4623478 -0.3618005 -0.9630444 -0.1968665 0.183818 -0.979225 -0.2027766 0 -0.2088178 0.2302555 0.9504618 -0.2088179 0.2302554 -0.9504618 -0.9630444 -0.1968665 -0.183818 -0.420088 0.05526596 0.905799 -0.9146087 -0.1791094 -0.3625064 -0.582901 -0.04055964 0.8115302 -0.8341709 -0.148864 -0.5310353 -0.7227568 -0.1041885 0.6832039 -0.7227568 -0.1041885 -0.6832039 -0.8341709 -0.148864 0.5310353 -0.582901 -0.04055964 -0.8115302 -0.9146087 -0.1791094 0.3625064 -0.420088 0.05526596 -0.905799 -0.7355429 0 -0.6774781 -0.735543 0 0.6774781 -0.8500994 0 0.5266224 -0.5927271 -1.4295e-7 -0.8054034 -0.9330974 1.51186e-7 0.359624 -0.4292646 0 -0.9031788 -0.9832048 0 0.1825057 -0.2684765 -4.12352e-7 -0.9632863 -1 0 0 -0.2684764 -4.04571e-7 0.9632863 -0.9832048 0 -0.1825057 -0.4292647 0 0.9031788 -0.9330974 1.51158e-7 -0.359624 -0.5927271 -1.45332e-7 0.8054034 -0.8500994 0 -0.5266223 -0.2088185 -0.2302554 0.9504617 -0.2088182 -0.2302554 -0.9504617 -0.979225 0.2027768 0 -0.9630445 0.1968664 -0.1838181 -0.4200878 -0.05526596 0.9057992 -0.9146088 0.1791095 -0.3625062 -0.582901 0.0405597 0.8115304 -0.8341711 0.1488642 -0.5310351 -0.7227567 0.1041887 0.6832039 -0.7227567 0.1041887 -0.6832039 -0.8341709 0.1488642 0.5310351 -0.582901 0.0405597 -0.8115304 -0.9146087 0.1791095 0.3625062 -0.4200876 -0.0552659 -0.9057991 -0.9630444 0.1968663 0.1838181 -0.736695 0.4196181 0.5302841 -0.6356613 0.360117 -0.6828255 -0.5083961 0.2845478 -0.8127521 -0.809527 0.46235 0.3617992 -0.358846 0.193874 -0.9130403 -0.8533608 0.4880309 0.1833061 -0.1328387 0.05192762 -0.9897764 -0.8679807 0.4965979 0 -0.1328389 0.05192762 0.9897764 -0.8533608 0.488031 -0.1833061 -0.358846 0.193874 0.9130403 -0.809527 0.46235 -0.3617992 -0.5083961 0.2845478 0.8127521 -0.736695 0.4196181 -0.5302841 -0.6356613 0.360117 0.6828255 -0.6951381 0.6951309 -0.1832378 -0.2890043 0.2889948 0.9126657 -0.6592373 0.659236 -0.3616823 -0.4122765 0.4122692 0.8124422 -0.5995784 0.5995727 -0.5301118 -0.5167576 0.5167553 0.6825874 -0.5167576 0.5167552 -0.6825875 -0.5995784 0.5995727 0.5301118 -0.4122764 0.4122692 -0.8124422 -0.6592373 0.6592361 0.3616823 -0.2890043 0.2889947 -0.9126657 -0.695138 0.695131 0.1832378 -0.09968137 0.09966129 -0.9900159 -0.7071067 0.7071069 0 -0.09968131 0.09966129 0.9900158 -0.2915233 0.5049284 -0.8124418 -0.4239668 0.7343264 0.5301104 -0.4661485 0.8073984 0.3616814 -0.2043542 0.3539521 -0.9126649 -0.4915365 0.8513613 0.1832375 -0.07047808 0.1220718 -0.9900159 -0.4999978 0.8660267 0 -0.07047796 0.1220718 0.9900159 -0.4915365 0.8513613 -0.1832375 -0.2043542 0.3539521 0.9126649 -0.4661484 0.8073984 -0.3616814 -0.2915233 0.5049284 0.8124417 -0.4239667 0.7343264 -0.5301103 -0.3654 0.6328962 0.6825872 -0.3654 0.6328962 -0.6825872 -0.2544395 0.9495708 -0.1832376 -0.2412947 0.9005352 -0.3616813 -0.105781 0.3947822 0.912665 -0.1509048 0.5631749 0.812442 -0.2194623 0.8190354 -0.5301107 -0.1891442 0.7059033 0.6825871 -0.1891458 0.7059015 -0.6825885 -0.2194628 0.8190355 0.5301102 -0.1509046 0.5631752 -0.8124417 -0.2412948 0.9005351 0.3616813 -0.105781 0.3947822 -0.912665 -0.2544394 0.9495708 0.1832376 -0.03648215 0.1361533 -0.9900159 -0.2588171 0.9659264 0 -0.03648185 0.1361533 0.9900159</float_array>
          <technique_common>
            <accessor source="#fruit-mesh-normals-array" count="362" stride="3">
              <param name="X" type="float"/>
              <param name="Y" type="float"/>
              <param name="Z" type="float"/>
            </accessor>
          </technique_common>
        </source>
        <vertices id="fruit-mesh-vertices">
          <input semantic="POSITION" source="#fruit-mesh-positions"/>
        </vertices>
        <triangles material="fruit_skin-material" count="720">
          <input semantic="VERTEX" source="#fruit-mesh-vertices" offset="0"/>
          <input semantic="NORMAL" source="#fruit-mesh-normals" offset="1"/>
          <p>352 0 261 1 6 2 361 3 5 4 20 5 3 6 14 7 356 8 352 0 7 9 353 10 357 11 14 7 15 12 353 10 8 13 0 14 357 11 16 15 358 16 0 14 9 17 1 18 358 16 17 19 4 20 354 21 9 17 10 22 4 20 18 23 359 24 2 25 10 22 11 26 359 24 19 27 360 28 355 29 11 26 12 30 5 4 19 27 20 5 3 6 12 30 13 31 11 26 27 32 12 30 20 5 34 33 35 34 13 31 27 32 28 35 6 2 261 1 21 36 361 3 20 5 35 34 13 31 29 37 14 7 6 2 22 38 7 9 15 12 29 37 30 39 7 9 23 40 8 13 15 12 31 41 16 15 8 13 24 42 9 17 17 19 31 41 32 43 9 17 25 44 10 22 18 23 32 43 33 45 11 26 25 44 26 46 18 23 34 33 19 27 30 39 46 47 31 41 23 40 39 48 24 42 32 43 46 47 47 49 24 42 40 50 25 44 33 45 47 49 48 51 25 44 41 52 26 46 33 45 49 53 34 33 27 32 41 52 42 54 34 33 50 55 35 34 27 32 43 56 28 35 21 36 261 1 36 57 361 3 35 34 50 55 29 37 43 56 44 58 22 38 36 57 37 59 29 37 45 60 30 39 23 40 37 59 38 61 49 53 65 62 50 55 42 54 58 63 43 56 36 57 261 1 51 64 361 3 50 55 65 62 44 58 58 63 59 65 37 59 51 64 52 66 44 58 60 67 45 60 38 61 52 66 53 68 45 60 61 69 46 47 39 48 53 68 54 70 46 47 62 71 47 49 40 50 54 70 55 72 47 49 63 73 48 51 41 52 55 72 56 74 48 51 64 75 49 53 42 54 56 74 57 76 61 69 77 77 62 71 55 72 69 78 70 79 62 71 78 80 63 73 56 74 70 79 71 81 63 73 79 82 64 75 57 76 71 81 72 83 64 75 80 84 65 62 58 63 72 83 73 85 51 64 261 1 66 86 361 3 65 62 80 84 58 63 74 87 59 65 52 66 66 86 67 88 59 65 75 89 60 67 53 68 67 88 68 90 60 67 76 91 61 69 54 70 68 90 69 78 66 86 261 1 81 92 361 3 80 84 95 93 73 85 89 94 74 87 67 88 81 92 82 95 74 87 90 96 75 89 68 90 82 95 83 97 75 89 91 98 76 91 69 78 83 97 84 99 76 91 92 100 77 77 70 79 84 99 85 101 77 77 93 102 78 80 71 81 85 101 86 103 78 80 94 104 79 82 72 83 86 103 87 105 79 82 95 93 80 84 73 85 87 105 88 106 84 99 100 107 85 101 93 102 107 108 108 109 85 101 101 110 86 103 94 104 108 109 109 111 86 103 102 112 87 105 95 93 109 111 110 113 87 105 103 114 88 106 81 92 261 1 96 115 361 3 95 93 110 113 89 94 103 114 104 116 81 92 97 117 82 95 90 96 104 116 105 118 82 95 98 119 83 97 91 98 105 118 106 120 83 97 99 121 84 99 92 100 106 120 107 108 104 116 118 122 119 123 96 115 112 124 97 117 105 118 119 123 120 125 97 117 113 126 98 119 106 120 120 125 121 127 98 119 114 128 99 121 107 108 121 127 122 129 99 121 115 130 100 107 108 109 122 129 123 131 100 107 116 132 101 110 109 111 123 131 124 133 101 110 117 134 102 112 110 113 124 133 125 135 102 112 118 122 103 114 96 115 261 1 111 136 361 3 110 113 125 135 123 131 137 137 138 138 115 130 131 139 116 132 124 133 138 138 139 140 116 132 132 141 117 134 125 135 139 140 140 142 117 134 133 143 118 122 111 136 261 1 126 144 361 3 125 135 140 142 119 123 133 143 134 145 111 136 127 146 112 124 120 125 134 145 135 147 112 124 128 148 113 126 121 127 135 147 136 149 113 126 129 150 114 128 122 129 136 149 137 137 114 128 130 151 115 130 126 144 142 152 127 146 134 145 150 153 135 147 128 148 142 152 143 154 136 149 150 153 151 155 129 150 143 154 144 156 137 137 151 155 152 157 129 150 145 158 130 151 137 137 153 159 138 138 130 151 146 160 131 139 138 138 154 161 139 140 131 139 147 162 132 141 140 142 154 161 155 163 132 141 148 164 133 143 126 144 261 1 141 165 361 3 140 142 155 163 133 143 149 166 134 145 145 158 161 167 146 160 153 159 169 168 154 161 147 162 161 167 162 169 155 163 169 168 170 170 148 164 162 169 163 171 141 165 261 1 156 172 361 3 155 163 170 170 148 164 164 173 149 166 141 165 157 174 142 152 149 166 165 175 150 153 143 154 157 174 158 176 151 155 165 175 166 177 144 156 158 176 159 178 152 157 166 177 167 179 144 156 160 180 145 158 152 157 168 181 153 159 164 173 180 182 165 175 158 176 172 183 173 184 166 177 180 182 181 185 159 178 173 184 174 186 167 179 181 185 182 187 159 178 175 188 160 180 167 179 183 189 168 181 160 180 176 190 161 167 168 181 184 191 169 168 161 167 177 192 162 169 170 170 184 191 185 193 163 171 177 192 178 194 156 172 261 1 171 195 361 3 170 170 185 193 163 171 179 196 164 173 156 172 172 183 157 174 183 189 199 197 184 191 176 190 192 198 177 192 185 193 199 197 200 199 178 194 192 198 193 200 171 195 261 1 186 201 361 3 185 193 200 199 178 194 194 202 179 196 171 195 187 203 172 183 179 196 195 204 180 182 173 184 187 203 188 205 180 182 196 206 181 185 174 186 188 205 189 207 182 187 196 206 197 208 174 186 190 209 175 188 182 187 198 210 183 189 175 188 191 211 176 190 195 204 211 212 196 206 189 207 203 213 204 214 197 208 211 212 212 215 189 207 205 216 190 209 197 208 213 217 198 210 191 211 205 216 206 218 198 210 214 219 199 197 191 211 207 220 192 198 200 199 214 219 215 221 193 200 207 220 208 222 186 201 261 1 201 223 361 3 200 199 215 221 193 200 209 224 194 202 186 201 202 225 187 203 195 204 209 224 210 226 188 205 202 225 203 213 215 221 229 227 230 228 208 222 222 229 223 230 201 223 261 1 216 231 361 3 215 221 230 228 208 222 224 232 209 224 201 223 217 233 202 225 210 226 224 232 225 234 203 213 217 233 218 235 210 226 226 236 211 212 204 214 218 235 219 237 212 215 226 236 227 238 204 214 220 239 205 216 212 215 228 240 213 217 206 218 220 239 221 241 213 217 229 227 214 219 206 218 222 229 207 220 219 237 233 242 234 243 227 238 241 244 242 245 219 237 235 246 220 239 227 238 243 247 228 240 221 241 235 246 236 248 228 240 244 249 229 227 221 241 237 250 222 229 229 227 245 251 230 228 223 230 237 250 238 252 216 231 261 1 231 253 361 3 230 228 245 251 223 230 239 254 224 232 217 233 231 253 232 255 225 234 239 254 240 256 218 235 232 255 233 242 225 234 241 244 226 236 238 252 252 257 253 258 231 253 261 1 246 259 361 3 245 251 260 260 238 252 254 261 239 254 232 255 246 259 247 262 239 254 255 263 240 256 233 242 247 262 248 264 240 256 256 265 241 244 234 243 248 264 249 266 241 244 257 267 242 245 235 246 249 266 250 268 242 245 258 269 243 247 236 248 250 268 251 270 243 247 259 271 244 249 237 250 251 270 252 257 244 249 260 260 245 251 256 265 273 272 257 267 250 268 265 273 266 274 257 267 274 275 258 269 251 270 266 274 267 276 258 269 275 277 259 271 252 257 267 276 268 278 259 271 276 279 260 260 253 258 268 278 269 280 246 259 261 1 262 281 361 3 260 260 276 279 253 258 270 282 254 261 247 262 262 281 263 283 254 261 271 284 255 263 248 264 263 283 264 285 255 263 272 286 256 265 249 266 264 285 265 273 262 281 261 1 277 287 361 3 276 279 291 288 270 282 284 289 285 290 262 281 278 291 263 283 271 284 285 290 286 292 263 283 279 293 264 285 272 286 286 292 287 294 264 285 280 295 265 273 273 272 287 294 288 296 265 273 281 297 266 274 274 275 288 296 289 298 266 274 282 299 267 276 275 277 289 298 290 300 267 276 283 301 268 278 276 279 290 300 291 288 268 278 284 289 269 280 280 295 296 302 281 297 289 298 303 303 304 304 281 297 297 305 282 299 290 300 304 304 305 306 282 299 298 307 283 301 291 288 305 306 306 308 283 301 299 309 284 289 277 287 261 1 292 310 361 3 291 288 306 308 285 290 299 309 300 311 277 287 293 312 278 291 286 292 300 311 301 313 278 291 294 314 279 293 287 294 301 313 302 315 279 293 295 316 280 295 288 296 302 315 303 303 299 309 315 317 300 311 292 310 308 318 293 312 301 313 315 317 316 319 293 312 309 320 294 314 302 315 316 319 317 321 294 314 310 322 295 316 303 303 317 321 318 323 295 316 311 324 296 302 304 304 318 323 319 325 296 302 312 326 297 305 305 306 319 325 320 327 297 305 313 328 298 307 306 308 320 327 321 329 299 309 313 328 314 330 292 310 261 1 307 331 361 3 306 308 321 329 318 323 334 332 319 325 312 326 326 333 327 334 319 325 335 335 320 327 312 326 328 336 313 328 321 329 335 335 336 337 314 330 328 336 329 338 307 331 261 1 322 339 361 3 321 329 336 337 314 330 330 340 315 317 307 331 323 341 308 318 316 319 330 340 331 342 309 320 323 341 324 343 316 319 332 344 317 321 310 322 324 343 325 345 318 323 332 344 333 346 310 322 326 333 311 324 331 342 345 347 346 348 324 343 338 349 339 350 331 342 347 351 332 344 325 345 339 350 340 352 333 346 347 351 348 353 325 345 341 354 326 333 333 346 349 355 334 332 327 334 341 354 342 356 334 332 350 357 335 335 327 334 343 358 328 336 336 337 350 357 351 359 329 338 343 358 344 360 322 339 261 1 337 361 361 3 336 337 351 359 329 338 345 347 330 340 322 339 338 349 323 341 349 355 360 28 350 357 342 356 355 29 343 358 351 359 360 28 5 4 344 360 355 29 3 6 337 361 261 1 352 0 361 3 351 359 5 4 344 360 356 8 345 347 337 361 353 10 338 349 346 348 356 8 357 11 339 350 353 10 0 14 346 348 358 16 347 351 340 352 0 14 1 18 347 351 4 20 348 353 340 352 354 21 341 354 348 353 359 24 349 355 342 356 354 21 2 25 3 6 13 31 14 7 352 0 6 2 7 9 357 11 356 8 14 7 353 10 7 9 8 13 357 11 15 12 16 15 0 14 8 13 9 17 358 16 16 15 17 19 354 21 1 18 9 17 4 20 17 19 18 23 2 25 354 21 10 22 359 24 18 23 19 27 355 29 2 25 11 26 5 4 360 28 19 27 3 6 355 29 12 30 11 26 26 46 27 32 20 5 19 27 34 33 13 31 12 30 27 32 13 31 28 35 29 37 6 2 21 36 22 38 15 12 14 7 29 37 7 9 22 38 23 40 15 12 30 39 31 41 8 13 23 40 24 42 17 19 16 15 31 41 9 17 24 42 25 44 18 23 17 19 32 43 11 26 10 22 25 44 18 23 33 45 34 33 30 39 45 60 46 47 23 40 38 61 39 48 32 43 31 41 46 47 24 42 39 48 40 50 33 45 32 43 47 49 25 44 40 50 41 52 33 45 48 51 49 53 27 32 26 46 41 52 34 33 49 53 50 55 27 32 42 54 43 56 29 37 28 35 43 56 22 38 21 36 36 57 29 37 44 58 45 60 23 40 22 38 37 59 49 53 64 75 65 62 42 54 57 76 58 63 44 58 43 56 58 63 37 59 36 57 51 64 44 58 59 65 60 67 38 61 37 59 52 66 45 60 60 67 61 69 39 48 38 61 53 68 46 47 61 69 62 71 40 50 39 48 54 70 47 49 62 71 63 73 41 52 40 50 55 72 48 51 63 73 64 75 42 54 41 52 56 74 61 69 76 91 77 77 55 72 54 70 69 78 62 71 77 77 78 80 56 74 55 72 70 79 63 73 78 80 79 82 57 76 56 74 71 81 64 75 79 82 80 84 58 63 57 76 72 83 58 63 73 85 74 87 52 66 51 64 66 86 59 65 74 87 75 89 53 68 52 66 67 88 60 67 75 89 76 91 54 70 53 68 68 90 73 85 88 106 89 94 67 88 66 86 81 92 74 87 89 94 90 96 68 90 67 88 82 95 75 89 90 96 91 98 69 78 68 90 83 97 76 91 91 98 92 100 70 79 69 78 84 99 77 77 92 100 93 102 71 81 70 79 85 101 78 80 93 102 94 104 72 83 71 81 86 103 79 82 94 104 95 93 73 85 72 83 87 105 84 99 99 121 100 107 93 102 92 100 107 108 85 101 100 107 101 110 94 104 93 102 108 109 86 103 101 110 102 112 95 93 94 104 109 111 87 105 102 112 103 114 89 94 88 106 103 114 81 92 96 115 97 117 90 96 89 94 104 116 82 95 97 117 98 119 91 98 90 96 105 118 83 97 98 119 99 121 92 100 91 98 106 120 104 116 103 114 118 122 96 115 111 136 112 124 105 118 104 116 119 123 97 117 112 124 113 126 106 120 105 118 120 125 98 119 113 126 114 128 107 108 106 120 121 127 99 121 114 128 115 130 108 109 107 108 122 129 100 107 115 130 116 132 109 111 108 109 123 131 101 110 116 132 117 134 110 113 109 111 124 133 102 112 117 134 118 122 123 131 122 129 137 137 115 130 130 151 131 139 124 133 123 131 138 138 116 132 131 139 132 141 125 135 124 133 139 140 117 134 132 141 133 143 119 123 118 122 133 143 111 136 126 144 127 146 120 125 119 123 134 145 112 124 127 146 128 148 121 127 120 125 135 147 113 126 128 148 129 150 122 129 121 127 136 149 114 128 129 150 130 151 126 144 141 165 142 152 134 145 149 166 150 153 128 148 127 146 142 152 136 149 135 147 150 153 129 150 128 148 143 154 137 137 136 149 151 155 129 150 144 156 145 158 137 137 152 157 153 159 130 151 145 158 146 160 138 138 153 159 154 161 131 139 146 160 147 162 140 142 139 140 154 161 132 141 147 162 148 164 133 143 148 164 149 166 145 158 160 180 161 167 153 159 168 181 169 168 147 162 146 160 161 167 155 163 154 161 169 168 148 164 147 162 162 169 148 164 163 171 164 173 141 165 156 172 157 174 149 166 164 173 165 175 143 154 142 152 157 174 151 155 150 153 165 175 144 156 143 154 158 176 152 157 151 155 166 177 144 156 159 178 160 180 152 157 167 179 168 181 164 173 179 196 180 182 158 176 157 174 172 183 166 177 165 175 180 182 159 178 158 176 173 184 167 179 166 177 181 185 159 178 174 186 175 188 167 179 182 187 183 189 160 180 175 188 176 190 168 181 183 189 184 191 161 167 176 190 177 192 170 170 169 168 184 191 163 171 162 169 177 192 163 171 178 194 179 196 156 172 171 195 172 183 183 189 198 210 199 197 176 190 191 211 192 198 185 193 184 191 199 197 178 194 177 192 192 198 178 194 193 200 194 202 171 195 186 201 187 203 179 196 194 202 195 204 173 184 172 183 187 203 180 182 195 204 196 206 174 186 173 184 188 205 182 187 181 185 196 206 174 186 189 207 190 209 182 187 197 208 198 210 175 188 190 209 191 211 195 204 210 226 211 212 189 207 188 205 203 213 197 208 196 206 211 212 189 207 204 214 205 216 197 208 212 215 213 217 191 211 190 209 205 216 198 210 213 217 214 219 191 211 206 218 207 220 200 199 199 197 214 219 193 200 192 198 207 220 193 200 208 222 209 224 186 201 201 223 202 225 195 204 194 202 209 224 188 205 187 203 202 225 215 221 214 219 229 227 208 222 207 220 222 229 208 222 223 230 224 232 201 223 216 231 217 233 210 226 209 224 224 232 203 213 202 225 217 233 210 226 225 234 226 236 204 214 203 213 218 235 212 215 211 212 226 236 204 214 219 237 220 239 212 215 227 238 228 240 206 218 205 216 220 239 213 217 228 240 229 227 206 218 221 241 222 229 219 237 218 235 233 242 227 238 226 236 241 244 219 237 234 243 235 246 227 238 242 245 243 247 221 241 220 239 235 246 228 240 243 247 244 249 221 241 236 248 237 250 229 227 244 249 245 251 223 230 222 229 237 250 223 230 238 252 239 254 217 233 216 231 231 253 225 234 224 232 239 254 218 235 217 233 232 255 225 234 240 256 241 244 238 252 237 250 252 257 238 252 253 258 254 261 232 255 231 253 246 259 239 254 254 261 255 263 233 242 232 255 247 262 240 256 255 263 256 265 234 243 233 242 248 264 241 244 256 265 257 267 235 246 234 243 249 266 242 245 257 267 258 269 236 248 235 246 250 268 243 247 258 269 259 271 237 250 236 248 251 270 244 249 259 271 260 260 256 265 272 286 273 272 250 268 249 266 265 273 257 267 273 272 274 275 251 270 250 268 266 274 258 269 274 275 275 277 252 257 251 270 267 276 259 271 275 277 276 279 253 258 252 257 268 278 253 258 269 280 270 282 247 262 246 259 262 281 254 261 270 282 271 284 248 264 247 262 263 283 255 263 271 284 272 286 249 266 248 264 264 285 270 282 269 280 284 289 262 281 277 287 278 291 271 284 270 282 285 290 263 283 278 291 279 293 272 286 271 284 286 292 264 285 279 293 280 295 273 272 272 286 287 294 265 273 280 295 281 297 274 275 273 272 288 296 266 274 281 297 282 299 275 277 274 275 289 298 267 276 282 299 283 301 276 279 275 277 290 300 268 278 283 301 284 289 280 295 295 316 296 302 289 298 288 296 303 303 281 297 296 302 297 305 290 300 289 298 304 304 282 299 297 305 298 307 291 288 290 300 305 306 283 301 298 307 299 309 285 290 284 289 299 309 277 287 292 310 293 312 286 292 285 290 300 311 278 291 293 312 294 314 287 294 286 292 301 313 279 293 294 314 295 316 288 296 287 294 302 315 299 309 314 330 315 317 292 310 307 331 308 318 301 313 300 311 315 317 293 312 308 318 309 320 302 315 301 313 316 319 294 314 309 320 310 322 303 303 302 315 317 321 295 316 310 322 311 324 304 304 303 303 318 323 296 302 311 324 312 326 305 306 304 304 319 325 297 305 312 326 313 328 306 308 305 306 320 327 299 309 298 307 313 328 318 323 333 346 334 332 312 326 311 324 326 333 319 325 334 332 335 335 312 326 327 334 328 336 321 329 320 327 335 335 314 330 313 328 328 336 314 330 329 338 330 340 307 331 322 339 323 341 316 319 315 317 330 340 309 320 308 318 323 341 316 319 331 342 332 344 310 322 309 320 324 343 318 323 317 321 332 344 310 322 325 345 326 333 331 342 330 340 345 347 324 343 323 341 338 349 331 342 346 348 347 351 325 345 324 343 339 350 333 346 332 344 347 351 325 345 340 352 341 354 333 346 348 353 349 355 327 334 326 333 341 354 334 332 349 355 350 357 327 334 342 356 343 358 336 337 335 335 350 357 329 338 328 336 343 358 329 338 344 360 345 347 322 339 337 361 338 349 349 355 359 24 360 28 342 356 2 25 355 29 351 359 350 357 360 28 344 360 343 358 355 29 344 360 3 6 356 8 337 361 352 0 353 10 346 348 345 347 356 8 339 350 338 349 353 10 346 348 357 11 358 16 340 352 339 350 0 14 347 351 358 16 4 20 340 352 1 18 354 21 348 353 4 20 359 24 342 356 341 354 354 21</p>
        </triangles>
      </mesh>
    </geometry>
    <geometry id="tie_wire-mesh" name="tie_wire">
      <mesh>
        <source id="tie_wire-mesh-positions">
          <float_array id="tie_wire-mesh-positions-array" count="900">0.01949995 0 0.02019995 0.01905 7.79423e-4 0.02019995 0.01814997 7.79423e-4 0.02019995 0.01769995 0 0.02019995 0.01814997 -7.79423e-4 0.02019995 0.01905 -7.79423e-4 0.02019995 0.01883912 0.004913985 0.020617 0.0183891 0.005693435 0.020617 0.01748907 0.005693435 0.020617 0.01703912 0.004913985 0.020617 0.01748907 0.004134595 0.020617 0.0183891 0.004134595 0.020617 0.01690346 0.009478867 0.021034 0.01645344 0.01025825 0.021034 0.01555341 0.01025825 0.021034 0.01510345 0.009478867 0.021034 0.01555341 0.008699417 0.021034 0.01645344 0.008699417 0.021034 0.01383054 0.01337009 0.02145105 0.01338052 0.01414954 0.02145105 0.01248055 0.01414954 0.02145105 0.01203054 0.01337009 0.02145105 0.01248055 0.01259064 0.02145105 0.01338052 0.01259064 0.02145105 0.009838819 0.01631122 0.02186805 0.009388804 0.01709067 0.02186805 0.008488774 0.01709067 0.02186805 0.008038818 0.01631122 0.02186805 0.008488774 0.01553183 0.02186805 0.009388804 0.01553183 0.02186805 0.00521183 0.01809328 0.0222851 0.004761815 0.01887273 0.0222851 0.003861844 0.01887273 0.0222851 0.003411829 0.01809328 0.0222851 0.003861844 0.01731383 0.0222851 0.004761815 0.01731383 0.0222851 2.78481e-4 0.01858961 0.02270209 -1.71519e-4 0.019369 0.02270209 -0.001071512 0.019369 0.02270209 -0.001521468 0.01858961 0.02270209 -0.001071512 0.01781016 0.02270209 -1.71519e-4 0.01781016 0.02270209 -0.004610717 0.01776486 0.02311915 -0.005060672 0.01854431 0.02311915 -0.005960702 0.01854431 0.02311915 -0.006410717 0.01776486 0.02311915 -0.005960702 0.01698547 0.02311915 -0.005060672 0.01698547 0.02311915 -0.009108304 0.01567775 0.02353614 -0.00955832 0.0164572 0.02353614 -0.01045829 0.0164572 0.02353614 -0.0109083 0.01567775 0.02353614 -0.01045829 0.01489835 0.02353614 -0.00955832 0.01489835 0.02353614 -0.01289469 0.01247656 0.02395313 -0.0133447 0.01325601 0.02395313 -0.01424467 0.01325601 0.02395313 -0.01469469 0.01247656 0.02395313 -0.01424467 0.01169717 0.02395313 -0.0133447 0.01169717 0.02395313 -0.01570081 0.008388757 0.02437019 -0.01615083 0.009168207 0.02437019 -0.0170508 0.009168207 0.02437019 -0.01750081 0.008388757 0.02437019 -0.0170508 0.007609307 0.02437019 -0.01615083 0.007609307 0.02437019 -0.01732724 0.003704845 0.02478718 -0.01777726 0.004484236 0.02478718 -0.01867729 0.004484236 0.02478718 -0.01912724 0.003704845 0.02478718 -0.01867729 0.002925395 0.02478718 -0.01777726 0.002925395 0.02478718 -0.01765841 -0.001242339 0.02520424 -0.01810842 -4.6292e-4 0.02520424 -0.01900845 -4.6292e-4 0.02520424 -0.01945841 -0.001242339 0.02520424 -0.01900845 -0.002021729 0.02520424 -0.01810842 -0.002021729 0.02520424 -0.01667082 -0.00610125 0.02562123 -0.01712083 -0.0053218 0.02562123 -0.0180208 -0.0053218 0.02562123 -0.01847082 -0.00610125 0.02562123 -0.0180208 -0.00688064 0.02562123 -0.01712083 -0.00688064 0.02562123 -0.01443457 -0.01052659 0.02603828 -0.01488459 -0.009747147 0.02603828 -0.01578456 -0.009747147 0.02603828 -0.01623457 -0.01052659 0.02603828 -0.01578456 -0.01130598 0.02603828 -0.01488459 -0.01130598 0.02603828 -0.01110863 -0.0142039 0.02645528 -0.01155865 -0.01342445 0.02645528 -0.01245868 -0.01342445 0.02645528 -0.01290863 -0.0142039 0.02645528 -0.01245868 -0.01498335 0.02645528 -0.01155865 -0.01498335 0.02645528 -0.006929337 -0.01687186 0.02687233 -0.007379353 -0.01609241 0.02687233 -0.008279383 -0.01609241 0.02687233 -0.008729338 -0.01687186 0.02687233 -0.008279383 -0.01765131 0.02687233 -0.007379353 -0.01765131 0.02687233 -0.002193689 -0.01834088 0.02728933 -0.002643704 -0.01756143 0.02728933 -0.003543674 -0.01756143 0.02728933 -0.00399369 -0.01834088 0.02728933 -0.003543674 -0.01912027 0.02728933 -0.002643704 -0.01912027 0.02728933 0.002761721 -0.01850658 0.02770638 0.002311766 -0.01772713 0.02770638 0.001411736 -0.01772713 0.02770638 9.6178e-4 -0.01850658 0.02770638 0.001411736 -0.01928597 0.02770638 0.002311766 -0.01928597 0.02770638 0.007584929 -0.01735711 0.02812337 0.007134974 -0.01657772 0.02812337 0.006234943 -0.01657772 0.02812337 0.005784928 -0.01735711 0.02812337 0.006234943 -0.01813656 0.02812337 0.007134974 -0.01813656 0.02812337 0.01193314 -0.01497429 0.02854037 0.01148313 -0.01419484 0.02854037 0.0105831 -0.01419484 0.02854037 0.01013314 -0.01497429 0.02854037 0.0105831 -0.01575368 0.02854037 0.01148313 -0.01575368 0.02854037 0.01549726 -0.01152729 0.02895742 0.01504725 -0.0107479 0.02895742 0.01414722 -0.0107479 0.02895742 0.01369726 -0.01152729 0.02895742 0.01414722 -0.01230674 0.02895742 0.01504725 -0.01230674 0.02895742 0.01802408 -0.007261216 0.02937442 0.01757407 -0.006481766 0.02937442 0.01667404 -0.006481766 0.02937442 0.01622408 -0.007261216 0.02937442 0.01667404 -0.008040606 0.02937442 0.01757407 -0.008040606 0.02937442 0.01933401 -0.002479135 0.02979147 0.018884 -0.001699686 0.02979147 0.01798403 -0.001699686 0.02979147 0.01753401 -0.002479135 0.02979147 0.01798403 -0.003258526 0.02979147 0.018884 -0.003258526 0.02979147 0.01933401 0.002479135 0.03020846 0.018884 0.003258526 0.03020846 0.01798403 0.003258526 0.03020846 0.01753401 0.002479135 0.03020846 0.01798403 0.001699686 0.03020846 0.018884 0.001699686 0.03020846 0.01802408 0.007261216 0.03062552 0.01757407 0.008040606 0.03062552 0.01667404 0.008040606 0.03062552 0.01622408 0.007261216 0.03062552 0.01667404 0.006481766 0.03062552 0.01757407 0.006481766 0.03062552 0.01549726 0.01152729 0.03104251 0.01504725 0.01230674 0.03104251 0.01414722 0.01230674 0.03104251 0.01369726 0.01152729 0.03104251 0.01414722 0.0107479 0.03104251 0.01504725 0.0107479 0.03104251 0.01193314 0.01497429 0.03145956 0.01148313 0.01575368 0.03145956 0.0105831 0.01575368 0.03145956 0.01013314 0.01497429 0.03145956 0.0105831 0.01419484 0.03145956 0.01148313 0.01419484 0.03145956 0.007584929 0.01735711 0.03187656 0.007134974 0.01813656 0.03187656 0.006234943 0.01813656 0.03187656 0.005784928 0.01735711 0.03187656 0.006234943 0.01657772 0.03187656 0.007134974 0.01657772 0.03187656 0.002761721 0.01850658 0.03229361 0.002311766 0.01928597 0.03229361 0.001411736 0.01928597 0.03229361 9.6178e-4 0.01850658 0.03229361 0.001411736 0.01772713 0.03229361 0.002311766 0.01772713 0.03229361 -0.002193689 0.01834088 0.03271061 -0.002643704 0.01912027 0.03271061 -0.003543674 0.01912027 0.03271061 -0.00399369 0.01834088 0.03271061 -0.003543674 0.01756143 0.03271061 -0.002643704 0.01756143 0.03271061 -0.006929337 0.01687186 0.0331276 -0.007379353 0.01765131 0.0331276 -0.008279383 0.01765131 0.0331276 -0.008729338 0.01687186 0.0331276 -0.008279383 0.01609241 0.0331276 -0.007379353 0.01609241 0.0331276 -0.01110863 0.0142039 0.03354465 -0.01155865 0.01498335 0.03354465 -0.01245868 0.01498335 0.03354465 -0.01290863 0.0142039 0.03354465 -0.01245868 0.01342445 0.03354465 -0.01155865 0.01342445 0.03354465 -0.01443457 0.01052659 0.03396165 -0.01488459 0.01130598 0.03396165 -0.01578456 0.01130598 0.03396165 -0.01623457 0.01052659 0.03396165 -0.01578456 0.009747147 0.03396165 -0.01488459 0.009747147 0.03396165 -0.01667082 0.00610125 0.0343787 -0.01712083 0.00688064 0.0343787 -0.0180208 0.00688064 0.0343787 -0.01847082 0.00610125 0.0343787 -0.0180208 0.0053218 0.0343787 -0.01712083 0.0053218 0.0343787 -0.01765841 0.001242339 0.0347957 -0.01810842 0.002021729 0.0347957 -0.01900845 0.002021729 0.0347957 -0.01945841 0.001242339 0.0347957 -0.01900845 4.6292e-4 0.0347957 -0.01810842 4.6292e-4 0.0347957 -0.01732724 -0.003704845 0.03521275 -0.01777726 -0.002925395 0.03521275 -0.01867729 -0.002925395 0.03521275 -0.01912724 -0.003704845 0.03521275 -0.01867729 -0.004484236 0.03521275 -0.01777726 -0.004484236 0.03521275 -0.01570081 -0.008388757 0.03562974 -0.01615083 -0.007609307 0.03562974 -0.0170508 -0.007609307 0.03562974 -0.01750081 -0.008388757 0.03562974 -0.0170508 -0.009168207 0.03562974 -0.01615083 -0.009168207 0.03562974 -0.01289469 -0.01247656 0.0360468 -0.0133447 -0.01169717 0.0360468 -0.01424467 -0.01169717 0.0360468 -0.01469469 -0.01247656 0.0360468 -0.01424467 -0.01325601 0.0360468 -0.0133447 -0.01325601 0.0360468 -0.009108304 -0.01567775 0.03646379 -0.00955832 -0.01489835 0.03646379 -0.01045829 -0.01489835 0.03646379 -0.0109083 -0.01567775 0.03646379 -0.01045829 -0.0164572 0.03646379 -0.00955832 -0.0164572 0.03646379 -0.004610717 -0.01776486 0.03688085 -0.005060672 -0.01698547 0.03688085 -0.005960702 -0.01698547 0.03688085 -0.006410717 -0.01776486 0.03688085 -0.005960702 -0.01854431 0.03688085 -0.005060672 -0.01854431 0.03688085 2.78481e-4 -0.01858961 0.03729784 -1.71519e-4 -0.01781016 0.03729784 -0.001071512 -0.01781016 0.03729784 -0.001521468 -0.01858961 0.03729784 -0.001071512 -0.019369 0.03729784 -1.71519e-4 -0.019369 0.03729784 0.00521183 -0.01809328 0.03771489 0.004761815 -0.01731383 0.03771489 0.003861844 -0.01731383 0.03771489 0.003411829 -0.01809328 0.03771489 0.003861844 -0.01887273 0.03771489 0.004761815 -0.01887273 0.03771489 0.009838819 -0.01631122 0.03813189 0.009388804 -0.01553183 0.03813189 0.008488774 -0.01553183 0.03813189 0.008038818 -0.01631122 0.03813189 0.008488774 -0.01709067 0.03813189 0.009388804 -0.01709067 0.03813189 0.01383054 -0.01337009 0.03854888 0.01338052 -0.01259064 0.03854888 0.01248055 -0.01259064 0.03854888 0.01203054 -0.01337009 0.03854888 0.01248055 -0.01414954 0.03854888 0.01338052 -0.01414954 0.03854888 0.01690346 -0.009478867 0.03896594 0.01645344 -0.008699417 0.03896594 0.01555341 -0.008699417 0.03896594 0.01510345 -0.009478867 0.03896594 0.01555341 -0.01025825 0.03896594 0.01645344 -0.01025825 0.03896594 0.01883912 -0.004913985 0.03938293 0.0183891 -0.004134595 0.03938293 0.01748907 -0.004134595 0.03938293 0.01703912 -0.004913985 0.03938293 0.01748907 -0.005693435 0.03938293 0.0183891 -0.005693435 0.03938293 0.01949995 0 0.03979998 0.01905 7.79423e-4 0.03979998 0.01814997 7.79423e-4 0.03979998 0.01769995 0 0.03979998 0.01814997 -7.79423e-4 0.03979998 0.01905 -7.79423e-4 0.03979998 0.02249997 0.000999987 0.04179996 0.02204996 0.001779377 0.04179996 0.02114999 0.001779377 0.04179996 0.02069997 0.000999987 0.04179996 0.02114999 2.20577e-4 0.04179996 0.02204996 2.20577e-4 0.04179996 0.02549999 0.001999974 0.04379999 0.02504998 0.002779364 0.04379999 0.02414995 0.002779364 0.04379999 0.02369999 0.001999974 0.04379999 0.02414995 0.001220524 0.04379999 0.02504998 0.001220524 0.04379999</float_array>
          <technique_common>
            <accessor source="#tie_wire-mesh-positions-array" count="300" stride="3">
              <param name="X" type="float"/>
              <param name="Y" type="float"/>
              <param name="Z" type="float"/>
            </accessor>
          </technique_common>
        </source>
        <source id="tie_wire-mesh-normals">
          <float_array id="tie_wire-mesh-normals-array" count="900">0.1232673 0.1003618 -0.9872856 0.9776037 0.2003054 0.06456679 0.1746425 -0.0599178 0.9828072 -0.07012289 0.07498461 -0.9947162 0.2559005 0.1892986 -0.9479879 -0.9138599 -0.3205368 -0.2492318 -0.0444656 0.07360744 -0.9962955 -0.2786708 -0.1183574 0.9530656 -0.0936855 -0.1021781 0.9903448 -0.03555095 -0.08925205 0.9953745 0.06010681 -0.07466644 0.9953954 0.03729081 -0.07952052 0.9961355 0.8865689 0.3758662 0.2696671 0.7674614 0.5975418 -0.2322649 -0.2726729 -0.1017783 -0.9567083 -0.03764569 0.07668858 -0.9963442 -0.2551969 -0.2043939 0.9450385 0.04686099 -0.07098805 0.9963759 0.2605475 0.1095017 0.9592312 0.6498218 0.7579033 -0.05756866 -0.1303583 -0.02752989 -0.9910847 -0.03444194 0.09126865 -0.9952306 -0.7254729 -0.6556168 0.2094179 0.04122519 -0.07608872 0.9962485 0.1235935 0.03249579 0.9918007 0.4853817 0.8742905 0.004584193 -0.09672605 -0.009888708 -0.995262 -0.03368955 0.1346036 -0.9903267 -0.4742185 -0.8803092 -0.0131396 0.03980606 -0.09266686 0.9949012 0.09331303 0.01370114 0.9955427 0.2991154 0.9514849 0.07215541 -0.03672319 0.3615996 -0.93161 -0.1546943 -0.9417796 -0.2985314 -0.08552652 -0.001081168 -0.9963354 0.04198318 -0.1384418 0.9894803 0.08465194 0.004445433 0.9964008 0.1022698 0.9430074 0.3166673 -0.1501058 0.9677984 -0.2020758 -0.04717278 -0.257971 -0.9650004 -0.08564257 0.006415307 -0.9963053 0.05096924 -0.3687897 0.9281144 0.08711445 -0.002989828 0.9961938 0.03504455 0.2516448 0.967185 -0.3474372 0.9363119 -0.05106449 -0.04106342 -0.1216548 -0.9917228 -0.09796214 0.01696002 -0.9950457 0.2314185 -0.9566792 0.1766645 0.1021023 -0.01293969 0.9946898 0.03366309 0.1185007 0.9923832 -0.5287742 0.8487129 0.009196877 -0.03983086 -0.08695554 -0.9954156 -0.1392727 0.04145729 -0.9893859 0.5499303 -0.8347905 -0.02648407 0.03499096 0.0860778 0.9956738 0.1471203 -0.03603023 0.9884622 -0.6863539 0.7228046 0.08044797 -0.381917 0.1768394 -0.9071203 0.7340547 -0.5756763 -0.3602228 -0.04217177 -0.0739721 -0.9963684 0.03892987 0.07505893 0.9964189 0.3959347 -0.1673436 0.902902 -0.7550197 0.5370586 0.3761829 -0.9233132 0.3406649 -0.1773144 0.179751 -0.1572477 -0.9710627 -0.04921668 -0.07103466 -0.996259 0.0470646 0.07421123 0.9961314 0.9557426 -0.2535795 0.1491761 -0.1803312 0.1442188 0.9729756 -0.9875606 0.1506716 -0.04497039 0.08103179 -0.09391653 -0.992277 -0.06566917 -0.07735824 -0.9948384 0.06431829 0.08321702 0.9944537 0.9952996 0.08808201 -0.04025256 -0.08205157 0.08627134 0.9928871 -0.9986345 -0.0503664 0.01386851 0.05395483 -0.07720869 -0.995554 -0.1121225 -0.1037605 -0.9882624 0.1113874 0.1136949 0.9872519 0.8282475 0.350639 -0.4371023 -0.05568051 0.0728023 0.9957909 -0.9643072 -0.249168 0.08959311 -0.4059499 -0.2799792 -0.869952 0.04229307 -0.07354784 -0.9963945 0.4041552 0.2980227 0.8647781 0.2087273 0.06792438 -0.9756124 -0.04494148 0.0714578 0.9964306 -0.8073682 -0.3805229 0.4509534 -0.7488223 -0.643985 -0.1566794 0.03657341 -0.07898694 -0.9962046 0.68015 0.722229 0.125624 0.1181923 0.02135676 -0.9927611 -0.04053229 0.07887262 0.9960604 -0.1982634 -0.07464462 0.9773023 -0.6111795 -0.7905195 -0.03922533 0.03404247 -0.0979892 -0.9946051 0.3944535 0.9172877 -0.05467897 0.09258091 0.007302045 -0.9956785 -0.03999602 0.09993451 0.9941899 -0.1123914 -0.02594429 0.9933254 -0.4406443 -0.8974886 0.01862466 0.033881 -0.1577003 -0.9869057 0.0923205 0.8433105 -0.5294377 0.08460432 -7.55375e-4 -0.9964144 -0.04321962 0.1622893 0.9857963 -0.08985042 -0.01094907 0.9958951 -0.2498549 -0.9631292 0.09977281 0.04220676 -0.5787857 -0.8143867 0.04486936 0.1983515 -0.9791034 0.08734339 -0.00855571 -0.9961416 -0.06049805 0.5861675 0.8079282 -0.08431357 -0.002578556 0.996436 -0.06251609 -0.838511 0.5412865 0.1999503 -0.9698643 -0.1392241 0.04041022 0.1093057 -0.9931864 0.1041389 -0.02093523 -0.9943425 -0.3126997 0.9440274 0.105029 -0.08943068 0.005036771 0.9959803 -0.03428375 -0.1929344 0.9806126 0.3946415 -0.9182147 -0.03376251 0.04007107 0.08243924 -0.9957903 0.1622461 -0.05442577 -0.9852482 -0.6195463 0.7818285 -0.07004755 -0.1090732 0.01665961 0.9938942 -0.03378242 -0.1067789 0.9937087 0.5707473 -0.8207893 0.02350342 0.607575 -0.2970151 -0.7366374 -0.6293553 0.4532987 -0.6312149 0.04339754 0.07244461 -0.9964279 -0.1713103 0.04842847 0.9840262 -0.03569632 -0.08206295 0.9959878 0.7199664 -0.6850382 0.1112265 0.9468971 -0.296561 -0.1242477 -0.1376221 0.1305692 -0.9818412 0.05211293 0.07162189 -0.9960696 -0.6240026 0.2823826 0.7286157 -0.04046535 -0.07402604 0.996435 0.6364408 -0.4289249 0.6410668 0.9945151 -0.1006256 -0.02853596 -0.07159137 0.08780652 -0.9935616 0.07277113 0.08110499 -0.9940454 -0.9809723 0.1737208 0.08668595 -0.0501824 -0.07539123 0.9958906 0.138252 -0.1192171 0.9831957 0.9945154 0.1006233 0.0285359 0.1382586 0.1192169 -0.9831948 -0.9809736 -0.1737105 -0.08669269 -0.05018454 0.07539093 -0.9958905 -0.07159221 -0.0878064 0.9935616 0.07277208 -0.08110487 0.9940454 0.9468976 0.2965621 0.1242415 0.6364524 0.4289039 -0.6410693 -0.6240143 -0.2823669 -0.7286118 -0.04046672 0.0740261 -0.9964349 -0.1376173 -0.1305683 0.9818419 0.05211263 -0.07162189 0.9960696 0.6075733 0.2970191 0.7366372 0.7199689 0.6850354 -0.111227 -0.1713115 -0.04842817 -0.984026 -0.03569632 0.0820629 -0.9959878 -0.6293544 -0.4533014 0.631214 0.0433976 -0.07244461 0.9964279 0.1622429 0.05442529 0.9852488 0.5707445 0.8207914 -0.02350264 -0.1090723 -0.01665985 -0.9938942 -0.03378188 0.1067796 -0.9937087 -0.6195349 -0.7818381 0.07004106 0.04007118 -0.0824393 0.9957903 0.1041397 0.02093541 0.9943423 0.3946317 0.918219 0.03376215 -0.03428447 0.1929333 -0.9806128 -0.312703 -0.9440264 -0.1050286 -0.08943027 -0.005036711 -0.9959804 0.04041022 -0.1093064 0.9931864 0.08734387 0.00855571 0.9961415 0.1999524 0.9698639 0.1392236 -0.06251591 0.8385089 -0.5412898 -0.06049835 -0.5861673 -0.8079282 -0.08431392 0.002578556 -0.996436 0.04486954 -0.1983509 0.9791036 0.08460307 7.5539e-4 0.9964145 0.04220628 0.5787823 0.8143891 -0.2498519 0.96313 -0.09977334 -0.04321914 -0.162288 -0.9857965 -0.08984935 0.01094901 -0.9958952 0.09232032 -0.8433147 0.5294312 0.0925824 -0.007302045 0.9956783 0.03388136 0.1576998 0.9869058 -0.4406539 0.897484 -0.01862478 -0.03999602 -0.09993487 -0.9941899 -0.1123925 0.02594441 -0.9933252 0.3944535 -0.9172877 0.05467855 0.03404146 0.09798938 0.9946052 0.1181918 -0.02135682 0.9927611 -0.6111686 0.7905279 0.03922426 -0.1982566 0.07464486 -0.9773038 0.6801366 -0.7222428 -0.1256165 -0.04053181 -0.07887274 -0.9960604 0.0365743 0.07898676 0.9962046 0.2087323 -0.0679239 0.9756113 -0.7488315 0.6439735 0.156683 -0.8073723 0.3805134 -0.4509541 0.40416 -0.2980203 -0.8647766 -0.04494255 -0.07145756 -0.9964306 0.04229348 0.07354795 0.9963945 0.8282506 -0.3506444 0.437092 -0.4059451 0.2799811 0.8699535 -0.9643089 0.2491586 -0.08960157 0.1113963 -0.1136956 -0.9872509 -0.05568391 -0.07280266 -0.9957908 0.05395394 0.07720917 0.995554 0.9952999 -0.08808338 0.04024285 -0.1121186 0.1037611 0.9882627 -0.9986349 0.05035734 -0.01387232 0.06431722 -0.08321702 -0.9944537 -0.08205026 -0.08627152 -0.9928872 0.08103084 0.09391605 0.9922772 0.955742 0.253583 -0.1491746 -0.06566846 0.07735794 0.9948385 -0.9875608 -0.1506693 0.0449723 -0.1803261 -0.1442187 -0.9729766 0.04706341 -0.074211 -0.9961315 0.1797526 0.1572477 0.9710624 0.3959357 0.1673441 -0.9029014 -0.04921698 0.07103455 0.996259 -0.9233143 -0.3406599 0.1773177 -0.7550202 -0.5370585 -0.3761821 0.03893011 -0.07505875 -0.9964189 0.7340605 0.5756652 0.3602288 0.1471188 0.03602999 -0.9884625 -0.04217225 0.07397222 0.9963682 -0.3819233 -0.1768366 0.9071182 -0.686348 -0.7228102 -0.08044832 0.03499102 -0.08607792 -0.9956738 0.5499363 0.8347865 0.02648746 0.1021015 0.01293963 -0.9946898 -0.0398311 0.0869559 0.9954156 -0.1392729 -0.04145783 0.9893859 -0.5287723 -0.848714 -0.009196162 0.03366214 -0.1185005 -0.9923833 0.2314143 0.9566801 -0.1766656 0.08711516 0.002989888 -0.9961938 -0.04106402 0.1216544 0.9917228 -0.09796071 -0.01695996 0.9950457 -0.3474316 -0.9363139 0.05106568 0.03504574 -0.2516446 -0.967185 0.05096906 0.3687888 -0.9281147 0.08465141 -0.004445374 -0.9964007 -0.04717254 0.257971 0.9650004 -0.08564203 -0.006415307 0.9963054 -0.1501061 -0.9677984 0.2020755 0.1022679 -0.9430063 -0.3166709 0.04198426 0.1384416 -0.9894804 0.09331417 -0.01370108 -0.9955425 -0.1546952 0.9417796 0.2985311 -0.08552694 0.001081168 0.9963353 -0.03672289 -0.3616005 0.9316096 0.2991188 -0.9514839 -0.07215487 0.03980648 0.09266644 -0.9949012 0.1235978 -0.03249573 -0.9918003 -0.474225 0.8803057 0.01313775 -0.09672707 0.009888648 0.9952619 -0.03369051 -0.1346033 0.9903268 0.4853874 -0.8742872 -0.004583716 0.2605485 -0.1095024 -0.9592308 -0.7254729 0.6556154 -0.2094219 0.04122477 0.07608914 -0.9962485 -0.1303556 0.02752989 0.9910851 -0.03444164 -0.09126847 0.9952306 0.6498124 -0.7579118 0.05756455 0.8865634 -0.3758831 -0.2696614 -0.2551857 0.2043955 -0.9450411 0.0468589 0.07098799 -0.9963759 -0.2726633 0.1017797 0.9567108 -0.03764426 -0.07668894 0.9963442 0.7674502 -0.5975571 0.2322627 0.9776048 -0.2002999 -0.06456702 -0.0936864 0.1021775 -0.9903447 0.06010746 0.0746662 -0.9953954 -0.9138627 0.3205272 0.249234 -0.04446625 -0.0736072 0.9962955 0.2559048 -0.1892965 0.9479871 0.440232 -0.03126698 -0.8973395 -0.6400539 0.6922224 -0.3334055 0.1403455 0.5307587 -0.8358221 -0.9886257 0.09844839 -0.1136976 -0.1803313 -0.2205361 0.9585638 0.1875945 -0.5325877 0.8253234 0.261087 0.6479018 -0.7155815 0.5632354 -0.0389539 -0.8253779 -0.425768 0.8831048 0.1970977 -0.5632376 0.03895348 0.8253765 -0.2610878 -0.6479021 0.7155809 0.4257667 -0.8831054 -0.1970984 0.3724623 0.4759861 -0.7966864 0.5464878 0.03408306 -0.8367733 -0.2005422 0.9628895 -0.1806289 -0.5713781 0.08072644 0.816707 -0.1857101 -0.7387185 0.647925 0.5771117 -0.5785381 -0.576399</float_array>
          <technique_common>
            <accessor source="#tie_wire-mesh-normals-array" count="300" stride="3">
              <param name="X" type="float"/>
              <param name="Y" type="float"/>
              <param name="Z" type="float"/>
            </accessor>
          </technique_common>
        </source>
        <vertices id="tie_wire-mesh-vertices">
          <input semantic="POSITION" source="#tie_wire-mesh-positions"/>
        </vertices>
        <triangles material="wire-material" count="588">
          <input semantic="VERTEX" source="#tie_wire-mesh-vertices" offset="0"/>
          <input semantic="NORMAL" source="#tie_wire-mesh-normals" offset="1"/>
          <p>1 0 6 1 0 2 2 3 7 4 1 0 2 3 9 5 8 6 3 7 10 8 9 5 4 9 11 10 10 8 0 2 11 10 5 11 7 4 12 12 6 1 8 6 13 13 7 4 8 6 15 14 14 15 9 5 16 16 15 14 10 8 17 17 16 16 6 1 17 17 11 10 13 13 18 18 12 12 14 15 19 19 13 13 14 15 21 20 20 21 15 14 22 22 21 20 16 16 23 23 22 22 12 12 23 23 17 17 19 19 24 24 18 18 20 21 25 25 19 19 20 21 27 26 26 27 21 20 28 28 27 26 22 22 29 29 28 28 18 18 29 29 23 23 25 25 30 30 24 24 26 27 31 31 25 25 27 26 32 32 26 27 27 26 34 33 33 34 28 28 35 35 34 33 29 29 30 30 35 35 31 31 36 36 30 30 32 32 37 37 31 31 33 34 38 38 32 32 33 34 40 39 39 40 34 33 41 41 40 39 35 35 36 36 41 41 37 37 42 42 36 36 38 38 43 43 37 37 39 40 44 44 38 38 39 40 46 45 45 46 40 39 47 47 46 45 41 41 42 42 47 47 43 43 48 48 42 42 44 44 49 49 43 43 45 46 50 50 44 44 45 46 52 51 51 52 46 45 53 53 52 51 47 47 48 48 53 53 48 48 55 54 54 55 50 50 55 54 49 49 51 52 56 56 50 50 52 51 57 57 51 52 52 51 59 58 58 59 53 53 54 55 59 58 54 55 61 60 60 61 56 56 61 60 55 54 57 57 62 62 56 56 58 59 63 63 57 57 58 59 65 64 64 65 59 58 60 61 65 64 60 61 67 66 66 67 62 62 67 66 61 60 63 63 68 68 62 62 64 65 69 69 63 63 64 65 71 70 70 71 65 64 66 67 71 70 66 67 73 72 72 73 68 68 73 72 67 66 69 69 74 74 68 68 70 71 75 75 69 69 70 71 77 76 76 77 71 70 72 73 77 76 72 73 79 78 78 79 73 72 80 80 79 78 75 75 80 80 74 74 76 77 81 81 75 75 77 76 82 82 76 77 77 76 78 79 83 83 78 79 85 84 84 85 79 78 86 86 85 84 81 81 86 86 80 80 82 82 87 87 81 81 83 83 88 88 82 82 83 83 84 85 89 89 84 85 91 90 90 91 85 84 92 92 91 90 87 87 92 92 86 86 88 88 93 93 87 87 89 89 94 94 88 88 89 89 90 91 95 95 90 91 97 96 96 97 91 90 98 98 97 96 93 93 98 98 92 92 94 94 99 99 93 93 95 95 100 100 94 94 95 95 96 97 101 101 96 97 103 102 102 103 97 96 104 104 103 102 98 98 105 105 104 104 100 100 105 105 99 99 101 101 106 106 100 100 96 97 107 107 101 101 102 103 109 108 108 109 103 102 110 110 109 108 104 104 111 111 110 110 106 106 111 111 105 105 107 107 112 112 106 106 102 103 113 113 107 107 108 109 115 114 114 115 109 108 116 116 115 114 110 110 117 117 116 116 112 112 117 117 111 111 113 113 118 118 112 112 108 109 119 119 113 113 114 115 121 120 120 121 115 114 122 122 121 120 116 116 123 123 122 122 118 118 123 123 117 117 119 119 124 124 118 118 114 115 125 125 119 119 121 120 126 126 120 121 121 120 128 127 127 128 122 122 129 129 128 127 123 123 130 130 129 129 125 125 130 130 124 124 120 121 131 131 125 125 127 128 132 132 126 126 127 128 134 133 133 134 128 127 135 135 134 133 129 129 136 136 135 135 131 131 136 136 130 130 126 126 137 137 131 131 133 134 138 138 132 132 133 134 140 139 139 140 134 133 141 141 140 139 135 135 142 142 141 141 137 137 142 142 136 136 132 132 143 143 137 137 139 140 144 144 138 138 140 139 145 145 139 140 140 139 147 146 146 147 141 141 148 148 147 146 143 143 148 148 142 142 138 138 149 149 143 143 145 145 150 150 144 144 146 147 151 151 145 145 146 147 153 152 152 153 147 146 154 154 153 152 148 148 155 155 154 154 144 144 155 155 149 149 151 151 156 156 150 150 152 153 157 157 151 151 152 153 159 158 158 159 153 152 160 160 159 158 154 154 161 161 160 160 150 150 161 161 155 155 157 157 162 162 156 156 158 159 163 163 157 157 158 159 165 164 164 165 159 158 166 166 165 164 160 160 167 167 166 166 156 156 167 167 161 161 163 163 168 168 162 162 164 165 169 169 163 163 165 164 170 170 164 165 165 164 172 171 171 172 166 166 173 173 172 171 167 167 168 168 173 173 169 169 174 174 168 168 170 170 175 175 169 169 171 172 176 176 170 170 171 172 178 177 177 178 172 171 179 179 178 177 173 173 174 174 179 179 175 175 180 180 174 174 176 176 181 181 175 175 177 178 182 182 176 176 177 178 184 183 183 184 178 177 185 185 184 183 179 179 180 180 185 185 181 181 186 186 180 180 182 182 187 187 181 181 183 184 188 188 182 182 183 184 190 189 189 190 184 183 191 191 190 189 185 185 186 186 191 191 186 186 193 192 192 193 188 188 193 192 187 187 189 190 194 194 188 188 190 189 195 195 189 190 190 189 197 196 196 197 191 191 192 193 197 196 192 193 199 198 198 199 194 194 199 198 193 192 195 195 200 200 194 194 196 197 201 201 195 195 196 197 203 202 202 203 197 196 198 199 203 202 198 199 205 204 204 205 200 200 205 204 199 198 201 201 206 206 200 200 202 203 207 207 201 201 202 203 209 208 208 209 203 202 204 205 209 208 204 205 211 210 210 211 206 206 211 210 205 204 207 207 212 212 206 206 208 209 213 213 207 207 208 209 215 214 214 215 209 208 210 211 215 214 210 211 217 216 216 217 211 210 218 218 217 216 213 213 218 218 212 212 214 215 219 219 213 213 215 214 220 220 214 215 215 214 216 217 221 221 216 217 223 222 222 223 217 216 224 224 223 222 219 219 224 224 218 218 220 220 225 225 219 219 221 221 226 226 220 220 221 221 222 223 227 227 222 223 229 228 228 229 223 222 230 230 229 228 225 225 230 230 224 224 226 226 231 231 225 225 227 227 232 232 226 226 227 227 228 229 233 233 228 229 235 234 234 235 229 228 236 236 235 234 231 231 236 236 230 230 232 232 237 237 231 231 233 233 238 238 232 232 233 233 234 235 239 239 234 235 241 240 240 241 235 234 242 242 241 240 236 236 243 243 242 242 238 238 243 243 237 237 239 239 244 244 238 238 234 235 245 245 239 239 240 241 247 246 246 247 241 240 248 248 247 246 242 242 249 249 248 248 244 244 249 249 243 243 245 245 250 250 244 244 240 241 251 251 245 245 246 247 253 252 252 253 247 246 254 254 253 252 248 248 255 255 254 254 250 250 255 255 249 249 251 251 256 256 250 250 246 247 257 257 251 251 252 253 259 258 258 259 253 252 260 260 259 258 254 254 261 261 260 260 256 256 261 261 255 255 257 257 262 262 256 256 252 253 263 263 257 257 259 258 264 264 258 259 259 258 266 265 265 266 260 260 267 267 266 265 261 261 268 268 267 267 263 263 268 268 262 262 258 259 269 269 263 263 265 266 270 270 264 264 265 266 272 271 271 272 266 265 273 273 272 271 267 267 274 274 273 273 269 269 274 274 268 268 264 264 275 275 269 269 271 272 276 276 270 270 271 272 278 277 277 278 272 271 279 279 278 277 273 273 280 280 279 279 275 275 280 280 274 274 270 270 281 281 275 275 277 278 282 282 276 276 277 278 284 283 283 284 278 277 285 285 284 283 279 279 286 286 285 285 281 281 286 286 280 280 276 276 287 287 281 281 282 282 289 288 288 289 283 284 290 290 289 288 284 283 291 291 290 290 286 286 291 291 285 285 287 287 292 292 286 286 282 282 293 293 287 287 288 289 295 294 294 295 289 288 296 296 295 294 290 290 297 297 296 296 292 292 297 297 291 291 293 293 298 298 292 292 288 289 299 299 293 293 1 0 7 4 6 1 2 3 8 6 7 4 2 3 3 7 9 5 3 7 4 9 10 8 4 9 5 11 11 10 0 2 6 1 11 10 7 4 13 13 12 12 8 6 14 15 13 13 8 6 9 5 15 14 9 5 10 8 16 16 10 8 11 10 17 17 6 1 12 12 17 17 13 13 19 19 18 18 14 15 20 21 19 19 14 15 15 14 21 20 15 14 16 16 22 22 16 16 17 17 23 23 12 12 18 18 23 23 19 19 25 25 24 24 20 21 26 27 25 25 20 21 21 20 27 26 21 20 22 22 28 28 22 22 23 23 29 29 18 18 24 24 29 29 25 25 31 31 30 30 26 27 32 32 31 31 27 26 33 34 32 32 27 26 28 28 34 33 28 28 29 29 35 35 29 29 24 24 30 30 31 31 37 37 36 36 32 32 38 38 37 37 33 34 39 40 38 38 33 34 34 33 40 39 34 33 35 35 41 41 35 35 30 30 36 36 37 37 43 43 42 42 38 38 44 44 43 43 39 40 45 46 44 44 39 40 40 39 46 45 40 39 41 41 47 47 41 41 36 36 42 42 43 43 49 49 48 48 44 44 50 50 49 49 45 46 51 52 50 50 45 46 46 45 52 51 46 45 47 47 53 53 47 47 42 42 48 48 48 48 49 49 55 54 50 50 56 56 55 54 51 52 57 57 56 56 52 51 58 59 57 57 52 51 53 53 59 58 53 53 48 48 54 55 54 55 55 54 61 60 56 56 62 62 61 60 57 57 63 63 62 62 58 59 64 65 63 63 58 59 59 58 65 64 59 58 54 55 60 61 60 61 61 60 67 66 62 62 68 68 67 66 63 63 69 69 68 68 64 65 70 71 69 69 64 65 65 64 71 70 65 64 60 61 66 67 66 67 67 66 73 72 68 68 74 74 73 72 69 69 75 75 74 74 70 71 76 77 75 75 70 71 71 70 77 76 71 70 66 67 72 73 72 73 73 72 79 78 73 72 74 74 80 80 75 75 81 81 80 80 76 77 82 82 81 81 77 76 83 83 82 82 77 76 72 73 78 79 78 79 79 78 85 84 79 78 80 80 86 86 81 81 87 87 86 86 82 82 88 88 87 87 83 83 89 89 88 88 83 83 78 79 84 85 84 85 85 84 91 90 85 84 86 86 92 92 87 87 93 93 92 92 88 88 94 94 93 93 89 89 95 95 94 94 89 89 84 85 90 91 90 91 91 90 97 96 91 90 92 92 98 98 93 93 99 99 98 98 94 94 100 100 99 99 95 95 101 101 100 100 95 95 90 91 96 97 96 97 97 96 103 102 97 96 98 98 104 104 98 98 99 99 105 105 100 100 106 106 105 105 101 101 107 107 106 106 96 97 102 103 107 107 102 103 103 102 109 108 103 102 104 104 110 110 104 104 105 105 111 111 106 106 112 112 111 111 107 107 113 113 112 112 102 103 108 109 113 113 108 109 109 108 115 114 109 108 110 110 116 116 110 110 111 111 117 117 112 112 118 118 117 117 113 113 119 119 118 118 108 109 114 115 119 119 114 115 115 114 121 120 115 114 116 116 122 122 116 116 117 117 123 123 118 118 124 124 123 123 119 119 125 125 124 124 114 115 120 121 125 125 121 120 127 128 126 126 121 120 122 122 128 127 122 122 123 123 129 129 123 123 124 124 130 130 125 125 131 131 130 130 120 121 126 126 131 131 127 128 133 134 132 132 127 128 128 127 134 133 128 127 129 129 135 135 129 129 130 130 136 136 131 131 137 137 136 136 126 126 132 132 137 137 133 134 139 140 138 138 133 134 134 133 140 139 134 133 135 135 141 141 135 135 136 136 142 142 137 137 143 143 142 142 132 132 138 138 143 143 139 140 145 145 144 144 140 139 146 147 145 145 140 139 141 141 147 146 141 141 142 142 148 148 143 143 149 149 148 148 138 138 144 144 149 149 145 145 151 151 150 150 146 147 152 153 151 151 146 147 147 146 153 152 147 146 148 148 154 154 148 148 149 149 155 155 144 144 150 150 155 155 151 151 157 157 156 156 152 153 158 159 157 157 152 153 153 152 159 158 153 152 154 154 160 160 154 154 155 155 161 161 150 150 156 156 161 161 157 157 163 163 162 162 158 159 164 165 163 163 158 159 159 158 165 164 159 158 160 160 166 166 160 160 161 161 167 167 156 156 162 162 167 167 163 163 169 169 168 168 164 165 170 170 169 169 165 164 171 172 170 170 165 164 166 166 172 171 166 166 167 167 173 173 167 167 162 162 168 168 169 169 175 175 174 174 170 170 176 176 175 175 171 172 177 178 176 176 171 172 172 171 178 177 172 171 173 173 179 179 173 173 168 168 174 174 175 175 181 181 180 180 176 176 182 182 181 181 177 178 183 184 182 182 177 178 178 177 184 183 178 177 179 179 185 185 179 179 174 174 180 180 181 181 187 187 186 186 182 182 188 188 187 187 183 184 189 190 188 188 183 184 184 183 190 189 184 183 185 185 191 191 185 185 180 180 186 186 186 186 187 187 193 192 188 188 194 194 193 192 189 190 195 195 194 194 190 189 196 197 195 195 190 189 191 191 197 196 191 191 186 186 192 193 192 193 193 192 199 198 194 194 200 200 199 198 195 195 201 201 200 200 196 197 202 203 201 201 196 197 197 196 203 202 197 196 192 193 198 199 198 199 199 198 205 204 200 200 206 206 205 204 201 201 207 207 206 206 202 203 208 209 207 207 202 203 203 202 209 208 203 202 198 199 204 205 204 205 205 204 211 210 206 206 212 212 211 210 207 207 213 213 212 212 208 209 214 215 213 213 208 209 209 208 215 214 209 208 204 205 210 211 210 211 211 210 217 216 211 210 212 212 218 218 213 213 219 219 218 218 214 215 220 220 219 219 215 214 221 221 220 220 215 214 210 211 216 217 216 217 217 216 223 222 217 216 218 218 224 224 219 219 225 225 224 224 220 220 226 226 225 225 221 221 227 227 226 226 221 221 216 217 222 223 222 223 223 222 229 228 223 222 224 224 230 230 225 225 231 231 230 230 226 226 232 232 231 231 227 227 233 233 232 232 227 227 222 223 228 229 228 229 229 228 235 234 229 228 230 230 236 236 231 231 237 237 236 236 232 232 238 238 237 237 233 233 239 239 238 238 233 233 228 229 234 235 234 235 235 234 241 240 235 234 236 236 242 242 236 236 237 237 243 243 238 238 244 244 243 243 239 239 245 245 244 244 234 235 240 241 245 245 240 241 241 240 247 246 241 240 242 242 248 248 242 242 243 243 249 249 244 244 250 250 249 249 245 245 251 251 250 250 240 241 246 247 251 251 246 247 247 246 253 252 247 246 248 248 254 254 248 248 249 249 255 255 250 250 256 256 255 255 251 251 257 257 256 256 246 247 252 253 257 257 252 253 253 252 259 258 253 252 254 254 260 260 254 254 255 255 261 261 256 256 262 262 261 261 257 257 263 263 262 262 252 253 258 259 263 263 259 258 265 266 264 264 259 258 260 260 266 265 260 260 261 261 267 267 261 261 262 262 268 268 263 263 269 269 268 268 258 259 264 264 269 269 265 266 271 272 270 270 265 266 266 265 272 271 266 265 267 267 273 273 267 267 268 268 274 274 269 269 275 275 274 274 264 264 270 270 275 275 271 272 277 278 276 276 271 272 272 271 278 277 272 271 273 273 279 279 273 273 274 274 280 280 275 275 281 281 280 280 270 270 276 276 281 281 277 278 283 284 282 282 277 278 278 277 284 283 278 277 279 279 285 285 279 279 280 280 286 286 281 281 287 287 286 286 276 276 282 282 287 287 282 282 283 284 289 288 283 284 284 283 290 290 284 283 285 285 291 291 286 286 292 292 291 291 287 287 293 293 292 292 282 282 288 289 293 293 288 289 289 288 295 294 289 288 290 290 296 296 290 290 291 291 297 297 292 292 298 298 297 297 293 293 299 299 298 298 288 289 294 295 299 299</p>
        </triangles>
      </mesh>
    </geometry>
    <geometry id="inner_paper-mesh" name="inner_paper">
      <mesh>
        <source id="inner_paper-mesh-positions">
          <float_array id="inner_paper-mesh-positions-array" count="108">0.0126 0 0.02579998 0.01250946 0.004553079 0.02579998 0.0111925 0.009391605 0.02579998 0.007017314 0.01215434 0.02579998 0.002220511 0.0125932 0.02579998 -0.002220511 0.0125932 0.02579998 -0.007017314 0.01215434 0.02579998 -0.0111925 0.009391605 0.02579998 -0.01250946 0.004553079 0.02579998 -0.0126 0 0.02579998 -0.01250946 -0.004553079 0.02579998 -0.0111925 -0.009391605 0.02579998 -0.007017314 -0.01215434 0.02579998 -0.002220511 -0.0125932 0.02579998 0.002220511 -0.0125932 0.02579998 0.007017314 -0.01215434 0.02579998 0.0111925 -0.009391605 0.02579998 0.01250946 -0.004553079 0.02579998 0.0126 0 0.04199999 0.01250946 0.004553079 0.04199999 0.0111925 0.009391605 0.04199999 0.007017314 0.01215434 0.04199999 0.002220511 0.0125932 0.04199999 -0.002220511 0.0125932 0.04199999 -0.007017314 0.01215434 0.04199999 -0.0111925 0.009391605 0.04199999 -0.01250946 0.004553079 0.04199999 -0.0126 0 0.04199999 -0.01250946 -0.004553079 0.04199999 -0.0111925 -0.009391605 0.04199999 -0.007017314 -0.01215434 0.04199999 -0.002220511 -0.0125932 0.04199999 0.002220511 -0.0125932 0.04199999 0.007017314 -0.01215434 0.04199999 0.0111925 -0.009391605 0.04199999 0.01250946 -0.004553079 0.04199999</float_array>
          <technique_common>
            <accessor source="#inner_paper-mesh-positions-array" count="36" stride="3">
              <param name="X" type="float"/>
              <param name="Y" type="float"/>
              <param name="Z" type="float"/>
            </accessor>
          </technique_common>
        </source>
        <source id="inner_paper-mesh-normals">
          <float_array id="inner_paper-mesh-normals-array" count="108">0.9898194 0.1423296 0 0.7115051 -3.24052e-7 0.702681 1 4.56336e-7 0 0.8103753 0.5859113 0 0.7252752 0.1042857 0.6805149 0.3314993 0.9434555 0 0.6255624 0.4522712 0.6357063 0.0456044 0.9989597 0 0.2501944 0.7120342 0.6560564 -0.04560649 0.9989595 0 0.03270304 0.7163289 0.696996 -0.331511 0.9434515 0 -0.03270196 0.7163385 0.6969861 -0.8103862 0.5858963 0 -0.2501856 0.7120371 0.6560567 -0.9898202 0.142324 0 -0.6255543 0.4522827 0.6357061 -1 -4.56336e-7 0 -0.7252755 0.1042898 0.680514 -0.9898194 -0.1423296 0 -0.7115051 3.24052e-7 0.702681 -0.8103753 -0.5859113 0 -0.7252752 -0.1042857 0.6805149 -0.3314993 -0.9434555 0 -0.6255624 -0.4522712 0.6357063 -0.0456044 -0.9989597 0 -0.2501944 -0.7120342 0.6560564 0.04560649 -0.9989595 0 -0.03270304 -0.7163289 0.696996 0.331511 -0.9434515 0 0.03270196 -0.7163385 0.6969861 0.8103862 -0.5858963 0 0.2501856 -0.7120371 0.6560567 0.9898202 -0.142324 0 0.6255543 -0.4522827 0.6357061 0.7252755 -0.1042898 0.6805139</float_array>
          <technique_common>
            <accessor source="#inner_paper-mesh-normals-array" count="36" stride="3">
              <param name="X" type="float"/>
              <param name="Y" type="float"/>
              <param name="Z" type="float"/>
            </accessor>
          </technique_common>
        </source>
        <vertices id="inner_paper-mesh-vertices">
          <input semantic="POSITION" source="#inner_paper-mesh-positions"/>
        </vertices>
        <triangles material="inner-material" count="52">
          <input semantic="VERTEX" source="#inner_paper-mesh-vertices" offset="0"/>
          <input semantic="NORMAL" source="#inner_paper-mesh-normals" offset="1"/>
          <p>1 0 18 1 0 2 2 3 19 4 1 0 3 5 20 6 2 3 4 7 21 8 3 5 5 9 22 10 4 7 6 11 23 12 5 9 7 13 24 14 6 11 8 15 25 16 7 13 9 17 26 18 8 15 10 19 27 20 9 17 11 21 28 22 10 19 12 23 29 24 11 21 13 25 30 26 12 23 14 27 31 28 13 25 15 29 32 30 14 27 16 31 33 32 15 29 17 33 34 34 16 31 0 2 35 35 17 33 31 28 18 1 27 20 1 0 19 4 18 1 2 3 20 6 19 4 3 5 21 8 20 6 4 7 22 10 21 8 5 9 23 12 22 10 6 11 24 14 23 12 7 13 25 16 24 14 8 15 26 18 25 16 9 17 27 20 26 18 10 19 28 22 27 20 11 21 29 24 28 22 12 23 30 26 29 24 13 25 31 28 30 26 14 27 32 30 31 28 15 29 33 32 32 30 16 31 34 34 33 32 17 33 35 35 34 34 0 2 18 1 35 35 35 35 18 1 32 30 18 1 19 4 22 10 19 4 20 6 21 8 21 8 22 10 19 4 22 10 23 12 27 20 23 12 24 14 26 18 24 14 25 16 26 18 26 18 27 20 23 12 27 20 28 22 31 28 28 22 29 24 30 26 31 28 28 22 30 26 31 28 32 30 18 1 32 30 33 32 35 35 33 32 34 34 35 35 18 1 22 10 27 20</p>
        </triangles>
      </mesh>
    </geometry>
    <geometry id="bag_body-mesh" name="bag_body">
      <mesh>
        <source id="bag_body-mesh-positions">
          <float_array id="bag_body-mesh-positions-array" count="933">0.02528834 0 -0.03999996 0.02401083 0.003810346 -0.03999996 0.02358585 0.007726073 -0.03999996 0.0231086 0.01200753 -0.03999996 0.02090215 0.01578509 -0.03999996 0.01672756 0.01794165 -0.03999996 0.01223242 0.01906847 -0.03999996 0.008338272 0.02061831 -0.03999996 0.004415988 0.02254003 -0.03999996 0 0.02367973 -0.03999996 -0.004611313 0.02353709 -0.03999996 -0.009204208 0.02275949 -0.03999996 -0.01408869 0.0219621 -0.03999996 -0.01892 0.02029317 -0.03999996 -0.02191019 0.01654636 -0.03999996 -0.02211821 0.01149296 -0.03999996 -0.0211023 0.006912529 -0.03999996 -0.02095293 0.003325104 -0.03999996 -0.02206647 0 -0.03999996 -0.02324914 -0.003689467 -0.03999996 -0.02341145 -0.007668912 -0.03999996 -0.02266341 -0.0117762 -0.03999996 -0.02136325 -0.0161333 -0.03999996 -0.01879137 -0.02015519 -0.03999996 -0.01433235 -0.0223419 -0.03999996 -0.008947253 -0.02212417 -0.03999996 -0.004045426 -0.02064859 -0.03999996 0 -0.01964735 -0.03999996 0.003884613 -0.01982766 -0.03999996 0.008217275 -0.0203191 -0.03999996 0.01272124 -0.01983046 -0.03999996 0.01682168 -0.01804256 -0.03999996 0.02051937 -0.01549601 -0.03999996 0.02393913 -0.01243913 -0.03999996 0.02628892 -0.0086115 -0.03999996 0.02658408 -0.004218697 -0.03999996 0.03628796 0 -0.02799999 0.03428351 0.005319654 -0.02799999 0.03350305 0.0107308 -0.02799999 0.03269279 0.01661014 -0.02799999 0.02955955 0.02182698 -0.02799999 0.02375733 0.02491539 -0.02799999 0.01745176 0.02660006 -0.02799999 0.01190632 0.02878689 -0.02799999 0.006290793 0.03139579 -0.02799999 0 0.03295779 -0.02799999 -0.006589651 0.03288716 -0.02799999 -0.01321208 0.03194397 -0.02799999 -0.02025777 0.03087705 -0.02799999 -0.02718687 0.02851206 -0.02799999 -0.03150814 0.02326589 -0.02799999 -0.03199833 0.01625728 -0.02799999 -0.03078168 0.009859144 -0.02799999 -0.0307855 0.004776895 -0.02799999 -0.03261727 0 -0.02799999 -0.03446453 -0.005347728 -0.02799999 -0.03470498 -0.01111578 -0.02799999 -0.03355306 -0.01704722 -0.02799999 -0.03158676 -0.02332389 -0.02799999 -0.02774769 -0.02910023 -0.02799999 -0.02110272 -0.03216493 -0.02799999 -0.01313233 -0.03175109 -0.02799999 -0.005936026 -0.02962529 -0.02799999 0 -0.0282278 -0.02799999 0.005711615 -0.0285052 -0.02799999 0.01205265 -0.02914065 -0.02799999 0.01857072 -0.02830564 -0.02799999 0.02446401 -0.02565646 -0.02799999 0.0297892 -0.02199655 -0.02799999 0.03471279 -0.01763647 -0.02799999 0.0380451 -0.01218557 -0.02799999 0.0383262 -0.005946993 -0.02799999 0.04002726 0 -0.003999948 0.03792148 0.005750417 -0.003999948 0.03694003 0.01156276 -0.003999948 0.03582739 0.01778906 -0.003999948 0.03219944 0.02323591 -0.003999948 0.02570736 0.02634769 -0.003999948 0.01877236 0.02796262 -0.003999948 0.01277559 0.03018659 -0.003999948 0.006765842 0.03299903 -0.003999948 0 0.03487652 -0.003999948 -0.007163107 0.03493684 -0.003999948 -0.01436686 0.03394651 -0.003999948 -0.02207535 0.03288263 -0.003999948 -0.02995419 0.03070032 -0.003999948 -0.03548854 0.02560943 -0.003999948 -0.03630959 0.01802849 -0.003999948 -0.03453123 0.01080876 -0.003999948 -0.03400474 0.005156517 -0.003999948 -0.03549504 0 -0.003999948 -0.036888 -0.005593717 -0.003999948 -0.03654617 -0.01143944 -0.003999948 -0.03506684 -0.01741141 -0.003999948 -0.03321331 -0.02396756 -0.003999948 -0.02966707 -0.03040605 -0.003999948 -0.02286159 -0.03405386 -0.003999948 -0.01429343 -0.03377306 -0.003999948 -0.006467759 -0.0315454 -0.003999948 0 -0.02998697 -0.003999948 0.006144821 -0.0299701 -0.003999948 0.0127741 -0.03018313 -0.003999948 0.01950931 -0.02906036 -0.003999948 0.02566587 -0.02630513 -0.003999948 0.03133678 -0.02261346 -0.003999948 0.03676956 -0.01825684 -0.003999948 0.040838 -0.01278287 -0.003999948 0.04177463 -0.006334722 -0.003999948 0.0401144 0 -0.01099997 0.03793251 0.00568521 -0.01099997 0.03686457 0.01140493 -0.01099997 0.03564161 0.01749104 -0.01099997 0.03195095 0.02278852 -0.01099997 0.02555918 0.02589118 -0.01099997 0.01875382 0.02761018 -0.01099997 0.01281237 0.02992153 -0.01099997 0.006800591 0.03278291 -0.01099997 0 0.03464657 -0.01099997 -0.007187366 0.03464746 -0.01099997 -0.01438558 0.03359544 -0.01099997 -0.02203255 0.03243726 -0.01099997 -0.02976644 0.03015309 -0.01099997 -0.03514552 0.02506697 -0.01099997 -0.03604131 0.0176872 -0.01099997 -0.03449541 0.01067197 -0.01099997 -0.03417533 0.005122125 -0.01099997 -0.03583854 0 -0.01099997 -0.03738075 -0.005602538 -0.01099997 -0.03715258 -0.01149404 -0.01099997 -0.03567469 -0.01750725 -0.01099997 -0.03369319 -0.02403116 -0.01099997 -0.02995389 -0.03034299 -0.01099997 -0.02301359 -0.0338816 -0.01099997 -0.01437729 -0.03357619 -0.01099997 -0.00650525 -0.03135919 -0.01099997 0 -0.02983039 -0.01099997 0.006197571 -0.02987605 -0.01099997 0.01291358 -0.0301578 -0.01099997 0.01973104 -0.02904886 -0.01099997 0.02593904 -0.02627599 -0.01099997 0.03165477 -0.02257728 -0.01099997 0.03711813 -0.01821565 -0.01099997 0.04114621 -0.01272958 -0.01099997 0.04197108 -0.006290495 -0.01099997 0.03586244 0 0.007599949 0.03411006 0.005292773 0.007599949 0.03348708 0.01072567 0.007599949 0.03279685 0.01666301 0.007599949 0.02967035 0.02190881 0.007599949 0.02368026 0.02483451 0.007599949 0.01724225 0.0262807 0.007599949 0.01170551 0.02830135 0.007599949 0.006184756 0.03086668 0.007599949 0 0.03255641 0.007599949 -0.006544411 0.03266149 0.007599949 -0.0132066 0.03193062 0.007599949 -0.02046543 0.03119349 0.007599949 -0.02792352 0.02928459 0.007599949 -0.03291356 0.02430361 0.007599949 -0.03332722 0.01693248 0.007599949 -0.03144574 0.01007187 0.007599949 -0.03087401 0.004790604 0.007599949 -0.03226149 0 0.007599949 -0.03366106 -0.005223095 0.007599949 -0.03349959 -0.01072967 0.007599949 -0.03226178 -0.01639121 0.007599949 -0.0305925 -0.02258968 0.007599949 -0.02732437 -0.02865624 0.007599949 -0.02107614 -0.0321244 0.007599949 -0.01317507 -0.03185439 0.007599949 -0.005943834 -0.02966403 0.007599949 0 -0.02813941 0.007599949 0.005642116 -0.02815854 0.007599949 0.01176649 -0.02844887 0.007599949 0.01799607 -0.02742964 0.007599949 0.02362245 -0.02477389 0.007599949 0.02867883 -0.02117663 0.007599949 0.03337788 -0.01695823 0.007599949 0.03675764 -0.01177322 0.007599949 0.03745347 -0.005811512 0.007599949 0.0233379 0 0.01599997 0.02226352 0.003611564 0.01599997 0.02186805 0.007322549 0.01599997 0.02136915 0.01135045 0.01599997 0.019252 0.014862 0.01599997 0.01534426 0.01682364 0.01599997 0.01118707 0.01782643 0.01599997 0.007606983 0.01922804 0.01599997 0.00402522 0.02100193 0.01599997 0 0.02207934 0.01599997 -0.004219412 0.02201521 0.01599997 -0.008487701 0.02145433 0.01599997 -0.01316148 0.02097266 0.01599997 -0.0179581 0.0196895 0.01599997 -0.02098351 0.01619863 0.01599997 -0.02107137 0.01119232 0.01599997 -0.01992422 0.006671667 0.01599997 -0.01969385 0.003194749 0.01599997 -0.02070546 0 0.01599997 -0.02179908 -0.003536224 0.01599997 -0.02194225 -0.007347404 0.01599997 -0.0212807 -0.01130348 0.01599997 -0.02016615 -0.01556771 0.01599997 -0.01788514 -0.01960951 0.01599997 -0.01372426 -0.02186948 0.01599997 -0.008558034 -0.02163207 0.01599997 -0.003852725 -0.02010202 0.01599997 0 -0.01906883 0.01599997 0.003673195 -0.01916533 0.01599997 0.007710278 -0.01948916 0.01599997 0.01182806 -0.01884788 0.01599997 0.01551198 -0.01700758 0.01599997 0.01878583 -0.0145021 0.01599997 0.02178788 -0.01157289 0.01599997 0.0238983 -0.0080024 0.01599997 0.02431595 -0.003944516 0.01599997 0.03893101 0 -0.03399997 0.03772985 0.005511403 -0.03399997 0.03477144 0.01071679 -0.03399997 0.03030413 0.01546669 -0.03399997 0.02444726 0.01961976 -0.03399997 0.01721066 0.0228725 -0.03399997 0.008879661 0.02489888 -0.03399997 0 0.02561062 -0.03399997 -0.008882343 0.02490639 -0.03399997 -0.01707196 0.02268815 -0.03399997 -0.02404719 0.01929867 -0.03399997 -0.02980208 0.01521044 -0.03399997 -0.03446739 0.01062309 -0.03399997 -0.03768241 0.005504488 -0.03399997 -0.03889447 0 -0.03399997 -0.03795814 -0.005544722 -0.03399997 -0.03502279 -0.01079428 -0.03399997 -0.03025287 -0.01544052 -0.03399997 -0.02397197 -0.01923835 -0.03399997 -0.01660138 -0.02206277 -0.03399997 -0.008517324 -0.02388274 -0.03399997 0 -0.02464294 -0.03399997 0.008647143 -0.02424693 -0.03399997 0.01700693 -0.02260178 -0.03399997 0.02459919 -0.01974171 -0.03399997 0.03096288 -0.01580291 -0.03399997 0.03562688 -0.01098048 -0.03399997 0.03827738 -0.005591392 -0.03399997 0.01804351 0 0.01599997 0.01790028 0.005234539 0.01599997 0.01561158 0.01020824 0.01599997 0.01120936 0.01388549 0.01599997 0.006456494 0.01788389 0.01599997 0 0.01821374 0.01599997 -0.006272256 0.01737368 0.01599997 -0.01313561 0.01627171 0.01599997 -0.01531559 0.01001465 0.01599997 -0.01597607 0.004671812 0.01599997 -0.01846605 0 0.01599997 -0.01844686 -0.005394339 0.01599997 -0.01832908 -0.01198518 0.01599997 -0.01358312 -0.01682597 0.01599997 -0.005473196 -0.01516038 0.01599997 0 -0.01505208 0.01599997 0.005688071 -0.01575553 0.01599997 0.01176136 -0.01456934 0.01599997 0.01865309 -0.01219701 0.01599997 0.02036374 -0.005954921 0.01599997 0.01490473 0 0.02999997 0.01471674 0.004303574 0.02999997 0.01273137 0.008324921 0.02999997 0.009061157 0.0112245 0.02999997 0.005183637 0.01435828 0.02999997 0 0.01455062 0.02999997 -0.004991173 0.01382511 0.02999997 -0.01040303 0.0128867 0.02999997 -0.0122103 0.007984161 0.02999997 -0.01285862 0.003760218 0.02999997 -0.01495224 0 0.02999997 -0.01503074 -0.004395365 0.02999997 -0.01499712 -0.009806454 0.02999997 -0.01108181 -0.01372748 0.02999997 -0.004458427 -0.01234954 0.02999997 0 -0.01226043 0.02999997 0.004641532 -0.01285678 0.02999997 0.009655117 -0.0119602 0.02999997 0.01543104 -0.01009017 0.02999997 0.01689654 -0.004940986 0.02999997 0.01527762 0 0.04399996 0.01506507 0.004405438 0.04399996 0.01301515 0.00851047 0.04399996 0.009256303 0.0114662 0.04399996 0.005292713 0.01466041 0.04399996 0 0.0148645 0.04399996 -0.005096435 0.01411676 0.04399996 -0.01059734 0.01312738 0.04399996 -0.01244688 0.008138835 0.04399996 -0.01312345 0.003837645 0.04399996 -0.01525199 0 0.04399996 -0.01532673 -0.004481911 0.04399996 -0.01524394 -0.009967803 0.04399996 -0.01125097 -0.01393705 0.04399996 -0.004549503 -0.01260185 0.04399996 0 -0.01252269 0.04399996 0.004737496 -0.01312249 0.04399996 0.009865403 -0.01222068 0.04399996 0.01579272 -0.01032668 0.04399996 0.0173223 -0.0050655 0.04399996 0.02497905 0.01080316 0.06249403 -9.52974e-4 0.01364886 0.05593246 -0.004442274 0.005267977 0.05268794 -0.01458126 -0.002868592 0.05637043 -0.02645224 -0.01977044 0.05994009 -0.001945197 -0.01233726 0.06027889 0.01214814 -0.02099776 0.06096339</float_array>
          <technique_common>
            <accessor source="#bag_body-mesh-positions-array" count="311" stride="3">
              <param name="X" type="float"/>
              <param name="Y" type="float"/>
              <param name="Z" type="float"/>
            </accessor>
          </technique_common>
        </source>
        <source id="bag_body-mesh-normals">
          <float_array id="bag_body-mesh-normals-array" count="933">0.3771395 0.0257669 -0.9257979 0.8769959 0.2245211 -0.4248161 0.8559764 0.3056715 -0.4169768 0.4458607 0.06813168 -0.8925057 0.3935169 0.09184908 -0.9147175 0.4982823 0.1859492 -0.8468399 0.9016298 0.127136 -0.4134007 0.6368873 0.6684585 -0.3841066 0.8605765 0.3106102 -0.403645 0.4021409 0.4341409 -0.8061045 0.3459768 0.8704489 -0.3501697 0.2044426 0.559834 -0.8029876 0.2902722 0.8925399 -0.3451301 0.1711943 0.5480802 -0.8187189 0.3706865 0.8615197 -0.3469515 0.2516627 0.6815797 -0.6871063 0.2178196 0.5718164 -0.7909367 0.1165584 0.7703793 -0.6268413 0.3113745 0.8864632 -0.3423873 -0.0588482 0.7554607 -0.6525459 0.1075582 0.9301903 -0.3509662 -0.1328474 0.7573574 -0.6393445 -0.07175803 0.928295 -0.3648551 -0.176631 0.808584 -0.5612428 -0.1351503 0.9172979 -0.374565 -0.3803012 0.7067968 -0.5964976 -0.2219715 0.89637 -0.3837309 -0.8326557 0.348401 -0.4304665 -0.5173408 0.7495833 -0.4128966 -0.4801403 0.2310236 -0.846223 -0.914651 -0.051539 -0.4009454 -0.4133719 -0.0384882 -0.9097485 -0.9145195 -0.09558463 -0.3930874 -0.3795173 -0.05069339 -0.9237949 -0.8956791 0.1640806 -0.4133239 -0.6028535 0.1861808 -0.775825 -0.3945648 0.0350573 -0.9181992 -0.8000857 0.1710522 -0.5749818 -0.8648098 0.3102705 -0.3947612 -0.8237309 -0.0478096 -0.5649616 -0.9035918 0.1614515 -0.3968063 -0.7930152 -0.1986073 -0.5759184 -0.9122173 -0.07836675 -0.4021422 -0.7209278 -0.3222362 -0.6135365 -0.8862284 -0.2256145 -0.4045953 -0.5230088 -0.5685611 -0.6349803 -0.8229693 -0.3898814 -0.4131756 -0.1845561 -0.9013451 -0.3918114 -0.593709 -0.6875249 -0.4181138 -0.1864595 -0.8086111 -0.5580152 0.1494296 -0.9268123 -0.3445138 0.09551429 -0.7794326 -0.6191623 0.2442204 -0.9121246 -0.329219 0.1567929 -0.5504707 -0.8199989 0.08805036 -0.9340086 -0.34623 -0.03445512 -0.4500913 -0.8923176 0.1334218 -0.6867933 -0.7145023 -0.009297311 -0.4769393 -0.8788872 -0.06925344 -0.9396308 -0.3351088 0.1099289 -0.45091 -0.8857742 0.02108377 -0.9432554 -0.3313982 0.2080618 -0.3839136 -0.8996226 0.2615386 -0.9006122 -0.3471245 0.2568518 -0.3324652 -0.9074658 0.4587247 -0.8097919 -0.3657987 0.318634 -0.2762349 -0.9067342 0.5701884 -0.7275679 -0.3814845 0.4058167 -0.1288434 -0.9048271 0.7036764 -0.5879904 -0.3988821 0.8967984 0.1198424 -0.4258996 0.8638005 -0.2749035 -0.4222285 0.4298583 0.06225353 -0.9007478 -0.01265817 -0.02547597 -0.9995954 -0.08732092 -0.02756375 -0.9957988 -0.07118964 -0.07936811 -0.9943002 0.001182258 -0.338926 -0.9408124 -0.1597973 -0.1704363 -0.9723252 0.05933672 -0.184235 -0.9810895 -0.102212 0.01359355 -0.9946697 -0.0341624 -0.01320028 -0.9993291 -0.05466902 -0.09088003 -0.9943602 -0.06259238 -0.1322875 -0.9892332 0.01902467 -0.109692 -0.9937836 0.0316807 -0.06615477 -0.9973064 -0.07559651 -0.1463866 -0.9863348 -0.06018829 -0.3336949 -0.9407577 0.2087723 -0.0132451 -0.9778746 0.286046 -0.1852039 -0.9401475 0.03817659 -0.02069681 -0.9990566 -0.05157083 0.03832894 -0.9979335 0.04153627 -0.01763504 -0.9989814 0.1040276 -0.01468914 -0.994466 -0.004728078 0.04180324 -0.9991147 0.05903303 -0.020204 -0.9980517 0.08332484 0.1985191 -0.9765486 0.04257482 0.09622907 -0.9944484 -0.07196301 0.2293122 -0.9706891 -0.07531642 0.1179705 -0.9901568 0.0240544 0.04351681 -0.9987632 -0.05106461 -0.03057193 -0.9982274 -0.09534156 0.02737385 -0.9950682 0.05404502 0.08646172 -0.9947882 0.08840745 0.1284732 -0.9877646 0.0423206 0.1008169 -0.9940045 0.03663682 0.09258103 -0.9950309 0.001337409 0.1613054 -0.9869037 -0.1754751 -0.03141081 -0.9839827 -0.1633507 0.1051229 -0.9809514 -0.04657185 -0.009533941 0.9988695 -0.134205 -0.04143512 0.990087 -0.07881516 -0.0689336 0.9945031 -0.1829808 -0.04057312 0.982279 -0.08683639 -0.1703274 0.9815539 0.01100277 -0.08330047 0.9964638 0.007404983 0.02076286 0.999757 0.007988393 -0.01291817 0.9998847 -0.03689455 -0.08808082 0.9954299 -0.03608828 -0.1179684 0.9923614 0.01092267 -0.07580417 0.997063 0.0189898 -0.01805329 0.9996567 -0.007268428 -0.05150711 0.9986462 0.01332211 -0.1693676 0.985463 0.2296693 -0.05658829 0.9716223 0.1493921 0.06551039 0.9866056 0.03056794 -0.00986886 0.999484 -0.0125721 -0.003531336 0.9999148 0.135304 -0.006480216 0.990783 0.2247281 -0.007827162 0.9743901 0.1388335 0.07293212 0.9876266 0.1980624 0.0397163 0.9793845 0.2041723 0.0259121 0.978592 0.1985309 0.1722112 0.9648466 -7.86503e-4 0.2111376 0.9774561 -0.05692291 0.09412002 0.9939322 0.006768703 0.01446115 0.9998726 0.01460975 -0.03826409 0.9991609 -0.03073364 0.03000199 0.9990773 0.007247328 0.1115679 0.9937305 3.06169e-4 0.1481738 0.9889613 -0.0207076 0.1310089 0.991165 -0.03350538 0.1290758 0.9910686 -0.09752488 0.1814047 0.9785609 -0.2517909 0.1323045 0.9586954 -0.2511707 -0.04326546 0.9669754 0.7991495 0.2427967 0.5499182 0.8108882 0.1817399 0.5562652 0.8068174 0.2868364 0.5164986 0.8362257 0.09677094 0.5397797 0.5926159 0.6417447 0.4867957 0.3007593 0.8345978 0.4615088 0.2480702 0.8487063 0.467075 0.3392083 0.8136483 0.4721379 0.1216912 0.8748443 0.4688697 0.3029435 0.833015 0.4629377 -0.04353994 0.8753035 0.4816102 -0.093975 0.8683992 0.4868794 -0.1603009 0.8608148 0.4830129 -0.4356274 0.7506484 0.4967452 -0.7783248 0.3655954 0.5104416 -0.8597164 -0.07946729 0.5045521 -0.8417588 -0.1623358 0.5148682 -0.8211333 0.2312492 0.5217892 -0.8335335 0.07273524 0.5476601 -0.8474208 0.09774243 0.5218474 -0.8387964 -0.1040596 0.5344084 -0.8169646 -0.2010408 0.5405104 -0.7831373 -0.3204414 0.5329291 -0.6055569 -0.6063734 0.5153759 -0.209952 -0.8509814 0.4814053 0.1376345 -0.8889309 0.4368738 0.2447575 -0.8706714 0.426644 -0.0250042 -0.8984531 0.4383569 0.1125313 -0.886091 0.4496436 0.05562794 -0.8972571 0.4379901 0.2674907 -0.8459964 0.4612361 0.4418704 -0.7519988 0.4891304 0.5360952 -0.670519 0.5128415 0.6407307 -0.5509368 0.5347268 0.7801773 -0.2877092 0.55547 0.8286837 0.06189787 0.5562843 0.5527393 0.1548328 0.8188444 0.57124 0.06591504 0.8181322 0.5642294 0.111518 0.8180521 0.529647 0.1741119 0.8301561 0.3687251 0.4360973 0.8208903 0.2000383 0.6044149 0.7711468 0.199196 0.6177324 0.7607416 0.2285853 0.5993193 0.76718 0.2609844 0.5896909 0.7642983 0.08370608 0.6238105 0.7770803 -0.03935641 0.6165172 0.7863572 -0.07046532 0.6066994 0.7918021 -0.09669673 0.5899904 0.8015991 -0.2604089 0.4700174 0.8433688 -0.4912227 0.165698 0.8551283 -0.5956133 -0.09735441 0.7973499 -0.6072335 -0.08699417 0.7897465 -0.5765171 0.1789886 0.7972397 -0.592443 0.07266575 0.8023285 -0.5815541 0.1099763 0.8060397 -0.575542 -0.03467279 0.8170369 -0.5628806 -0.1209653 0.8176386 -0.5263162 -0.2042382 0.8253957 -0.3795438 -0.386185 0.8407186 -0.09403401 -0.5880385 0.8033482 0.1486686 -0.6641851 0.7326363 0.1928879 -0.6698284 0.7170246 -0.03189742 -0.6837933 0.7289783 0.07529491 -0.6775382 0.7316233 0.01298397 -0.6771115 0.7357659 0.1799682 -0.6180701 0.7652456 0.3170773 -0.5266774 0.788716 0.3823329 -0.4543644 0.8045959 0.4361871 -0.3599604 0.8247239 0.5047923 -0.173535 0.8456184 0.5451996 0.05267196 0.83665 0.3869243 0.1434224 -0.9108895 0.4025168 0.01811379 -0.9152334 0.3801813 0.2491887 -0.8907116 0.4080541 0.3919548 -0.8245384 0.4063611 0.5967484 -0.6919265 0.2479169 0.7393403 -0.6260297 0.1429167 0.7870572 -0.6000965 0.009013116 0.8719114 -0.4895806 -0.1779977 0.8622589 -0.4741589 -0.3222194 0.745279 -0.5837242 -0.4069635 0.6210416 -0.6698418 -0.4817842 0.5297927 -0.6979998 -0.513483 0.3626292 -0.7777116 -0.4307697 0.1347584 -0.8923439 -0.331619 -0.01564997 -0.9432836 -0.2665467 -0.1028916 -0.9583142 -0.2257751 -0.1694498 -0.9593291 -0.1979761 -0.2388009 -0.9506734 -0.1715732 -0.321023 -0.9314006 -0.1317466 -0.4093173 -0.9028301 -0.07393723 -0.4877926 -0.8698229 9.47308e-4 -0.5487856 -0.8359627 0.08905696 -0.5528198 -0.8285284 0.1577969 -0.4628233 -0.8722928 0.1862947 -0.3276967 -0.9262339 0.1911825 -0.2076025 -0.959349 0.1891705 -0.1164767 -0.9750117 0.3113167 -0.1414231 -0.9397242 0.955818 0.2010068 0.2144952 0.9638776 0.2444648 0.1057217 0.9735796 0.2082822 0.09360235 0.7719308 0.5907827 0.2347314 0.947319 0.2226746 0.2302233 0.6206119 0.7476087 0.2364789 0.7722437 0.6253745 0.1120115 0.3507465 0.9285081 0.1218599 0.6205723 0.7766157 0.1084346 -0.0417093 0.9666993 0.2524935 0.3527578 0.8992878 0.2585412 -0.1553997 0.9808583 0.1173372 -0.05366039 0.9916514 0.1172531 -0.1425535 0.9557867 0.2571969 -0.6347603 0.7593868 0.1428682 -0.9425098 0.2275363 0.24475 -0.6121576 0.7329604 0.2967022 -0.9269875 0.2984808 0.2271639 -0.9633036 0.2442446 0.1113137 -0.9584454 0.2625365 0.1116105 -0.9412047 0.3219324 0.102438 -0.9451168 0.22764 0.2343805 -0.9938785 0.004793822 0.1103744 -0.9717072 -0.009385824 0.2360025 -0.9171939 -0.3761261 0.1314713 -0.3071832 -0.9165365 0.256124 -0.8841152 -0.3815165 0.2697882 0.1146736 -0.975625 0.1870985 -0.2668153 -0.9559568 0.1222958 -0.05152893 -0.9795151 0.1946665 0.1088945 -0.9903767 0.08541697 0.02120918 -0.9953179 0.09429967 -0.05339235 -0.9946565 0.08836287 0.03878134 -0.9783831 0.2031317 0.240025 -0.9658137 0.09793901 0.2549944 -0.9436158 0.2111095 0.7089249 -0.6945485 0.1225885 0.9703173 0.03451001 0.2393603 0.7119763 -0.6515316 0.2619092 0.9922435 0.06207102 0.1077039 0.805818 0.1432595 0.574573 0.5882462 0.4786158 0.6518384 0.9197799 0.1714032 0.353024 0.4746677 0.5943036 0.6492257 -0.03927135 0.7330982 0.6789881 0.3814992 0.7381146 0.5564578 -0.1174809 0.7040953 0.7003201 -0.710676 0.1858052 0.6785396 -0.4170856 0.6433894 0.6419422 -0.7029941 0.2776472 0.6547605 -0.803459 0.2928186 0.5183736 -0.7175662 0.001271426 0.6964892 -0.38261 -0.8645324 0.3258734 -0.8341686 -0.4707295 0.2873613 0.07502931 -0.6873647 0.7224267 -0.06591761 -0.8289005 0.555499 -0.01386272 -0.8381677 0.5452367 0.1752204 -0.7079828 0.6841478 0.8378624 -0.01739275 0.5456044 0.7739892 -0.4816819 0.4110029 0.8744181 0.04218399 -0.4833359 0.5837168 0.7243164 0.3669338 -0.1241853 0.6904815 0.7126103 -0.8635266 0.4789512 0.1578847 -0.5157711 -0.5188534 -0.6817414 -0.125606 -0.9920734 -0.003709554 0.9597902 -0.2790368 0.03067904</float_array>
          <technique_common>
            <accessor source="#bag_body-mesh-normals-array" count="311" stride="3">
              <param name="X" type="float"/>
              <param name="Y" type="float"/>
              <param name="Z" type="float"/>
            </accessor>
          </technique_common>
        </source>
        <source id="bag_body-mesh-map-0">
          <float_array id="bag_body-mesh-map-0-array" count="3330">0 0 0.02450031 0.1170799 0 0.1170799 0.05038166 0 0.02450031 0.1170799 0.02504807 0 0.07626962 0 0.04933315 0.1170799 0.05038166 0 0.07626962 0 0.101229 0.1170799 0.07481575 0.1170799 0.1029437 0 0.1287859 0.1170799 0.101229 0.1170799 0.130571 0 0.1575887 0.1170799 0.1287859 0.1170799 0.1592217 0 0.187583 0.1170799 0.1575887 0.1170799 0.2192085 0 0.187583 0.1170799 0.1888362 0 0.25 0 0.2185266 0.1170799 0.2192085 0 0.2807914 0 0.25 0.1170799 0.25 0 0.3111638 0 0.2814733 0.1170799 0.2807914 0 0.3407783 0 0.312417 0.1170799 0.3111638 0 0.3694289 0 0.3424113 0.1170799 0.3407783 0 0.3694289 0 0.398771 0.1170799 0.3712142 0.1170799 0.3970563 0 0.4251842 0.1170799 0.398771 0.1170799 0.4237303 0 0.4506669 0.1170799 0.4251842 0.1170799 0.4496183 0 0.4754996 0.1170799 0.4506669 0.1170799 0.5 0 0.4754996 0.1170799 0.4749519 0 0.5250481 0 0.5 0.1170799 0.5 0 0.5503817 0 0.5245003 0.1170799 0.5250481 0 0.5762696 0 0.5493332 0.1170799 0.5503817 0 0.6029437 0 0.5748158 0.1170799 0.5762696 0 0.6305711 0 0.601229 0.1170799 0.6029437 0 0.6305711 0 0.6575887 0.1170799 0.6287859 0.1170799 0.6592217 0 0.687583 0.1170799 0.6575887 0.1170799 0.6888362 0 0.7185267 0.1170799 0.687583 0.1170799 0.7192085 0 0.75 0.1170799 0.7185267 0.1170799 0.7807915 0 0.75 0.1170799 0.75 0 0.8111638 0 0.7814733 0.1170799 0.7807915 0 0.8407783 0 0.812417 0.1170799 0.8111638 0 0.8694289 0 0.8424113 0.1170799 0.8407783 0 0.8970563 0 0.8712142 0.1170799 0.8694289 0 0.9237303 0 0.898771 0.1170799 0.8970563 0 0.9496183 0 0.9251843 0.1170799 0.9237303 0 0.9496183 0 0.9754997 0.1170799 0.9506669 0.1170799 0.9749519 0 0 0.1170799 0.9754997 0.1170799 0 0.1170799 0.02395194 0.3512398 0 0.3512398 0.04933315 0.1170799 0.02395194 0.3512398 0.02450031 0.1170799 0.07481575 0.1170799 0.04828017 0.3512398 0.04933315 0.1170799 0.07481575 0.1170799 0.09948658 0.3512398 0.07334822 0.3512398 0.101229 0.1170799 0.1269576 0.3512398 0.09948658 0.3512398 0.1287859 0.1170799 0.1559029 0.3512398 0.1269576 0.3512398 0.1575887 0.1170799 0.1862802 0.3512398 0.1559029 0.3512398 0.2185266 0.1170799 0.1862802 0.3512398 0.187583 0.1170799 0.25 0.1170799 0.2178143 0.3512398 0.2185266 0.1170799 0.2814733 0.1170799 0.25 0.3512398 0.25 0.1170799 0.312417 0.1170799 0.2821857 0.3512398 0.2814733 0.1170799 0.3424113 0.1170799 0.3137198 0.3512398 0.312417 0.1170799 0.3712142 0.1170799 0.3440971 0.3512398 0.3424113 0.1170799 0.398771 0.1170799 0.3730424 0.3512398 0.3712142 0.1170799 0.398771 0.1170799 0.4266517 0.3512398 0.4005134 0.3512398 0.4251842 0.1170799 0.4517198 0.3512398 0.4266517 0.3512398 0.4506669 0.1170799 0.476048 0.3512398 0.4517198 0.3512398 0.5 0.1170799 0.476048 0.3512398 0.4754996 0.1170799 0.5245003 0.1170799 0.5 0.3512398 0.5 0.1170799 0.5493332 0.1170799 0.523952 0.3512398 0.5245003 0.1170799 0.5493332 0.1170799 0.5733483 0.3512398 0.5482802 0.3512398 0.601229 0.1170799 0.5733483 0.3512398 0.5748158 0.1170799 0.601229 0.1170799 0.6269577 0.3512398 0.5994866 0.3512398 0.6287859 0.1170799 0.6559029 0.3512398 0.6269577 0.3512398 0.6575887 0.1170799 0.6862803 0.3512398 0.6559029 0.3512398 0.687583 0.1170799 0.7178143 0.3512398 0.6862803 0.3512398 0.7185267 0.1170799 0.75 0.3512398 0.7178143 0.3512398 0.7814733 0.1170799 0.75 0.3512398 0.75 0.1170799 0.812417 0.1170799 0.7821857 0.3512398 0.7814733 0.1170799 0.8424113 0.1170799 0.8137198 0.3512398 0.812417 0.1170799 0.8712142 0.1170799 0.8440971 0.3512398 0.8424113 0.1170799 0.898771 0.1170799 0.8730424 0.3512398 0.8712142 0.1170799 0.9251843 0.1170799 0.9005134 0.3512398 0.898771 0.1170799 0.9506669 0.1170799 0.9266517 0.3512398 0.9251843 0.1170799 0.9506669 0.1170799 0.9760481 0.3512398 0.9517198 0.3512398 0.9754997 0.1170799 0 0.3512398 0.9760481 0.3512398 0 0.3512398 0.02367752 0.2829432 0 0.2829432 0.02395194 0.3512398 0.04775202 0.2829432 0.02367752 0.2829432 0.04828017 0.3512398 0.07260936 0.2829432 0.04775202 0.2829432 0.07334822 0.3512398 0.09860491 0.2829432 0.07260936 0.2829432 0.09948658 0.3512398 0.1260271 0.2829432 0.09860491 0.2829432 0.1269576 0.3512398 0.1550396 0.2829432 0.1260271 0.2829432 0.1559029 0.3512398 0.1856094 0.2829432 0.1550396 0.2829432 0.1862802 0.3512398 0.217446 0.2829432 0.1856094 0.2829432 0.2178143 0.3512398 0.25 0.2829432 0.217446 0.2829432 0.2821857 0.3512398 0.25 0.2829432 0.25 0.3512398 0.3137198 0.3512398 0.2825539 0.2829432 0.2821857 0.3512398 0.3440971 0.3512398 0.3143906 0.2829432 0.3137198 0.3512398 0.3730424 0.3512398 0.3449604 0.2829432 0.3440971 0.3512398 0.4005134 0.3512398 0.3739729 0.2829432 0.3730424 0.3512398 0.4266517 0.3512398 0.401395 0.2829432 0.4005134 0.3512398 0.4517198 0.3512398 0.4273906 0.2829432 0.4266517 0.3512398 0.476048 0.3512398 0.4522479 0.2829432 0.4517198 0.3512398 0.5 0.3512398 0.4763224 0.2829432 0.476048 0.3512398 0.523952 0.3512398 0.5 0.2829432 0.5 0.3512398 0.5482802 0.3512398 0.5236776 0.2829432 0.523952 0.3512398 0.5482802 0.3512398 0.5726094 0.2829432 0.5477521 0.2829432 0.5733483 0.3512398 0.598605 0.2829432 0.5726094 0.2829432 0.5994866 0.3512398 0.6260271 0.2829432 0.598605 0.2829432 0.6269577 0.3512398 0.6550396 0.2829432 0.6260271 0.2829432 0.6559029 0.3512398 0.6856094 0.2829432 0.6550396 0.2829432 0.6862803 0.3512398 0.7174461 0.2829432 0.6856094 0.2829432 0.75 0.3512398 0.7174461 0.2829432 0.7178143 0.3512398 0.7821857 0.3512398 0.75 0.2829432 0.75 0.3512398 0.8137198 0.3512398 0.7825539 0.2829432 0.7821857 0.3512398 0.8440971 0.3512398 0.8143906 0.2829432 0.8137198 0.3512398 0.8730424 0.3512398 0.8449604 0.2829432 0.8440971 0.3512398 0.9005134 0.3512398 0.873973 0.2829432 0.8730424 0.3512398 0.9266517 0.3512398 0.901395 0.2829432 0.9005134 0.3512398 0.9517198 0.3512398 0.9273906 0.2829432 0.9266517 0.3512398 0.9760481 0.3512398 0.9522479 0.2829432 0.9517198 0.3512398 0.9760481 0.3512398 0 0.2829432 0.9763224 0.2829432 0.02367752 0.2829432 0 0.4644171 0 0.2829432 0.04775202 0.2829432 0.02450031 0.4644171 0.02367752 0.2829432 0.04775202 0.2829432 0.07481575 0.4644171 0.04933315 0.4644171 0.09860491 0.2829432 0.07481575 0.4644171 0.07260936 0.2829432 0.1260271 0.2829432 0.101229 0.4644171 0.09860491 0.2829432 0.1550396 0.2829432 0.1287858 0.4644171 0.1260271 0.2829432 0.1856094 0.2829432 0.1575887 0.4644171 0.1550396 0.2829432 0.217446 0.2829432 0.187583 0.4644171 0.1856094 0.2829432 0.217446 0.2829432 0.25 0.4644171 0.2185266 0.4644171 0.25 0.2829432 0.2814733 0.4644171 0.25 0.4644171 0.2825539 0.2829432 0.312417 0.4644171 0.2814733 0.4644171 0.3143906 0.2829432 0.3424113 0.4644171 0.312417 0.4644171 0.3449604 0.2829432 0.3712142 0.4644171 0.3424113 0.4644171 0.3739729 0.2829432 0.398771 0.4644171 0.3712142 0.4644171 0.4273906 0.2829432 0.398771 0.4644171 0.401395 0.2829432 0.4522479 0.2829432 0.4251842 0.4644171 0.4273906 0.2829432 0.4763224 0.2829432 0.4506669 0.4644171 0.4522479 0.2829432 0.4763224 0.2829432 0.5 0.4644171 0.4754996 0.4644171 0.5 0.2829432 0.5245003 0.4644171 0.5 0.4644171 0.5236776 0.2829432 0.5493332 0.4644171 0.5245003 0.4644171 0.5477521 0.2829432 0.5748158 0.4644171 0.5493332 0.4644171 0.5726094 0.2829432 0.601229 0.4644171 0.5748158 0.4644171 0.6260271 0.2829432 0.601229 0.4644171 0.598605 0.2829432 0.6550396 0.2829432 0.6287859 0.4644171 0.6260271 0.2829432 0.6856094 0.2829432 0.6575887 0.4644171 0.6550396 0.2829432 0.7174461 0.2829432 0.687583 0.4644171 0.6856094 0.2829432 0.75 0.2829432 0.7185267 0.4644171 0.7174461 0.2829432 0.75 0.2829432 0.7814733 0.4644171 0.75 0.4644171 0.7825539 0.2829432 0.812417 0.4644171 0.7814733 0.4644171 0.8143906 0.2829432 0.8424113 0.4644171 0.812417 0.4644171 0.8449604 0.2829432 0.8712142 0.4644171 0.8424113 0.4644171 0.873973 0.2829432 0.898771 0.4644171 0.8712142 0.4644171 0.901395 0.2829432 0.9251843 0.4644171 0.898771 0.4644171 0.9273906 0.2829432 0.9506669 0.4644171 0.9251843 0.4644171 0.9763224 0.2829432 0.9506669 0.4644171 0.9522479 0.2829432 0 0.2829432 0.9754997 0.4644171 0.9763224 0.2829432 0.02450031 0.4644171 0 0.5463731 0 0.4644171 0.02450031 0.4644171 0.05142569 0.5463731 0.02559524 0.5463731 0.04933315 0.4644171 0.07770985 0.5463731 0.05142569 0.5463731 0.101229 0.4644171 0.07770985 0.5463731 0.07481575 0.4644171 0.1287858 0.4644171 0.1046309 0.5463731 0.101229 0.4644171 0.1575887 0.4644171 0.1323143 0.5463731 0.1287858 0.4644171 0.187583 0.4644171 0.1608041 0.5463731 0.1575887 0.4644171 0.187583 0.4644171 0.2198619 0.5463731 0.1900424 0.5463731 0.2185266 0.4644171 0.25 0.5463731 0.2198619 0.5463731 0.25 0.4644171 0.2801381 0.5463731 0.25 0.5463731 0.2814733 0.4644171 0.3099576 0.5463731 0.2801381 0.5463731 0.312417 0.4644171 0.3391959 0.5463731 0.3099576 0.5463731 0.3424113 0.4644171 0.3676857 0.5463731 0.3391959 0.5463731 0.3712142 0.4644171 0.3953691 0.5463731 0.3676857 0.5463731 0.4251842 0.4644171 0.3953691 0.5463731 0.398771 0.4644171 0.4506669 0.4644171 0.4222902 0.5463731 0.4251842 0.4644171 0.4754996 0.4644171 0.4485743 0.5463731 0.4506669 0.4644171 0.4754996 0.4644171 0.5 0.5463731 0.4744047 0.5463731 0.5 0.4644171 0.5255953 0.5463731 0.5 0.5463731 0.5245003 0.4644171 0.5514257 0.5463731 0.5255953 0.5463731 0.5493332 0.4644171 0.5777099 0.5463731 0.5514257 0.5463731 0.5748158 0.4644171 0.6046309 0.5463731 0.5777099 0.5463731 0.601229 0.4644171 0.6323143 0.5463731 0.6046309 0.5463731 0.6575887 0.4644171 0.6323143 0.5463731 0.6287859 0.4644171 0.687583 0.4644171 0.6608041 0.5463731 0.6575887 0.4644171 0.7185267 0.4644171 0.6900424 0.5463731 0.687583 0.4644171 0.75 0.4644171 0.7198619 0.5463731 0.7185267 0.4644171 0.75 0.4644171 0.7801381 0.5463731 0.75 0.5463731 0.7814733 0.4644171 0.8099576 0.5463731 0.7801381 0.5463731 0.812417 0.4644171 0.8391959 0.5463731 0.8099576 0.5463731 0.8424113 0.4644171 0.8676857 0.5463731 0.8391959 0.5463731 0.8712142 0.4644171 0.8953691 0.5463731 0.8676857 0.5463731 0.898771 0.4644171 0.9222902 0.5463731 0.8953691 0.5463731 0.9251843 0.4644171 0.9485743 0.5463731 0.9222902 0.5463731 0.9754997 0.4644171 0.9485743 0.5463731 0.9506669 0.4644171 0 0.4644171 0.9744047 0.5463731 0.9754997 0.4644171 0.7192085 0 0.5503817 0 0.5 0 0 0 0.02308541 0.05853992 0 0.05853992 0.02504807 0 0.0475825 0.05853992 0.02308541 0.05853992 0.05038166 0 0.07510828 0.05853992 0.0475825 0.05853992 0.07626962 0 0.107634 0.05853992 0.07510828 0.05853992 0.130571 0 0.107634 0.05853992 0.1029437 0 0.1592217 0 0.1473333 0.05853992 0.130571 0 0.1888362 0 0.1954784 0.05853992 0.1592217 0 0.2192085 0 0.25 0.05853992 0.1888362 0 0.25 0 0.3045216 0.05853992 0.2192085 0 0.2807914 0 0.3526667 0.05853992 0.25 0 0.3111638 0 0.3923659 0.05853992 0.2807914 0 0.3407783 0 0.4248917 0.05853992 0.3111638 0 0.3694289 0 0.4524175 0.05853992 0.3407783 0 0.3970563 0 0.4769146 0.05853992 0.3694289 0 0.4237303 0 0.5 0.05853992 0.3970563 0 0.4496183 0 0.5230854 0.05853992 0.4237303 0 0.4749519 0 0.5475825 0.05853992 0.4496183 0 0.5 0 0.5751083 0.05853992 0.4749519 0 0.5250481 0 0.607634 0.05853992 0.5 0 0.5503817 0 0.6473333 0.05853992 0.5250481 0 0.5762696 0 0.6954784 0.05853992 0.5503817 0 0.6029437 0 0.75 0.05853992 0.5762696 0 0.6305711 0 0.8045216 0.05853992 0.6029437 0 0.6592217 0 0.8526667 0.05853992 0.6305711 0 0.6888362 0 0.892366 0.05853992 0.6592217 0 0.7192085 0 0.9248917 0.05853992 0.6888362 0 0.75 0 0.9524175 0.05853992 0.7192085 0 0 0 0.9769146 0.05853992 0.75 0 0 0.5463731 0.04527884 0.6829664 0 0.6829664 0.09216719 0.5463731 0.04527884 0.6829664 0.04527878 0.5463731 0.1419087 0.5463731 0.09216719 0.6829664 0.09216719 0.5463731 0.1419087 0.5463731 0.1948592 0.6829664 0.1419087 0.6829664 0.25 0.5463731 0.1948592 0.6829664 0.1948592 0.5463731 0.25 0.5463731 0.3051408 0.6829664 0.25 0.6829664 0.3051408 0.5463731 0.3580913 0.6829664 0.3051408 0.6829664 0.4078328 0.5463731 0.3580913 0.6829664 0.3580913 0.5463731 0.4547212 0.5463731 0.4078328 0.6829664 0.4078328 0.5463731 0.4547212 0.5463731 0.5 0.6829664 0.4547212 0.6829664 0.5 0.5463731 0.5452789 0.6829664 0.5 0.6829664 0.5452789 0.5463731 0.5921672 0.6829664 0.5452789 0.6829664 0.6419087 0.5463731 0.5921672 0.6829664 0.5921673 0.5463731 0.6948592 0.5463731 0.6419087 0.6829664 0.6419087 0.5463731 0.75 0.5463731 0.6948592 0.6829664 0.6948592 0.5463731 0.75 0.5463731 0.8051408 0.6829664 0.75 0.6829664 0.8051408 0.5463731 0.8580914 0.6829664 0.8051408 0.6829664 0.8580914 0.5463731 0.9078328 0.6829664 0.8580914 0.6829664 0.9547212 0.5463731 0.9078328 0.6829664 0.9078328 0.5463731 0 0.5463731 0.9547212 0.6829664 0.9547212 0.5463731 0.04527884 0.6829664 0 0.8195596 0 0.6829664 0.04527884 0.6829664 0.09216719 0.8195596 0.04527884 0.8195596 0.09216719 0.6829664 0.1419087 0.8195596 0.09216719 0.8195596 0.1948592 0.6829664 0.1419087 0.8195596 0.1419087 0.6829664 0.1948592 0.6829664 0.25 0.8195596 0.1948592 0.8195596 0.3051408 0.6829664 0.25 0.8195596 0.25 0.6829664 0.3580913 0.6829664 0.3051408 0.8195596 0.3051408 0.6829664 0.3580913 0.6829664 0.4078328 0.8195596 0.3580913 0.8195596 0.4078328 0.6829664 0.4547212 0.8195596 0.4078328 0.8195596 0.5 0.6829664 0.4547212 0.8195596 0.4547212 0.6829664 0.5452789 0.6829664 0.5 0.8195596 0.5 0.6829664 0.5921672 0.6829664 0.5452789 0.8195596 0.5452789 0.6829664 0.5921672 0.6829664 0.6419087 0.8195596 0.5921672 0.8195596 0.6419087 0.6829664 0.6948592 0.8195596 0.6419087 0.8195596 0.6948592 0.6829664 0.75 0.8195596 0.6948592 0.8195596 0.8051408 0.6829664 0.75 0.8195596 0.75 0.6829664 0.8580914 0.6829664 0.8051408 0.8195596 0.8051408 0.6829664 0.9078328 0.6829664 0.8580914 0.8195596 0.8580914 0.6829664 0.9078328 0.6829664 0.9547212 0.8195596 0.9078328 0.8195596 0.9547212 0.6829664 0 0.8195596 0.9547212 0.8195596 0.5452789 0.8195596 0.5921672 0.8195596 0.6948592 0.8195596 0 0.8195596 0.04527884 0.8195596 0.06496673 1 0.1419087 0.8195596 0.1948592 0.8195596 0.2610943 0.9359806 0.3051408 0.8195596 0.3580913 0.8195596 0.361499 0.9043251 0.4547212 0.8195596 0.5 0.8195596 0.5309163 0.940254 0.5921672 0.8195596 0.6419087 0.8195596 0.6021513 0.9750819 0.75 0.8195596 0.8051408 0.8195596 0.725111 0.9783876 0.9078328 0.8195596 0.9547212 0.8195596 0.8334759 0.9850661 0 0 0.02504807 0 0.02450031 0.1170799 0.05038166 0 0.04933315 0.1170799 0.02450031 0.1170799 0.07626962 0 0.07481575 0.1170799 0.04933315 0.1170799 0.07626962 0 0.1029437 0 0.101229 0.1170799 0.1029437 0 0.130571 0 0.1287859 0.1170799 0.130571 0 0.1592217 0 0.1575887 0.1170799 0.1592217 0 0.1888362 0 0.187583 0.1170799 0.2192085 0 0.2185266 0.1170799 0.187583 0.1170799 0.25 0 0.25 0.1170799 0.2185266 0.1170799 0.2807914 0 0.2814733 0.1170799 0.25 0.1170799 0.3111638 0 0.312417 0.1170799 0.2814733 0.1170799 0.3407783 0 0.3424113 0.1170799 0.312417 0.1170799 0.3694289 0 0.3712142 0.1170799 0.3424113 0.1170799 0.3694289 0 0.3970563 0 0.398771 0.1170799 0.3970563 0 0.4237303 0 0.4251842 0.1170799 0.4237303 0 0.4496183 0 0.4506669 0.1170799 0.4496183 0 0.4749519 0 0.4754996 0.1170799 0.5 0 0.5 0.1170799 0.4754996 0.1170799 0.5250481 0 0.5245003 0.1170799 0.5 0.1170799 0.5503817 0 0.5493332 0.1170799 0.5245003 0.1170799 0.5762696 0 0.5748158 0.1170799 0.5493332 0.1170799 0.6029437 0 0.601229 0.1170799 0.5748158 0.1170799 0.6305711 0 0.6287859 0.1170799 0.601229 0.1170799 0.6305711 0 0.6592217 0 0.6575887 0.1170799 0.6592217 0 0.6888362 0 0.687583 0.1170799 0.6888362 0 0.7192085 0 0.7185267 0.1170799 0.7192085 0 0.75 0 0.75 0.1170799 0.7807915 0 0.7814733 0.1170799 0.75 0.1170799 0.8111638 0 0.812417 0.1170799 0.7814733 0.1170799 0.8407783 0 0.8424113 0.1170799 0.812417 0.1170799 0.8694289 0 0.8712142 0.1170799 0.8424113 0.1170799 0.8970563 0 0.898771 0.1170799 0.8712142 0.1170799 0.9237303 0 0.9251843 0.1170799 0.898771 0.1170799 0.9496183 0 0.9506669 0.1170799 0.9251843 0.1170799 0.9496183 0 0.9749519 0 0.9754997 0.1170799 0.9749519 0 0 0 0 0.1170799 0 0.1170799 0.02450031 0.1170799 0.02395194 0.3512398 0.04933315 0.1170799 0.04828017 0.3512398 0.02395194 0.3512398 0.07481575 0.1170799 0.07334822 0.3512398 0.04828017 0.3512398 0.07481575 0.1170799 0.101229 0.1170799 0.09948658 0.3512398 0.101229 0.1170799 0.1287859 0.1170799 0.1269576 0.3512398 0.1287859 0.1170799 0.1575887 0.1170799 0.1559029 0.3512398 0.1575887 0.1170799 0.187583 0.1170799 0.1862802 0.3512398 0.2185266 0.1170799 0.2178143 0.3512398 0.1862802 0.3512398 0.25 0.1170799 0.25 0.3512398 0.2178143 0.3512398 0.2814733 0.1170799 0.2821857 0.3512398 0.25 0.3512398 0.312417 0.1170799 0.3137198 0.3512398 0.2821857 0.3512398 0.3424113 0.1170799 0.3440971 0.3512398 0.3137198 0.3512398 0.3712142 0.1170799 0.3730424 0.3512398 0.3440971 0.3512398 0.398771 0.1170799 0.4005134 0.3512398 0.3730424 0.3512398 0.398771 0.1170799 0.4251842 0.1170799 0.4266517 0.3512398 0.4251842 0.1170799 0.4506669 0.1170799 0.4517198 0.3512398 0.4506669 0.1170799 0.4754996 0.1170799 0.476048 0.3512398 0.5 0.1170799 0.5 0.3512398 0.476048 0.3512398 0.5245003 0.1170799 0.523952 0.3512398 0.5 0.3512398 0.5493332 0.1170799 0.5482802 0.3512398 0.523952 0.3512398 0.5493332 0.1170799 0.5748158 0.1170799 0.5733483 0.3512398 0.601229 0.1170799 0.5994866 0.3512398 0.5733483 0.3512398 0.601229 0.1170799 0.6287859 0.1170799 0.6269577 0.3512398 0.6287859 0.1170799 0.6575887 0.1170799 0.6559029 0.3512398 0.6575887 0.1170799 0.687583 0.1170799 0.6862803 0.3512398 0.687583 0.1170799 0.7185267 0.1170799 0.7178143 0.3512398 0.7185267 0.1170799 0.75 0.1170799 0.75 0.3512398 0.7814733 0.1170799 0.7821857 0.3512398 0.75 0.3512398 0.812417 0.1170799 0.8137198 0.3512398 0.7821857 0.3512398 0.8424113 0.1170799 0.8440971 0.3512398 0.8137198 0.3512398 0.8712142 0.1170799 0.8730424 0.3512398 0.8440971 0.3512398 0.898771 0.1170799 0.9005134 0.3512398 0.8730424 0.3512398 0.9251843 0.1170799 0.9266517 0.3512398 0.9005134 0.3512398 0.9506669 0.1170799 0.9517198 0.3512398 0.9266517 0.3512398 0.9506669 0.1170799 0.9754997 0.1170799 0.9760481 0.3512398 0.9754997 0.1170799 0 0.1170799 0 0.3512398 0 0.3512398 0.02395194 0.3512398 0.02367752 0.2829432 0.02395194 0.3512398 0.04828017 0.3512398 0.04775202 0.2829432 0.04828017 0.3512398 0.07334822 0.3512398 0.07260936 0.2829432 0.07334822 0.3512398 0.09948658 0.3512398 0.09860491 0.2829432 0.09948658 0.3512398 0.1269576 0.3512398 0.1260271 0.2829432 0.1269576 0.3512398 0.1559029 0.3512398 0.1550396 0.2829432 0.1559029 0.3512398 0.1862802 0.3512398 0.1856094 0.2829432 0.1862802 0.3512398 0.2178143 0.3512398 0.217446 0.2829432 0.2178143 0.3512398 0.25 0.3512398 0.25 0.2829432 0.2821857 0.3512398 0.2825539 0.2829432 0.25 0.2829432 0.3137198 0.3512398 0.3143906 0.2829432 0.2825539 0.2829432 0.3440971 0.3512398 0.3449604 0.2829432 0.3143906 0.2829432 0.3730424 0.3512398 0.3739729 0.2829432 0.3449604 0.2829432 0.4005134 0.3512398 0.401395 0.2829432 0.3739729 0.2829432 0.4266517 0.3512398 0.4273906 0.2829432 0.401395 0.2829432 0.4517198 0.3512398 0.4522479 0.2829432 0.4273906 0.2829432 0.476048 0.3512398 0.4763224 0.2829432 0.4522479 0.2829432 0.5 0.3512398 0.5 0.2829432 0.4763224 0.2829432 0.523952 0.3512398 0.5236776 0.2829432 0.5 0.2829432 0.5482802 0.3512398 0.5477521 0.2829432 0.5236776 0.2829432 0.5482802 0.3512398 0.5733483 0.3512398 0.5726094 0.2829432 0.5733483 0.3512398 0.5994866 0.3512398 0.598605 0.2829432 0.5994866 0.3512398 0.6269577 0.3512398 0.6260271 0.2829432 0.6269577 0.3512398 0.6559029 0.3512398 0.6550396 0.2829432 0.6559029 0.3512398 0.6862803 0.3512398 0.6856094 0.2829432 0.6862803 0.3512398 0.7178143 0.3512398 0.7174461 0.2829432 0.75 0.3512398 0.75 0.2829432 0.7174461 0.2829432 0.7821857 0.3512398 0.7825539 0.2829432 0.75 0.2829432 0.8137198 0.3512398 0.8143906 0.2829432 0.7825539 0.2829432 0.8440971 0.3512398 0.8449604 0.2829432 0.8143906 0.2829432 0.8730424 0.3512398 0.873973 0.2829432 0.8449604 0.2829432 0.9005134 0.3512398 0.901395 0.2829432 0.873973 0.2829432 0.9266517 0.3512398 0.9273906 0.2829432 0.901395 0.2829432 0.9517198 0.3512398 0.9522479 0.2829432 0.9273906 0.2829432 0.9760481 0.3512398 0.9763224 0.2829432 0.9522479 0.2829432 0.9760481 0.3512398 0 0.3512398 0 0.2829432 0.02367752 0.2829432 0.02450031 0.4644171 0 0.4644171 0.04775202 0.2829432 0.04933315 0.4644171 0.02450031 0.4644171 0.04775202 0.2829432 0.07260936 0.2829432 0.07481575 0.4644171 0.09860491 0.2829432 0.101229 0.4644171 0.07481575 0.4644171 0.1260271 0.2829432 0.1287858 0.4644171 0.101229 0.4644171 0.1550396 0.2829432 0.1575887 0.4644171 0.1287858 0.4644171 0.1856094 0.2829432 0.187583 0.4644171 0.1575887 0.4644171 0.217446 0.2829432 0.2185266 0.4644171 0.187583 0.4644171 0.217446 0.2829432 0.25 0.2829432 0.25 0.4644171 0.25 0.2829432 0.2825539 0.2829432 0.2814733 0.4644171 0.2825539 0.2829432 0.3143906 0.2829432 0.312417 0.4644171 0.3143906 0.2829432 0.3449604 0.2829432 0.3424113 0.4644171 0.3449604 0.2829432 0.3739729 0.2829432 0.3712142 0.4644171 0.3739729 0.2829432 0.401395 0.2829432 0.398771 0.4644171 0.4273906 0.2829432 0.4251842 0.4644171 0.398771 0.4644171 0.4522479 0.2829432 0.4506669 0.4644171 0.4251842 0.4644171 0.4763224 0.2829432 0.4754996 0.4644171 0.4506669 0.4644171 0.4763224 0.2829432 0.5 0.2829432 0.5 0.4644171 0.5 0.2829432 0.5236776 0.2829432 0.5245003 0.4644171 0.5236776 0.2829432 0.5477521 0.2829432 0.5493332 0.4644171 0.5477521 0.2829432 0.5726094 0.2829432 0.5748158 0.4644171 0.5726094 0.2829432 0.598605 0.2829432 0.601229 0.4644171 0.6260271 0.2829432 0.6287859 0.4644171 0.601229 0.4644171 0.6550396 0.2829432 0.6575887 0.4644171 0.6287859 0.4644171 0.6856094 0.2829432 0.687583 0.4644171 0.6575887 0.4644171 0.7174461 0.2829432 0.7185267 0.4644171 0.687583 0.4644171 0.75 0.2829432 0.75 0.4644171 0.7185267 0.4644171 0.75 0.2829432 0.7825539 0.2829432 0.7814733 0.4644171 0.7825539 0.2829432 0.8143906 0.2829432 0.812417 0.4644171 0.8143906 0.2829432 0.8449604 0.2829432 0.8424113 0.4644171 0.8449604 0.2829432 0.873973 0.2829432 0.8712142 0.4644171 0.873973 0.2829432 0.901395 0.2829432 0.898771 0.4644171 0.901395 0.2829432 0.9273906 0.2829432 0.9251843 0.4644171 0.9273906 0.2829432 0.9522479 0.2829432 0.9506669 0.4644171 0.9763224 0.2829432 0.9754997 0.4644171 0.9506669 0.4644171 0 0.2829432 0 0.4644171 0.9754997 0.4644171 0.02450031 0.4644171 0.02559524 0.5463731 0 0.5463731 0.02450031 0.4644171 0.04933315 0.4644171 0.05142569 0.5463731 0.04933315 0.4644171 0.07481575 0.4644171 0.07770985 0.5463731 0.101229 0.4644171 0.1046309 0.5463731 0.07770985 0.5463731 0.1287858 0.4644171 0.1323143 0.5463731 0.1046309 0.5463731 0.1575887 0.4644171 0.1608041 0.5463731 0.1323143 0.5463731 0.187583 0.4644171 0.1900424 0.5463731 0.1608041 0.5463731 0.187583 0.4644171 0.2185266 0.4644171 0.2198619 0.5463731 0.2185266 0.4644171 0.25 0.4644171 0.25 0.5463731 0.25 0.4644171 0.2814733 0.4644171 0.2801381 0.5463731 0.2814733 0.4644171 0.312417 0.4644171 0.3099576 0.5463731 0.312417 0.4644171 0.3424113 0.4644171 0.3391959 0.5463731 0.3424113 0.4644171 0.3712142 0.4644171 0.3676857 0.5463731 0.3712142 0.4644171 0.398771 0.4644171 0.3953691 0.5463731 0.4251842 0.4644171 0.4222902 0.5463731 0.3953691 0.5463731 0.4506669 0.4644171 0.4485743 0.5463731 0.4222902 0.5463731 0.4754996 0.4644171 0.4744047 0.5463731 0.4485743 0.5463731 0.4754996 0.4644171 0.5 0.4644171 0.5 0.5463731 0.5 0.4644171 0.5245003 0.4644171 0.5255953 0.5463731 0.5245003 0.4644171 0.5493332 0.4644171 0.5514257 0.5463731 0.5493332 0.4644171 0.5748158 0.4644171 0.5777099 0.5463731 0.5748158 0.4644171 0.601229 0.4644171 0.6046309 0.5463731 0.601229 0.4644171 0.6287859 0.4644171 0.6323143 0.5463731 0.6575887 0.4644171 0.6608041 0.5463731 0.6323143 0.5463731 0.687583 0.4644171 0.6900424 0.5463731 0.6608041 0.5463731 0.7185267 0.4644171 0.7198619 0.5463731 0.6900424 0.5463731 0.75 0.4644171 0.75 0.5463731 0.7198619 0.5463731 0.75 0.4644171 0.7814733 0.4644171 0.7801381 0.5463731 0.7814733 0.4644171 0.812417 0.4644171 0.8099576 0.5463731 0.812417 0.4644171 0.8424113 0.4644171 0.8391959 0.5463731 0.8424113 0.4644171 0.8712142 0.4644171 0.8676857 0.5463731 0.8712142 0.4644171 0.898771 0.4644171 0.8953691 0.5463731 0.898771 0.4644171 0.9251843 0.4644171 0.9222902 0.5463731 0.9251843 0.4644171 0.9506669 0.4644171 0.9485743 0.5463731 0.9754997 0.4644171 0.9744047 0.5463731 0.9485743 0.5463731 0 0.4644171 0 0.5463731 0.9744047 0.5463731 0 0 0.9749519 0 0.9237303 0 0.9749519 0 0.9496183 0 0.9237303 0 0.9237303 0 0.8970563 0 0 0 0.8970563 0 0.8694289 0 0 0 0.8694289 0 0.8407783 0 0.8111638 0 0.02504807 0 0.8694289 0 0.8111638 0 0.8111638 0 0.7807915 0 0.02504807 0 0.7807915 0 0.75 0 0.1592217 0 0.02504807 0 0.7807915 0 0.1592217 0 0.8694289 0 0.02504807 0 0 0 0.07626962 0 0.05038166 0 0.130571 0 0.05038166 0 0.02504807 0 0.1592217 0 0.130571 0 0.1029437 0 0.07626962 0 0.1592217 0 0.130571 0 0.05038166 0 0.25 0 0.2192085 0 0.2807914 0 0.2192085 0 0.1888362 0 0.4749519 0 0.1888362 0 0.1592217 0 0.75 0 0.7192085 0 0.6888362 0 0.5762696 0 0.6888362 0 0.6592217 0 0.6029437 0 0.6029437 0 0.6592217 0 0.6305711 0 0.75 0 0.7192085 0 0.5 0 0.1888362 0 0.75 0 0.4749519 0 0.2192085 0 0.4749519 0 0.2807914 0 0.4749519 0 0.75 0 0.5 0 0.3111638 0 0.2807914 0 0.4496183 0 0.3694289 0 0.3407783 0 0.4237303 0 0.3407783 0 0.3111638 0 0.4496183 0 0.4237303 0 0.3970563 0 0.3694289 0 0.4496183 0 0.4237303 0 0.3407783 0 0.2807914 0 0.4749519 0 0.4496183 0 0.6029437 0 0.5762696 0 0.6888362 0 0.5762696 0 0.5503817 0 0.7192085 0 0.5503817 0 0.5250481 0 0.5 0 0 0 0.02504807 0 0.02308541 0.05853992 0.02504807 0 0.05038166 0 0.0475825 0.05853992 0.05038166 0 0.07626962 0 0.07510828 0.05853992 0.07626962 0 0.1029437 0 0.107634 0.05853992 0.130571 0 0.1473333 0.05853992 0.107634 0.05853992 0.1592217 0 0.1954784 0.05853992 0.1473333 0.05853992 0.1888362 0 0.25 0.05853992 0.1954784 0.05853992 0.2192085 0 0.3045216 0.05853992 0.25 0.05853992 0.25 0 0.3526667 0.05853992 0.3045216 0.05853992 0.2807914 0 0.3923659 0.05853992 0.3526667 0.05853992 0.3111638 0 0.4248917 0.05853992 0.3923659 0.05853992 0.3407783 0 0.4524175 0.05853992 0.4248917 0.05853992 0.3694289 0 0.4769146 0.05853992 0.4524175 0.05853992 0.3970563 0 0.5 0.05853992 0.4769146 0.05853992 0.4237303 0 0.5230854 0.05853992 0.5 0.05853992 0.4496183 0 0.5475825 0.05853992 0.5230854 0.05853992 0.4749519 0 0.5751083 0.05853992 0.5475825 0.05853992 0.5 0 0.607634 0.05853992 0.5751083 0.05853992 0.5250481 0 0.6473333 0.05853992 0.607634 0.05853992 0.5503817 0 0.6954784 0.05853992 0.6473333 0.05853992 0.5762696 0 0.75 0.05853992 0.6954784 0.05853992 0.6029437 0 0.8045216 0.05853992 0.75 0.05853992 0.6305711 0 0.8526667 0.05853992 0.8045216 0.05853992 0.6592217 0 0.892366 0.05853992 0.8526667 0.05853992 0.6888362 0 0.9248917 0.05853992 0.892366 0.05853992 0.7192085 0 0.9524175 0.05853992 0.9248917 0.05853992 0.75 0 0.9769146 0.05853992 0.9524175 0.05853992 0 0 0 0.05853992 0.9769146 0.05853992 0 0.5463731 0.04527878 0.5463731 0.04527884 0.6829664 0.09216719 0.5463731 0.09216719 0.6829664 0.04527884 0.6829664 0.1419087 0.5463731 0.1419087 0.6829664 0.09216719 0.6829664 0.1419087 0.5463731 0.1948592 0.5463731 0.1948592 0.6829664 0.25 0.5463731 0.25 0.6829664 0.1948592 0.6829664 0.25 0.5463731 0.3051408 0.5463731 0.3051408 0.6829664 0.3051408 0.5463731 0.3580913 0.5463731 0.3580913 0.6829664 0.4078328 0.5463731 0.4078328 0.6829664 0.3580913 0.6829664 0.4547212 0.5463731 0.4547212 0.6829664 0.4078328 0.6829664 0.4547212 0.5463731 0.5 0.5463731 0.5 0.6829664 0.5 0.5463731 0.5452789 0.5463731 0.5452789 0.6829664 0.5452789 0.5463731 0.5921673 0.5463731 0.5921672 0.6829664 0.6419087 0.5463731 0.6419087 0.6829664 0.5921672 0.6829664 0.6948592 0.5463731 0.6948592 0.6829664 0.6419087 0.6829664 0.75 0.5463731 0.75 0.6829664 0.6948592 0.6829664 0.75 0.5463731 0.8051408 0.5463731 0.8051408 0.6829664 0.8051408 0.5463731 0.8580914 0.5463731 0.8580914 0.6829664 0.8580914 0.5463731 0.9078328 0.5463731 0.9078328 0.6829664 0.9547212 0.5463731 0.9547212 0.6829664 0.9078328 0.6829664 0 0.5463731 0 0.6829664 0.9547212 0.6829664 0.04527884 0.6829664 0.04527884 0.8195596 0 0.8195596 0.04527884 0.6829664 0.09216719 0.6829664 0.09216719 0.8195596 0.09216719 0.6829664 0.1419087 0.6829664 0.1419087 0.8195596 0.1948592 0.6829664 0.1948592 0.8195596 0.1419087 0.8195596 0.1948592 0.6829664 0.25 0.6829664 0.25 0.8195596 0.3051408 0.6829664 0.3051408 0.8195596 0.25 0.8195596 0.3580913 0.6829664 0.3580913 0.8195596 0.3051408 0.8195596 0.3580913 0.6829664 0.4078328 0.6829664 0.4078328 0.8195596 0.4078328 0.6829664 0.4547212 0.6829664 0.4547212 0.8195596 0.5 0.6829664 0.5 0.8195596 0.4547212 0.8195596 0.5452789 0.6829664 0.5452789 0.8195596 0.5 0.8195596 0.5921672 0.6829664 0.5921672 0.8195596 0.5452789 0.8195596 0.5921672 0.6829664 0.6419087 0.6829664 0.6419087 0.8195596 0.6419087 0.6829664 0.6948592 0.6829664 0.6948592 0.8195596 0.6948592 0.6829664 0.75 0.6829664 0.75 0.8195596 0.8051408 0.6829664 0.8051408 0.8195596 0.75 0.8195596 0.8580914 0.6829664 0.8580914 0.8195596 0.8051408 0.8195596 0.9078328 0.6829664 0.9078328 0.8195596 0.8580914 0.8195596 0.9078328 0.6829664 0.9547212 0.6829664 0.9547212 0.8195596 0.9547212 0.6829664 0 0.6829664 0 0.8195596 0 0.8195596 0.04527884 0.8195596 0.1419087 0.8195596 0.04527884 0.8195596 0.09216719 0.8195596 0.1419087 0.8195596 0.1419087 0.8195596 0.1948592 0.8195596 0.25 0.8195596 0.9078328 0.8195596 0.9547212 0.8195596 0.8580914 0.8195596 0.9547212 0.8195596 0 0.8195596 0.8580914 0.8195596 0.8051408 0.8195596 0.8580914 0.8195596 0 0.8195596 0.75 0.8195596 0.8051408 0.8195596 0 0.8195596 0 0.8195596 0.1419087 0.8195596 0.75 0.8195596 0.1419087 0.8195596 0.25 0.8195596 0.4547212 0.8195596 0.25 0.8195596 0.3051408 0.8195596 0.4547212 0.8195596 0.3051408 0.8195596 0.3580913 0.8195596 0.4078328 0.8195596 0.4547212 0.8195596 0.5 0.8195596 0.5452789 0.8195596 0.3051408 0.8195596 0.4078328 0.8195596 0.4547212 0.8195596 0.75 0.8195596 0.1419087 0.8195596 0.4547212 0.8195596 0.6948592 0.8195596 0.75 0.8195596 0.4547212 0.8195596 0.5921672 0.8195596 0.6419087 0.8195596 0.6948592 0.8195596 0.4547212 0.8195596 0.5452789 0.8195596 0.6948592 0.8195596</float_array>
          <technique_common>
            <accessor source="#bag_body-mesh-map-0-array" count="1665" stride="2">
              <param name="S" type="float"/>
              <param name="T" type="float"/>
            </accessor>
          </technique_common>
        </source>
        <vertices id="bag_body-mesh-vertices">
          <input semantic="POSITION" source="#bag_body-mesh-positions"/>
        </vertices>
        <triangles material="paper-material" count="555">
          <input semantic="VERTEX" source="#bag_body-mesh-vertices" offset="0"/>
          <input semantic="NORMAL" source="#bag_body-mesh-normals" offset="1"/>
          <input semantic="TEXCOORD" source="#bag_body-mesh-map-0" offset="2" set="0"/>
          <p>0 0 0 37 1 1 36 2 2 2 3 3 37 1 4 1 4 5 3 5 6 38 6 7 2 3 8 3 5 9 40 7 10 39 8 11 4 9 12 41 10 13 40 7 14 5 11 15 42 12 16 41 10 17 6 13 18 43 14 19 42 12 20 8 15 21 43 14 22 7 16 23 9 17 24 44 18 25 8 15 26 10 19 27 45 20 28 9 17 29 11 21 30 46 22 31 10 19 32 12 23 33 47 24 34 11 21 35 13 25 36 48 26 37 12 23 38 13 25 39 50 27 40 49 28 41 14 29 42 51 30 43 50 27 44 15 31 45 52 32 46 51 30 47 16 33 48 53 34 49 52 32 50 18 35 51 53 34 52 17 36 53 19 37 54 54 38 55 18 35 56 20 39 57 55 40 58 19 37 59 21 41 60 56 42 61 20 39 62 22 43 63 57 44 64 21 41 65 23 45 66 58 46 67 22 43 68 23 45 69 60 47 70 59 48 71 24 49 72 61 50 73 60 47 74 25 51 75 62 52 76 61 50 77 26 53 78 63 54 79 62 52 80 28 55 81 63 54 82 27 56 83 29 57 84 64 58 85 28 55 86 30 59 87 65 60 88 29 57 89 31 61 90 66 62 91 30 59 92 32 63 93 67 64 94 31 61 95 33 65 96 68 66 97 32 63 98 34 67 99 69 68 100 33 65 101 34 67 102 71 69 103 70 70 104 35 71 105 36 2 106 71 69 107 36 2 108 73 72 109 72 73 110 38 6 111 73 72 112 37 1 113 39 8 114 74 74 115 38 6 116 39 8 117 76 75 118 75 76 119 40 7 120 77 77 121 76 75 122 41 10 123 78 78 124 77 77 125 42 12 126 79 79 127 78 78 128 44 18 129 79 79 130 43 14 131 45 20 132 80 80 133 44 18 134 46 22 135 81 81 136 45 20 137 47 24 138 82 82 139 46 22 140 48 26 141 83 83 142 47 24 143 49 28 144 84 84 145 48 26 146 50 27 147 85 85 148 49 28 149 50 27 150 87 86 151 86 87 152 51 30 153 88 88 154 87 86 155 52 32 156 89 89 157 88 88 158 54 38 159 89 89 160 53 34 161 55 40 162 90 90 163 54 38 164 56 42 165 91 91 166 55 40 167 56 42 168 93 92 169 92 93 170 58 46 171 93 92 172 57 44 173 58 46 174 95 94 175 94 95 176 59 48 177 96 96 178 95 94 179 60 47 180 97 97 181 96 96 182 61 50 183 98 98 184 97 97 185 62 52 186 99 99 187 98 98 188 64 58 189 99 99 190 63 54 191 65 60 192 100 100 193 64 58 194 66 62 195 101 101 196 65 60 197 67 64 198 102 102 199 66 62 200 68 66 201 103 103 202 67 64 203 69 68 204 104 104 205 68 66 206 70 70 207 105 105 208 69 68 209 70 70 210 107 106 211 106 107 212 71 69 213 72 73 214 107 106 215 72 73 216 109 108 217 108 109 218 73 72 219 110 110 220 109 108 221 74 74 222 111 111 223 110 110 224 75 76 225 112 112 226 111 111 227 76 75 228 113 113 229 112 112 230 77 77 231 114 114 232 113 113 233 78 78 234 115 115 235 114 114 236 79 79 237 116 116 238 115 115 239 80 80 240 117 117 241 116 116 242 82 82 243 117 117 244 81 81 245 83 83 246 118 118 247 82 82 248 84 84 249 119 119 250 83 83 251 85 85 252 120 120 253 84 84 254 86 87 255 121 121 256 85 85 257 87 86 258 122 122 259 86 87 260 88 88 261 123 123 262 87 86 263 89 89 264 124 124 265 88 88 266 90 90 267 125 125 268 89 89 269 91 91 270 126 126 271 90 90 272 92 93 273 127 127 274 91 91 275 92 93 276 129 128 277 128 129 278 93 92 279 130 130 280 129 128 281 94 95 282 131 131 283 130 130 284 95 94 285 132 132 286 131 131 287 96 96 288 133 133 289 132 132 290 97 97 291 134 134 292 133 133 293 99 99 294 134 134 295 98 98 296 100 100 297 135 135 298 99 99 299 101 101 300 136 136 301 100 100 302 102 102 303 137 137 304 101 101 305 103 103 306 138 138 307 102 102 308 104 104 309 139 139 310 103 103 311 105 105 312 140 140 313 104 104 314 106 107 315 141 141 316 105 105 317 107 106 318 142 142 319 106 107 320 107 106 321 108 109 322 143 143 323 109 108 324 144 144 325 108 109 326 110 110 327 145 145 328 109 108 329 110 110 330 147 146 331 146 147 332 112 112 333 147 146 334 111 111 335 113 113 336 148 148 337 112 112 338 114 114 339 149 149 340 113 113 341 115 115 342 150 150 343 114 114 344 116 116 345 151 151 346 115 115 347 116 116 348 153 152 349 152 153 350 117 117 351 154 154 352 153 152 353 118 118 354 155 155 355 154 154 356 119 119 357 156 156 358 155 155 359 120 120 360 157 157 361 156 156 362 121 121 363 158 158 364 157 157 365 123 123 366 158 158 367 122 122 368 124 124 369 159 159 370 123 123 371 125 125 372 160 160 373 124 124 374 125 125 375 162 161 376 161 162 377 126 126 378 163 163 379 162 161 380 127 127 381 164 164 382 163 163 383 128 129 384 165 165 385 164 164 386 129 128 387 166 166 388 165 165 389 131 131 390 166 166 391 130 130 392 132 132 393 167 167 394 131 131 395 133 133 396 168 168 397 132 132 398 134 134 399 169 169 400 133 133 401 135 135 402 170 170 403 134 134 404 135 135 405 172 171 406 171 172 407 136 136 408 173 173 409 172 171 410 137 137 411 174 174 412 173 173 413 138 138 414 175 175 415 174 174 416 139 139 417 176 176 418 175 175 419 140 140 420 177 177 421 176 176 422 141 141 423 178 178 424 177 177 425 143 143 426 178 178 427 142 142 428 108 109 429 179 179 430 143 143 431 145 145 432 180 180 433 144 144 434 145 145 435 182 181 436 181 182 437 146 147 438 183 183 439 182 181 440 148 148 441 183 183 442 147 146 443 149 149 444 184 184 445 148 148 446 150 150 447 185 185 448 149 149 449 151 151 450 186 186 451 150 150 452 151 151 453 188 187 454 187 188 455 152 153 456 189 189 457 188 187 458 153 152 459 190 190 460 189 189 461 154 154 462 191 191 463 190 190 464 155 155 465 192 192 466 191 191 467 156 156 468 193 193 469 192 192 470 157 157 471 194 194 472 193 193 473 159 159 474 194 194 475 158 158 476 160 160 477 195 195 478 159 159 479 161 162 480 196 196 481 160 160 482 161 162 483 198 197 484 197 198 485 162 161 486 199 199 487 198 197 488 163 163 489 200 200 490 199 199 491 164 164 492 201 201 493 200 200 494 165 165 495 202 202 496 201 201 497 166 166 498 203 203 499 202 202 500 168 168 501 203 203 502 167 167 503 169 169 504 204 204 505 168 168 506 170 170 507 205 205 508 169 169 509 171 172 510 206 206 511 170 170 512 171 172 513 208 207 514 207 208 515 172 171 516 209 209 517 208 207 518 173 173 519 210 210 520 209 209 521 174 174 522 211 211 523 210 210 524 175 175 525 212 212 526 211 211 527 176 176 528 213 213 529 212 212 530 177 177 531 214 214 532 213 213 533 179 179 534 214 214 535 178 178 536 144 144 537 215 215 538 179 179 539 26 53 540 20 39 541 18 35 542 0 0 543 217 216 544 216 217 545 1 4 546 218 218 547 217 216 548 2 3 549 219 219 550 218 218 551 3 5 552 220 220 553 219 219 554 5 11 555 220 220 556 4 9 557 6 13 558 221 221 559 5 11 560 7 16 561 222 222 562 6 13 563 8 15 564 223 223 565 7 16 566 9 17 567 224 224 568 8 15 569 10 19 570 225 225 571 9 17 572 11 21 573 226 226 574 10 19 575 12 23 576 227 227 577 11 21 578 13 25 579 228 228 580 12 23 581 14 29 582 229 229 583 13 25 584 15 31 585 230 230 586 14 29 587 16 33 588 231 231 589 15 31 590 17 36 591 232 232 592 16 33 593 18 35 594 233 233 595 17 36 596 19 37 597 234 234 598 18 35 599 20 39 600 235 235 601 19 37 602 21 41 603 236 236 604 20 39 605 22 43 606 237 237 607 21 41 608 23 45 609 238 238 610 22 43 611 24 49 612 239 239 613 23 45 614 25 51 615 240 240 616 24 49 617 26 53 618 241 241 619 25 51 620 27 56 621 242 242 622 26 53 623 0 0 624 243 243 625 27 56 626 244 244 627 265 245 628 264 246 629 246 247 630 265 245 631 245 248 632 247 249 633 266 250 634 246 247 635 247 249 636 268 251 637 267 252 638 249 253 639 268 251 640 248 254 641 249 253 642 270 255 643 269 256 644 250 257 645 271 258 646 270 255 647 252 259 648 271 258 649 251 260 650 253 261 651 272 262 652 252 259 653 253 261 654 274 263 655 273 264 656 254 265 657 275 266 658 274 263 659 255 267 660 276 268 661 275 266 662 257 269 663 276 268 664 256 270 665 258 271 666 277 272 667 257 269 668 259 273 669 278 274 670 258 271 671 259 273 672 280 275 673 279 276 674 260 277 675 281 278 676 280 275 677 261 279 678 282 280 679 281 278 680 263 281 681 282 280 682 262 282 683 244 244 684 283 283 685 263 281 686 265 245 687 284 284 688 264 246 689 265 245 690 286 285 691 285 286 692 266 250 693 287 287 694 286 285 695 268 251 696 287 287 697 267 252 698 268 251 699 289 288 700 288 289 701 270 255 702 289 288 703 269 256 704 271 258 705 290 290 706 270 255 707 271 258 708 292 291 709 291 292 710 272 262 711 293 293 712 292 291 713 274 263 714 293 293 715 273 264 716 275 266 717 294 294 718 274 263 719 276 268 720 295 295 721 275 266 722 276 268 723 297 296 724 296 297 725 277 272 726 298 298 727 297 296 728 278 274 729 299 299 730 298 298 731 280 275 732 299 299 733 279 276 734 281 278 735 300 300 736 280 275 737 282 280 738 301 301 739 281 278 740 282 280 741 303 302 742 302 303 743 283 283 744 284 284 745 303 302 746 295 295 747 296 297 748 298 298 749 284 284 750 285 286 751 304 304 752 287 287 753 288 289 754 305 305 755 290 290 756 291 292 757 306 306 758 293 293 759 294 294 760 307 307 761 296 297 762 297 296 763 308 308 764 299 299 765 300 300 766 309 309 767 302 303 768 303 302 769 310 310 770 0 0 771 1 4 772 37 1 773 2 3 774 38 6 775 37 1 776 3 5 777 39 8 778 38 6 779 3 5 780 4 9 781 40 7 782 4 9 783 5 11 784 41 10 785 5 11 786 6 13 787 42 12 788 6 13 789 7 16 790 43 14 791 8 15 792 44 18 793 43 14 794 9 17 795 45 20 796 44 18 797 10 19 798 46 22 799 45 20 800 11 21 801 47 24 802 46 22 803 12 23 804 48 26 805 47 24 806 13 25 807 49 28 808 48 26 809 13 25 810 14 29 811 50 27 812 14 29 813 15 31 814 51 30 815 15 31 816 16 33 817 52 32 818 16 33 819 17 36 820 53 34 821 18 35 822 54 38 823 53 34 824 19 37 825 55 40 826 54 38 827 20 39 828 56 42 829 55 40 830 21 41 831 57 44 832 56 42 833 22 43 834 58 46 835 57 44 836 23 45 837 59 48 838 58 46 839 23 45 840 24 49 841 60 47 842 24 49 843 25 51 844 61 50 845 25 51 846 26 53 847 62 52 848 26 53 849 27 56 850 63 54 851 28 55 852 64 58 853 63 54 854 29 57 855 65 60 856 64 58 857 30 59 858 66 62 859 65 60 860 31 61 861 67 64 862 66 62 863 32 63 864 68 66 865 67 64 866 33 65 867 69 68 868 68 66 869 34 67 870 70 70 871 69 68 872 34 67 873 35 71 874 71 69 875 35 71 876 0 0 877 36 2 878 36 2 879 37 1 880 73 72 881 38 6 882 74 74 883 73 72 884 39 8 885 75 76 886 74 74 887 39 8 888 40 7 889 76 75 890 40 7 891 41 10 892 77 77 893 41 10 894 42 12 895 78 78 896 42 12 897 43 14 898 79 79 899 44 18 900 80 80 901 79 79 902 45 20 903 81 81 904 80 80 905 46 22 906 82 82 907 81 81 908 47 24 909 83 83 910 82 82 911 48 26 912 84 84 913 83 83 914 49 28 915 85 85 916 84 84 917 50 27 918 86 87 919 85 85 920 50 27 921 51 30 922 87 86 923 51 30 924 52 32 925 88 88 926 52 32 927 53 34 928 89 89 929 54 38 930 90 90 931 89 89 932 55 40 933 91 91 934 90 90 935 56 42 936 92 93 937 91 91 938 56 42 939 57 44 940 93 92 941 58 46 942 94 95 943 93 92 944 58 46 945 59 48 946 95 94 947 59 48 948 60 47 949 96 96 950 60 47 951 61 50 952 97 97 953 61 50 954 62 52 955 98 98 956 62 52 957 63 54 958 99 99 959 64 58 960 100 100 961 99 99 962 65 60 963 101 101 964 100 100 965 66 62 966 102 102 967 101 101 968 67 64 969 103 103 970 102 102 971 68 66 972 104 104 973 103 103 974 69 68 975 105 105 976 104 104 977 70 70 978 106 107 979 105 105 980 70 70 981 71 69 982 107 106 983 71 69 984 36 2 985 72 73 986 72 73 987 73 72 988 109 108 989 73 72 990 74 74 991 110 110 992 74 74 993 75 76 994 111 111 995 75 76 996 76 75 997 112 112 998 76 75 999 77 77 1000 113 113 1001 77 77 1002 78 78 1003 114 114 1004 78 78 1005 79 79 1006 115 115 1007 79 79 1008 80 80 1009 116 116 1010 80 80 1011 81 81 1012 117 117 1013 82 82 1014 118 118 1015 117 117 1016 83 83 1017 119 119 1018 118 118 1019 84 84 1020 120 120 1021 119 119 1022 85 85 1023 121 121 1024 120 120 1025 86 87 1026 122 122 1027 121 121 1028 87 86 1029 123 123 1030 122 122 1031 88 88 1032 124 124 1033 123 123 1034 89 89 1035 125 125 1036 124 124 1037 90 90 1038 126 126 1039 125 125 1040 91 91 1041 127 127 1042 126 126 1043 92 93 1044 128 129 1045 127 127 1046 92 93 1047 93 92 1048 129 128 1049 93 92 1050 94 95 1051 130 130 1052 94 95 1053 95 94 1054 131 131 1055 95 94 1056 96 96 1057 132 132 1058 96 96 1059 97 97 1060 133 133 1061 97 97 1062 98 98 1063 134 134 1064 99 99 1065 135 135 1066 134 134 1067 100 100 1068 136 136 1069 135 135 1070 101 101 1071 137 137 1072 136 136 1073 102 102 1074 138 138 1075 137 137 1076 103 103 1077 139 139 1078 138 138 1079 104 104 1080 140 140 1081 139 139 1082 105 105 1083 141 141 1084 140 140 1085 106 107 1086 142 142 1087 141 141 1088 107 106 1089 143 143 1090 142 142 1091 107 106 1092 72 73 1093 108 109 1094 109 108 1095 145 145 1096 144 144 1097 110 110 1098 146 147 1099 145 145 1100 110 110 1101 111 111 1102 147 146 1103 112 112 1104 148 148 1105 147 146 1106 113 113 1107 149 149 1108 148 148 1109 114 114 1110 150 150 1111 149 149 1112 115 115 1113 151 151 1114 150 150 1115 116 116 1116 152 153 1117 151 151 1118 116 116 1119 117 117 1120 153 152 1121 117 117 1122 118 118 1123 154 154 1124 118 118 1125 119 119 1126 155 155 1127 119 119 1128 120 120 1129 156 156 1130 120 120 1131 121 121 1132 157 157 1133 121 121 1134 122 122 1135 158 158 1136 123 123 1137 159 159 1138 158 158 1139 124 124 1140 160 160 1141 159 159 1142 125 125 1143 161 162 1144 160 160 1145 125 125 1146 126 126 1147 162 161 1148 126 126 1149 127 127 1150 163 163 1151 127 127 1152 128 129 1153 164 164 1154 128 129 1155 129 128 1156 165 165 1157 129 128 1158 130 130 1159 166 166 1160 131 131 1161 167 167 1162 166 166 1163 132 132 1164 168 168 1165 167 167 1166 133 133 1167 169 169 1168 168 168 1169 134 134 1170 170 170 1171 169 169 1172 135 135 1173 171 172 1174 170 170 1175 135 135 1176 136 136 1177 172 171 1178 136 136 1179 137 137 1180 173 173 1181 137 137 1182 138 138 1183 174 174 1184 138 138 1185 139 139 1186 175 175 1187 139 139 1188 140 140 1189 176 176 1190 140 140 1191 141 141 1192 177 177 1193 141 141 1194 142 142 1195 178 178 1196 143 143 1197 179 179 1198 178 178 1199 108 109 1200 144 144 1201 179 179 1202 145 145 1203 181 182 1204 180 180 1205 145 145 1206 146 147 1207 182 181 1208 146 147 1209 147 146 1210 183 183 1211 148 148 1212 184 184 1213 183 183 1214 149 149 1215 185 185 1216 184 184 1217 150 150 1218 186 186 1219 185 185 1220 151 151 1221 187 188 1222 186 186 1223 151 151 1224 152 153 1225 188 187 1226 152 153 1227 153 152 1228 189 189 1229 153 152 1230 154 154 1231 190 190 1232 154 154 1233 155 155 1234 191 191 1235 155 155 1236 156 156 1237 192 192 1238 156 156 1239 157 157 1240 193 193 1241 157 157 1242 158 158 1243 194 194 1244 159 159 1245 195 195 1246 194 194 1247 160 160 1248 196 196 1249 195 195 1250 161 162 1251 197 198 1252 196 196 1253 161 162 1254 162 161 1255 198 197 1256 162 161 1257 163 163 1258 199 199 1259 163 163 1260 164 164 1261 200 200 1262 164 164 1263 165 165 1264 201 201 1265 165 165 1266 166 166 1267 202 202 1268 166 166 1269 167 167 1270 203 203 1271 168 168 1272 204 204 1273 203 203 1274 169 169 1275 205 205 1276 204 204 1277 170 170 1278 206 206 1279 205 205 1280 171 172 1281 207 208 1282 206 206 1283 171 172 1284 172 171 1285 208 207 1286 172 171 1287 173 173 1288 209 209 1289 173 173 1290 174 174 1291 210 210 1292 174 174 1293 175 175 1294 211 211 1295 175 175 1296 176 176 1297 212 212 1298 176 176 1299 177 177 1300 213 213 1301 177 177 1302 178 178 1303 214 214 1304 179 179 1305 215 215 1306 214 214 1307 144 144 1308 180 180 1309 215 215 1310 0 0 1311 35 71 1312 33 65 1313 35 71 1314 34 67 1315 33 65 1316 33 65 1317 32 63 1318 0 0 1319 32 63 1320 31 61 1321 0 0 1322 31 61 1323 30 59 1324 29 57 1325 1 4 1326 31 61 1327 29 57 1328 29 57 1329 28 55 1330 1 4 1331 28 55 1332 27 56 1333 6 13 1334 1 4 1335 28 55 1336 6 13 1337 31 61 1338 1 4 1339 0 0 1340 3 5 1341 2 3 1342 5 11 1343 2 3 1344 1 4 1345 6 13 1346 5 11 1347 4 9 1348 3 5 1349 6 13 1350 5 11 1351 2 3 1352 9 17 1353 8 15 1354 10 19 1355 8 15 1356 7 16 1357 17 36 1358 7 16 1359 6 13 1360 27 56 1361 26 53 1362 25 51 1363 21 41 1364 25 51 1365 24 49 1366 22 43 1367 22 43 1368 24 49 1369 23 45 1370 27 56 1371 26 53 1372 18 35 1373 7 16 1374 27 56 1375 17 36 1376 8 15 1377 17 36 1378 10 19 1379 17 36 1380 27 56 1381 18 35 1382 11 21 1383 10 19 1384 16 33 1385 13 25 1386 12 23 1387 15 31 1388 12 23 1389 11 21 1390 16 33 1391 15 31 1392 14 29 1393 13 25 1394 16 33 1395 15 31 1396 12 23 1397 10 19 1398 17 36 1399 16 33 1400 22 43 1401 21 41 1402 25 51 1403 21 41 1404 20 39 1405 26 53 1406 20 39 1407 19 37 1408 18 35 1409 0 0 1410 1 4 1411 217 216 1412 1 4 1413 2 3 1414 218 218 1415 2 3 1416 3 5 1417 219 219 1418 3 5 1419 4 9 1420 220 220 1421 5 11 1422 221 221 1423 220 220 1424 6 13 1425 222 222 1426 221 221 1427 7 16 1428 223 223 1429 222 222 1430 8 15 1431 224 224 1432 223 223 1433 9 17 1434 225 225 1435 224 224 1436 10 19 1437 226 226 1438 225 225 1439 11 21 1440 227 227 1441 226 226 1442 12 23 1443 228 228 1444 227 227 1445 13 25 1446 229 229 1447 228 228 1448 14 29 1449 230 230 1450 229 229 1451 15 31 1452 231 231 1453 230 230 1454 16 33 1455 232 232 1456 231 231 1457 17 36 1458 233 233 1459 232 232 1460 18 35 1461 234 234 1462 233 233 1463 19 37 1464 235 235 1465 234 234 1466 20 39 1467 236 236 1468 235 235 1469 21 41 1470 237 237 1471 236 236 1472 22 43 1473 238 238 1474 237 237 1475 23 45 1476 239 239 1477 238 238 1478 24 49 1479 240 240 1480 239 239 1481 25 51 1482 241 241 1483 240 240 1484 26 53 1485 242 242 1486 241 241 1487 27 56 1488 243 243 1489 242 242 1490 0 0 1491 216 217 1492 243 243 1493 244 244 1494 245 248 1495 265 245 1496 246 247 1497 266 250 1498 265 245 1499 247 249 1500 267 252 1501 266 250 1502 247 249 1503 248 254 1504 268 251 1505 249 253 1506 269 256 1507 268 251 1508 249 253 1509 250 257 1510 270 255 1511 250 257 1512 251 260 1513 271 258 1514 252 259 1515 272 262 1516 271 258 1517 253 261 1518 273 264 1519 272 262 1520 253 261 1521 254 265 1522 274 263 1523 254 265 1524 255 267 1525 275 266 1526 255 267 1527 256 270 1528 276 268 1529 257 269 1530 277 272 1531 276 268 1532 258 271 1533 278 274 1534 277 272 1535 259 273 1536 279 276 1537 278 274 1538 259 273 1539 260 277 1540 280 275 1541 260 277 1542 261 279 1543 281 278 1544 261 279 1545 262 282 1546 282 280 1547 263 281 1548 283 283 1549 282 280 1550 244 244 1551 264 246 1552 283 283 1553 265 245 1554 285 286 1555 284 284 1556 265 245 1557 266 250 1558 286 285 1559 266 250 1560 267 252 1561 287 287 1562 268 251 1563 288 289 1564 287 287 1565 268 251 1566 269 256 1567 289 288 1568 270 255 1569 290 290 1570 289 288 1571 271 258 1572 291 292 1573 290 290 1574 271 258 1575 272 262 1576 292 291 1577 272 262 1578 273 264 1579 293 293 1580 274 263 1581 294 294 1582 293 293 1583 275 266 1584 295 295 1585 294 294 1586 276 268 1587 296 297 1588 295 295 1589 276 268 1590 277 272 1591 297 296 1592 277 272 1593 278 274 1594 298 298 1595 278 274 1596 279 276 1597 299 299 1598 280 275 1599 300 300 1600 299 299 1601 281 278 1602 301 301 1603 300 300 1604 282 280 1605 302 303 1606 301 301 1607 282 280 1608 283 283 1609 303 302 1610 283 283 1611 264 246 1612 284 284 1613 284 284 1614 285 286 1615 287 287 1616 285 286 1617 286 285 1618 287 287 1619 287 287 1620 288 289 1621 289 288 1622 302 303 1623 303 302 1624 301 301 1625 303 302 1626 284 284 1627 301 301 1628 300 300 1629 301 301 1630 284 284 1631 299 299 1632 300 300 1633 284 284 1634 284 284 1635 287 287 1636 299 299 1637 287 287 1638 289 288 1639 293 293 1640 289 288 1641 290 290 1642 293 293 1643 290 290 1644 291 292 1645 292 291 1646 293 293 1647 294 294 1648 295 295 1649 290 290 1650 292 291 1651 293 293 1652 299 299 1653 287 287 1654 293 293 1655 298 298 1656 299 299 1657 293 293 1658 296 297 1659 297 296 1660 298 298 1661 293 293 1662 295 295 1663 298 298 1664</p>
        </triangles>
      </mesh>
    </geometry>
  </library_geometries>
  <library_visual_scenes>
    <visual_scene id="Scene" name="Scene">
      <node id="fruit" name="fruit" type="NODE">
        <matrix sid="transform">1 0 0 0 0 1 0 0 0 0 1 -6.5e-4 0 0 0 1</matrix>
        <instance_geometry url="#fruit-mesh" name="fruit">
          <bind_material>
            <technique_common>
              <instance_material symbol="fruit_skin-material" target="#fruit_skin-material"/>
            </technique_common>
          </bind_material>
        </instance_geometry>
      </node>
      <node id="tie_wire" name="tie_wire" type="NODE">
        <matrix sid="transform">1 0 0 0 0 1 0 0 0 0 1 0 0 0 0 1</matrix>
        <instance_geometry url="#tie_wire-mesh" name="tie_wire">
          <bind_material>
            <technique_common>
              <instance_material symbol="wire-material" target="#wire-material"/>
            </technique_common>
          </bind_material>
        </instance_geometry>
      </node>
      <node id="inner_paper" name="inner_paper" type="NODE">
        <matrix sid="transform">1 0 0 0 0 1 0 0 0 0 1 0 0 0 0 1</matrix>
        <instance_geometry url="#inner_paper-mesh" name="inner_paper">
          <bind_material>
            <technique_common>
              <instance_material symbol="inner-material" target="#inner-material"/>
            </technique_common>
          </bind_material>
        </instance_geometry>
      </node>
      <node id="bag_body" name="bag_body" type="NODE">
        <matrix sid="transform">1 0 0 0 0 1 0 0 0 0 1 0 0 0 0 1</matrix>
        <instance_geometry url="#bag_body-mesh" name="bag_body">
          <bind_material>
            <technique_common>
              <instance_material symbol="paper-material" target="#paper-material">
                <bind_vertex_input semantic="UVMap" input_semantic="TEXCOORD" input_set="0"/>
              </instance_material>
            </technique_common>
          </bind_material>
        </instance_geometry>
      </node>
    </visual_scene>
  </library_visual_scenes>
  <scene>
    <instance_visual_scene url="#Scene"/>
  </scene>
</COLLADA>