[INFO] [launch]: All log files can be found below /home/mu/.ros/log/2026-09-09-15-07-01-369521-mu-MS-7E34-159193
[INFO] [launch]: Default logging verbosity is set to INFO
[INFO] [robot_state_publisher-1]: process started with pid [159231]
[INFO] [ros2_control_node-2]: process started with pid [159232]
[INFO] [spawner-3]: process started with pid [159233]
[INFO] [spawner-4]: process started with pid [159234]
[INFO] [spawner-5]: process started with pid [159235]
[INFO] [move_group-6]: process started with pid [159236]
[INFO] [rviz2-7]: process started with pid [159237]
[INFO] [component_container-8]: process started with pid [159238]
[INFO] [extrinsics_publisher-9]: process started with pid [159239]
[INFO] [peach_scene_perception_node-10]: process started with pid [159240]
[INFO] [peach_target_reconstruction_node-11]: process started with pid [159241]
[INFO] [peach_manipulation_node-12]: process started with pid [159242]
[INFO] [peach_observability-13]: process started with pid [159243]
[INFO] [peach_executor-14]: process started with pid [159244]
[INFO] [peach_lifecycle_manager-15]: process started with pid [159245]
[INFO] [ros2-16]: process started with pid [159248]
[robot_state_publisher-1] [INFO] [1788937621.802139984] [robot_state_publisher]: Robot initialized
[move_group-6] [INFO] [1788937621.830620685] [move_group.moveit.moveit.ros.rdf_loader]: Loaded robot model in 0.00335708 seconds
[move_group-6] [INFO] [1788937621.830736072] [move_group.moveit.moveit.core.robot_model]: Loading robot model 'aubo_e5'...
[move_group-6] [INFO] [1788937621.830750294] [move_group.moveit.moveit.core.robot_model]: No root/virtual joint specified in SRDF. Assuming fixed joint
[peach_manipulation_node-12] [WARN] [1788937621.838572992] [rcl.logging_rosout]: Publisher already registered for node name: 'peach_manipulation_node'. If this is due to multiple nodes with the same name then all logs for the logger named 'peach_manipulation_node' will go out over the existing publisher. As soon as any node with that name is destructed it will unregister the publisher, preventing any further logs for that name from being published on the rosout topic.
[ros2_control_node-2] [INFO] [1788937621.839672972] [controller_manager]: Using Steady (Monotonic) clock for triggering controller manager cycles.
[peach_manipulation_node-12] [WARN] [1788937621.840255862] [peach_manipulation_node]: scan.protected_zones 丢弃畸形盒: 盒#0 存在 min>=max 的轴（空盒/退化盒），已丢弃
[ros2_control_node-2] [INFO] [1788937621.845472827] [controller_manager]: Subscribing to '/robot_description' topic for robot description.
[ros2_control_node-2] [INFO] [1788937621.847110383] [controller_manager]: update rate is 200 Hz
[ros2_control_node-2] [INFO] [1788937621.847130002] [controller_manager]: Overruns handling is : enabled
[ros2_control_node-2] [INFO] [1788937621.847133405] [controller_manager]: Spawning controller_manager RT thread with scheduler priority: 50
[ros2_control_node-2] [INFO] [1788937621.847180125] [controller_manager]: Successful set up FIFO RT scheduling policy with priority 50.
[move_group-6] [INFO] [1788937621.881958151] [move_group.moveit.moveit.kinematics.kdl_kinematics_plugin]: Joint weights for group 'manipulator_e5': 1 1 1 1 1 1
[component_container-8] [INFO] [1788937621.950057410] [camera.camera_container]: Load Library: /home/mu/Desktop/aubo_e5_jazzy_ws/install/percipio_camera/lib/libpercipio_camera.so
[ros2_control_node-2] [INFO] [1788937622.001559671] [controller_manager]: Received robot description from topic.
[ros2_control_node-2] [INFO] [1788937622.001600262] [controller_manager]: Enforcing command limits is disabled. Command limits from URDF will be ignored.
[ros2_control_node-2] [INFO] [1788937622.004532428] [controller_manager]: Loading hardware 'AuboE5System' 
[ros2_control_node-2] [INFO] [1788937622.010169195] [controller_manager]: Loaded hardware 'AuboE5System' from plugin 'aubo_e5_hardware/AuboE5Hardware'
[ros2_control_node-2] [INFO] [1788937622.010264589] [controller_manager]: Initialize hardware 'AuboE5System' 
[move_group-6] [INFO] [1788937622.015189736] [move_group.moveit.moveit.ros.planning_scene_monitor]: Publishing maintained planning scene on 'monitored_planning_scene'
[move_group-6] [INFO] [1788937622.015331979] [move_group.moveit.moveit.ros.moveit_cpp]: Listening to 'joint_states' for joint states
[move_group-6] [INFO] [1788937622.016134312] [move_group.moveit.moveit.ros.current_state_monitor]: Listening to joint states on topic 'joint_states'
[move_group-6] [INFO] [1788937622.016449978] [move_group.moveit.moveit.ros.planning_scene_monitor]: Listening to '/attached_collision_object' for attached collision objects
[move_group-6] [INFO] [1788937622.016465499] [move_group.moveit.moveit.ros.planning_scene_monitor]: Stopping existing planning scene publisher.
[move_group-6] [INFO] [1788937622.016561394] [move_group.moveit.moveit.ros.planning_scene_monitor]: Stopped publishing maintained planning scene.
[move_group-6] [INFO] [1788937622.016758439] [move_group.moveit.moveit.ros.planning_scene_monitor]: Publishing maintained planning scene on 'monitored_planning_scene'
[move_group-6] [INFO] [1788937622.016810092] [move_group.moveit.moveit.ros.planning_scene_monitor]: Starting planning scene monitor
[move_group-6] [INFO] [1788937622.016981824] [move_group.moveit.moveit.ros.planning_scene_monitor]: Listening to '/planning_scene'
[move_group-6] [INFO] [1788937622.016991686] [move_group.moveit.moveit.ros.planning_scene_monitor]: Starting world geometry update monitor for collision objects, attached objects, octomap updates.
[move_group-6] [INFO] [1788937622.017314642] [move_group.moveit.moveit.ros.planning_scene_monitor]: Listening to 'collision_object'
[move_group-6] [INFO] [1788937622.017534412] [move_group.moveit.moveit.ros.planning_scene_monitor]: Listening to 'planning_scene_world' for planning scene world geometry
[move_group-6] [WARN] [1788937622.018323055] [move_group.moveit.moveit.ros.occupancy_map_monitor]: Resolution not specified for Octomap. Assuming resolution = 0.1 instead
[move_group-6] [ERROR] [1788937622.018342597] [move_group.moveit.moveit.ros.occupancy_map_monitor]: No 3D sensor plugin(s) defined for octomap updates
[ros2_control_node-2] [INFO] [1788937622.019651779] [AuboE5Hardware]: on_init OK (169.254.10.98:8899, rib_target=400, slowdown=300/350, batch=2..8, speed_guard=false)
[ros2_control_node-2] [INFO] [1788937622.019674975] [controller_manager]: Successful initialization of hardware 'AuboE5System'
[ros2_control_node-2] [INFO] [1788937622.020065416] [controller_manager]: Activating component 'AuboE5System'.
[ros2_control_node-2] [INFO] [1788937622.020075949] [resource_manager]: 'configure' hardware 'AuboE5System' 
[ros2_control_node-2] log4cplus: Just opened file: logfiles/trace_all.log
[spawner-3] [INFO] [1788937622.046214564] [spawner_joint_state_broadcaster]: waiting for service /controller_manager/list_controllers to become available...
[component_container-8] [INFO] [1788937622.084774764] [camera.camera_container]: Found class: rclcpp_components::NodeFactoryTemplate<percipio_camera::PercipioCameraNodeDriver>
[component_container-8] [INFO] [1788937622.084806479] [camera.camera_container]: Instantiate class: rclcpp_components::NodeFactoryTemplate<percipio_camera::PercipioCameraNodeDriver>
[component_container-8] [INFO] [1788937622.094585411] [camera.camera]: Init lib
[component_container-8] [INFO] [1788937622.103136221] [camera.camera]:      - lib version: 4.2.10
[component_container-8] [INFO] [1788937622.103346750] [camera.camera]: PercipioCameraNodeDriver::init, deivce sn :
[component_container-8] [INFO] [1788937622.103353285] [camera.camera]: PercipioCameraNodeDriver::init, deivce ip :169.254.10.110
[ros2_control_node-2] [INFO] [1788937622.114406264] [AuboE5Hardware]: Real robot detected
[ros2-16] [WARN] [ros2bag]: Positional "topics" argument deprecated. Please use optional "--topics" argument instead.
[ros2-16] stdin is not a terminal device. Keyboard handling disabled.[INFO] [1788937622.137954587] [rosbag2_recorder]: Press SPACE for pausing/resuming
[ros2-16] [INFO] [1788937622.138100427] [rosbag2_recorder]: Event publisher thread: Started
[move_group-6] [INFO] [1788937622.140652366] [move_group.moveit.moveit.ros.planning_pipeline]: Successfully loaded planner 'OMPL'
[move_group-6] [INFO] [1788937622.142127401] [move_group]: Try loading adapter 'default_planning_request_adapters/ResolveConstraintFrames'
[ros2-16] [INFO] [1788937622.142487101] [rosbag2_recorder]: Starting recording to '/home/mu/Desktop/aubo_e5_jazzy_ws/runs/mcap_20260909_150701'
[move_group-6] [INFO] [1788937622.142719554] [move_group]: Loaded adapter 'default_planning_request_adapters/ResolveConstraintFrames'
[move_group-6] [INFO] [1788937622.142725199] [move_group]: Try loading adapter 'default_planning_request_adapters/ValidateWorkspaceBounds'
[move_group-6] [INFO] [1788937622.142859754] [move_group]: Loaded adapter 'default_planning_request_adapters/ValidateWorkspaceBounds'
[move_group-6] [INFO] [1788937622.142862972] [move_group]: Try loading adapter 'default_planning_request_adapters/CheckStartStateBounds'
[move_group-6] [INFO] [1788937622.142873884] [move_group]: Loaded adapter 'default_planning_request_adapters/CheckStartStateBounds'
[move_group-6] [INFO] [1788937622.142875686] [move_group]: Try loading adapter 'default_planning_request_adapters/CheckStartStateCollision'
[move_group-6] [INFO] [1788937622.142880530] [move_group]: Loaded adapter 'default_planning_request_adapters/CheckStartStateCollision'
[ros2-16] [INFO] [1788937622.143661779] [rosbag2_recorder]: Listening for topics...
[ros2-16] [INFO] [1788937622.143677340] [rosbag2_recorder]: Recording...
[ros2-16] [INFO] [1788937622.143687534] [rosbag2_recorder]: Topics discovery started.
[move_group-6] [INFO] [1788937622.144198224] [move_group]: Try loading adapter 'default_planning_response_adapters/AddTimeOptimalParameterization'
[move_group-6] [INFO] [1788937622.145526144] [move_group]: Loaded adapter 'default_planning_response_adapters/AddTimeOptimalParameterization'
[move_group-6] [INFO] [1788937622.145533026] [move_group]: Try loading adapter 'default_planning_response_adapters/AddRuckigTrajectorySmoothing'
[move_group-6] [INFO] [1788937622.145540900] [move_group]: Loaded adapter 'default_planning_response_adapters/AddRuckigTrajectorySmoothing'
[move_group-6] [INFO] [1788937622.145542579] [move_group]: Try loading adapter 'default_planning_response_adapters/ValidateSolution'
[move_group-6] [INFO] [1788937622.146600206] [move_group]: Loaded adapter 'default_planning_response_adapters/ValidateSolution'
[move_group-6] [INFO] [1788937622.146609220] [move_group]: Try loading adapter 'default_planning_response_adapters/DisplayMotionPath'
[move_group-6] [INFO] [1788937622.146852530] [move_group]: Loaded adapter 'default_planning_response_adapters/DisplayMotionPath'
[move_group-6] [INFO] [1788937622.149166487] [move_group.moveit.moveit.planners.pilz.joint_limits_aggregator]: Reading limits from namespace robot_description_planning
[move_group-6] [INFO] [1788937622.150691228] [move_group.moveit.moveit.planners.pilz.command_planner]: Available plugins: pilz_industrial_motion_planner/PlanningContextLoaderCIRC pilz_industrial_motion_planner/PlanningContextLoaderLIN pilz_industrial_motion_planner/PlanningContextLoaderPTP pilz_industrial_motion_planner/PlanningContextLoaderPolyline 
[move_group-6] [INFO] [1788937622.150701926] [move_group.moveit.moveit.planners.pilz.command_planner]: About to load: pilz_industrial_motion_planner/PlanningContextLoaderCIRC
[move_group-6] [INFO] [1788937622.151517408] [move_group.moveit.moveit.planners.pilz.command_planner]: Registered Algorithm [CIRC]
[move_group-6] [INFO] [1788937622.151527209] [move_group.moveit.moveit.planners.pilz.command_planner]: About to load: pilz_industrial_motion_planner/PlanningContextLoaderLIN
[move_group-6] [INFO] [1788937622.152045360] [move_group.moveit.moveit.planners.pilz.command_planner]: Registered Algorithm [LIN]
[move_group-6] [INFO] [1788937622.152052012] [move_group.moveit.moveit.planners.pilz.command_planner]: About to load: pilz_industrial_motion_planner/PlanningContextLoaderPTP
[move_group-6] [INFO] [1788937622.152505051] [move_group.moveit.moveit.planners.pilz.command_planner]: Registered Algorithm [PTP]
[move_group-6] [INFO] [1788937622.152511812] [move_group.moveit.moveit.planners.pilz.command_planner]: About to load: pilz_industrial_motion_planner/PlanningContextLoaderPolyline
[move_group-6] [INFO] [1788937622.152973734] [move_group.moveit.moveit.planners.pilz.command_planner]: Registered Algorithm [POLYLINE]
[move_group-6] [INFO] [1788937622.152982503] [move_group.moveit.moveit.ros.planning_pipeline]: Successfully loaded planner 'Pilz Industrial Motion Planner'
[move_group-6] [INFO] [1788937622.154434481] [move_group]: Try loading adapter 'default_planning_request_adapters/ResolveConstraintFrames'
[move_group-6] [INFO] [1788937622.154573649] [move_group]: Loaded adapter 'default_planning_request_adapters/ResolveConstraintFrames'
[move_group-6] [INFO] [1788937622.154577158] [move_group]: Try loading adapter 'default_planning_request_adapters/ValidateWorkspaceBounds'
[move_group-6] [INFO] [1788937622.154721475] [move_group]: Loaded adapter 'default_planning_request_adapters/ValidateWorkspaceBounds'
[move_group-6] [INFO] [1788937622.154725787] [move_group]: Try loading adapter 'default_planning_request_adapters/CheckStartStateBounds'
[move_group-6] [INFO] [1788937622.154733898] [move_group]: Loaded adapter 'default_planning_request_adapters/CheckStartStateBounds'
[move_group-6] [INFO] [1788937622.154735885] [move_group]: Try loading adapter 'default_planning_request_adapters/CheckStartStateCollision'
[move_group-6] [INFO] [1788937622.154741294] [move_group]: Loaded adapter 'default_planning_request_adapters/CheckStartStateCollision'
[move_group-6] [INFO] [1788937622.156103863] [move_group]: Try loading adapter 'default_planning_response_adapters/ValidateSolution'
[move_group-6] [INFO] [1788937622.156676002] [move_group]: Loaded adapter 'default_planning_response_adapters/ValidateSolution'
[move_group-6] [INFO] [1788937622.156682932] [move_group]: Try loading adapter 'default_planning_response_adapters/DisplayMotionPath'
[move_group-6] [INFO] [1788937622.156871778] [move_group]: Loaded adapter 'default_planning_response_adapters/DisplayMotionPath'
[move_group-6] [INFO] [1788937622.173390964] [move_group.moveit.moveit.plugins.simple_controller_manager]: Added FollowJointTrajectory controller for aubo_passthrough_trajectory_controller
[move_group-6] [INFO] [1788937622.173547849] [move_group.moveit.moveit.plugins.simple_controller_manager]: Returned 1 controllers in list
[move_group-6] [INFO] [1788937622.173568029] [move_group.moveit.moveit.plugins.simple_controller_manager]: Returned 1 controllers in list
[move_group-6] [INFO] [1788937622.173898777] [move_group.moveit.moveit.ros.trajectory_execution_manager]: Trajectory execution is not managing controllers
[move_group-6] [INFO] [1788937622.173908728] [move_group]: MoveGroup debug mode is ON
[extrinsics_publisher-9] [INFO] [1788937622.174789800] [hand_eye_extrinsics_publisher]: Published active camera extrinsic from /home/mu/Desktop/aubo_e5_jazzy_ws/src/aubo_hand_eye_calibration/hand_eye/active.yaml
[ros2_control_node-2] [INFO] [1788937622.175675298] [AuboE5Hardware]: on_configure OK (dual login, push active)
[ros2_control_node-2] [INFO] [1788937622.175693788] [resource_manager]: Successful 'configure' of hardware 'AuboE5System'
[ros2_control_node-2] [INFO] [1788937622.175716109] [resource_manager]: 'activate' hardware 'AuboE5System' 
[move_group-6] [INFO] [1788937622.188613277] [move_group.moveit.moveit.planners.pilz.move_group_sequence_action]: initialize move group sequence action
[move_group-6] [INFO] [1788937622.189957219] [move_group.moveit.moveit.planners.pilz.joint_limits_aggregator]: Reading limits from namespace robot_description_planning
[move_group-6] [INFO] [1788937622.190072211] [move_group.moveit.moveit.planners.pilz.joint_limits_aggregator]: Reading limits from namespace robot_description_planning
[move_group-6] [INFO] [1788937622.190484144] [move_group.moveit.moveit.ros.move_group.executable]: 
[move_group-6] 
[move_group-6] ********************************************************
[move_group-6] * MoveGroup using: 
[move_group-6] *     - apply_planning_scene_service
[move_group-6] *     - clear_octomap_service
[move_group-6] *     - ExecuteTaskSolution
[move_group-6] *     - get_group_urdf
[move_group-6] *     - load_geometry_from_file
[move_group-6] *     - CartesianPathService
[move_group-6] *     - execute_trajectory_action
[move_group-6] *     - get_planning_scene_service
[move_group-6] *     - kinematics_service
[move_group-6] *     - move_action
[move_group-6] *     - motion_plan_service
[move_group-6] *     - query_planners_service
[move_group-6] *     - state_validation_service
[move_group-6] *     - save_geometry_to_file
[move_group-6] *     - SequenceAction
[move_group-6] *     - SequenceService
[move_group-6] ********************************************************
[move_group-6] 
[move_group-6] [INFO] [1788937622.190506569] [move_group.moveit.moveit.ros.move_group.context]: MoveGroup context using pipeline ompl
[move_group-6] [INFO] [1788937622.190511334] [move_group.moveit.moveit.ros.move_group.context]: MoveGroup context initialization complete
[move_group-6] [96mLoading 'move_group/ApplyPlanningSceneService'...[0m
[move_group-6] [96mLoading 'move_group/ClearOctomapService'...[0m
[move_group-6] [96mLoading 'move_group/ExecuteTaskSolutionCapability'...[0m
[move_group-6] [96mLoading 'move_group/GetUrdfService'...[0m
[move_group-6] [96mLoading 'move_group/LoadGeometryFromFileService'...[0m
[move_group-6] [96mLoading 'move_group/MoveGroupCartesianPathService'...[0m
[move_group-6] [96mLoading 'move_group/MoveGroupExecuteTrajectoryAction'...[0m
[move_group-6] [96mLoading 'move_group/MoveGroupGetPlanningSceneService'...[0m
[move_group-6] [96mLoading 'move_group/MoveGroupKinematicsService'...[0m
[move_group-6] [96mLoading 'move_group/MoveGroupMoveAction'...[0m
[move_group-6] [96mLoading 'move_group/MoveGroupPlanService'...[0m
[move_group-6] [96mLoading 'move_group/MoveGroupQueryPlannersService'...[0m
[move_group-6] [96mLoading 'move_group/MoveGroupStateValidationService'...[0m
[move_group-6] [96mLoading 'move_group/SaveGeometryToFileService'...[0m
[move_group-6] [96mLoading 'pilz_industrial_motion_planner/MoveGroupSequenceAction'...[0m
[move_group-6] [96mLoading 'pilz_industrial_motion_planner/MoveGroupSequenceService'...[0m
[move_group-6] 
[move_group-6] [92mYou can start planning now![0m
[move_group-6] 
[ros2_control_node-2] [INFO] [1788937622.207354486] [AuboE5Hardware]: on_activate OK (TCP2CAN active, send + IO threads running)
[ros2_control_node-2] [INFO] [1788937622.207377402] [resource_manager]: Successful 'activate' of hardware 'AuboE5System'
[ros2_control_node-2] [INFO] [1788937622.207379790] [AuboE5Hardware.sendLoop]: sendLoop started
[ros2_control_node-2] [INFO] [1788937622.207462678] [controller_manager]: Registering statistics for : AuboE5System
[ros2_control_node-2] [INFO] [1788937622.207477203] [AuboE5Hardware.ioLoop]: ioLoop started
[ros2_control_node-2] [INFO] [1788937622.207510368] [controller_manager]: Resource Manager has been successfully initialized. Starting Controller Manager services...
[peach_observability-13] [INFO] [1788937622.247651491] [peach_observability]: 手动调试操作面未启用（debug.enabled=false）
[peach_observability-13] [INFO] [1788937622.249238748] [peach_observability]: 桃子采摘 Web 控制台（只读监控）: http://127.0.0.1:8090
[peach_target_reconstruction_node-11] [INFO] [1788937622.327829917] [peach_target_reconstruction_node]: peach_target_reconstruction_node ready: base=base_link color=/camera/color/image_raw depth=/camera/depth/image_raw slop=0.05s depth_scale_unit=0.25 views(min/rec/max)=2/5/24 require_static=True auto_mode=True session_root=/home/mu/Desktop/aubo_e5_jazzy_ws/runs
[ros2_control_node-2] [INFO] [1788937622.547829785] [controller_manager]: Loading controller : 'joint_state_broadcaster' of type 'joint_state_broadcaster/JointStateBroadcaster'
[ros2_control_node-2] [INFO] [1788937622.547861731] [controller_manager]: Loading controller 'joint_state_broadcaster'
[ros2_control_node-2] [INFO] [1788937622.550877412] [controller_manager]: Controller 'joint_state_broadcaster' node arguments: --ros-args --params-file /tmp/launch_params_xsjgd6dp --params-file /home/mu/Desktop/aubo_e5_jazzy_ws/install/aubo_e5_bringup/share/aubo_e5_bringup/config/controllers.yaml 
[spawner-3] [INFO] [1788937622.557950703] [spawner_joint_state_broadcaster]: Loaded joint_state_broadcaster
[ros2_control_node-2] [INFO] [1788937622.558713105] [controller_manager]: Configuring controller: 'joint_state_broadcaster'
[ros2_control_node-2] [INFO] [1788937622.558774844] [joint_state_broadcaster]: 'joints' or 'interfaces' parameter is empty. All available state interfaces will be published
[ros2_control_node-2] [INFO] [1788937622.568098126] [controller_manager]: Activating controllers: [ joint_state_broadcaster ]
[rviz2-7] [INFO] [1788937622.571834465] [rviz2]: Stereo is NOT SUPPORTED
[rviz2-7] [INFO] [1788937622.571881187] [rviz2]: OpenGl version: 4.6 (GLSL 4.6)
[ros2_control_node-2] [INFO] [1788937622.572385638] [controller_manager]: Successfully switched controllers!
[spawner-3] [INFO] [1788937622.578014331] [spawner_joint_state_broadcaster]: Configured and activated joint_state_broadcaster
[peach_scene_perception_node-10] [INFO] [1788937622.637409967] [peach_scene_perception_node]: YOLO=/home/mu/Desktop/aubo_e5_jazzy_ws/install/peach_perception/share/peach_perception/model/best.pt
[peach_scene_perception_node-10] [INFO] [1788937622.637604589] [peach_scene_perception_node]: SAM=/home/mu/Desktop/aubo_e5_jazzy_ws/install/peach_perception/share/peach_perception/model/mobile_sam.pt
[spawner-5] [INFO] [1788937622.665807203] [spawner_aubo_passthrough_trajectory_controller]: waiting for service /controller_manager/list_controllers to become available...
[INFO] [spawner-3]: process has finished cleanly [pid 159233]
[rviz2-7] [INFO] [1788937622.771043370] [rviz2]: Stereo is NOT SUPPORTED
[rviz2-7] Warning: class_loader.impl: SEVERE WARNING!!! A namespace collision has occurred with plugin factory for class rviz_default_plugins::displays::InteractiveMarkerDisplay. New factory will OVERWRITE existing one. This situation occurs when libraries containing plugins are directly linked against an executable (the one running right now generating this message). Please separate plugins out into their own library or just don't link against the library and use either class_loader::ClassLoader/MultiLibraryClassLoader to open.
[rviz2-7]          at line 321 in /opt/ros/jazzy/include/class_loader/class_loader/class_loader_core.hpp
[peach_scene_perception_node-10] [INFO] [1788937623.300987456] [peach_scene_perception_node]: Subscribed color=/camera/color/image_raw depth=/camera/depth/image_raw info=/camera/color/camera_info slop=0.05s optical=camera_color_optical_frame output=base_link depth_scale_unit=0.25 gravity_mode=tf calib=percipio-640x480-chessboard|hand_eye:import_humble_20260128T114006
[peach_scene_perception_node-10] [INFO] [1788937623.301274448] [peach_scene_perception_node]: 目标身份记忆已启用：match_radius=0.06 m, max_targets=50, ema=0.3
[ros2-16] [INFO] [1788937623.331186464] [rosbag2_recorder]: Subscribed to topic '/peach/reconstruction/status'
[ros2-16] [INFO] [1788937623.344039895] [rosbag2_recorder]: Subscribed to topic '/peach/reconstruction/shape_hypothesis'
[peach_manipulation_node-12] [WARN] [1788937623.352494447] [peach_manipulation_node]: scan.protected_zones 丢弃畸形盒: 盒#0 存在 min>=max 的轴（空盒/退化盒），已丢弃
[ros2-16] [INFO] [1788937623.355131166] [rosbag2_recorder]: Subscribed to topic '/peach/perception/target_observations'
[ros2-16] [INFO] [1788937623.360221979] [rosbag2_recorder]: Subscribed to topic '/peach/manipulation/grasp_hypothesis'
[peach_manipulation_node-12] [WARN] [1788937623.365239135] [rcl.logging_rosout]: Publisher already registered for node name: 'peach_manipulation_node'. If this is due to multiple nodes with the same name then all logs for the logger named 'peach_manipulation_node' will go out over the existing publisher. As soon as any node with that name is destructed it will unregister the publisher, preventing any further logs for that name from being published on the rosout topic.
[peach_manipulation_node-12] [INFO] [1788937623.371890154] [peach_manipulation_node.moveit.ros.rdf_loader]: Loaded robot model in 0.00320057 seconds
[peach_manipulation_node-12] [INFO] [1788937623.371927809] [peach_manipulation_node.moveit.core.robot_model]: Loading robot model 'aubo_e5'...
[peach_manipulation_node-12] [INFO] [1788937623.371934696] [peach_manipulation_node.moveit.core.robot_model]: No root/virtual joint specified in SRDF. Assuming fixed joint
[peach_manipulation_node-12] [INFO] [1788937623.406613091] [peach_manipulation_node.moveit.kinematics.kdl_kinematics_plugin]: Joint weights for group 'manipulator_e5': 1 1 1 1 1 1
[peach_manipulation_node-12] [INFO] [1788937623.415344027] [peach_manipulation_node.moveit.ros.move_group_interface]: Ready to take commands for planning group manipulator_e5.
[peach_manipulation_node-12] [INFO] [1788937623.415369029] [peach_manipulation_node]: 主动视觉靠近节点 ready: group=manipulator_e5 base=base_link tip=tcp camera=camera_depth_optical_frame execution=plan_only grasp=disabled
[peach_manipulation_node-12] [INFO] [1788937623.415386686] [peach_manipulation_node]: [IDLE] 已配置；activate 后才开放运动输出权限
[ros2_control_node-2] [INFO] [1788937623.417964933] [controller_manager]: Loading controller : 'aubo_passthrough_trajectory_controller' of type 'aubo_e5_controllers/AuboPassthroughTrajectoryController'
[ros2_control_node-2] [INFO] [1788937623.417989398] [controller_manager]: Loading controller 'aubo_passthrough_trajectory_controller'
[ros2_control_node-2] [INFO] [1788937623.419621264] [controller_manager]: Controller 'aubo_passthrough_trajectory_controller' node arguments: --ros-args --params-file /tmp/launch_params_xsjgd6dp --params-file /home/mu/Desktop/aubo_e5_jazzy_ws/install/aubo_e5_bringup/share/aubo_e5_bringup/config/controllers.yaml 
[spawner-5] [INFO] [1788937623.428200637] [spawner_aubo_passthrough_trajectory_controller]: Loaded aubo_passthrough_trajectory_controller
[ros2_control_node-2] [INFO] [1788937623.428881412] [controller_manager]: Configuring controller: 'aubo_passthrough_trajectory_controller'
[ros2_control_node-2] [INFO] [1788937623.433011490] [controller_manager]: Activating controllers: [ aubo_passthrough_trajectory_controller ]
[ros2_control_node-2] [INFO] [1788937623.437360318] [controller_manager]: Successfully switched controllers!
[spawner-5] [INFO] [1788937623.442999023] [spawner_aubo_passthrough_trajectory_controller]: Configured and activated aubo_passthrough_trajectory_controller
[ros2-16] [INFO] [1788937623.504790058] [rosbag2_recorder]: Subscribed to topic '/peach_executor/state'
[ros2-16] [INFO] [1788937623.508236359] [rosbag2_recorder]: Subscribed to topic '/peach_executor/events'
[ros2-16] [INFO] [1788937623.509346283] [rosbag2_recorder]: Subscribed to topic '/peach_executor/scene_snapshot'
[ros2-16] [INFO] [1788937623.509356326] [rosbag2_recorder]: All requested topics are subscribed. Stopping discovery...
[ros2-16] [INFO] [1788937623.509358628] [rosbag2_recorder]: Topics discovery stopped.
[spawner-4] [INFO] [1788937623.514896450] [spawner_aubo_io_controller]: waiting for service /controller_manager/list_controllers to become available...
[peach_executor-14] [INFO] [1788937623.549738954] [peach_executor]: task executor configured; will not auto-start harvest
[peach_scene_perception_node-10] [INFO] [1788937623.552028649] [peach_scene_perception_node]: perception Active：开始处理 RGB-D
[peach_target_reconstruction_node-11] [INFO] [1788937623.554854475] [peach_target_reconstruction_node]: reconstruction Active：开始积分
[peach_manipulation_node-12] [INFO] [1788937623.556033808] [peach_manipulation_node]: 节点已激活：运动输出权限开放
[peach_lifecycle_manager-15] [INFO] [1788937623.564845755] [peach_lifecycle_manager]: managed nodes Active（仍须显式 RunHarvest）
[INFO] [spawner-5]: process has finished cleanly [pid 159235]
[ros2_control_node-2] [INFO] [1788937624.138800217] [controller_manager]: Loading controller : 'aubo_io_controller' of type 'aubo_e5_controllers/AuboIOController'
[ros2_control_node-2] [INFO] [1788937624.138831329] [controller_manager]: Loading controller 'aubo_io_controller'
[ros2_control_node-2] [INFO] [1788937624.138987425] [controller_manager]: Controller 'aubo_io_controller' node arguments: --ros-args --params-file /tmp/launch_params_xsjgd6dp --params-file /home/mu/Desktop/aubo_e5_jazzy_ws/install/aubo_e5_bringup/share/aubo_e5_bringup/config/controllers.yaml 
[spawner-4] [INFO] [1788937624.153320639] [spawner_aubo_io_controller]: Loaded aubo_io_controller
[ros2_control_node-2] [INFO] [1788937624.154641023] [controller_manager]: Configuring controller: 'aubo_io_controller'
[ros2_control_node-2] [INFO] [1788937624.165226874] [controller_manager]: Activating controllers: [ aubo_io_controller ]
[ros2_control_node-2] [INFO] [1788937624.168026508] [controller_manager]: Successfully switched controllers!
[spawner-4] [INFO] [1788937624.173326274] [spawner_aubo_io_controller]: Configured and activated aubo_io_controller
[INFO] [spawner-4]: process has finished cleanly [pid 159234]
[component_container-8] [WARN] [1788937625.336151333] [GIGE2_0]: Failed to load default parameters, some parameters cannot be loaded properly!
[component_container-8] [INFO] [1788937625.336637554] [percipio_device]: color stream: 
[component_container-8] [INFO] [1788937625.336642141] [percipio_device]:         yuyv 2560x1920 2560x1920
[component_container-8] [INFO] [1788937625.336643479] [percipio_device]:         yuyv 1920x1440 1920x1440
[component_container-8] [INFO] [1788937625.336644405] [percipio_device]:         yuyv 1280x960 1280x960
[component_container-8] [INFO] [1788937625.336645411] [percipio_device]:         yuyv 640x480 640x480
[component_container-8] [INFO] [1788937625.336646329] [percipio_device]:         CSI BAYER12GR_2560x1920 2560x1920
[component_container-8] [INFO] [1788937625.336658091] [percipio_device]: depth stream: 
[component_container-8] [INFO] [1788937625.336659449] [percipio_device]:         DEPTH16_640x480 640x480
[component_container-8] [INFO] [1788937625.336660531] [percipio_device]:         DEPTH16_1280x960 1280x960
[component_container-8] [INFO] [1788937625.336661446] [percipio_device]:         DEPTH16_320x240 320x240
[component_container-8] [INFO] [1788937625.336666252] [percipio_device]: left-IR stream: 
[component_container-8] [INFO] [1788937625.336667536] [percipio_device]:         mono8 1280x960 1280x960
[component_container-8] [INFO] [1788937625.336672278] [percipio_device]: right-IR stream: 
[component_container-8] [INFO] [1788937625.336673446] [percipio_device]:         mono8 1280x960 1280x960
[component_container-8] [INFO] [1788937625.336685993] [GIGE2_0]: Depth distortion calib data check ret: 0(0)
[component_container-8] [INFO] [1788937625.336696548] [camera.camera]: Serial number:  207000152740
[component_container-8] [INFO] [1788937625.336712535] [camera.camera]: Model name:     PS800-E1
[component_container-8] [INFO] [1788937625.336714089] [camera.camera]: Build hash:     model:AP03B04-019PS80X_X_X_F107_XXL15_DVP_DF64_FC6;rtl:R0.2.6_0_g26e2cbc085;kernel:R3.13.77-0-gc484756878;tycam:R3.6.49-86ae766a;gevcam:R3.13.77-0-gd613cccf
[component_container-8] [INFO] [1788937625.336716156] [camera.camera]: Config version: r3.16.0-93f90f979a45de38f604fe0b207cb8712a39e7db
[component_container-8] Tue Oct 8 08:46:25 UTC 2024
[component_container-8] [INFO] [1788937625.338463839] [percipio_camera_node]: color camera_info override loaded from /home/mu/Desktop/aubo_e5_jazzy_ws/install/percipio_camera/share/percipio_camera/config/color_camera_info.yaml (camera_name=camera_color)
[component_container-8] [INFO] [1788937625.340058351] [percipio_device]: Set stream mode(Depth): DEPTH16_640x480 640x480
[component_container-8] [INFO] [1788937625.340077237] [percipio_device]: Depth stream scale unit: 0.25
[component_container-8] [INFO] [1788937625.341859665] [percipio_device]: Set stream mode(Texture): yuyv 640x480 640x480
[component_container-8] [INFO] [1788937625.580767041] [percipio_device]: Device now work at continuous mode.
[INFO] [launch_ros.actions.load_composable_nodes]: Loaded node '/camera/camera' in container '/camera/camera_container'
[rviz2-7] [ERROR] [1788937625.868553228] [moveit_1773603923.moveit.ros.motion_planning_frame]: Action server: /recognize_objects not available
[rviz2-7] [INFO] [1788937625.878205457] [moveit_1773603923.moveit.ros.motion_planning_frame]: MoveGroup namespace changed: / -> . Reloading params.
[rviz2-7] [INFO] [1788937625.889679826] [rviz]: Subscribing to: /peach/perception/single_cloud
[rviz2-7] 
[rviz2-7] [INFO] [1788937625.890013699] [rviz]: Subscribing to: /peach/reconstruction/tsdf_cloud
[rviz2-7] 
[rviz2-7] [INFO] [1788937625.890335931] [rviz]: Subscribing to: /peach/reconstruction/tsdf_cloud
[rviz2-7] 
[rviz2-7] [INFO] [1788937625.890639866] [rviz]: Subscribing to: /peach/reconstruction/tsdf_cloud
[rviz2-7] 
[rviz2-7] [INFO] [1788937625.898715982] [rviz]: Subscribing to: /peach/perception/single_cloud
[rviz2-7] 
[rviz2-7] [INFO] [1788937625.898992196] [rviz]: Subscribing to: /peach/reconstruction/tsdf_cloud
[rviz2-7] 
[rviz2-7] [INFO] [1788937625.944162880] [moveit_1773603923.moveit.ros.rdf_loader]: Loaded robot model in 0.00244053 seconds
[rviz2-7] [INFO] [1788937625.944207140] [moveit_1773603923.moveit.core.robot_model]: Loading robot model 'aubo_e5'...
[rviz2-7] [INFO] [1788937625.944216364] [moveit_1773603923.moveit.core.robot_model]: No root/virtual joint specified in SRDF. Assuming fixed joint
[rviz2-7] [INFO] [1788937625.977268134] [moveit_1773603923.moveit.kinematics.kdl_kinematics_plugin]: Joint weights for group 'manipulator_e5': 1 1 1 1 1 1
[rviz2-7] [INFO] [1788937626.082755511] [moveit_1773603923.moveit.ros.planning_scene_monitor]: Publishing maintained planning scene on 'monitored_planning_scene'
[rviz2-7] [INFO] [1788937626.122419425] [rviz2]: Stereo is NOT SUPPORTED
[rviz2-7] [INFO] [1788937626.176187315] [moveit_1773603923.moveit.ros.planning_scene_monitor]: Starting planning scene monitor
[rviz2-7] [INFO] [1788937626.176643493] [moveit_1773603923.moveit.ros.planning_scene_monitor]: Listening to '/monitored_planning_scene'
[rviz2-7] [INFO] [1788937626.265872581] [interactive_marker_display_103469779026784]: Connected on namespace: /rviz_moveit_motion_planning_display/robot_interaction_interactive_marker_topic
[rviz2-7] [INFO] [1788937626.269525504] [moveit_1773603923.moveit.ros.motion_planning_frame]: group manipulator_e5
[rviz2-7] [INFO] [1788937626.269541779] [moveit_1773603923.moveit.ros.motion_planning_frame]: Constructing new MoveGroup connection for group 'manipulator_e5' in namespace ''
[rviz2-7] [INFO] [1788937626.276810001] [moveit_1773603923.moveit.ros.move_group_interface]: Ready to take commands for planning group manipulator_e5.
[rviz2-7] [INFO] [1788937626.281872328] [interactive_marker_display_103469779026784]: Sending request for interactive markers
[rviz2-7] [INFO] [1788937626.313650666] [interactive_marker_display_103469779026784]: Service response received for initialization
[peach_scene_perception_node-10] [INFO] [1788937626.379095562] [peach_scene_perception_node]: CameraInfo K fx=466.175 fy=465.557 cx=326.071 cy=244.789 640x480
[peach_scene_perception_node-10] /home/mu/Desktop/aubo_e5_jazzy_ws/aubo_py3.12/lib/python3.12/site-packages/matplotlib/projections/__init__.py:63: UserWarning: Unable to import Axes3D. This may be due to multiple versions of Matplotlib being installed (e.g. as a system package and as a pip package). As a result, the 3D projection is not available.
[peach_scene_perception_node-10]   warnings.warn("Unable to import Axes3D. This may be due to multiple versions of "
[component_container-8] 1788937622103 (2026-09-09 15:07:02) Update interface list
[component_container-8] 1788937622104 (2026-09-09 15:07:02) Got 4 interface list
[component_container-8] 1788937622104 (2026-09-09 15:07:02) Found interface 0:
[component_container-8] 1788937622104 (2026-09-09 15:07:02)   name: Dpb
[component_container-8] 1788937622104 (2026-09-09 15:07:02)   id:   usb-dpb
[component_container-8] 1788937622104 (2026-09-09 15:07:02)   type: 0x2
[component_container-8] 1788937622104 (2026-09-09 15:07:02) Found interface 1:
[component_container-8] 1788937622104 (2026-09-09 15:07:02)   name: eth-fc:9d:05:6c:6f:a0
[component_container-8] 1788937622104 (2026-09-09 15:07:02)   id:   eth-fc:9d:05:6c:6f:a00b0afea9
[component_container-8] 1788937622104 (2026-09-09 15:07:02)   type: 0x4
[component_container-8] 1788937622104 (2026-09-09 15:07:02)     MAC: fc:9d:05:6c:6f:a0
[component_container-8] 1788937622104 (2026-09-09 15:07:02)     ip: 169.254.10.11
[component_container-8] 1788937622104 (2026-09-09 15:07:02)     netmask: 255.255.0.0
[component_container-8] 1788937622104 (2026-09-09 15:07:02)     gateway: 
[component_container-8] 1788937622104 (2026-09-09 15:07:02)     broadcast: 169.254.255.255
[component_container-8] 1788937622104 (2026-09-09 15:07:02) Found interface 2:
[component_container-8] 1788937622104 (2026-09-09 15:07:02)   name: eth-ec:3a:56:0c:7b:24
[component_container-8] 1788937622104 (2026-09-09 15:07:02)   id:   eth-ec:3a:56:0c:7b:245a02a8c0
[component_container-8] 1788937622104 (2026-09-09 15:07:02)   type: 0x4
[component_container-8] 1788937622104 (2026-09-09 15:07:02)     MAC: ec:3a:56:0c:7b:24
[component_container-8] 1788937622104 (2026-09-09 15:07:02)     ip: 192.168.2.90
[component_container-8] 1788937622104 (2026-09-09 15:07:02)     netmask: 255.255.255.0
[component_container-8] 1788937622104 (2026-09-09 15:07:02)     gateway: 
[component_container-8] 1788937622104 (2026-09-09 15:07:02)     broadcast: 192.168.2.255
[component_container-8] 1788937622104 (2026-09-09 15:07:02) Found interface 3:
[component_container-8] 1788937622104 (2026-09-09 15:07:02)   name: eth-3e:fb:c2:05:17:4a
[component_container-8] 1788937622104 (2026-09-09 15:07:02)   id:   eth-3e:fb:c2:05:17:4a010011ac
[component_container-8] 1788937622104 (2026-09-09 15:07:02)   type: 0x4
[component_container-8] 1788937622104 (2026-09-09 15:07:02)     MAC: 3e:fb:c2:05:17:4a
[component_container-8] 1788937622104 (2026-09-09 15:07:02)     ip: 172.17.0.1
[component_container-8] 1788937622104 (2026-09-09 15:07:02)     netmask: 255.255.0.0
[component_container-8] 1788937622104 (2026-09-09 15:07:02)     gateway: 
[component_container-8] 1788937622104 (2026-09-09 15:07:02)     broadcast: 172.17.255.255
[component_container-8] 1788937625118 (2026-09-09 15:07:05) *** Select 207000152740 on eth-fc:9d:05:6c:6f:a00b0afea9, ip 169.254.10.110
[component_container-8] 1788937625336 (2026-09-09 15:07:05) ===                       : entry count 5
[component_container-8] 1788937625336 (2026-09-09 15:07:05) ===                       : entry count 3
[component_container-8] 1788937625336 (2026-09-09 15:07:05) ===                       : entry count 1
[component_container-8] 1788937625336 (2026-09-09 15:07:05) ===                       : entry count 1
[ros2_control_node-2] 09/09/2026 15:07:02,020 [129486074930880] [INFO ] - log4cplus started.
[ros2_control_node-2] 09/09/2026 15:07:02,020 [129486074930880] [INFO ] - sdk log: Connect robot server success.
[ros2_control_node-2] 09/09/2026 15:07:02,060 [129486074930880] [INFO ] - sdk log: set dhparam success. type:0, DhParam:0.408000,0.376000,0.098500,0.121500,0.102500,0.094000
[ros2_control_node-2] 09/09/2026 15:07:02,060 [129486074930880] [INFO ] - sdk log: login  success.
[ros2_control_node-2] 09/09/2026 15:07:02,078 [129486074930880] [INFO ] - sdk log: enable joint6 360.
[ros2_control_node-2] 09/09/2026 15:07:02,078 [129486074930880] [INFO ] - sdk log: login completed, set joint6 retate 360 falg success. joint6Rot360Enable=1
[ros2_control_node-2] 09/09/2026 15:07:02,078 [129486074930880] [INFO ] - sdk log: Connect robot server success.
[ros2_control_node-2] 09/09/2026 15:07:02,100 [129486074930880] [INFO ] - sdk log: login  success.
[ros2_control_node-2] 09/09/2026 15:07:02,112 [129486074930880] [INFO ] - sdk log: enable joint6 360.
[ros2_control_node-2] 09/09/2026 15:07:02,112 [129486074930880] [INFO ] - sdk log: login completed, set joint6 retate 360 falg success. joint6Rot360Enable=1
[ros2_control_node-2] 09/09/2026 15:07:02,179 [129486074930880] [ERROR] - sdk log: Response return false. cmd Type:CommunicationType_EnterTcp2CanbusMode  errorCode:10023
[ros2_control_node-2] [WARN] [1788937626.882619222] [controller_manager]: Overrun detected! The controller manager missed its desired rate of 200 Hz. The loop took 5.389186 ms (missed cycles : 2).
[peach_scene_perception_node-10] [INFO] [1788937628.580677437] [peach_scene_perception_node]: 目标注册表在册 3 个目标（累计注册 3、累计命中 0）
[peach_target_reconstruction_node-11] [WARN] [1788937631.683779936] [peach_target_reconstruction_node]: 重建 worker 队列已满，拒绝新帧以保持积分顺序
[component_container-8] [INFO] [1788937631.701194536] [percipio_device]: fps = 2.429
[component_container-8] [INFO] [1788937637.472334384] [percipio_device]: fps = 2.42718
[peach_scene_perception_node-10] [INFO] [1788937639.060146205] [peach_scene_perception_node]: 目标注册表在册 3 个目标（累计注册 3、累计命中 78）
[component_container-8] [INFO] [1788937643.236794827] [percipio_device]: fps = 2.42809
[component_container-8] [INFO] [1788937649.003488964] [percipio_device]: fps = 2.42718
[peach_scene_perception_node-10] [INFO] [1788937649.327008525] [peach_scene_perception_node]: 目标注册表在册 3 个目标（累计注册 3、累计命中 150）
[component_container-8] [INFO] [1788937654.777176304] [percipio_device]: fps = 2.42356
[peach_scene_perception_node-10] [INFO] [1788937659.552280419] [peach_scene_perception_node]: 目标注册表在册 3 个目标（累计注册 3、累计命中 222）
[component_container-8] [INFO] [1788937660.544799476] [percipio_device]: fps = 2.42537
[component_container-8] [INFO] [1788937666.312656544] [percipio_device]: fps = 2.42809
[peach_scene_perception_node-10] [INFO] [1788937669.848722219] [peach_scene_perception_node]: 目标注册表在册 3 个目标（累计注册 3、累计命中 297）
[component_container-8] [INFO] [1788937672.086231427] [percipio_device]: fps = 2.42537
[component_container-8] [INFO] [1788937677.850949699] [percipio_device]: fps = 2.43082
[peach_scene_perception_node-10] [INFO] [1788937680.192915833] [peach_scene_perception_node]: 目标注册表在册 3 个目标（累计注册 3、累计命中 372）
[component_container-8] [INFO] [1788937683.615104798] [percipio_device]: fps = 2.42809
[component_container-8] [INFO] [1788937689.385675450] [percipio_device]: fps = 2.42718
[peach_scene_perception_node-10] [INFO] [1788937690.468630720] [peach_scene_perception_node]: 目标注册表在册 3 个目标（累计注册 3、累计命中 432）
[component_container-8] [INFO] [1788937695.154707966] [percipio_device]: fps = 2.42583
[peach_scene_perception_node-10] [INFO] [1788937700.754451262] [peach_scene_perception_node]: 目标注册表在册 3 个目标（累计注册 3、累计命中 507）
[component_container-8] [INFO] [1788937700.925808632] [percipio_device]: fps = 2.42492
[component_container-8] [INFO] [1788937706.693808904] [percipio_device]: fps = 2.42718
[peach_scene_perception_node-10] [INFO] [1788937711.048309024] [peach_scene_perception_node]: 目标注册表在册 3 个目标（累计注册 3、累计命中 582）
[component_container-8] [INFO] [1788937712.459733431] [percipio_device]: fps = 2.42809
[component_container-8] [INFO] [1788937718.227417784] [percipio_device]: fps = 2.42764
[peach_scene_perception_node-10] [INFO] [1788937721.058584501] [peach_scene_perception_node]: 目标注册表在册 3 个目标（累计注册 3、累计命中 651）
[component_container-8] [INFO] [1788937723.995234260] [percipio_device]: fps = 2.42718
[component_container-8] [INFO] [1788937729.764914452] [percipio_device]: fps = 2.42718
[peach_scene_perception_node-10] [INFO] [1788937731.527672746] [peach_scene_perception_node]: 目标注册表在册 3 个目标（累计注册 3、累计命中 726）
[component_container-8] [INFO] [1788937735.536943055] [percipio_device]: fps = 2.42537
[component_container-8] [INFO] [1788937741.304953224] [percipio_device]: fps = 2.42673
[peach_scene_perception_node-10] [INFO] [1788937741.659205952] [peach_scene_perception_node]: 目标注册表在册 3 个目标（累计注册 3、累计命中 801）
[component_container-8] [INFO] [1788937747.079828289] [percipio_device]: fps = 2.42447
[peach_scene_perception_node-10] [INFO] [1788937751.833687986] [peach_scene_perception_node]: 目标注册表在册 3 个目标（累计注册 3、累计命中 876）
[component_container-8] [INFO] [1788937752.838066387] [percipio_device]: fps = 2.429
[component_container-8] [INFO] [1788937758.608931436] [percipio_device]: fps = 2.42854
[peach_scene_perception_node-10] [INFO] [1788937762.206376219] [peach_scene_perception_node]: 目标注册表在册 3 个目标（累计注册 3、累计命中 951）
[component_container-8] [INFO] [1788937764.378852096] [percipio_device]: fps = 2.42583
[component_container-8] [INFO] [1788937770.150398652] [percipio_device]: fps = 2.42402
[peach_scene_perception_node-10] [INFO] [1788937772.462283362] [peach_scene_perception_node]: 目标注册表在册 3 个目标（累计注册 3、累计命中 1026）
[component_container-8] [INFO] [1788937775.917527514] [percipio_device]: fps = 2.42628
[component_container-8] [INFO] [1788937781.688354652] [percipio_device]: fps = 2.42583
[peach_scene_perception_node-10] [INFO] [1788937782.766790177] [peach_scene_perception_node]: 目标注册表在册 3 个目标（累计注册 3、累计命中 1101）
[component_container-8] [INFO] [1788937787.453137764] [percipio_device]: fps = 2.42718
[peach_scene_perception_node-10] [INFO] [1788937793.084174298] [peach_scene_perception_node]: 目标注册表在册 3 个目标（累计注册 3、累计命中 1173）
[component_container-8] [INFO] [1788937793.219600252] [percipio_device]: fps = 2.42718
[component_container-8] [INFO] [1788937798.986768486] [percipio_device]: fps = 2.42673
[peach_scene_perception_node-10] [INFO] [1788937803.648020849] [peach_scene_perception_node]: 目标注册表在册 3 个目标（累计注册 3、累计命中 1248）
[component_container-8] [INFO] [1788937804.761264928] [percipio_device]: fps = 2.42537
[component_container-8] [INFO] [1788937810.528671762] [percipio_device]: fps = 2.42492
[peach_scene_perception_node-10] [INFO] [1788937813.731832879] [peach_scene_perception_node]: 目标注册表在册 3 个目标（累计注册 3、累计命中 1323）
[component_container-8] [INFO] [1788937816.302459121] [percipio_device]: fps = 2.42402
[component_container-8] [INFO] [1788937822.066818744] [percipio_device]: fps = 2.42764
[peach_scene_perception_node-10] [INFO] [1788937823.955556580] [peach_scene_perception_node]: 目标注册表在册 3 个目标（累计注册 3、累计命中 1398）
[component_container-8] [INFO] [1788937827.833134503] [percipio_device]: fps = 2.42945
[component_container-8] [INFO] [1788937833.601246268] [percipio_device]: fps = 2.42718
[peach_scene_perception_node-10] [INFO] [1788937834.113553515] [peach_scene_perception_node]: 目标注册表在册 3 个目标（累计注册 3、累计命中 1470）
[peach_manipulation_node-12] [WARN] [1788937835.660325395] [peach_manipulation_node]: scan.protected_zones 丢弃畸形盒: 盒#0 存在 min>=max 的轴（空盒/退化盒），已丢弃
[peach_manipulation_node-12] [WARN] [1788937839.190941964] [peach_manipulation_node]: scan.protected_zones 丢弃畸形盒: 盒#0 存在 min>=max 的轴（空盒/退化盒），已丢弃
[component_container-8] [INFO] [1788937839.367587613] [percipio_device]: fps = 2.42718
[peach_scene_perception_node-10] [INFO] [1788937844.165340863] [peach_scene_perception_node]: 目标注册表在册 3 个目标（累计注册 3、累计命中 1545）
[component_container-8] [INFO] [1788937845.141131058] [percipio_device]: fps = 2.42402
[peach_manipulation_node-12] [INFO] [1788937847.927634871] [peach_manipulation_node.moveit.ros.move_group_interface]: MoveGroup action client/server ready
[move_group-6] [INFO] [1788937847.928221558] [move_group.moveit.moveit.ros.move_group.move_action]: MoveGroupMoveAction: Received request
[peach_manipulation_node-12] [INFO] [1788937847.928333209] [peach_manipulation_node.moveit.ros.move_group_interface]: Planning request accepted
[move_group-6] [INFO] [1788937847.928407273] [move_group.moveit.moveit.ros.move_group.move_action]: executing..
[move_group-6] [INFO] [1788937847.932568562] [move_group.moveit.moveit.ros.move_group.move_action]: Planning request received for MoveGroup action. Forwarding to planning pipeline.
[move_group-6] [INFO] [1788937847.932599139] [move_group.moveit.moveit.ros.move_group.capability]: Using planning pipeline 'pilz_industrial_motion_planner'
[move_group-6] [INFO] [1788937847.932752333] [move_group]: Calling PlanningRequestAdapter 'ResolveConstraintFrames'
[move_group-6] [INFO] [1788937847.932772835] [move_group]: Calling PlanningRequestAdapter 'ValidateWorkspaceBounds'
[move_group-6] [WARN] [1788937847.932776848] [move_group.moveit.moveit.ros.validate_workspace_bounds]: It looks like the planning volume was not specified. Using default values.
[move_group-6] [INFO] [1788937847.932784492] [move_group]: Calling PlanningRequestAdapter 'CheckStartStateBounds'
[move_group-6] [INFO] [1788937847.932801252] [move_group]: Calling PlanningRequestAdapter 'CheckStartStateCollision'
[move_group-6] [INFO] [1788937847.932974310] [move_group.moveit.moveit.planners.pilz.trajectory_generator.ptp]: Initialized Point-to-Point Trajectory Generator.
[move_group-6] [INFO] [1788937847.932999673] [move_group]: Calling Planner 'Pilz Industrial Motion Planner'
[move_group-6] [INFO] [1788937847.933022952] [move_group.moveit.moveit.planners.pilz.trajectory_generator]: Generating PTP trajectory...
[move_group-6] [INFO] [1788937847.933090514] [move_group.moveit.moveit.planners.pilz.trajectory_generator.ptp]: Goal already reached, set one goal point explicitly.
[move_group-6] [INFO] [1788937847.933186969] [move_group]: Calling PlanningResponseAdapter 'ValidateSolution'
[move_group-6] [INFO] [1788937847.933264065] [move_group]: Calling PlanningResponseAdapter 'DisplayMotionPath'
[move_group-6] [INFO] [1788937847.933333343] [move_group.moveit.moveit.ros.move_group.move_action]: Motion plan was computed successfully.
[peach_manipulation_node-12] [INFO] [1788937847.933471656] [peach_manipulation_node.moveit.ros.move_group_interface]: Planning request complete!
[peach_manipulation_node-12] [INFO] [1788937847.934216953] [peach_manipulation_node.moveit.ros.move_group_interface]: time taken to generate plan: 0.000106704 seconds
[move_group-6] [INFO] [1788937847.934532269] [move_group.moveit.moveit.ros.move_group.clear_octomap_service]: Execution request received
[move_group-6] [INFO] [1788937847.934565784] [move_group.moveit.moveit.plugins.simple_controller_manager]: Returned 1 controllers in list
[move_group-6] [INFO] [1788937847.934580732] [move_group.moveit.moveit.plugins.simple_controller_manager]: Returned 1 controllers in list
[peach_manipulation_node-12] [INFO] [1788937847.934590539] [peach_manipulation_node.moveit.ros.move_group_interface]: Execute request accepted
[move_group-6] [INFO] [1788937847.934649221] [move_group.moveit.moveit.ros.trajectory_execution_manager]: Validating trajectory with allowed_start_tolerance 0.15
[move_group-6] [INFO] [1788937847.937399634] [move_group.moveit.moveit.ros.trajectory_execution_manager]: Starting trajectory execution ...
[move_group-6] [INFO] [1788937847.937440664] [move_group.moveit.moveit.plugins.simple_controller_manager]: Returned 1 controllers in list
[move_group-6] [INFO] [1788937847.937456715] [move_group.moveit.moveit.plugins.simple_controller_manager]: Returned 1 controllers in list
[move_group-6] [INFO] [1788937847.937657393] [moveit.simple_controller_manager.follow_joint_trajectory_controller_handle]: sending trajectory to aubo_passthrough_trajectory_controller
[ros2_control_node-2] [INFO] [1788937847.937952504] [aubo_passthrough_trajectory_controller]: Received new trajectory.
[ros2_control_node-2] [INFO] [1788937847.938045551] [aubo_passthrough_trajectory_controller]: Accepted new trajectory with 1 points.
[ros2_control_node-2] [INFO] [1788937847.938068373] [aubo_passthrough_trajectory_controller]: Effective goal time: 0 sec
[move_group-6] [INFO] [1788937847.938068896] [moveit.simple_controller_manager.follow_joint_trajectory_controller_handle]: aubo_passthrough_trajectory_controller started execution
[move_group-6] [INFO] [1788937847.938080637] [moveit.simple_controller_manager.follow_joint_trajectory_controller_handle]: Goal request accepted!
[ros2_control_node-2] [INFO] [1788937848.212267563] [aubo_passthrough_trajectory_controller]: Trajectory executed successfully (goal-hold confirmed in 0.269988 s).
[move_group-6] [INFO] [1788937848.238348196] [moveit.simple_controller_manager.follow_joint_trajectory_controller_handle]: Controller 'aubo_passthrough_trajectory_controller' successfully finished
[move_group-6] [INFO] [1788937848.252390669] [move_group.moveit.moveit.ros.trajectory_execution_manager]: Completed trajectory execution with status SUCCEEDED ...
[move_group-6] [INFO] [1788937848.252471221] [move_group.moveit.moveit.ros.move_group.clear_octomap_service]: Execution completed: SUCCEEDED
[peach_manipulation_node-12] [INFO] [1788937848.252632817] [peach_manipulation_node.moveit.ros.move_group_interface]: Execute request success!
[peach_manipulation_node-12] [INFO] [1788937848.254287963] [peach_manipulation_node.moveit.ros.current_state_monitor]: Listening to joint states on topic 'joint_states'
[component_container-8] [INFO] [1788937850.906579885] [percipio_device]: fps = 2.42628
[peach_scene_perception_node-10] [INFO] [1788937854.485855227] [peach_scene_perception_node]: 目标注册表在册 4 个目标（累计注册 4、累计命中 1621）
[component_container-8] [INFO] [1788937856.674112240] [percipio_device]: fps = 2.42764
[component_container-8] [INFO] [1788937862.440009701] [percipio_device]: fps = 2.43082
[peach_target_reconstruction_node-11] [INFO] [1788937864.630057305] [peach_target_reconstruction_node]: 已清空，回 IDLE
[peach_scene_perception_node-10] [INFO] [1788937864.803734784] [peach_scene_perception_node]: 目标注册表在册 4 个目标（累计注册 4、累计命中 1717）
[peach_target_reconstruction_node-11] [INFO] [1788937865.491062265] [peach_target_reconstruction_node]: 自动开始：开始重建，绑定目标 target_1
[peach_manipulation_node-12] [INFO] [1788937865.493586358] [peach_manipulation_node]: [PLAN_OBSERVATION] 生成目标导向主动视点
[peach_manipulation_node-12] [INFO] [1788937865.493797783] [peach_manipulation_node]: [WAIT_FRAME] 当前位采帧，不环绕
[peach_target_reconstruction_node-11] [WARN] [1788937865.501938483] [peach_target_reconstruction_node]: 自动采帧跳过 [no_frame]：尚无同步 RGB-D 帧（确认相机/回放在线）
[peach_target_reconstruction_node-11] [INFO] [1788937865.527218904] [peach_target_reconstruction_node]: REFINING：几何二次拟合开始（kind=bag，1363 点）
[peach_target_reconstruction_node-11] [INFO] [1788937865.599329192] [peach_target_reconstruction_node]: REFINING 完成：cylinder status=ACCEPT final=False axis=[-0.4509, 0.2851, 0.8458] diameter=86.5mm
[peach_target_reconstruction_node-11] [INFO] [1788937865.599500102] [peach_target_reconstruction_node]: 已采第 1/5 视角，本帧 4153 点，有效深度占比 0.96，位姿=fk
[peach_target_reconstruction_node-11] [INFO] [1788937865.609003552] [peach_target_reconstruction_node]: 已采第 2/5 视角，本帧 4153 点，有效深度占比 0.96，位姿=fk
[peach_manipulation_node-12] [INFO] [1788937865.858346343] [peach_manipulation_node]: 当前位已采重建帧，不环绕；基线未过再做最多两次最近短移
[peach_manipulation_node-12] [INFO] [1788937865.858498848] [peach_manipulation_node]: [MOVE_TO_VIEW] see_a1_e0_r1 score=0.295874 travel=0.144112m
[peach_manipulation_node-12] [INFO] [1788937865.858694029] [peach_manipulation_node.moveit.ros.move_group_interface]: MoveGroup action client/server ready
[move_group-6] [INFO] [1788937865.858966316] [move_group.moveit.moveit.ros.move_group.move_action]: MoveGroupMoveAction: Received request
[move_group-6] [INFO] [1788937865.859107836] [move_group.moveit.moveit.ros.move_group.move_action]: executing..
[peach_manipulation_node-12] [INFO] [1788937865.859056100] [peach_manipulation_node.moveit.ros.move_group_interface]: Planning request accepted
[move_group-6] [INFO] [1788937865.862372119] [move_group.moveit.moveit.ros.move_group.move_action]: Planning request received for MoveGroup action. Forwarding to planning pipeline.
[move_group-6] [INFO] [1788937865.862400183] [move_group.moveit.moveit.ros.move_group.capability]: Using planning pipeline 'pilz_industrial_motion_planner'
[move_group-6] [INFO] [1788937865.862906880] [move_group]: Calling PlanningRequestAdapter 'ResolveConstraintFrames'
[move_group-6] [INFO] [1788937865.862940033] [move_group]: Calling PlanningRequestAdapter 'ValidateWorkspaceBounds'
[move_group-6] [WARN] [1788937865.862943772] [move_group.moveit.moveit.ros.validate_workspace_bounds]: It looks like the planning volume was not specified. Using default values.
[move_group-6] [INFO] [1788937865.862951463] [move_group]: Calling PlanningRequestAdapter 'CheckStartStateBounds'
[move_group-6] [INFO] [1788937865.862961851] [move_group]: Calling PlanningRequestAdapter 'CheckStartStateCollision'
[move_group-6] [INFO] [1788937865.863064277] [move_group]: Calling Planner 'Pilz Industrial Motion Planner'
[move_group-6] [INFO] [1788937865.863074920] [move_group.moveit.moveit.planners.pilz.trajectory_generator]: Generating LIN trajectory...
[move_group-6] [INFO] [1788937865.863388427] [move_group.moveit.moveit.planners.pilz.trajectory_generator]: using default max_cartesian_speed: 0.250000
[move_group-6] [INFO] [1788937865.865721947] [move_group]: Calling PlanningResponseAdapter 'ValidateSolution'
[move_group-6] [INFO] [1788937865.867199091] [move_group]: Calling PlanningResponseAdapter 'DisplayMotionPath'
[move_group-6] [INFO] [1788937865.867508912] [move_group.moveit.moveit.ros.move_group.move_action]: Motion plan was computed successfully.
[peach_manipulation_node-12] [INFO] [1788937865.867745974] [peach_manipulation_node.moveit.ros.move_group_interface]: Planning request complete!
[peach_manipulation_node-12] [INFO] [1788937865.868268759] [peach_manipulation_node.moveit.ros.move_group_interface]: time taken to generate plan: 0.00259898 seconds
[peach_manipulation_node-12] [INFO] [1788937865.868495935] [peach_manipulation_node.moveit.ros.move_group_interface]: Execute request accepted
[move_group-6] [INFO] [1788937865.868505759] [move_group.moveit.moveit.ros.move_group.clear_octomap_service]: Execution request received
[move_group-6] [INFO] [1788937865.868534573] [move_group.moveit.moveit.plugins.simple_controller_manager]: Returned 1 controllers in list
[move_group-6] [INFO] [1788937865.868545170] [move_group.moveit.moveit.plugins.simple_controller_manager]: Returned 1 controllers in list
[move_group-6] [INFO] [1788937865.868584966] [move_group.moveit.moveit.ros.trajectory_execution_manager]: Validating trajectory with allowed_start_tolerance 0.15
[move_group-6] [INFO] [1788937865.872685658] [move_group.moveit.moveit.ros.trajectory_execution_manager]: Starting trajectory execution ...
[move_group-6] [INFO] [1788937865.872720149] [move_group.moveit.moveit.plugins.simple_controller_manager]: Returned 1 controllers in list
[move_group-6] [INFO] [1788937865.872733282] [move_group.moveit.moveit.plugins.simple_controller_manager]: Returned 1 controllers in list
[move_group-6] [INFO] [1788937865.872953948] [moveit.simple_controller_manager.follow_joint_trajectory_controller_handle]: sending trajectory to aubo_passthrough_trajectory_controller
[ros2_control_node-2] [INFO] [1788937865.873188030] [aubo_passthrough_trajectory_controller]: Received new trajectory.
[ros2_control_node-2] [INFO] [1788937865.873249078] [aubo_passthrough_trajectory_controller]: Accepted new trajectory with 60 points.
[ros2_control_node-2] [INFO] [1788937865.873280817] [aubo_passthrough_trajectory_controller]: Effective goal time: 0 sec
[move_group-6] [INFO] [1788937865.873365059] [moveit.simple_controller_manager.follow_joint_trajectory_controller_handle]: aubo_passthrough_trajectory_controller started execution
[move_group-6] [INFO] [1788937865.873372029] [moveit.simple_controller_manager.follow_joint_trajectory_controller_handle]: Goal request accepted!
[peach_target_reconstruction_node-11] [WARN] [1788937866.597113623] [peach_target_reconstruction_node]: 自动采帧跳过 [robot_not_static]：机器人未静止：最大关节速度 0.4220 rad/s > 0.03
[peach_target_reconstruction_node-11] [WARN] [1788937867.819634473] [peach_target_reconstruction_node]: 自动采帧跳过 [robot_not_static]：机器人未静止：最大关节速度 0.3453 rad/s > 0.03
[component_container-8] [INFO] [1788937868.216437639] [percipio_device]: fps = 2.42537
[peach_target_reconstruction_node-11] [WARN] [1788937869.055835863] [peach_target_reconstruction_node]: 自动采帧跳过 [robot_not_static]：机器人未静止：最大关节速度 0.4635 rad/s > 0.03
[peach_target_reconstruction_node-11] [WARN] [1788937870.280323226] [peach_target_reconstruction_node]: 自动采帧跳过 [robot_not_static]：机器人未静止：最大关节速度 0.6563 rad/s > 0.03
[peach_target_reconstruction_node-11] [WARN] [1788937871.521777546] [peach_target_reconstruction_node]: 自动采帧跳过 [robot_not_static]：机器人未静止：最大关节速度 0.5765 rad/s > 0.03
[peach_target_reconstruction_node-11] [INFO] [1788937871.980889349] [peach_target_reconstruction_node]: REFINING：几何二次拟合开始（kind=bag，1783 点）
[peach_target_reconstruction_node-11] [INFO] [1788937872.096210816] [peach_target_reconstruction_node]: REFINING 完成：cylinder status=ACCEPT final=False axis=[-0.4605, 0.1009, 0.8819] diameter=99.6mm
[peach_target_reconstruction_node-11] [INFO] [1788937872.096735553] [peach_target_reconstruction_node]: 已采第 3/5 视角，本帧 3849 点，有效深度占比 0.95，位姿=fk
[peach_target_reconstruction_node-11] [INFO] [1788937872.114793806] [peach_target_reconstruction_node]: REFINING：几何二次拟合开始（kind=bag，1783 点）
[ros2_control_node-2] [INFO] [1788937872.137251792] [aubo_passthrough_trajectory_controller]: Trajectory executed successfully (goal-hold confirmed in 6.259994 s).
[move_group-6] [INFO] [1788937872.173519721] [moveit.simple_controller_manager.follow_joint_trajectory_controller_handle]: Controller 'aubo_passthrough_trajectory_controller' successfully finished
[move_group-6] [INFO] [1788937872.187303273] [move_group.moveit.moveit.ros.trajectory_execution_manager]: Completed trajectory execution with status SUCCEEDED ...
[move_group-6] [INFO] [1788937872.187366223] [move_group.moveit.moveit.ros.move_group.clear_octomap_service]: Execution completed: SUCCEEDED
[peach_manipulation_node-12] [INFO] [1788937872.187479153] [peach_manipulation_node.moveit.ros.move_group_interface]: Execute request success!
[peach_manipulation_node-12] [INFO] [1788937872.187865880] [peach_manipulation_node]: [WAIT_FRAME] 等待到位后新鲜目标观测与重建帧
[peach_target_reconstruction_node-11] [INFO] [1788937872.194789964] [peach_target_reconstruction_node]: REFINING 完成：cylinder status=ACCEPT final=True axis=[-0.4605, 0.1009, 0.8819] diameter=99.6mm
[peach_target_reconstruction_node-11] [INFO] [1788937872.195240704] [peach_target_reconstruction_node]: 局部重建完成：3 帧，12155 点（少于推荐 5 帧）；重叠 mean=2.0mm p95=8.0mm；TSDF 1783 点 / mesh 3747 顶点（累计积分 0.01s）；refit ACCEPT（袋模型 2 视）
[peach_manipulation_node-12] [INFO] [1788937872.453878943] [peach_manipulation_node]: [FINALIZE] 等待重建精化几何（BuildTargetModel）
[peach_manipulation_node-12] [INFO] [1788937872.454275865] [peach_manipulation_node]: [PLAN_READY] observe_only 周期完成：仅观察与精化验证，未执行靠近/抓取/工具动作
[peach_manipulation_node-12] [INFO] [1788937872.502942450] [peach_manipulation_node]: [PLAN_OBSERVATION] 生成目标导向主动视点
[peach_manipulation_node-12] [INFO] [1788937872.503444157] [peach_manipulation_node]: [FINALIZE] 等待重建精化几何（BuildTargetModel）
[peach_manipulation_node-12] [INFO] [1788937872.503788152] [peach_manipulation_node]: 接触几何（核对方向） target=target_1 entry=[0.254 -0.761 0.579] axis=[-0.460 0.101 0.882] travel=0.114m axis_angle_deg=10.23
[peach_manipulation_node-12] [INFO] [1788937872.503851972] [peach_manipulation_node]: [RECONFIRM] 抓取前再确认：等待新鲜观测复核身份/锚点漂移/摆动平息
[peach_manipulation_node-12] [INFO] [1788937872.861719539] [peach_manipulation_node]: [MTC_APPROACH_INSERT] 拍照位再最短路径到预抓取
[peach_manipulation_node-12] [INFO] [1788937872.861930100] [peach_manipulation_node.moveit.ros.move_group_interface]: MoveGroup action client/server ready
[move_group-6] [INFO] [1788937872.862075691] [move_group.moveit.moveit.ros.move_group.move_action]: MoveGroupMoveAction: Received request
[move_group-6] [INFO] [1788937872.862263870] [move_group.moveit.moveit.ros.move_group.move_action]: executing..
[peach_manipulation_node-12] [INFO] [1788937872.862291647] [peach_manipulation_node.moveit.ros.move_group_interface]: Planning request accepted
[move_group-6] [INFO] [1788937872.867697009] [move_group.moveit.moveit.ros.move_group.move_action]: Planning request received for MoveGroup action. Forwarding to planning pipeline.
[move_group-6] [INFO] [1788937872.867732843] [move_group.moveit.moveit.ros.move_group.capability]: Using planning pipeline 'pilz_industrial_motion_planner'
[move_group-6] [INFO] [1788937872.867797125] [move_group]: Calling PlanningRequestAdapter 'ResolveConstraintFrames'
[move_group-6] [INFO] [1788937872.867809366] [move_group]: Calling PlanningRequestAdapter 'ValidateWorkspaceBounds'
[move_group-6] [WARN] [1788937872.867812043] [move_group.moveit.moveit.ros.validate_workspace_bounds]: It looks like the planning volume was not specified. Using default values.
[move_group-6] [INFO] [1788937872.867818756] [move_group]: Calling PlanningRequestAdapter 'CheckStartStateBounds'
[move_group-6] [INFO] [1788937872.867828873] [move_group]: Calling PlanningRequestAdapter 'CheckStartStateCollision'
[move_group-6] [INFO] [1788937872.867918768] [move_group.moveit.moveit.planners.pilz.trajectory_generator.ptp]: Initialized Point-to-Point Trajectory Generator.
[move_group-6] [INFO] [1788937872.867933951] [move_group]: Calling Planner 'Pilz Industrial Motion Planner'
[move_group-6] [INFO] [1788937872.867941038] [move_group.moveit.moveit.planners.pilz.trajectory_generator]: Generating PTP trajectory...
[move_group-6] [INFO] [1788937872.868078123] [move_group]: Calling PlanningResponseAdapter 'ValidateSolution'
[move_group-6] [INFO] [1788937872.868722600] [move_group]: Calling PlanningResponseAdapter 'DisplayMotionPath'
[move_group-6] [INFO] [1788937872.868808893] [move_group.moveit.moveit.ros.move_group.move_action]: Motion plan was computed successfully.
[peach_manipulation_node-12] [INFO] [1788937872.868960967] [peach_manipulation_node.moveit.ros.move_group_interface]: Planning request complete!
[peach_manipulation_node-12] [INFO] [1788937872.869490903] [peach_manipulation_node.moveit.ros.move_group_interface]: time taken to generate plan: 0.000106017 seconds
[move_group-6] [INFO] [1788937872.869889479] [move_group.moveit.moveit.ros.move_group.clear_octomap_service]: Execution request received
[move_group-6] [INFO] [1788937872.869914784] [move_group.moveit.moveit.plugins.simple_controller_manager]: Returned 1 controllers in list
[move_group-6] [INFO] [1788937872.869925074] [move_group.moveit.moveit.plugins.simple_controller_manager]: Returned 1 controllers in list
[move_group-6] [INFO] [1788937872.869960703] [move_group.moveit.moveit.ros.trajectory_execution_manager]: Validating trajectory with allowed_start_tolerance 0.15
[peach_manipulation_node-12] [INFO] [1788937872.870114211] [peach_manipulation_node.moveit.ros.move_group_interface]: Execute request accepted
[move_group-6] [INFO] [1788937872.872618495] [move_group.moveit.moveit.ros.trajectory_execution_manager]: Starting trajectory execution ...
[move_group-6] [INFO] [1788937872.872655077] [move_group.moveit.moveit.plugins.simple_controller_manager]: Returned 1 controllers in list
[move_group-6] [INFO] [1788937872.872667080] [move_group.moveit.moveit.plugins.simple_controller_manager]: Returned 1 controllers in list
[move_group-6] [INFO] [1788937872.872838266] [moveit.simple_controller_manager.follow_joint_trajectory_controller_handle]: sending trajectory to aubo_passthrough_trajectory_controller
[ros2_control_node-2] [INFO] [1788937872.872989758] [aubo_passthrough_trajectory_controller]: Received new trajectory.
[ros2_control_node-2] [INFO] [1788937872.873042278] [aubo_passthrough_trajectory_controller]: Accepted new trajectory with 32 points.
[ros2_control_node-2] [INFO] [1788937872.873061050] [aubo_passthrough_trajectory_controller]: Effective goal time: 0 sec
[move_group-6] [INFO] [1788937872.873078559] [moveit.simple_controller_manager.follow_joint_trajectory_controller_handle]: aubo_passthrough_trajectory_controller started execution
[move_group-6] [INFO] [1788937872.873085013] [moveit.simple_controller_manager.follow_joint_trajectory_controller_handle]: Goal request accepted!
[component_container-8] [INFO] [1788937873.981040055] [percipio_device]: fps = 2.42447
[peach_scene_perception_node-10] [INFO] [1788937874.925256107] [peach_scene_perception_node]: 目标注册表在册 4 个目标（累计注册 4、累计命中 1742）
[ros2_control_node-2] [INFO] [1788937876.412267914] [aubo_passthrough_trajectory_controller]: Trajectory executed successfully (goal-hold confirmed in 3.534982 s).
[move_group-6] [INFO] [1788937876.423520149] [moveit.simple_controller_manager.follow_joint_trajectory_controller_handle]: Controller 'aubo_passthrough_trajectory_controller' successfully finished
[move_group-6] [INFO] [1788937876.437517533] [move_group.moveit.moveit.ros.trajectory_execution_manager]: Completed trajectory execution with status SUCCEEDED ...
[move_group-6] [INFO] [1788937876.437798697] [move_group.moveit.moveit.ros.move_group.clear_octomap_service]: Execution completed: SUCCEEDED
[peach_manipulation_node-12] [INFO] [1788937876.437934669] [peach_manipulation_node.moveit.ros.move_group_interface]: Execute request success!
[peach_manipulation_node-12] [INFO] [1788937876.442709792] [peach_manipulation_node]: 预抓取从拍照位出发: 已到达全局拍照位姿
[peach_manipulation_node-12] [INFO] [1788937876.442750124] [peach_manipulation_node]: 接近：距入口 0.546m 轴向 -0.145m 侧向 0.527m 夹角 26.9° 扫角 105.4° 半径 0.546m 沿轴LIN 0.030m 原语 LIN-align+LIN
[peach_manipulation_node-12] [WARN] [1788937876.443001032] [rcl.logging_rosout]: Publisher already registered for node name: 'peach_manipulation_node'. If this is due to multiple nodes with the same name then all logs for the logger named 'peach_manipulation_node' will go out over the existing publisher. As soon as any node with that name is destructed it will unregister the publisher, preventing any further logs for that name from being published on the rosout topic.
[peach_manipulation_node-12] [INFO] [1788937876.453068748] [peach_manipulation_node.moveit.ros.rdf_loader]: Loaded robot model in 0.00128608 seconds
[peach_manipulation_node-12] [INFO] [1788937876.453092864] [peach_manipulation_node.moveit.core.robot_model]: Loading robot model 'aubo_e5'...
[peach_manipulation_node-12] [INFO] [1788937876.453097789] [peach_manipulation_node.moveit.core.robot_model]: No root/virtual joint specified in SRDF. Assuming fixed joint
[peach_manipulation_node-12] [INFO] [1788937876.484299410] [peach_manipulation_node.moveit.kinematics.kdl_kinematics_plugin]: Joint weights for group 'manipulator_e5': 1 1 1 1 1 1
[peach_manipulation_node-12] [WARN] [1788937876.490447568] [rcl.logging_rosout]: Publisher already registered for node name: 'peach_manipulation_node'. If this is due to multiple nodes with the same name then all logs for the logger named 'peach_manipulation_node' will go out over the existing publisher. As soon as any node with that name is destructed it will unregister the publisher, preventing any further logs for that name from being published on the rosout topic.
[peach_manipulation_node-12] [INFO] [1788937876.506456352] [peach_manipulation_node.moveit.planners.pilz.joint_limits_aggregator]: Reading limits from namespace robot_description_planning
[peach_manipulation_node-12] [INFO] [1788937876.507068590] [peach_manipulation_node.moveit.planners.pilz.command_planner]: Available plugins: pilz_industrial_motion_planner/PlanningContextLoaderCIRC pilz_industrial_motion_planner/PlanningContextLoaderLIN pilz_industrial_motion_planner/PlanningContextLoaderPTP pilz_industrial_motion_planner/PlanningContextLoaderPolyline 
[peach_manipulation_node-12] [INFO] [1788937876.507095855] [peach_manipulation_node.moveit.planners.pilz.command_planner]: About to load: pilz_industrial_motion_planner/PlanningContextLoaderCIRC
[peach_manipulation_node-12] [INFO] [1788937876.508097664] [peach_manipulation_node.moveit.planners.pilz.command_planner]: Registered Algorithm [CIRC]
[peach_manipulation_node-12] [INFO] [1788937876.508106586] [peach_manipulation_node.moveit.planners.pilz.command_planner]: About to load: pilz_industrial_motion_planner/PlanningContextLoaderLIN
[peach_manipulation_node-12] [INFO] [1788937876.508680186] [peach_manipulation_node.moveit.planners.pilz.command_planner]: Registered Algorithm [LIN]
[peach_manipulation_node-12] [INFO] [1788937876.508685931] [peach_manipulation_node.moveit.planners.pilz.command_planner]: About to load: pilz_industrial_motion_planner/PlanningContextLoaderPTP
[peach_manipulation_node-12] [INFO] [1788937876.509218033] [peach_manipulation_node.moveit.planners.pilz.command_planner]: Registered Algorithm [PTP]
[peach_manipulation_node-12] [INFO] [1788937876.509223307] [peach_manipulation_node.moveit.planners.pilz.command_planner]: About to load: pilz_industrial_motion_planner/PlanningContextLoaderPolyline
[peach_manipulation_node-12] [INFO] [1788937876.509760043] [peach_manipulation_node.moveit.planners.pilz.command_planner]: Registered Algorithm [POLYLINE]
[peach_manipulation_node-12] [INFO] [1788937876.509766660] [peach_manipulation_node.moveit.ros.planning_pipeline]: Successfully loaded planner 'Pilz Industrial Motion Planner'
[peach_manipulation_node-12] [INFO] [1788937876.511103727] [peach_manipulation_node]: Try loading adapter 'default_planning_request_adapters/ResolveConstraintFrames'
[peach_manipulation_node-12] [INFO] [1788937876.511690184] [peach_manipulation_node]: Loaded adapter 'default_planning_request_adapters/ResolveConstraintFrames'
[peach_manipulation_node-12] [INFO] [1788937876.511695092] [peach_manipulation_node]: Try loading adapter 'default_planning_request_adapters/ValidateWorkspaceBounds'
[peach_manipulation_node-12] [INFO] [1788937876.511738573] [peach_manipulation_node]: Loaded adapter 'default_planning_request_adapters/ValidateWorkspaceBounds'
[peach_manipulation_node-12] [INFO] [1788937876.511740925] [peach_manipulation_node]: Try loading adapter 'default_planning_request_adapters/CheckStartStateBounds'
[peach_manipulation_node-12] [INFO] [1788937876.511748184] [peach_manipulation_node]: Loaded adapter 'default_planning_request_adapters/CheckStartStateBounds'
[peach_manipulation_node-12] [INFO] [1788937876.511749892] [peach_manipulation_node]: Try loading adapter 'default_planning_request_adapters/CheckStartStateCollision'
[peach_manipulation_node-12] [INFO] [1788937876.511757267] [peach_manipulation_node]: Loaded adapter 'default_planning_request_adapters/CheckStartStateCollision'
[peach_manipulation_node-12] [INFO] [1788937876.513056063] [peach_manipulation_node]: Try loading adapter 'default_planning_response_adapters/ValidateSolution'
[peach_manipulation_node-12] [INFO] [1788937876.514655006] [peach_manipulation_node]: Loaded adapter 'default_planning_response_adapters/ValidateSolution'
[peach_manipulation_node-12] [INFO] [1788937876.514664423] [peach_manipulation_node]: Try loading adapter 'default_planning_response_adapters/DisplayMotionPath'
[peach_manipulation_node-12] [INFO] [1788937876.515251490] [peach_manipulation_node]: Loaded adapter 'default_planning_response_adapters/DisplayMotionPath'
[peach_manipulation_node-12] [INFO] [1788937876.516964311] [peach_manipulation_node.moveit.planners.pilz.joint_limits_aggregator]: Reading limits from namespace robot_description_planning
[peach_manipulation_node-12] [INFO] [1788937876.517326791] [peach_manipulation_node.moveit.planners.pilz.command_planner]: Available plugins: pilz_industrial_motion_planner/PlanningContextLoaderCIRC pilz_industrial_motion_planner/PlanningContextLoaderLIN pilz_industrial_motion_planner/PlanningContextLoaderPTP pilz_industrial_motion_planner/PlanningContextLoaderPolyline 
[peach_manipulation_node-12] [INFO] [1788937876.517333509] [peach_manipulation_node.moveit.planners.pilz.command_planner]: About to load: pilz_industrial_motion_planner/PlanningContextLoaderCIRC
[peach_manipulation_node-12] [INFO] [1788937876.517416311] [peach_manipulation_node.moveit.planners.pilz.command_planner]: Registered Algorithm [CIRC]
[peach_manipulation_node-12] [INFO] [1788937876.517420140] [peach_manipulation_node.moveit.planners.pilz.command_planner]: About to load: pilz_industrial_motion_planner/PlanningContextLoaderLIN
[peach_manipulation_node-12] [INFO] [1788937876.517499204] [peach_manipulation_node.moveit.planners.pilz.command_planner]: Registered Algorithm [LIN]
[peach_manipulation_node-12] [INFO] [1788937876.517502423] [peach_manipulation_node.moveit.planners.pilz.command_planner]: About to load: pilz_industrial_motion_planner/PlanningContextLoaderPTP
[peach_manipulation_node-12] [INFO] [1788937876.517589697] [peach_manipulation_node.moveit.planners.pilz.command_planner]: Registered Algorithm [PTP]
[peach_manipulation_node-12] [INFO] [1788937876.517592908] [peach_manipulation_node.moveit.planners.pilz.command_planner]: About to load: pilz_industrial_motion_planner/PlanningContextLoaderPolyline
[peach_manipulation_node-12] [INFO] [1788937876.517672808] [peach_manipulation_node.moveit.planners.pilz.command_planner]: Registered Algorithm [POLYLINE]
[peach_manipulation_node-12] [INFO] [1788937876.517676304] [peach_manipulation_node.moveit.ros.planning_pipeline]: Successfully loaded planner 'Pilz Industrial Motion Planner'
[peach_manipulation_node-12] [INFO] [1788937876.518908906] [peach_manipulation_node]: Try loading adapter 'default_planning_request_adapters/ResolveConstraintFrames'
[peach_manipulation_node-12] [INFO] [1788937876.519012418] [peach_manipulation_node]: Loaded adapter 'default_planning_request_adapters/ResolveConstraintFrames'
[peach_manipulation_node-12] [INFO] [1788937876.519014622] [peach_manipulation_node]: Try loading adapter 'default_planning_request_adapters/ValidateWorkspaceBounds'
[peach_manipulation_node-12] [INFO] [1788937876.519024921] [peach_manipulation_node]: Loaded adapter 'default_planning_request_adapters/ValidateWorkspaceBounds'
[peach_manipulation_node-12] [INFO] [1788937876.519026855] [peach_manipulation_node]: Try loading adapter 'default_planning_request_adapters/CheckStartStateBounds'
[peach_manipulation_node-12] [INFO] [1788937876.519033849] [peach_manipulation_node]: Loaded adapter 'default_planning_request_adapters/CheckStartStateBounds'
[peach_manipulation_node-12] [INFO] [1788937876.519035582] [peach_manipulation_node]: Try loading adapter 'default_planning_request_adapters/CheckStartStateCollision'
[peach_manipulation_node-12] [INFO] [1788937876.519040318] [peach_manipulation_node]: Loaded adapter 'default_planning_request_adapters/CheckStartStateCollision'
[peach_manipulation_node-12] [INFO] [1788937876.520336496] [peach_manipulation_node]: Try loading adapter 'default_planning_response_adapters/ValidateSolution'
[peach_manipulation_node-12] [INFO] [1788937876.520822998] [peach_manipulation_node]: Loaded adapter 'default_planning_response_adapters/ValidateSolution'
[peach_manipulation_node-12] [INFO] [1788937876.520830876] [peach_manipulation_node]: Try loading adapter 'default_planning_response_adapters/DisplayMotionPath'
[peach_manipulation_node-12] [INFO] [1788937876.521173052] [peach_manipulation_node]: Loaded adapter 'default_planning_response_adapters/DisplayMotionPath'
[peach_manipulation_node-12] [WARN] [1788937876.621008965] [rcl.logging_rosout]: Publisher already registered for node name: 'peach_manipulation_node'. If this is due to multiple nodes with the same name then all logs for the logger named 'peach_manipulation_node' will go out over the existing publisher. As soon as any node with that name is destructed it will unregister the publisher, preventing any further logs for that name from being published on the rosout topic.
[peach_manipulation_node-12] [INFO] [1788937876.630265558] [peach_manipulation_node]: Calling PlanningRequestAdapter 'ResolveConstraintFrames'
[peach_manipulation_node-12] [INFO] [1788937876.630359703] [peach_manipulation_node]: Calling PlanningRequestAdapter 'ValidateWorkspaceBounds'
[peach_manipulation_node-12] [WARN] [1788937876.630363715] [peach_manipulation_node.moveit.ros.validate_workspace_bounds]: It looks like the planning volume was not specified. Using default values.
[peach_manipulation_node-12] [INFO] [1788937876.630373938] [peach_manipulation_node]: Calling PlanningRequestAdapter 'CheckStartStateBounds'
[peach_manipulation_node-12] [INFO] [1788937876.630389377] [peach_manipulation_node]: Calling PlanningRequestAdapter 'CheckStartStateCollision'
[peach_manipulation_node-12] [INFO] [1788937876.630565913] [peach_manipulation_node]: Calling Planner 'Pilz Industrial Motion Planner'
[peach_manipulation_node-12] [INFO] [1788937876.630587554] [peach_manipulation_node.moveit.planners.pilz.trajectory_generator]: Generating LIN trajectory...
[peach_manipulation_node-12] [INFO] [1788937876.630833492] [peach_manipulation_node.moveit.planners.pilz.trajectory_generator]: using default max_cartesian_speed: 0.250000
[peach_manipulation_node-12] [INFO] [1788937876.633049251] [peach_manipulation_node]: Calling PlanningResponseAdapter 'ValidateSolution'
[peach_manipulation_node-12] [INFO] [1788937876.634592992] [peach_manipulation_node]: Calling PlanningResponseAdapter 'DisplayMotionPath'
[peach_manipulation_node-12] [INFO] [1788937876.634999484] [peach_manipulation_node]: Calling PlanningRequestAdapter 'ResolveConstraintFrames'
[peach_manipulation_node-12] [INFO] [1788937876.635036377] [peach_manipulation_node]: Calling PlanningRequestAdapter 'ValidateWorkspaceBounds'
[peach_manipulation_node-12] [WARN] [1788937876.635053244] [peach_manipulation_node.moveit.ros.validate_workspace_bounds]: It looks like the planning volume was not specified. Using default values.
[peach_manipulation_node-12] [INFO] [1788937876.635064557] [peach_manipulation_node]: Calling PlanningRequestAdapter 'CheckStartStateBounds'
[peach_manipulation_node-12] [INFO] [1788937876.635084901] [peach_manipulation_node]: Calling PlanningRequestAdapter 'CheckStartStateCollision'
[peach_manipulation_node-12] [INFO] [1788937876.635160564] [peach_manipulation_node]: Calling Planner 'Pilz Industrial Motion Planner'
[peach_manipulation_node-12] [INFO] [1788937876.635165669] [peach_manipulation_node.moveit.planners.pilz.trajectory_generator]: Generating LIN trajectory...
[peach_manipulation_node-12] [INFO] [1788937876.636858678] [peach_manipulation_node.moveit.core.moveit_collision_detection_fcl]: Found a contact between 'camera_body_link' (type 'Robot link') and 'foreArm_Link' (type 'Robot link'), which constitutes a collision. Contact information is not stored.
[peach_manipulation_node-12] [INFO] [1788937876.636869497] [peach_manipulation_node.moveit.core.moveit_collision_detection_fcl]: Collision checking is considered complete (collision was found and 0 contacts are stored)
[peach_manipulation_node-12] [INFO] [1788937876.637086480] [peach_manipulation_node.moveit.planners.pilz.trajectory_generator]: using default max_cartesian_speed: 0.250000
[peach_manipulation_node-12] [ERROR] [1788937876.647739828] [peach_manipulation_node.pilz_trajectory_functions]: Joint velocity limit of foreArm_joint violated. Set the velocity scaling factor lower! Actual joint velocity is 4.21744, while the limit is 2.5964. 
[peach_manipulation_node-12] [ERROR] [1788937876.647767609] [peach_manipulation_node.pilz_trajectory_functions]: Inverse kinematics solution at 8.5s violates the joint velocity/acceleration/deceleration limits.
[peach_manipulation_node-12] [ERROR] [1788937876.647802773] [peach_manipulation_node.moveit.planners.pilz.trajectory_generator]: Failed to generate valid joint trajectory from the Cartesian path
[peach_manipulation_node-12] [ERROR] [1788937876.647856559] [peach_manipulation_node]: Planner 'Pilz Industrial Motion Planner' failed with error code PLANNING_FAILED
[peach_manipulation_node-12] [INFO] [1788937876.651991636] [peach_manipulation_node]: 直线/短弧接近失败（MTC planning failed: Failing stage(s):
[peach_manipulation_node-12] lin to on-axis pregrasp (0/1): ），改走绕保持球笛卡尔走廊
[peach_manipulation_node-12] [INFO] [1788937876.659017535] [peach_manipulation_node.moveit.ros.rdf_loader]: Loaded robot model in 0.00124654 seconds
[peach_manipulation_node-12] [INFO] [1788937876.659041417] [peach_manipulation_node.moveit.core.robot_model]: Loading robot model 'aubo_e5'...
[peach_manipulation_node-12] [INFO] [1788937876.659046423] [peach_manipulation_node.moveit.core.robot_model]: No root/virtual joint specified in SRDF. Assuming fixed joint
[peach_manipulation_node-12] [INFO] [1788937876.686467104] [peach_manipulation_node.moveit.kinematics.kdl_kinematics_plugin]: Joint weights for group 'manipulator_e5': 1 1 1 1 1 1
[peach_manipulation_node-12] [INFO] [1788937876.686559214] [peach_manipulation_node]: 绕保持球笛卡尔走廊: 4 段, 起止距离 0.594 m, 后撤 0.130 m
[peach_manipulation_node-12] [INFO] [1788937876.697210453] [peach_manipulation_node.moveit.planners.pilz.joint_limits_aggregator]: Reading limits from namespace robot_description_planning
[peach_manipulation_node-12] [INFO] [1788937876.697595477] [peach_manipulation_node.moveit.planners.pilz.command_planner]: Available plugins: pilz_industrial_motion_planner/PlanningContextLoaderCIRC pilz_industrial_motion_planner/PlanningContextLoaderLIN pilz_industrial_motion_planner/PlanningContextLoaderPTP pilz_industrial_motion_planner/PlanningContextLoaderPolyline 
[peach_manipulation_node-12] [INFO] [1788937876.697603261] [peach_manipulation_node.moveit.planners.pilz.command_planner]: About to load: pilz_industrial_motion_planner/PlanningContextLoaderCIRC
[peach_manipulation_node-12] [INFO] [1788937876.697696807] [peach_manipulation_node.moveit.planners.pilz.command_planner]: Registered Algorithm [CIRC]
[peach_manipulation_node-12] [INFO] [1788937876.697701291] [peach_manipulation_node.moveit.planners.pilz.command_planner]: About to load: pilz_industrial_motion_planner/PlanningContextLoaderLIN
[peach_manipulation_node-12] [INFO] [1788937876.697786320] [peach_manipulation_node.moveit.planners.pilz.command_planner]: Registered Algorithm [LIN]
[peach_manipulation_node-12] [INFO] [1788937876.697789877] [peach_manipulation_node.moveit.planners.pilz.command_planner]: About to load: pilz_industrial_motion_planner/PlanningContextLoaderPTP
[peach_manipulation_node-12] [INFO] [1788937876.697877638] [peach_manipulation_node.moveit.planners.pilz.command_planner]: Registered Algorithm [PTP]
[peach_manipulation_node-12] [INFO] [1788937876.697881504] [peach_manipulation_node.moveit.planners.pilz.command_planner]: About to load: pilz_industrial_motion_planner/PlanningContextLoaderPolyline
[peach_manipulation_node-12] [INFO] [1788937876.697964136] [peach_manipulation_node.moveit.planners.pilz.command_planner]: Registered Algorithm [POLYLINE]
[peach_manipulation_node-12] [INFO] [1788937876.697969957] [peach_manipulation_node.moveit.ros.planning_pipeline]: Successfully loaded planner 'Pilz Industrial Motion Planner'
[peach_manipulation_node-12] [INFO] [1788937876.699211085] [peach_manipulation_node]: Try loading adapter 'default_planning_request_adapters/ResolveConstraintFrames'
[peach_manipulation_node-12] [INFO] [1788937876.699334650] [peach_manipulation_node]: Loaded adapter 'default_planning_request_adapters/ResolveConstraintFrames'
[peach_manipulation_node-12] [INFO] [1788937876.699337063] [peach_manipulation_node]: Try loading adapter 'default_planning_request_adapters/ValidateWorkspaceBounds'
[peach_manipulation_node-12] [INFO] [1788937876.699348970] [peach_manipulation_node]: Loaded adapter 'default_planning_request_adapters/ValidateWorkspaceBounds'
[peach_manipulation_node-12] [INFO] [1788937876.699350989] [peach_manipulation_node]: Try loading adapter 'default_planning_request_adapters/CheckStartStateBounds'
[peach_manipulation_node-12] [INFO] [1788937876.699358405] [peach_manipulation_node]: Loaded adapter 'default_planning_request_adapters/CheckStartStateBounds'
[peach_manipulation_node-12] [INFO] [1788937876.699360112] [peach_manipulation_node]: Try loading adapter 'default_planning_request_adapters/CheckStartStateCollision'
[peach_manipulation_node-12] [INFO] [1788937876.699364949] [peach_manipulation_node]: Loaded adapter 'default_planning_request_adapters/CheckStartStateCollision'
[peach_manipulation_node-12] [INFO] [1788937876.700585642] [peach_manipulation_node]: Try loading adapter 'default_planning_response_adapters/ValidateSolution'
[peach_manipulation_node-12] [INFO] [1788937876.701005712] [peach_manipulation_node]: Loaded adapter 'default_planning_response_adapters/ValidateSolution'
[peach_manipulation_node-12] [INFO] [1788937876.701012737] [peach_manipulation_node]: Try loading adapter 'default_planning_response_adapters/DisplayMotionPath'
[peach_manipulation_node-12] [INFO] [1788937876.701237446] [peach_manipulation_node]: Loaded adapter 'default_planning_response_adapters/DisplayMotionPath'
[peach_manipulation_node-12] [INFO] [1788937876.702806669] [peach_manipulation_node.moveit.planners.pilz.joint_limits_aggregator]: Reading limits from namespace robot_description_planning
[peach_manipulation_node-12] [INFO] [1788937876.703145101] [peach_manipulation_node.moveit.planners.pilz.command_planner]: Available plugins: pilz_industrial_motion_planner/PlanningContextLoaderCIRC pilz_industrial_motion_planner/PlanningContextLoaderLIN pilz_industrial_motion_planner/PlanningContextLoaderPTP pilz_industrial_motion_planner/PlanningContextLoaderPolyline 
[peach_manipulation_node-12] [INFO] [1788937876.703151163] [peach_manipulation_node.moveit.planners.pilz.command_planner]: About to load: pilz_industrial_motion_planner/PlanningContextLoaderCIRC
[peach_manipulation_node-12] [INFO] [1788937876.703235140] [peach_manipulation_node.moveit.planners.pilz.command_planner]: Registered Algorithm [CIRC]
[peach_manipulation_node-12] [INFO] [1788937876.703238999] [peach_manipulation_node.moveit.planners.pilz.command_planner]: About to load: pilz_industrial_motion_planner/PlanningContextLoaderLIN
[peach_manipulation_node-12] [INFO] [1788937876.703318327] [peach_manipulation_node.moveit.planners.pilz.command_planner]: Registered Algorithm [LIN]
[peach_manipulation_node-12] [INFO] [1788937876.703321951] [peach_manipulation_node.moveit.planners.pilz.command_planner]: About to load: pilz_industrial_motion_planner/PlanningContextLoaderPTP
[peach_manipulation_node-12] [INFO] [1788937876.703400497] [peach_manipulation_node.moveit.planners.pilz.command_planner]: Registered Algorithm [PTP]
[peach_manipulation_node-12] [INFO] [1788937876.703404014] [peach_manipulation_node.moveit.planners.pilz.command_planner]: About to load: pilz_industrial_motion_planner/PlanningContextLoaderPolyline
[peach_manipulation_node-12] [INFO] [1788937876.703482769] [peach_manipulation_node.moveit.planners.pilz.command_planner]: Registered Algorithm [POLYLINE]
[peach_manipulation_node-12] [INFO] [1788937876.703486971] [peach_manipulation_node.moveit.ros.planning_pipeline]: Successfully loaded planner 'Pilz Industrial Motion Planner'
[peach_manipulation_node-12] [INFO] [1788937876.704709717] [peach_manipulation_node]: Try loading adapter 'default_planning_request_adapters/ResolveConstraintFrames'
[peach_manipulation_node-12] [INFO] [1788937876.704819403] [peach_manipulation_node]: Loaded adapter 'default_planning_request_adapters/ResolveConstraintFrames'
[peach_manipulation_node-12] [INFO] [1788937876.704821575] [peach_manipulation_node]: Try loading adapter 'default_planning_request_adapters/ValidateWorkspaceBounds'
[peach_manipulation_node-12] [INFO] [1788937876.704831523] [peach_manipulation_node]: Loaded adapter 'default_planning_request_adapters/ValidateWorkspaceBounds'
[peach_manipulation_node-12] [INFO] [1788937876.704833267] [peach_manipulation_node]: Try loading adapter 'default_planning_request_adapters/CheckStartStateBounds'
[peach_manipulation_node-12] [INFO] [1788937876.704840454] [peach_manipulation_node]: Loaded adapter 'default_planning_request_adapters/CheckStartStateBounds'
[peach_manipulation_node-12] [INFO] [1788937876.704842218] [peach_manipulation_node]: Try loading adapter 'default_planning_request_adapters/CheckStartStateCollision'
[peach_manipulation_node-12] [INFO] [1788937876.704847112] [peach_manipulation_node]: Loaded adapter 'default_planning_request_adapters/CheckStartStateCollision'
[peach_manipulation_node-12] [INFO] [1788937876.706072912] [peach_manipulation_node]: Try loading adapter 'default_planning_response_adapters/ValidateSolution'
[peach_manipulation_node-12] [INFO] [1788937876.706439231] [peach_manipulation_node]: Loaded adapter 'default_planning_response_adapters/ValidateSolution'
[peach_manipulation_node-12] [INFO] [1788937876.706445170] [peach_manipulation_node]: Try loading adapter 'default_planning_response_adapters/DisplayMotionPath'
[peach_manipulation_node-12] [INFO] [1788937876.706629316] [peach_manipulation_node]: Loaded adapter 'default_planning_response_adapters/DisplayMotionPath'
[peach_manipulation_node-12] [INFO] [1788937876.708171301] [peach_manipulation_node.moveit.planners.pilz.joint_limits_aggregator]: Reading limits from namespace robot_description_planning
[peach_manipulation_node-12] [INFO] [1788937876.708505114] [peach_manipulation_node.moveit.planners.pilz.command_planner]: Available plugins: pilz_industrial_motion_planner/PlanningContextLoaderCIRC pilz_industrial_motion_planner/PlanningContextLoaderLIN pilz_industrial_motion_planner/PlanningContextLoaderPTP pilz_industrial_motion_planner/PlanningContextLoaderPolyline 
[peach_manipulation_node-12] [INFO] [1788937876.708512701] [peach_manipulation_node.moveit.planners.pilz.command_planner]: About to load: pilz_industrial_motion_planner/PlanningContextLoaderCIRC
[peach_manipulation_node-12] [INFO] [1788937876.708604460] [peach_manipulation_node.moveit.planners.pilz.command_planner]: Registered Algorithm [CIRC]
[peach_manipulation_node-12] [INFO] [1788937876.708608726] [peach_manipulation_node.moveit.planners.pilz.command_planner]: About to load: pilz_industrial_motion_planner/PlanningContextLoaderLIN
[peach_manipulation_node-12] [INFO] [1788937876.708687380] [peach_manipulation_node.moveit.planners.pilz.command_planner]: Registered Algorithm [LIN]
[peach_manipulation_node-12] [INFO] [1788937876.708690964] [peach_manipulation_node.moveit.planners.pilz.command_planner]: About to load: pilz_industrial_motion_planner/PlanningContextLoaderPTP
[peach_manipulation_node-12] [INFO] [1788937876.708769169] [peach_manipulation_node.moveit.planners.pilz.command_planner]: Registered Algorithm [PTP]
[peach_manipulation_node-12] [INFO] [1788937876.708772408] [peach_manipulation_node.moveit.planners.pilz.command_planner]: About to load: pilz_industrial_motion_planner/PlanningContextLoaderPolyline
[peach_manipulation_node-12] [INFO] [1788937876.708850669] [peach_manipulation_node.moveit.planners.pilz.command_planner]: Registered Algorithm [POLYLINE]
[peach_manipulation_node-12] [INFO] [1788937876.708855044] [peach_manipulation_node.moveit.ros.planning_pipeline]: Successfully loaded planner 'Pilz Industrial Motion Planner'
[peach_manipulation_node-12] [INFO] [1788937876.710076897] [peach_manipulation_node]: Try loading adapter 'default_planning_request_adapters/ResolveConstraintFrames'
[peach_manipulation_node-12] [INFO] [1788937876.710185656] [peach_manipulation_node]: Loaded adapter 'default_planning_request_adapters/ResolveConstraintFrames'
[peach_manipulation_node-12] [INFO] [1788937876.710189530] [peach_manipulation_node]: Try loading adapter 'default_planning_request_adapters/ValidateWorkspaceBounds'
[peach_manipulation_node-12] [INFO] [1788937876.710199320] [peach_manipulation_node]: Loaded adapter 'default_planning_request_adapters/ValidateWorkspaceBounds'
[peach_manipulation_node-12] [INFO] [1788937876.710201621] [peach_manipulation_node]: Try loading adapter 'default_planning_request_adapters/CheckStartStateBounds'
[peach_manipulation_node-12] [INFO] [1788937876.710208422] [peach_manipulation_node]: Loaded adapter 'default_planning_request_adapters/CheckStartStateBounds'
[peach_manipulation_node-12] [INFO] [1788937876.710210278] [peach_manipulation_node]: Try loading adapter 'default_planning_request_adapters/CheckStartStateCollision'
[peach_manipulation_node-12] [INFO] [1788937876.710215077] [peach_manipulation_node]: Loaded adapter 'default_planning_request_adapters/CheckStartStateCollision'
[peach_manipulation_node-12] [INFO] [1788937876.711436647] [peach_manipulation_node]: Try loading adapter 'default_planning_response_adapters/ValidateSolution'
[peach_manipulation_node-12] [INFO] [1788937876.711806885] [peach_manipulation_node]: Loaded adapter 'default_planning_response_adapters/ValidateSolution'
[peach_manipulation_node-12] [INFO] [1788937876.711812553] [peach_manipulation_node]: Try loading adapter 'default_planning_response_adapters/DisplayMotionPath'
[peach_manipulation_node-12] [INFO] [1788937876.711999022] [peach_manipulation_node]: Loaded adapter 'default_planning_response_adapters/DisplayMotionPath'
[peach_manipulation_node-12] [INFO] [1788937876.713515263] [peach_manipulation_node.moveit.planners.pilz.joint_limits_aggregator]: Reading limits from namespace robot_description_planning
[peach_manipulation_node-12] [INFO] [1788937876.713846342] [peach_manipulation_node.moveit.planners.pilz.command_planner]: Available plugins: pilz_industrial_motion_planner/PlanningContextLoaderCIRC pilz_industrial_motion_planner/PlanningContextLoaderLIN pilz_industrial_motion_planner/PlanningContextLoaderPTP pilz_industrial_motion_planner/PlanningContextLoaderPolyline 
[peach_manipulation_node-12] [INFO] [1788937876.713852442] [peach_manipulation_node.moveit.planners.pilz.command_planner]: About to load: pilz_industrial_motion_planner/PlanningContextLoaderCIRC
[peach_manipulation_node-12] [INFO] [1788937876.713933052] [peach_manipulation_node.moveit.planners.pilz.command_planner]: Registered Algorithm [CIRC]
[peach_manipulation_node-12] [INFO] [1788937876.713936930] [peach_manipulation_node.moveit.planners.pilz.command_planner]: About to load: pilz_industrial_motion_planner/PlanningContextLoaderLIN
[peach_manipulation_node-12] [INFO] [1788937876.714014966] [peach_manipulation_node.moveit.planners.pilz.command_planner]: Registered Algorithm [LIN]
[peach_manipulation_node-12] [INFO] [1788937876.714018524] [peach_manipulation_node.moveit.planners.pilz.command_planner]: About to load: pilz_industrial_motion_planner/PlanningContextLoaderPTP
[peach_manipulation_node-12] [INFO] [1788937876.714096239] [peach_manipulation_node.moveit.planners.pilz.command_planner]: Registered Algorithm [PTP]
[peach_manipulation_node-12] [INFO] [1788937876.714107973] [peach_manipulation_node.moveit.planners.pilz.command_planner]: About to load: pilz_industrial_motion_planner/PlanningContextLoaderPolyline
[peach_manipulation_node-12] [INFO] [1788937876.714189121] [peach_manipulation_node.moveit.planners.pilz.command_planner]: Registered Algorithm [POLYLINE]
[peach_manipulation_node-12] [INFO] [1788937876.714193176] [peach_manipulation_node.moveit.ros.planning_pipeline]: Successfully loaded planner 'Pilz Industrial Motion Planner'
[peach_manipulation_node-12] [INFO] [1788937876.715418867] [peach_manipulation_node]: Try loading adapter 'default_planning_request_adapters/ResolveConstraintFrames'
[peach_manipulation_node-12] [INFO] [1788937876.715520846] [peach_manipulation_node]: Loaded adapter 'default_planning_request_adapters/ResolveConstraintFrames'
[peach_manipulation_node-12] [INFO] [1788937876.715524673] [peach_manipulation_node]: Try loading adapter 'default_planning_request_adapters/ValidateWorkspaceBounds'
[peach_manipulation_node-12] [INFO] [1788937876.715533878] [peach_manipulation_node]: Loaded adapter 'default_planning_request_adapters/ValidateWorkspaceBounds'
[peach_manipulation_node-12] [INFO] [1788937876.715535711] [peach_manipulation_node]: Try loading adapter 'default_planning_request_adapters/CheckStartStateBounds'
[peach_manipulation_node-12] [INFO] [1788937876.715542776] [peach_manipulation_node]: Loaded adapter 'default_planning_request_adapters/CheckStartStateBounds'
[peach_manipulation_node-12] [INFO] [1788937876.715544749] [peach_manipulation_node]: Try loading adapter 'default_planning_request_adapters/CheckStartStateCollision'
[peach_manipulation_node-12] [INFO] [1788937876.715549574] [peach_manipulation_node]: Loaded adapter 'default_planning_request_adapters/CheckStartStateCollision'
[peach_manipulation_node-12] [INFO] [1788937876.716768090] [peach_manipulation_node]: Try loading adapter 'default_planning_response_adapters/ValidateSolution'
[peach_manipulation_node-12] [INFO] [1788937876.717063850] [peach_manipulation_node]: Loaded adapter 'default_planning_response_adapters/ValidateSolution'
[peach_manipulation_node-12] [INFO] [1788937876.717068999] [peach_manipulation_node]: Try loading adapter 'default_planning_response_adapters/DisplayMotionPath'
[peach_manipulation_node-12] [INFO] [1788937876.717233765] [peach_manipulation_node]: Loaded adapter 'default_planning_response_adapters/DisplayMotionPath'
[peach_manipulation_node-12] [INFO] [1788937876.718787742] [peach_manipulation_node.moveit.planners.pilz.joint_limits_aggregator]: Reading limits from namespace robot_description_planning
[peach_manipulation_node-12] [INFO] [1788937876.719120710] [peach_manipulation_node.moveit.planners.pilz.command_planner]: Available plugins: pilz_industrial_motion_planner/PlanningContextLoaderCIRC pilz_industrial_motion_planner/PlanningContextLoaderLIN pilz_industrial_motion_planner/PlanningContextLoaderPTP pilz_industrial_motion_planner/PlanningContextLoaderPolyline 
[peach_manipulation_node-12] [INFO] [1788937876.719127486] [peach_manipulation_node.moveit.planners.pilz.command_planner]: About to load: pilz_industrial_motion_planner/PlanningContextLoaderCIRC
[peach_manipulation_node-12] [INFO] [1788937876.719211269] [peach_manipulation_node.moveit.planners.pilz.command_planner]: Registered Algorithm [CIRC]
[peach_manipulation_node-12] [INFO] [1788937876.719215791] [peach_manipulation_node.moveit.planners.pilz.command_planner]: About to load: pilz_industrial_motion_planner/PlanningContextLoaderLIN
[peach_manipulation_node-12] [INFO] [1788937876.719295056] [peach_manipulation_node.moveit.planners.pilz.command_planner]: Registered Algorithm [LIN]
[peach_manipulation_node-12] [INFO] [1788937876.719298313] [peach_manipulation_node.moveit.planners.pilz.command_planner]: About to load: pilz_industrial_motion_planner/PlanningContextLoaderPTP
[peach_manipulation_node-12] [INFO] [1788937876.719376857] [peach_manipulation_node.moveit.planners.pilz.command_planner]: Registered Algorithm [PTP]
[peach_manipulation_node-12] [INFO] [1788937876.719380224] [peach_manipulation_node.moveit.planners.pilz.command_planner]: About to load: pilz_industrial_motion_planner/PlanningContextLoaderPolyline
[peach_manipulation_node-12] [INFO] [1788937876.719458683] [peach_manipulation_node.moveit.planners.pilz.command_planner]: Registered Algorithm [POLYLINE]
[peach_manipulation_node-12] [INFO] [1788937876.719462881] [peach_manipulation_node.moveit.ros.planning_pipeline]: Successfully loaded planner 'Pilz Industrial Motion Planner'
[peach_manipulation_node-12] [INFO] [1788937876.720688373] [peach_manipulation_node]: Try loading adapter 'default_planning_request_adapters/ResolveConstraintFrames'
[peach_manipulation_node-12] [INFO] [1788937876.720798081] [peach_manipulation_node]: Loaded adapter 'default_planning_request_adapters/ResolveConstraintFrames'
[peach_manipulation_node-12] [INFO] [1788937876.720810359] [peach_manipulation_node]: Try loading adapter 'default_planning_request_adapters/ValidateWorkspaceBounds'
[peach_manipulation_node-12] [INFO] [1788937876.720822139] [peach_manipulation_node]: Loaded adapter 'default_planning_request_adapters/ValidateWorkspaceBounds'
[peach_manipulation_node-12] [INFO] [1788937876.720823995] [peach_manipulation_node]: Try loading adapter 'default_planning_request_adapters/CheckStartStateBounds'
[peach_manipulation_node-12] [INFO] [1788937876.720830804] [peach_manipulation_node]: Loaded adapter 'default_planning_request_adapters/CheckStartStateBounds'
[peach_manipulation_node-12] [INFO] [1788937876.720832617] [peach_manipulation_node]: Try loading adapter 'default_planning_request_adapters/CheckStartStateCollision'
[peach_manipulation_node-12] [INFO] [1788937876.720837000] [peach_manipulation_node]: Loaded adapter 'default_planning_request_adapters/CheckStartStateCollision'
[peach_manipulation_node-12] [INFO] [1788937876.722066889] [peach_manipulation_node]: Try loading adapter 'default_planning_response_adapters/ValidateSolution'
[peach_manipulation_node-12] [INFO] [1788937876.722543061] [peach_manipulation_node]: Loaded adapter 'default_planning_response_adapters/ValidateSolution'
[peach_manipulation_node-12] [INFO] [1788937876.722550725] [peach_manipulation_node]: Try loading adapter 'default_planning_response_adapters/DisplayMotionPath'
[peach_manipulation_node-12] [INFO] [1788937876.722755016] [peach_manipulation_node]: Loaded adapter 'default_planning_response_adapters/DisplayMotionPath'
[peach_manipulation_node-12] [WARN] [1788937876.822150409] [rcl.logging_rosout]: Publisher already registered for node name: 'peach_manipulation_node'. If this is due to multiple nodes with the same name then all logs for the logger named 'peach_manipulation_node' will go out over the existing publisher. As soon as any node with that name is destructed it will unregister the publisher, preventing any further logs for that name from being published on the rosout topic.
[peach_manipulation_node-12]   0  - ←   0 →   -  0 / task pipeline
[peach_manipulation_node-12]     1  - ←   1 →   -  1 / current robot state
[peach_manipulation_node-12]     -  1 →   0 →   -  0 / approach to pregrasp
[peach_manipulation_node-12]       -  0 →   1 →   -  0 / lin align tool z
[peach_manipulation_node-12]       -  0 →   0 →   -  0 / lin to on-axis pregrasp
[peach_manipulation_node-12] Failing stage(s):
[peach_manipulation_node-12] lin to on-axis pregrasp (0/1): 
[peach_manipulation_node-12] [INFO] [1788937876.829334517] [peach_manipulation_node]: Calling PlanningRequestAdapter 'ResolveConstraintFrames'
[peach_manipulation_node-12] [INFO] [1788937876.829390345] [peach_manipulation_node]: Calling PlanningRequestAdapter 'ValidateWorkspaceBounds'
[peach_manipulation_node-12] [WARN] [1788937876.829392978] [peach_manipulation_node.moveit.ros.validate_workspace_bounds]: It looks like the planning volume was not specified. Using default values.
[peach_manipulation_node-12] [INFO] [1788937876.829402326] [peach_manipulation_node]: Calling PlanningRequestAdapter 'CheckStartStateBounds'
[peach_manipulation_node-12] [INFO] [1788937876.829430964] [peach_manipulation_node]: Calling PlanningRequestAdapter 'CheckStartStateCollision'
[peach_manipulation_node-12] [INFO] [1788937876.829524431] [peach_manipulation_node]: Calling Planner 'Pilz Industrial Motion Planner'
[peach_manipulation_node-12] [INFO] [1788937876.829529496] [peach_manipulation_node.moveit.planners.pilz.trajectory_generator]: Generating LIN trajectory...
[peach_manipulation_node-12] [INFO] [1788937876.829684715] [peach_manipulation_node.moveit.planners.pilz.trajectory_generator]: using default max_cartesian_speed: 0.250000
[peach_manipulation_node-12] [INFO] [1788937876.831344781] [peach_manipulation_node]: Calling PlanningResponseAdapter 'ValidateSolution'
[peach_manipulation_node-12] [INFO] [1788937876.832415928] [peach_manipulation_node]: Calling PlanningResponseAdapter 'DisplayMotionPath'
[peach_manipulation_node-12] [INFO] [1788937876.832702973] [peach_manipulation_node]: Calling PlanningRequestAdapter 'ResolveConstraintFrames'
[peach_manipulation_node-12] [INFO] [1788937876.832726757] [peach_manipulation_node]: Calling PlanningRequestAdapter 'ValidateWorkspaceBounds'
[peach_manipulation_node-12] [WARN] [1788937876.832728782] [peach_manipulation_node.moveit.ros.validate_workspace_bounds]: It looks like the planning volume was not specified. Using default values.
[peach_manipulation_node-12] [INFO] [1788937876.832737195] [peach_manipulation_node]: Calling PlanningRequestAdapter 'CheckStartStateBounds'
[peach_manipulation_node-12] [INFO] [1788937876.832748567] [peach_manipulation_node]: Calling PlanningRequestAdapter 'CheckStartStateCollision'
[peach_manipulation_node-12] [INFO] [1788937876.832840263] [peach_manipulation_node]: Calling Planner 'Pilz Industrial Motion Planner'
[peach_manipulation_node-12] [INFO] [1788937876.832846897] [peach_manipulation_node.moveit.planners.pilz.trajectory_generator]: Generating LIN trajectory...
[peach_manipulation_node-12] [INFO] [1788937876.833536977] [peach_manipulation_node.moveit.core.moveit_collision_detection_fcl]: Found a contact between 'table_link' (type 'Robot link') and 'foreArm_Link' (type 'Robot link'), which constitutes a collision. Contact information is not stored.
[peach_manipulation_node-12] [INFO] [1788937876.833543608] [peach_manipulation_node.moveit.core.moveit_collision_detection_fcl]: Collision checking is considered complete (collision was found and 0 contacts are stored)
[peach_manipulation_node-12] [INFO] [1788937876.833810802] [peach_manipulation_node.moveit.core.moveit_collision_detection_fcl]: Found a contact between 'table_link' (type 'Robot link') and 'foreArm_Link' (type 'Robot link'), which constitutes a collision. Contact information is not stored.
[peach_manipulation_node-12] [INFO] [1788937876.833813178] [peach_manipulation_node.moveit.core.moveit_collision_detection_fcl]: Collision checking is considered complete (collision was found and 0 contacts are stored)
[peach_manipulation_node-12] [INFO] [1788937876.836838968] [peach_manipulation_node.moveit.core.moveit_collision_detection_fcl]: Found a contact between 'table_link' (type 'Robot link') and 'foreArm_Link' (type 'Robot link'), which constitutes a collision. Contact information is not stored.
[peach_manipulation_node-12] [INFO] [1788937876.836842243] [peach_manipulation_node.moveit.core.moveit_collision_detection_fcl]: Collision checking is considered complete (collision was found and 0 contacts are stored)
[peach_manipulation_node-12] [INFO] [1788937876.837537869] [peach_manipulation_node.moveit.core.moveit_collision_detection_fcl]: Found a contact between 'table_link' (type 'Robot link') and 'foreArm_Link' (type 'Robot link'), which constitutes a collision. Contact information is not stored.
[peach_manipulation_node-12] [INFO] [1788937876.837540698] [peach_manipulation_node.moveit.core.moveit_collision_detection_fcl]: Collision checking is considered complete (collision was found and 0 contacts are stored)
[peach_manipulation_node-12] [INFO] [1788937876.837916954] [peach_manipulation_node.moveit.core.moveit_collision_detection_fcl]: Found a contact between 'camera_body_link' (type 'Robot link') and 'wrist1_Link' (type 'Robot link'), which constitutes a collision. Contact information is not stored.
[peach_manipulation_node-12] [INFO] [1788937876.837932028] [peach_manipulation_node.moveit.core.moveit_collision_detection_fcl]: Collision checking is considered complete (collision was found and 0 contacts are stored)
[peach_manipulation_node-12] [INFO] [1788937876.838655393] [peach_manipulation_node.moveit.planners.pilz.trajectory_generator]: using default max_cartesian_speed: 0.250000
[peach_manipulation_node-12] [ERROR] [1788937876.838892930] [peach_manipulation_node.pilz_trajectory_functions]: Joint acceleration limit of wrist1_joint violated. Set the acceleration scaling factor lower! Actual joint acceleration is -3.92116, while the limit is 3. 
[peach_manipulation_node-12] [ERROR] [1788937876.838898807] [peach_manipulation_node.pilz_trajectory_functions]: Inverse kinematics solution at 0.9s violates the joint velocity/acceleration/deceleration limits.
[peach_manipulation_node-12] [ERROR] [1788937876.838918614] [peach_manipulation_node.moveit.planners.pilz.trajectory_generator]: Failed to generate valid joint trajectory from the Cartesian path
[peach_manipulation_node-12] [ERROR] [1788937876.838939636] [peach_manipulation_node]: Planner 'Pilz Industrial Motion Planner' failed with error code PLANNING_FAILED
[peach_manipulation_node-12] [INFO] [1788937876.843260500] [peach_manipulation_node]: [FAILED] 到预抓取失败: MTC planning failed: Failing stage(s):
[peach_manipulation_node-12] cartesian corridor 2/4 (0/1): 
[peach_manipulation_node-12] [INFO] [1788937876.843297711] [peach_manipulation_node]: [FAILED] 到预抓取失败: MTC planning failed: Failing stage(s):
[peach_manipulation_node-12] cartesian corridor 2/4 (0/1): 
[peach_manipulation_node-12] [INFO] [1788937876.919802135] [peach_manipulation_node.moveit.ros.move_group_interface]: MoveGroup action client/server ready
[move_group-6] [INFO] [1788937876.919982017] [move_group.moveit.moveit.ros.move_group.move_action]: MoveGroupMoveAction: Received request
[peach_manipulation_node-12] [INFO] [1788937876.920085632] [peach_manipulation_node.moveit.ros.move_group_interface]: Planning request accepted
[move_group-6] [INFO] [1788937876.920108628] [move_group.moveit.moveit.ros.move_group.move_action]: executing..
[move_group-6] [INFO] [1788937876.922548399] [move_group.moveit.moveit.ros.move_group.move_action]: Planning request received for MoveGroup action. Forwarding to planning pipeline.
[move_group-6] [INFO] [1788937876.922567873] [move_group.moveit.moveit.ros.move_group.capability]: Using planning pipeline 'pilz_industrial_motion_planner'
[move_group-6] [INFO] [1788937876.922894783] [move_group]: Calling PlanningRequestAdapter 'ResolveConstraintFrames'
[move_group-6] [INFO] [1788937876.922906045] [move_group]: Calling PlanningRequestAdapter 'ValidateWorkspaceBounds'
[move_group-6] [WARN] [1788937876.922908179] [move_group.moveit.moveit.ros.validate_workspace_bounds]: It looks like the planning volume was not specified. Using default values.
[move_group-6] [INFO] [1788937876.922913484] [move_group]: Calling PlanningRequestAdapter 'CheckStartStateBounds'
[move_group-6] [INFO] [1788937876.922921417] [move_group]: Calling PlanningRequestAdapter 'CheckStartStateCollision'
[move_group-6] [INFO] [1788937876.922994483] [move_group.moveit.moveit.planners.pilz.trajectory_generator.ptp]: Initialized Point-to-Point Trajectory Generator.
[move_group-6] [INFO] [1788937876.923006764] [move_group]: Calling Planner 'Pilz Industrial Motion Planner'
[move_group-6] [INFO] [1788937876.923012247] [move_group.moveit.moveit.planners.pilz.trajectory_generator]: Generating PTP trajectory...
[move_group-6] [INFO] [1788937876.923031287] [move_group.moveit.moveit.planners.pilz.trajectory_generator.ptp]: Goal already reached, set one goal point explicitly.
[move_group-6] [INFO] [1788937876.923056662] [move_group]: Calling PlanningResponseAdapter 'ValidateSolution'
[move_group-6] [INFO] [1788937876.923095700] [move_group]: Calling PlanningResponseAdapter 'DisplayMotionPath'
[move_group-6] [INFO] [1788937876.923127640] [move_group.moveit.moveit.ros.move_group.move_action]: Motion plan was computed successfully.
[peach_manipulation_node-12] [INFO] [1788937876.923173740] [peach_manipulation_node.moveit.ros.move_group_interface]: Planning request complete!
[peach_manipulation_node-12] [INFO] [1788937876.923294362] [peach_manipulation_node.moveit.ros.move_group_interface]: time taken to generate plan: 2.7785e-05 seconds
[peach_manipulation_node-12] [INFO] [1788937876.923683681] [peach_manipulation_node.moveit.ros.move_group_interface]: Execute request accepted
[move_group-6] [INFO] [1788937876.923796075] [move_group.moveit.moveit.ros.move_group.clear_octomap_service]: Execution request received
[move_group-6] [INFO] [1788937876.923897346] [move_group.moveit.moveit.plugins.simple_controller_manager]: Returned 1 controllers in list
[move_group-6] [INFO] [1788937876.923978081] [move_group.moveit.moveit.plugins.simple_controller_manager]: Returned 1 controllers in list
[move_group-6] [INFO] [1788937876.924080640] [move_group.moveit.moveit.ros.trajectory_execution_manager]: Validating trajectory with allowed_start_tolerance 0.15
[move_group-6] [INFO] [1788937876.927324450] [move_group.moveit.moveit.ros.trajectory_execution_manager]: Starting trajectory execution ...
[move_group-6] [INFO] [1788937876.927358795] [move_group.moveit.moveit.plugins.simple_controller_manager]: Returned 1 controllers in list
[move_group-6] [INFO] [1788937876.927370982] [move_group.moveit.moveit.plugins.simple_controller_manager]: Returned 1 controllers in list
[move_group-6] [INFO] [1788937876.927539644] [moveit.simple_controller_manager.follow_joint_trajectory_controller_handle]: sending trajectory to aubo_passthrough_trajectory_controller
[ros2_control_node-2] [INFO] [1788937876.927609045] [aubo_passthrough_trajectory_controller]: Received new trajectory.
[ros2_control_node-2] [INFO] [1788937876.927659467] [aubo_passthrough_trajectory_controller]: Accepted new trajectory with 1 points.
[ros2_control_node-2] [INFO] [1788937876.927674633] [aubo_passthrough_trajectory_controller]: Effective goal time: 0 sec
[move_group-6] [INFO] [1788937876.927694680] [moveit.simple_controller_manager.follow_joint_trajectory_controller_handle]: aubo_passthrough_trajectory_controller started execution
[move_group-6] [INFO] [1788937876.927701396] [moveit.simple_controller_manager.follow_joint_trajectory_controller_handle]: Goal request accepted!
[ros2_control_node-2] [INFO] [1788937877.192393371] [aubo_passthrough_trajectory_controller]: Trajectory executed successfully (goal-hold confirmed in 0.260141 s).
[move_group-6] [INFO] [1788937877.228005673] [moveit.simple_controller_manager.follow_joint_trajectory_controller_handle]: Controller 'aubo_passthrough_trajectory_controller' successfully finished
[move_group-6] [INFO] [1788937877.242810384] [move_group.moveit.moveit.ros.trajectory_execution_manager]: Completed trajectory execution with status SUCCEEDED ...
[move_group-6] [INFO] [1788937877.242965023] [move_group.moveit.moveit.ros.move_group.clear_octomap_service]: Execution completed: SUCCEEDED
[peach_manipulation_node-12] [INFO] [1788937877.243345642] [peach_manipulation_node.moveit.ros.move_group_interface]: Execute request success!
[peach_target_reconstruction_node-11] [INFO] [1788937879.113842715] [peach_target_reconstruction_node]: 跟随计划切换重建目标: target_1 -> （空）（放弃 READY 会话）
[component_container-8] [INFO] [1788937879.753137045] [percipio_device]: fps = 2.42311
[peach_manipulation_node-12]   0  - ←   0 →   -  0 / task pipeline
[peach_manipulation_node-12]     1  - ←   1 →   -  1 / current robot state
[peach_manipulation_node-12]     -  1 →   0 →   -  0 / cartesian corridor
[peach_manipulation_node-12]       -  0 →   1 →   -  0 / cartesian corridor 1/4
[peach_manipulation_node-12]       -  0 →   0 →   -  0 / cartesian corridor 2/4
[peach_manipulation_node-12]       -  0 →   0 →   -  0 / cartesian corridor 3/4
[peach_manipulation_node-12]       -  0 →   0 →   -  0 / cartesian corridor 4/4
[peach_manipulation_node-12]       -  0 →   0 →   -  0 / lin to on-axis pregrasp
[peach_manipulation_node-12] Failing stage(s):
[peach_manipulation_node-12] cartesian corridor 2/4 (0/1): 
[peach_target_reconstruction_node-11] [INFO] [1788937884.862094329] [peach_target_reconstruction_node]: 已清空，回 IDLE
[peach_target_reconstruction_node-11] [INFO] [1788937884.864010574] [peach_target_reconstruction_node]: 自动开始：开始重建，绑定目标 target_2
[peach_manipulation_node-12] [WARN] [1788937884.864302577] [peach_manipulation_node]: 忽略非当前目标的 grasp_decision: expected=target_1 actual=target_2
[peach_manipulation_node-12] [INFO] [1788937884.865199271] [peach_manipulation_node]: [PLAN_OBSERVATION] 生成目标导向主动视点
[peach_manipulation_node-12] [INFO] [1788937884.865394633] [peach_manipulation_node]: [WAIT_FRAME] 当前位采帧，不环绕
[peach_target_reconstruction_node-11] [WARN] [1788937884.887010444] [peach_target_reconstruction_node]: 自动采帧跳过 [no_frame]：尚无同步 RGB-D 帧（确认相机/回放在线）
[peach_scene_perception_node-10] [INFO] [1788937885.223336514] [peach_scene_perception_node]: 目标注册表在册 4 个目标（累计注册 4、累计命中 1786）
[peach_target_reconstruction_node-11] [INFO] [1788937885.258540036] [peach_target_reconstruction_node]: REFINING：几何二次拟合开始（kind=bag，707 点）
[peach_target_reconstruction_node-11] [INFO] [1788937885.355021895] [peach_target_reconstruction_node]: REFINING 完成：cylinder status=ACCEPT final=False axis=[0.1016, -0.3582, 0.9281] diameter=71.3mm
[peach_target_reconstruction_node-11] [INFO] [1788937885.355195714] [peach_target_reconstruction_node]: 已采第 1/5 视角，本帧 2542 点，有效深度占比 0.91，位姿=fk
[peach_manipulation_node-12] [INFO] [1788937885.356105375] [peach_manipulation_node]: 当前位已采重建帧，不环绕；基线未过再做最多两次最近短移
[peach_manipulation_node-12] [INFO] [1788937885.356257972] [peach_manipulation_node]: [MOVE_TO_VIEW] see_a1_e0_r1 score=0.273648 travel=0.148357m
[peach_manipulation_node-12] [INFO] [1788937885.356424432] [peach_manipulation_node.moveit.ros.move_group_interface]: MoveGroup action client/server ready
[move_group-6] [INFO] [1788937885.356588712] [move_group.moveit.moveit.ros.move_group.move_action]: MoveGroupMoveAction: Received request
[move_group-6] [INFO] [1788937885.356700278] [move_group.moveit.moveit.ros.move_group.move_action]: executing..
[peach_manipulation_node-12] [INFO] [1788937885.356822852] [peach_manipulation_node.moveit.ros.move_group_interface]: Planning request accepted
[move_group-6] [INFO] [1788937885.357389016] [move_group.moveit.moveit.ros.move_group.move_action]: Planning request received for MoveGroup action. Forwarding to planning pipeline.
[move_group-6] [INFO] [1788937885.357403918] [move_group.moveit.moveit.ros.move_group.capability]: Using planning pipeline 'pilz_industrial_motion_planner'
[move_group-6] [INFO] [1788937885.357480037] [move_group]: Calling PlanningRequestAdapter 'ResolveConstraintFrames'
[move_group-6] [INFO] [1788937885.357503578] [move_group]: Calling PlanningRequestAdapter 'ValidateWorkspaceBounds'
[move_group-6] [WARN] [1788937885.357505929] [move_group.moveit.moveit.ros.validate_workspace_bounds]: It looks like the planning volume was not specified. Using default values.
[move_group-6] [INFO] [1788937885.357511724] [move_group]: Calling PlanningRequestAdapter 'CheckStartStateBounds'
[move_group-6] [INFO] [1788937885.357520744] [move_group]: Calling PlanningRequestAdapter 'CheckStartStateCollision'
[move_group-6] [INFO] [1788937885.357603644] [move_group]: Calling Planner 'Pilz Industrial Motion Planner'
[move_group-6] [INFO] [1788937885.357609582] [move_group.moveit.moveit.planners.pilz.trajectory_generator]: Generating LIN trajectory...
[move_group-6] [INFO] [1788937885.357795773] [move_group.moveit.moveit.planners.pilz.trajectory_generator]: using default max_cartesian_speed: 0.250000
[move_group-6] [INFO] [1788937885.361293600] [move_group]: Calling PlanningResponseAdapter 'ValidateSolution'
[move_group-6] [INFO] [1788937885.363222747] [move_group]: Calling PlanningResponseAdapter 'DisplayMotionPath'
[move_group-6] [INFO] [1788937885.363347611] [move_group.moveit.moveit.ros.move_group.move_action]: Motion plan was computed successfully.
[peach_manipulation_node-12] [INFO] [1788937885.363645749] [peach_manipulation_node.moveit.ros.move_group_interface]: Planning request complete!
[peach_manipulation_node-12] [INFO] [1788937885.363947631] [peach_manipulation_node.moveit.ros.move_group_interface]: time taken to generate plan: 0.00361908 seconds
[move_group-6] [INFO] [1788937885.364408128] [move_group.moveit.moveit.ros.move_group.clear_octomap_service]: Execution request received
[move_group-6] [INFO] [1788937885.364444957] [move_group.moveit.moveit.plugins.simple_controller_manager]: Returned 1 controllers in list
[move_group-6] [INFO] [1788937885.364455622] [move_group.moveit.moveit.plugins.simple_controller_manager]: Returned 1 controllers in list
[move_group-6] [INFO] [1788937885.364500969] [move_group.moveit.moveit.ros.trajectory_execution_manager]: Validating trajectory with allowed_start_tolerance 0.15
[peach_manipulation_node-12] [INFO] [1788937885.364412139] [peach_manipulation_node.moveit.ros.move_group_interface]: Execute request accepted
[move_group-6] [INFO] [1788937885.367717169] [move_group.moveit.moveit.ros.trajectory_execution_manager]: Starting trajectory execution ...
[move_group-6] [INFO] [1788937885.367757407] [move_group.moveit.moveit.plugins.simple_controller_manager]: Returned 1 controllers in list
[move_group-6] [INFO] [1788937885.367769916] [move_group.moveit.moveit.plugins.simple_controller_manager]: Returned 1 controllers in list
[move_group-6] [INFO] [1788937885.367944926] [moveit.simple_controller_manager.follow_joint_trajectory_controller_handle]: sending trajectory to aubo_passthrough_trajectory_controller
[ros2_control_node-2] [INFO] [1788937885.370318729] [aubo_passthrough_trajectory_controller]: Received new trajectory.
[ros2_control_node-2] [INFO] [1788937885.370374184] [aubo_passthrough_trajectory_controller]: Accepted new trajectory with 118 points.
[ros2_control_node-2] [INFO] [1788937885.370416494] [aubo_passthrough_trajectory_controller]: Effective goal time: 0 sec
[move_group-6] [INFO] [1788937885.370427276] [moveit.simple_controller_manager.follow_joint_trajectory_controller_handle]: aubo_passthrough_trajectory_controller started execution
[move_group-6] [INFO] [1788937885.370435517] [moveit.simple_controller_manager.follow_joint_trajectory_controller_handle]: Goal request accepted!
[component_container-8] [INFO] [1788937885.520520163] [percipio_device]: fps = 2.42718
[peach_target_reconstruction_node-11] [WARN] [1788937885.955533243] [peach_target_reconstruction_node]: 自动采帧跳过 [robot_not_static]：机器人未静止：最大关节速度 0.1825 rad/s > 0.03
[peach_target_reconstruction_node-11] [WARN] [1788937887.189004549] [peach_target_reconstruction_node]: 自动采帧跳过 [robot_not_static]：机器人未静止：最大关节速度 0.2136 rad/s > 0.03
[peach_target_reconstruction_node-11] [WARN] [1788937888.427010110] [peach_target_reconstruction_node]: 自动采帧跳过 [robot_not_static]：机器人未静止：最大关节速度 0.2768 rad/s > 0.03
[peach_target_reconstruction_node-11] [WARN] [1788937889.656560306] [peach_target_reconstruction_node]: 自动采帧跳过 [robot_not_static]：机器人未静止：最大关节速度 0.3504 rad/s > 0.03
[peach_target_reconstruction_node-11] [WARN] [1788937890.896975809] [peach_target_reconstruction_node]: 自动采帧跳过 [robot_not_static]：机器人未静止：最大关节速度 0.4334 rad/s > 0.03
[component_container-8] [INFO] [1788937891.291981155] [percipio_device]: fps = 2.42628
[peach_target_reconstruction_node-11] [WARN] [1788937892.137754209] [peach_target_reconstruction_node]: 自动采帧跳过 [robot_not_static]：机器人未静止：最大关节速度 0.5765 rad/s > 0.03
[peach_target_reconstruction_node-11] [WARN] [1788937893.369450069] [peach_target_reconstruction_node]: 自动采帧跳过 [robot_not_static]：机器人未静止：最大关节速度 0.8035 rad/s > 0.03
[peach_target_reconstruction_node-11] [WARN] [1788937894.599980508] [peach_target_reconstruction_node]: 自动采帧跳过 [robot_not_static]：机器人未静止：最大关节速度 1.2121 rad/s > 0.03
[peach_target_reconstruction_node-11] [WARN] [1788937895.845633627] [peach_target_reconstruction_node]: 自动采帧跳过 [stale_frame]：缓存帧龄期 2.31 s > max_frame_age_s=2.0（陈帧拒采）
[peach_scene_perception_node-10] [INFO] [1788937895.849781577] [peach_scene_perception_node]: 目标注册表在册 4 个目标（累计注册 4、累计命中 1810）
[component_container-8] [INFO] [1788937897.052932378] [percipio_device]: fps = 2.42991
[peach_target_reconstruction_node-11] [INFO] [1788937897.088395817] [peach_target_reconstruction_node]: 已采第 2/5 视角，本帧 2119 点，有效深度占比 0.88，位姿=fk
[peach_target_reconstruction_node-11] [INFO] [1788937897.097051855] [peach_target_reconstruction_node]: REFINING：几何二次拟合开始（kind=bag，808 点）
[peach_target_reconstruction_node-11] [INFO] [1788937897.182013588] [peach_target_reconstruction_node]: REFINING 完成：cylinder status=ACCEPT final=True axis=[0.4142, -0.4567, 0.7873] diameter=76.5mm
[peach_target_reconstruction_node-11] [INFO] [1788937897.182228674] [peach_target_reconstruction_node]: 局部重建完成：2 帧，4661 点（少于推荐 5 帧）；重叠 mean=3.2mm p95=9.1mm；TSDF 808 点 / mesh 1449 顶点（累计积分 0.01s）；refit ACCEPT（袋模型 2 视）
[ros2_control_node-2] [INFO] [1788937897.517266401] [aubo_passthrough_trajectory_controller]: Trajectory executed successfully (goal-hold confirmed in 12.145006 s).
[move_group-6] [INFO] [1788937897.520725191] [moveit.simple_controller_manager.follow_joint_trajectory_controller_handle]: Controller 'aubo_passthrough_trajectory_controller' successfully finished
[move_group-6] [INFO] [1788937897.532307086] [move_group.moveit.moveit.ros.trajectory_execution_manager]: Completed trajectory execution with status SUCCEEDED ...
[move_group-6] [INFO] [1788937897.532739111] [move_group.moveit.moveit.ros.move_group.clear_octomap_service]: Execution completed: SUCCEEDED
[peach_manipulation_node-12] [INFO] [1788937897.533061839] [peach_manipulation_node.moveit.ros.move_group_interface]: Execute request success!
[peach_manipulation_node-12] [INFO] [1788937897.533830882] [peach_manipulation_node]: [WAIT_FRAME] 等待到位后新鲜目标观测与重建帧
[peach_manipulation_node-12] [INFO] [1788937898.842444382] [peach_manipulation_node]: [FINALIZE] 等待重建精化几何（BuildTargetModel）
[peach_manipulation_node-12] [INFO] [1788937898.842490397] [peach_manipulation_node]: [PLAN_READY] observe_only 周期完成：仅观察与精化验证，未执行靠近/抓取/工具动作
[peach_manipulation_node-12] [INFO] [1788937898.880757701] [peach_manipulation_node]: [PLAN_OBSERVATION] 生成目标导向主动视点
[peach_manipulation_node-12] [INFO] [1788937898.880879486] [peach_manipulation_node]: [FINALIZE] 等待重建精化几何（BuildTargetModel）
[peach_manipulation_node-12] [INFO] [1788937898.880894073] [peach_manipulation_node]: 接触几何（核对方向） target=target_2 entry=[0.503 -0.749 0.619] axis=[0.414 -0.457 0.787] travel=0.069m axis_angle_deg=40.84
[peach_manipulation_node-12] [INFO] [1788937898.880930244] [peach_manipulation_node]: [RECONFIRM] 抓取前再确认：等待新鲜观测复核身份/锚点漂移/摆动平息
[peach_manipulation_node-12] [INFO] [1788937899.223130545] [peach_manipulation_node]: [MTC_APPROACH_INSERT] 拍照位再最短路径到预抓取
[peach_manipulation_node-12] [INFO] [1788937899.223351618] [peach_manipulation_node.moveit.ros.move_group_interface]: MoveGroup action client/server ready
[move_group-6] [INFO] [1788937899.225214786] [move_group.moveit.moveit.ros.move_group.move_action]: MoveGroupMoveAction: Received request
[move_group-6] [INFO] [1788937899.225394124] [move_group.moveit.moveit.ros.move_group.move_action]: executing..
[peach_manipulation_node-12] [INFO] [1788937899.225323800] [peach_manipulation_node.moveit.ros.move_group_interface]: Planning request accepted
[move_group-6] [INFO] [1788937899.227570901] [move_group.moveit.moveit.ros.move_group.move_action]: Planning request received for MoveGroup action. Forwarding to planning pipeline.
[move_group-6] [INFO] [1788937899.227591884] [move_group.moveit.moveit.ros.move_group.capability]: Using planning pipeline 'pilz_industrial_motion_planner'
[move_group-6] [INFO] [1788937899.227649141] [move_group]: Calling PlanningRequestAdapter 'ResolveConstraintFrames'
[move_group-6] [INFO] [1788937899.227662675] [move_group]: Calling PlanningRequestAdapter 'ValidateWorkspaceBounds'
[move_group-6] [WARN] [1788937899.227665686] [move_group.moveit.moveit.ros.validate_workspace_bounds]: It looks like the planning volume was not specified. Using default values.
[move_group-6] [INFO] [1788937899.227671827] [move_group]: Calling PlanningRequestAdapter 'CheckStartStateBounds'
[move_group-6] [INFO] [1788937899.227681031] [move_group]: Calling PlanningRequestAdapter 'CheckStartStateCollision'
[move_group-6] [INFO] [1788937899.227777552] [move_group.moveit.moveit.planners.pilz.trajectory_generator.ptp]: Initialized Point-to-Point Trajectory Generator.
[move_group-6] [INFO] [1788937899.227793820] [move_group]: Calling Planner 'Pilz Industrial Motion Planner'
[move_group-6] [INFO] [1788937899.227800728] [move_group.moveit.moveit.planners.pilz.trajectory_generator]: Generating PTP trajectory...
[move_group-6] [INFO] [1788937899.227955049] [move_group]: Calling PlanningResponseAdapter 'ValidateSolution'
[move_group-6] [INFO] [1788937899.229396753] [move_group]: Calling PlanningResponseAdapter 'DisplayMotionPath'
[move_group-6] [INFO] [1788937899.229505534] [move_group.moveit.moveit.ros.move_group.move_action]: Motion plan was computed successfully.
[peach_manipulation_node-12] [INFO] [1788937899.229684152] [peach_manipulation_node.moveit.ros.move_group_interface]: Planning request complete!
[peach_manipulation_node-12] [INFO] [1788937899.229785146] [peach_manipulation_node.moveit.ros.move_group_interface]: time taken to generate plan: 0.000116579 seconds
[move_group-6] [INFO] [1788937899.230131857] [move_group.moveit.moveit.ros.move_group.clear_octomap_service]: Execution request received
[move_group-6] [INFO] [1788937899.230157654] [move_group.moveit.moveit.plugins.simple_controller_manager]: Returned 1 controllers in list
[move_group-6] [INFO] [1788937899.230167310] [move_group.moveit.moveit.plugins.simple_controller_manager]: Returned 1 controllers in list
[move_group-6] [INFO] [1788937899.230198371] [move_group.moveit.moveit.ros.trajectory_execution_manager]: Validating trajectory with allowed_start_tolerance 0.15
[peach_manipulation_node-12] [INFO] [1788937899.230227874] [peach_manipulation_node.moveit.ros.move_group_interface]: Execute request accepted
[move_group-6] [INFO] [1788937899.232477757] [move_group.moveit.moveit.ros.trajectory_execution_manager]: Starting trajectory execution ...
[move_group-6] [INFO] [1788937899.232510851] [move_group.moveit.moveit.plugins.simple_controller_manager]: Returned 1 controllers in list
[move_group-6] [INFO] [1788937899.232523939] [move_group.moveit.moveit.plugins.simple_controller_manager]: Returned 1 controllers in list
[move_group-6] [INFO] [1788937899.232697883] [moveit.simple_controller_manager.follow_joint_trajectory_controller_handle]: sending trajectory to aubo_passthrough_trajectory_controller
[ros2_control_node-2] [INFO] [1788937899.232863409] [aubo_passthrough_trajectory_controller]: Received new trajectory.
[ros2_control_node-2] [INFO] [1788937899.232910853] [aubo_passthrough_trajectory_controller]: Accepted new trajectory with 65 points.
[ros2_control_node-2] [INFO] [1788937899.232937487] [aubo_passthrough_trajectory_controller]: Effective goal time: 0 sec
[move_group-6] [INFO] [1788937899.232945890] [moveit.simple_controller_manager.follow_joint_trajectory_controller_handle]: aubo_passthrough_trajectory_controller started execution
[move_group-6] [INFO] [1788937899.232953236] [moveit.simple_controller_manager.follow_joint_trajectory_controller_handle]: Goal request accepted!
[component_container-8] [INFO] [1788937902.820750790] [percipio_device]: fps = 2.42945
[ros2_control_node-2] [INFO] [1788937905.977311321] [aubo_passthrough_trajectory_controller]: Trajectory executed successfully (goal-hold confirmed in 6.740036 s).
[move_group-6] [INFO] [1788937905.983214565] [moveit.simple_controller_manager.follow_joint_trajectory_controller_handle]: Controller 'aubo_passthrough_trajectory_controller' successfully finished
[move_group-6] [INFO] [1788937905.997452427] [move_group.moveit.moveit.ros.trajectory_execution_manager]: Completed trajectory execution with status SUCCEEDED ...
[move_group-6] [INFO] [1788937905.997620758] [move_group.moveit.moveit.ros.move_group.clear_octomap_service]: Execution completed: SUCCEEDED
[peach_manipulation_node-12] [INFO] [1788937905.997756410] [peach_manipulation_node.moveit.ros.move_group_interface]: Execute request success!
[peach_manipulation_node-12] [INFO] [1788937906.002515172] [peach_manipulation_node]: 预抓取从拍照位出发: 已到达全局拍照位姿
[peach_manipulation_node-12] [INFO] [1788937906.002545105] [peach_manipulation_node]: 接近：距入口 0.562m 轴向 0.249m 侧向 0.504m 夹角 39.3° 扫角 63.7° 半径 0.562m 沿轴LIN 0.030m 原语 LIN-align+LIN
[peach_manipulation_node-12] [INFO] [1788937906.009962154] [peach_manipulation_node.moveit.ros.rdf_loader]: Loaded robot model in 0.00124526 seconds
[peach_manipulation_node-12] [INFO] [1788937906.009984280] [peach_manipulation_node.moveit.core.robot_model]: Loading robot model 'aubo_e5'...
[peach_manipulation_node-12] [INFO] [1788937906.009989332] [peach_manipulation_node.moveit.core.robot_model]: No root/virtual joint specified in SRDF. Assuming fixed joint
[peach_manipulation_node-12] [INFO] [1788937906.035450359] [peach_manipulation_node.moveit.kinematics.kdl_kinematics_plugin]: Joint weights for group 'manipulator_e5': 1 1 1 1 1 1
[peach_manipulation_node-12] [INFO] [1788937906.045713372] [peach_manipulation_node.moveit.planners.pilz.joint_limits_aggregator]: Reading limits from namespace robot_description_planning
[peach_manipulation_node-12] [INFO] [1788937906.046102364] [peach_manipulation_node.moveit.planners.pilz.command_planner]: Available plugins: pilz_industrial_motion_planner/PlanningContextLoaderCIRC pilz_industrial_motion_planner/PlanningContextLoaderLIN pilz_industrial_motion_planner/PlanningContextLoaderPTP pilz_industrial_motion_planner/PlanningContextLoaderPolyline 
[peach_manipulation_node-12] [INFO] [1788937906.046111169] [peach_manipulation_node.moveit.planners.pilz.command_planner]: About to load: pilz_industrial_motion_planner/PlanningContextLoaderCIRC
[peach_manipulation_node-12] [INFO] [1788937906.046206428] [peach_manipulation_node.moveit.planners.pilz.command_planner]: Registered Algorithm [CIRC]
[peach_manipulation_node-12] [INFO] [1788937906.046210875] [peach_manipulation_node.moveit.planners.pilz.command_planner]: About to load: pilz_industrial_motion_planner/PlanningContextLoaderLIN
[peach_manipulation_node-12] [INFO] [1788937906.046294933] [peach_manipulation_node.moveit.planners.pilz.command_planner]: Registered Algorithm [LIN]
[peach_manipulation_node-12] [INFO] [1788937906.046298582] [peach_manipulation_node.moveit.planners.pilz.command_planner]: About to load: pilz_industrial_motion_planner/PlanningContextLoaderPTP
[peach_manipulation_node-12] [INFO] [1788937906.046388536] [peach_manipulation_node.moveit.planners.pilz.command_planner]: Registered Algorithm [PTP]
[peach_manipulation_node-12] [INFO] [1788937906.046392095] [peach_manipulation_node.moveit.planners.pilz.command_planner]: About to load: pilz_industrial_motion_planner/PlanningContextLoaderPolyline
[peach_manipulation_node-12] [INFO] [1788937906.046475513] [peach_manipulation_node.moveit.planners.pilz.command_planner]: Registered Algorithm [POLYLINE]
[peach_manipulation_node-12] [INFO] [1788937906.046479138] [peach_manipulation_node.moveit.ros.planning_pipeline]: Successfully loaded planner 'Pilz Industrial Motion Planner'
[peach_manipulation_node-12] [INFO] [1788937906.047722973] [peach_manipulation_node]: Try loading adapter 'default_planning_request_adapters/ResolveConstraintFrames'
[peach_manipulation_node-12] [INFO] [1788937906.047844694] [peach_manipulation_node]: Loaded adapter 'default_planning_request_adapters/ResolveConstraintFrames'
[peach_manipulation_node-12] [INFO] [1788937906.047848549] [peach_manipulation_node]: Try loading adapter 'default_planning_request_adapters/ValidateWorkspaceBounds'
[peach_manipulation_node-12] [INFO] [1788937906.047859756] [peach_manipulation_node]: Loaded adapter 'default_planning_request_adapters/ValidateWorkspaceBounds'
[peach_manipulation_node-12] [INFO] [1788937906.047861565] [peach_manipulation_node]: Try loading adapter 'default_planning_request_adapters/CheckStartStateBounds'
[peach_manipulation_node-12] [INFO] [1788937906.047868480] [peach_manipulation_node]: Loaded adapter 'default_planning_request_adapters/CheckStartStateBounds'
[peach_manipulation_node-12] [INFO] [1788937906.047870238] [peach_manipulation_node]: Try loading adapter 'default_planning_request_adapters/CheckStartStateCollision'
[peach_manipulation_node-12] [INFO] [1788937906.047875073] [peach_manipulation_node]: Loaded adapter 'default_planning_request_adapters/CheckStartStateCollision'
[peach_manipulation_node-12] [INFO] [1788937906.049092312] [peach_manipulation_node]: Try loading adapter 'default_planning_response_adapters/ValidateSolution'
[peach_manipulation_node-12] [INFO] [1788937906.049552843] [peach_manipulation_node]: Loaded adapter 'default_planning_response_adapters/ValidateSolution'
[peach_manipulation_node-12] [INFO] [1788937906.049560798] [peach_manipulation_node]: Try loading adapter 'default_planning_response_adapters/DisplayMotionPath'
[peach_manipulation_node-12] [INFO] [1788937906.049833872] [peach_manipulation_node]: Loaded adapter 'default_planning_response_adapters/DisplayMotionPath'
[peach_manipulation_node-12] [INFO] [1788937906.051414299] [peach_manipulation_node.moveit.planners.pilz.joint_limits_aggregator]: Reading limits from namespace robot_description_planning
[peach_manipulation_node-12] [INFO] [1788937906.051742651] [peach_manipulation_node.moveit.planners.pilz.command_planner]: Available plugins: pilz_industrial_motion_planner/PlanningContextLoaderCIRC pilz_industrial_motion_planner/PlanningContextLoaderLIN pilz_industrial_motion_planner/PlanningContextLoaderPTP pilz_industrial_motion_planner/PlanningContextLoaderPolyline 
[peach_manipulation_node-12] [INFO] [1788937906.051749723] [peach_manipulation_node.moveit.planners.pilz.command_planner]: About to load: pilz_industrial_motion_planner/PlanningContextLoaderCIRC
[peach_manipulation_node-12] [INFO] [1788937906.051830234] [peach_manipulation_node.moveit.planners.pilz.command_planner]: Registered Algorithm [CIRC]
[peach_manipulation_node-12] [INFO] [1788937906.051834139] [peach_manipulation_node.moveit.planners.pilz.command_planner]: About to load: pilz_industrial_motion_planner/PlanningContextLoaderLIN
[peach_manipulation_node-12] [INFO] [1788937906.051912340] [peach_manipulation_node.moveit.planners.pilz.command_planner]: Registered Algorithm [LIN]
[peach_manipulation_node-12] [INFO] [1788937906.051916134] [peach_manipulation_node.moveit.planners.pilz.command_planner]: About to load: pilz_industrial_motion_planner/PlanningContextLoaderPTP
[peach_manipulation_node-12] [INFO] [1788937906.051994031] [peach_manipulation_node.moveit.planners.pilz.command_planner]: Registered Algorithm [PTP]
[peach_manipulation_node-12] [INFO] [1788937906.051997680] [peach_manipulation_node.moveit.planners.pilz.command_planner]: About to load: pilz_industrial_motion_planner/PlanningContextLoaderPolyline
[peach_manipulation_node-12] [INFO] [1788937906.052075322] [peach_manipulation_node.moveit.planners.pilz.command_planner]: Registered Algorithm [POLYLINE]
[peach_manipulation_node-12] [INFO] [1788937906.052079509] [peach_manipulation_node.moveit.ros.planning_pipeline]: Successfully loaded planner 'Pilz Industrial Motion Planner'
[peach_manipulation_node-12] [INFO] [1788937906.053316046] [peach_manipulation_node]: Try loading adapter 'default_planning_request_adapters/ResolveConstraintFrames'
[peach_manipulation_node-12] [INFO] [1788937906.053425583] [peach_manipulation_node]: Loaded adapter 'default_planning_request_adapters/ResolveConstraintFrames'
[peach_manipulation_node-12] [INFO] [1788937906.053428301] [peach_manipulation_node]: Try loading adapter 'default_planning_request_adapters/ValidateWorkspaceBounds'
[peach_manipulation_node-12] [INFO] [1788937906.053438452] [peach_manipulation_node]: Loaded adapter 'default_planning_request_adapters/ValidateWorkspaceBounds'
[peach_manipulation_node-12] [INFO] [1788937906.053440188] [peach_manipulation_node]: Try loading adapter 'default_planning_request_adapters/CheckStartStateBounds'
[peach_manipulation_node-12] [INFO] [1788937906.053446748] [peach_manipulation_node]: Loaded adapter 'default_planning_request_adapters/CheckStartStateBounds'
[peach_manipulation_node-12] [INFO] [1788937906.053448510] [peach_manipulation_node]: Try loading adapter 'default_planning_request_adapters/CheckStartStateCollision'
[peach_manipulation_node-12] [INFO] [1788937906.053453154] [peach_manipulation_node]: Loaded adapter 'default_planning_request_adapters/CheckStartStateCollision'
[peach_manipulation_node-12] [INFO] [1788937906.054673754] [peach_manipulation_node]: Try loading adapter 'default_planning_response_adapters/ValidateSolution'
[peach_manipulation_node-12] [INFO] [1788937906.055061702] [peach_manipulation_node]: Loaded adapter 'default_planning_response_adapters/ValidateSolution'
[peach_manipulation_node-12] [INFO] [1788937906.055068165] [peach_manipulation_node]: Try loading adapter 'default_planning_response_adapters/DisplayMotionPath'
[peach_manipulation_node-12] [INFO] [1788937906.055307857] [peach_manipulation_node]: Loaded adapter 'default_planning_response_adapters/DisplayMotionPath'
[peach_manipulation_node-12] [WARN] [1788937906.147914004] [rcl.logging_rosout]: Publisher already registered for node name: 'peach_manipulation_node'. If this is due to multiple nodes with the same name then all logs for the logger named 'peach_manipulation_node' will go out over the existing publisher. As soon as any node with that name is destructed it will unregister the publisher, preventing any further logs for that name from being published on the rosout topic.
[peach_manipulation_node-12] [INFO] [1788937906.154836612] [peach_manipulation_node]: Calling PlanningRequestAdapter 'ResolveConstraintFrames'
[peach_manipulation_node-12] [INFO] [1788937906.154922685] [peach_manipulation_node]: Calling PlanningRequestAdapter 'ValidateWorkspaceBounds'
[peach_manipulation_node-12] [WARN] [1788937906.154939410] [peach_manipulation_node.moveit.ros.validate_workspace_bounds]: It looks like the planning volume was not specified. Using default values.
[peach_manipulation_node-12] [INFO] [1788937906.154970485] [peach_manipulation_node]: Calling PlanningRequestAdapter 'CheckStartStateBounds'
[peach_manipulation_node-12] [INFO] [1788937906.154980474] [peach_manipulation_node]: Calling PlanningRequestAdapter 'CheckStartStateCollision'
[peach_manipulation_node-12] [INFO] [1788937906.155059581] [peach_manipulation_node]: Calling Planner 'Pilz Industrial Motion Planner'
[peach_manipulation_node-12] [INFO] [1788937906.155063180] [peach_manipulation_node.moveit.planners.pilz.trajectory_generator]: Generating LIN trajectory...
[peach_manipulation_node-12] [INFO] [1788937906.155256528] [peach_manipulation_node.moveit.planners.pilz.trajectory_generator]: using default max_cartesian_speed: 0.250000
[peach_manipulation_node-12] [INFO] [1788937906.158701083] [peach_manipulation_node]: Calling PlanningResponseAdapter 'ValidateSolution'
[peach_manipulation_node-12] [INFO] [1788937906.161585180] [peach_manipulation_node]: Calling PlanningResponseAdapter 'DisplayMotionPath'
[peach_manipulation_node-12] [INFO] [1788937906.161879545] [peach_manipulation_node]: Calling PlanningRequestAdapter 'ResolveConstraintFrames'
[peach_manipulation_node-12] [INFO] [1788937906.161907435] [peach_manipulation_node]: Calling PlanningRequestAdapter 'ValidateWorkspaceBounds'
[peach_manipulation_node-12] [WARN] [1788937906.161909720] [peach_manipulation_node.moveit.ros.validate_workspace_bounds]: It looks like the planning volume was not specified. Using default values.
[peach_manipulation_node-12] [INFO] [1788937906.161919110] [peach_manipulation_node]: Calling PlanningRequestAdapter 'CheckStartStateBounds'
[peach_manipulation_node-12] [INFO] [1788937906.161935663] [peach_manipulation_node]: Calling PlanningRequestAdapter 'CheckStartStateCollision'
[peach_manipulation_node-12] [INFO] [1788937906.162012162] [peach_manipulation_node]: Calling Planner 'Pilz Industrial Motion Planner'
[peach_manipulation_node-12] [INFO] [1788937906.162016705] [peach_manipulation_node.moveit.planners.pilz.trajectory_generator]: Generating LIN trajectory...
[peach_manipulation_node-12] [INFO] [1788937906.162788401] [peach_manipulation_node.moveit.planners.pilz.trajectory_generator]: using default max_cartesian_speed: 0.250000
[peach_manipulation_node-12] [ERROR] [1788937906.164634053] [peach_manipulation_node.pilz_trajectory_functions]: Joint acceleration limit of foreArm_joint violated. Set the acceleration scaling factor lower! Actual joint acceleration is -4.50155, while the limit is 2.5. 
[peach_manipulation_node-12] [ERROR] [1788937906.164650088] [peach_manipulation_node.pilz_trajectory_functions]: Inverse kinematics solution at 7.9s violates the joint velocity/acceleration/deceleration limits.
[peach_manipulation_node-12] [ERROR] [1788937906.164665794] [peach_manipulation_node.moveit.planners.pilz.trajectory_generator]: Failed to generate valid joint trajectory from the Cartesian path
[peach_manipulation_node-12] [ERROR] [1788937906.164690049] [peach_manipulation_node]: Planner 'Pilz Industrial Motion Planner' failed with error code PLANNING_FAILED
[peach_manipulation_node-12] [INFO] [1788937906.168457872] [peach_manipulation_node]: 直线/短弧接近失败（MTC planning failed: Failing stage(s):
[peach_manipulation_node-12] lin to on-axis pregrasp (0/1): ），改走绕保持球笛卡尔走廊
[peach_manipulation_node-12] [INFO] [1788937906.174007893] [peach_manipulation_node.moveit.ros.rdf_loader]: Loaded robot model in 0.00129158 seconds
[peach_manipulation_node-12] [INFO] [1788937906.174030160] [peach_manipulation_node.moveit.core.robot_model]: Loading robot model 'aubo_e5'...
[peach_manipulation_node-12] [INFO] [1788937906.174035218] [peach_manipulation_node.moveit.core.robot_model]: No root/virtual joint specified in SRDF. Assuming fixed joint
[peach_manipulation_node-12] [INFO] [1788937906.199792706] [peach_manipulation_node.moveit.kinematics.kdl_kinematics_plugin]: Joint weights for group 'manipulator_e5': 1 1 1 1 1 1
[peach_manipulation_node-12] [INFO] [1788937906.199882594] [peach_manipulation_node]: 绕保持球笛卡尔走廊: 4 段, 起止距离 0.518 m, 后撤 0.130 m
[peach_manipulation_node-12] [INFO] [1788937906.210401461] [peach_manipulation_node.moveit.planners.pilz.joint_limits_aggregator]: Reading limits from namespace robot_description_planning
[peach_manipulation_node-12] [INFO] [1788937906.210779206] [peach_manipulation_node.moveit.planners.pilz.command_planner]: Available plugins: pilz_industrial_motion_planner/PlanningContextLoaderCIRC pilz_industrial_motion_planner/PlanningContextLoaderLIN pilz_industrial_motion_planner/PlanningContextLoaderPTP pilz_industrial_motion_planner/PlanningContextLoaderPolyline 
[peach_manipulation_node-12] [INFO] [1788937906.210785993] [peach_manipulation_node.moveit.planners.pilz.command_planner]: About to load: pilz_industrial_motion_planner/PlanningContextLoaderCIRC
[peach_manipulation_node-12] [INFO] [1788937906.210879030] [peach_manipulation_node.moveit.planners.pilz.command_planner]: Registered Algorithm [CIRC]
[peach_manipulation_node-12] [INFO] [1788937906.210883439] [peach_manipulation_node.moveit.planners.pilz.command_planner]: About to load: pilz_industrial_motion_planner/PlanningContextLoaderLIN
[peach_manipulation_node-12] [INFO] [1788937906.210968239] [peach_manipulation_node.moveit.planners.pilz.command_planner]: Registered Algorithm [LIN]
[peach_manipulation_node-12] [INFO] [1788937906.210972065] [peach_manipulation_node.moveit.planners.pilz.command_planner]: About to load: pilz_industrial_motion_planner/PlanningContextLoaderPTP
[peach_manipulation_node-12] [INFO] [1788937906.211055543] [peach_manipulation_node.moveit.planners.pilz.command_planner]: Registered Algorithm [PTP]
[peach_manipulation_node-12] [INFO] [1788937906.211058998] [peach_manipulation_node.moveit.planners.pilz.command_planner]: About to load: pilz_industrial_motion_planner/PlanningContextLoaderPolyline
[peach_manipulation_node-12] [INFO] [1788937906.211142428] [peach_manipulation_node.moveit.planners.pilz.command_planner]: Registered Algorithm [POLYLINE]
[peach_manipulation_node-12] [INFO] [1788937906.211146285] [peach_manipulation_node.moveit.ros.planning_pipeline]: Successfully loaded planner 'Pilz Industrial Motion Planner'
[peach_manipulation_node-12] [INFO] [1788937906.212376512] [peach_manipulation_node]: Try loading adapter 'default_planning_request_adapters/ResolveConstraintFrames'
[peach_manipulation_node-12] [INFO] [1788937906.212496984] [peach_manipulation_node]: Loaded adapter 'default_planning_request_adapters/ResolveConstraintFrames'
[peach_manipulation_node-12] [INFO] [1788937906.212499326] [peach_manipulation_node]: Try loading adapter 'default_planning_request_adapters/ValidateWorkspaceBounds'
[peach_manipulation_node-12] [INFO] [1788937906.212511450] [peach_manipulation_node]: Loaded adapter 'default_planning_request_adapters/ValidateWorkspaceBounds'
[peach_manipulation_node-12] [INFO] [1788937906.212513138] [peach_manipulation_node]: Try loading adapter 'default_planning_request_adapters/CheckStartStateBounds'
[peach_manipulation_node-12] [INFO] [1788937906.212520023] [peach_manipulation_node]: Loaded adapter 'default_planning_request_adapters/CheckStartStateBounds'
[peach_manipulation_node-12] [INFO] [1788937906.212521662] [peach_manipulation_node]: Try loading adapter 'default_planning_request_adapters/CheckStartStateCollision'
[peach_manipulation_node-12] [INFO] [1788937906.212526760] [peach_manipulation_node]: Loaded adapter 'default_planning_request_adapters/CheckStartStateCollision'
[peach_manipulation_node-12] [INFO] [1788937906.213741468] [peach_manipulation_node]: Try loading adapter 'default_planning_response_adapters/ValidateSolution'
[peach_manipulation_node-12] [INFO] [1788937906.214178244] [peach_manipulation_node]: Loaded adapter 'default_planning_response_adapters/ValidateSolution'
[peach_manipulation_node-12] [INFO] [1788937906.214185362] [peach_manipulation_node]: Try loading adapter 'default_planning_response_adapters/DisplayMotionPath'
[peach_manipulation_node-12] [INFO] [1788937906.214439027] [peach_manipulation_node]: Loaded adapter 'default_planning_response_adapters/DisplayMotionPath'
[peach_manipulation_node-12] [INFO] [1788937906.216026357] [peach_manipulation_node.moveit.planners.pilz.joint_limits_aggregator]: Reading limits from namespace robot_description_planning
[peach_manipulation_node-12] [INFO] [1788937906.216360843] [peach_manipulation_node.moveit.planners.pilz.command_planner]: Available plugins: pilz_industrial_motion_planner/PlanningContextLoaderCIRC pilz_industrial_motion_planner/PlanningContextLoaderLIN pilz_industrial_motion_planner/PlanningContextLoaderPTP pilz_industrial_motion_planner/PlanningContextLoaderPolyline 
[peach_manipulation_node-12] [INFO] [1788937906.216368297] [peach_manipulation_node.moveit.planners.pilz.command_planner]: About to load: pilz_industrial_motion_planner/PlanningContextLoaderCIRC
[peach_manipulation_node-12] [INFO] [1788937906.216450435] [peach_manipulation_node.moveit.planners.pilz.command_planner]: Registered Algorithm [CIRC]
[peach_manipulation_node-12] [INFO] [1788937906.216454418] [peach_manipulation_node.moveit.planners.pilz.command_planner]: About to load: pilz_industrial_motion_planner/PlanningContextLoaderLIN
[peach_manipulation_node-12] [INFO] [1788937906.216533340] [peach_manipulation_node.moveit.planners.pilz.command_planner]: Registered Algorithm [LIN]
[peach_manipulation_node-12] [INFO] [1788937906.216536999] [peach_manipulation_node.moveit.planners.pilz.command_planner]: About to load: pilz_industrial_motion_planner/PlanningContextLoaderPTP
[peach_manipulation_node-12] [INFO] [1788937906.216614941] [peach_manipulation_node.moveit.planners.pilz.command_planner]: Registered Algorithm [PTP]
[peach_manipulation_node-12] [INFO] [1788937906.216618827] [peach_manipulation_node.moveit.planners.pilz.command_planner]: About to load: pilz_industrial_motion_planner/PlanningContextLoaderPolyline
[peach_manipulation_node-12] [INFO] [1788937906.216697702] [peach_manipulation_node.moveit.planners.pilz.command_planner]: Registered Algorithm [POLYLINE]
[peach_manipulation_node-12] [INFO] [1788937906.216701526] [peach_manipulation_node.moveit.ros.planning_pipeline]: Successfully loaded planner 'Pilz Industrial Motion Planner'
[peach_manipulation_node-12] [INFO] [1788937906.217926560] [peach_manipulation_node]: Try loading adapter 'default_planning_request_adapters/ResolveConstraintFrames'
[peach_manipulation_node-12] [INFO] [1788937906.218034258] [peach_manipulation_node]: Loaded adapter 'default_planning_request_adapters/ResolveConstraintFrames'
[peach_manipulation_node-12] [INFO] [1788937906.218036465] [peach_manipulation_node]: Try loading adapter 'default_planning_request_adapters/ValidateWorkspaceBounds'
[peach_manipulation_node-12] [INFO] [1788937906.218046339] [peach_manipulation_node]: Loaded adapter 'default_planning_request_adapters/ValidateWorkspaceBounds'
[peach_manipulation_node-12] [INFO] [1788937906.218048016] [peach_manipulation_node]: Try loading adapter 'default_planning_request_adapters/CheckStartStateBounds'
[peach_manipulation_node-12] [INFO] [1788937906.218054686] [peach_manipulation_node]: Loaded adapter 'default_planning_request_adapters/CheckStartStateBounds'
[peach_manipulation_node-12] [INFO] [1788937906.218056594] [peach_manipulation_node]: Try loading adapter 'default_planning_request_adapters/CheckStartStateCollision'
[peach_manipulation_node-12] [INFO] [1788937906.218061663] [peach_manipulation_node]: Loaded adapter 'default_planning_request_adapters/CheckStartStateCollision'
[peach_manipulation_node-12] [INFO] [1788937906.219277310] [peach_manipulation_node]: Try loading adapter 'default_planning_response_adapters/ValidateSolution'
[peach_manipulation_node-12] [INFO] [1788937906.219627096] [peach_manipulation_node]: Loaded adapter 'default_planning_response_adapters/ValidateSolution'
[peach_manipulation_node-12] [INFO] [1788937906.219632957] [peach_manipulation_node]: Try loading adapter 'default_planning_response_adapters/DisplayMotionPath'
[peach_manipulation_node-12] [INFO] [1788937906.219836809] [peach_manipulation_node]: Loaded adapter 'default_planning_response_adapters/DisplayMotionPath'
[peach_manipulation_node-12] [INFO] [1788937906.221356081] [peach_manipulation_node.moveit.planners.pilz.joint_limits_aggregator]: Reading limits from namespace robot_description_planning
[peach_manipulation_node-12] [INFO] [1788937906.221686406] [peach_manipulation_node.moveit.planners.pilz.command_planner]: Available plugins: pilz_industrial_motion_planner/PlanningContextLoaderCIRC pilz_industrial_motion_planner/PlanningContextLoaderLIN pilz_industrial_motion_planner/PlanningContextLoaderPTP pilz_industrial_motion_planner/PlanningContextLoaderPolyline 
[peach_manipulation_node-12] [INFO] [1788937906.221692303] [peach_manipulation_node.moveit.planners.pilz.command_planner]: About to load: pilz_industrial_motion_planner/PlanningContextLoaderCIRC
[peach_manipulation_node-12] [INFO] [1788937906.221784144] [peach_manipulation_node.moveit.planners.pilz.command_planner]: Registered Algorithm [CIRC]
[peach_manipulation_node-12] [INFO] [1788937906.221788476] [peach_manipulation_node.moveit.planners.pilz.command_planner]: About to load: pilz_industrial_motion_planner/PlanningContextLoaderLIN
[peach_manipulation_node-12] [INFO] [1788937906.221867115] [peach_manipulation_node.moveit.planners.pilz.command_planner]: Registered Algorithm [LIN]
[peach_manipulation_node-12] [INFO] [1788937906.221870844] [peach_manipulation_node.moveit.planners.pilz.command_planner]: About to load: pilz_industrial_motion_planner/PlanningContextLoaderPTP
[peach_manipulation_node-12] [INFO] [1788937906.221949624] [peach_manipulation_node.moveit.planners.pilz.command_planner]: Registered Algorithm [PTP]
[peach_manipulation_node-12] [INFO] [1788937906.221952935] [peach_manipulation_node.moveit.planners.pilz.command_planner]: About to load: pilz_industrial_motion_planner/PlanningContextLoaderPolyline
[peach_manipulation_node-12] [INFO] [1788937906.222031029] [peach_manipulation_node.moveit.planners.pilz.command_planner]: Registered Algorithm [POLYLINE]
[peach_manipulation_node-12] [INFO] [1788937906.222034932] [peach_manipulation_node.moveit.ros.planning_pipeline]: Successfully loaded planner 'Pilz Industrial Motion Planner'
[peach_manipulation_node-12] [INFO] [1788937906.223257382] [peach_manipulation_node]: Try loading adapter 'default_planning_request_adapters/ResolveConstraintFrames'
[peach_manipulation_node-12] [INFO] [1788937906.223367594] [peach_manipulation_node]: Loaded adapter 'default_planning_request_adapters/ResolveConstraintFrames'
[peach_manipulation_node-12] [INFO] [1788937906.223370259] [peach_manipulation_node]: Try loading adapter 'default_planning_request_adapters/ValidateWorkspaceBounds'
[peach_manipulation_node-12] [INFO] [1788937906.223381367] [peach_manipulation_node]: Loaded adapter 'default_planning_request_adapters/ValidateWorkspaceBounds'
[peach_manipulation_node-12] [INFO] [1788937906.223383102] [peach_manipulation_node]: Try loading adapter 'default_planning_request_adapters/CheckStartStateBounds'
[peach_manipulation_node-12] [INFO] [1788937906.223390254] [peach_manipulation_node]: Loaded adapter 'default_planning_request_adapters/CheckStartStateBounds'
[peach_manipulation_node-12] [INFO] [1788937906.223392067] [peach_manipulation_node]: Try loading adapter 'default_planning_request_adapters/CheckStartStateCollision'
[peach_manipulation_node-12] [INFO] [1788937906.223397111] [peach_manipulation_node]: Loaded adapter 'default_planning_request_adapters/CheckStartStateCollision'
[peach_manipulation_node-12] [INFO] [1788937906.224613639] [peach_manipulation_node]: Try loading adapter 'default_planning_response_adapters/ValidateSolution'
[peach_manipulation_node-12] [INFO] [1788937906.224951972] [peach_manipulation_node]: Loaded adapter 'default_planning_response_adapters/ValidateSolution'
[peach_manipulation_node-12] [INFO] [1788937906.224958875] [peach_manipulation_node]: Try loading adapter 'default_planning_response_adapters/DisplayMotionPath'
[peach_manipulation_node-12] [INFO] [1788937906.225137337] [peach_manipulation_node]: Loaded adapter 'default_planning_response_adapters/DisplayMotionPath'
[peach_manipulation_node-12] [INFO] [1788937906.226617912] [peach_manipulation_node.moveit.planners.pilz.joint_limits_aggregator]: Reading limits from namespace robot_description_planning
[peach_manipulation_node-12] [INFO] [1788937906.226940603] [peach_manipulation_node.moveit.planners.pilz.command_planner]: Available plugins: pilz_industrial_motion_planner/PlanningContextLoaderCIRC pilz_industrial_motion_planner/PlanningContextLoaderLIN pilz_industrial_motion_planner/PlanningContextLoaderPTP pilz_industrial_motion_planner/PlanningContextLoaderPolyline 
[peach_manipulation_node-12] [INFO] [1788937906.226947826] [peach_manipulation_node.moveit.planners.pilz.command_planner]: About to load: pilz_industrial_motion_planner/PlanningContextLoaderCIRC
[peach_manipulation_node-12] [INFO] [1788937906.227027632] [peach_manipulation_node.moveit.planners.pilz.command_planner]: Registered Algorithm [CIRC]
[peach_manipulation_node-12] [INFO] [1788937906.227031387] [peach_manipulation_node.moveit.planners.pilz.command_planner]: About to load: pilz_industrial_motion_planner/PlanningContextLoaderLIN
[peach_manipulation_node-12] [INFO] [1788937906.227109283] [peach_manipulation_node.moveit.planners.pilz.command_planner]: Registered Algorithm [LIN]
[peach_manipulation_node-12] [INFO] [1788937906.227113193] [peach_manipulation_node.moveit.planners.pilz.command_planner]: About to load: pilz_industrial_motion_planner/PlanningContextLoaderPTP
[peach_manipulation_node-12] [INFO] [1788937906.227195083] [peach_manipulation_node.moveit.planners.pilz.command_planner]: Registered Algorithm [PTP]
[peach_manipulation_node-12] [INFO] [1788937906.227206419] [peach_manipulation_node.moveit.planners.pilz.command_planner]: About to load: pilz_industrial_motion_planner/PlanningContextLoaderPolyline
[peach_manipulation_node-12] [INFO] [1788937906.227285185] [peach_manipulation_node.moveit.planners.pilz.command_planner]: Registered Algorithm [POLYLINE]
[peach_manipulation_node-12] [INFO] [1788937906.227288975] [peach_manipulation_node.moveit.ros.planning_pipeline]: Successfully loaded planner 'Pilz Industrial Motion Planner'
[peach_manipulation_node-12] [INFO] [1788937906.228505594] [peach_manipulation_node]: Try loading adapter 'default_planning_request_adapters/ResolveConstraintFrames'
[peach_manipulation_node-12] [INFO] [1788937906.228605057] [peach_manipulation_node]: Loaded adapter 'default_planning_request_adapters/ResolveConstraintFrames'
[peach_manipulation_node-12] [INFO] [1788937906.228607398] [peach_manipulation_node]: Try loading adapter 'default_planning_request_adapters/ValidateWorkspaceBounds'
[peach_manipulation_node-12] [INFO] [1788937906.228616896] [peach_manipulation_node]: Loaded adapter 'default_planning_request_adapters/ValidateWorkspaceBounds'
[peach_manipulation_node-12] [INFO] [1788937906.228618693] [peach_manipulation_node]: Try loading adapter 'default_planning_request_adapters/CheckStartStateBounds'
[peach_manipulation_node-12] [INFO] [1788937906.228625264] [peach_manipulation_node]: Loaded adapter 'default_planning_request_adapters/CheckStartStateBounds'
[peach_manipulation_node-12] [INFO] [1788937906.228626914] [peach_manipulation_node]: Try loading adapter 'default_planning_request_adapters/CheckStartStateCollision'
[peach_manipulation_node-12] [INFO] [1788937906.228631792] [peach_manipulation_node]: Loaded adapter 'default_planning_request_adapters/CheckStartStateCollision'
[peach_manipulation_node-12] [INFO] [1788937906.229840949] [peach_manipulation_node]: Try loading adapter 'default_planning_response_adapters/ValidateSolution'
[peach_manipulation_node-12] [INFO] [1788937906.230125363] [peach_manipulation_node]: Loaded adapter 'default_planning_response_adapters/ValidateSolution'
[peach_manipulation_node-12] [INFO] [1788937906.230130756] [peach_manipulation_node]: Try loading adapter 'default_planning_response_adapters/DisplayMotionPath'
[peach_manipulation_node-12] [INFO] [1788937906.230289106] [peach_manipulation_node]: Loaded adapter 'default_planning_response_adapters/DisplayMotionPath'
[peach_manipulation_node-12] [INFO] [1788937906.231761263] [peach_manipulation_node.moveit.planners.pilz.joint_limits_aggregator]: Reading limits from namespace robot_description_planning
[peach_manipulation_node-12] [INFO] [1788937906.232083222] [peach_manipulation_node.moveit.planners.pilz.command_planner]: Available plugins: pilz_industrial_motion_planner/PlanningContextLoaderCIRC pilz_industrial_motion_planner/PlanningContextLoaderLIN pilz_industrial_motion_planner/PlanningContextLoaderPTP pilz_industrial_motion_planner/PlanningContextLoaderPolyline 
[peach_manipulation_node-12] [INFO] [1788937906.232090380] [peach_manipulation_node.moveit.planners.pilz.command_planner]: About to load: pilz_industrial_motion_planner/PlanningContextLoaderCIRC
[peach_manipulation_node-12] [INFO] [1788937906.232172574] [peach_manipulation_node.moveit.planners.pilz.command_planner]: Registered Algorithm [CIRC]
[peach_manipulation_node-12] [INFO] [1788937906.232177516] [peach_manipulation_node.moveit.planners.pilz.command_planner]: About to load: pilz_industrial_motion_planner/PlanningContextLoaderLIN
[peach_manipulation_node-12] [INFO] [1788937906.232256660] [peach_manipulation_node.moveit.planners.pilz.command_planner]: Registered Algorithm [LIN]
[peach_manipulation_node-12] [INFO] [1788937906.232260362] [peach_manipulation_node.moveit.planners.pilz.command_planner]: About to load: pilz_industrial_motion_planner/PlanningContextLoaderPTP
[peach_manipulation_node-12] [INFO] [1788937906.232338959] [peach_manipulation_node.moveit.planners.pilz.command_planner]: Registered Algorithm [PTP]
[peach_manipulation_node-12] [INFO] [1788937906.232342459] [peach_manipulation_node.moveit.planners.pilz.command_planner]: About to load: pilz_industrial_motion_planner/PlanningContextLoaderPolyline
[peach_manipulation_node-12] [INFO] [1788937906.232420896] [peach_manipulation_node.moveit.planners.pilz.command_planner]: Registered Algorithm [POLYLINE]
[peach_manipulation_node-12] [INFO] [1788937906.232424699] [peach_manipulation_node.moveit.ros.planning_pipeline]: Successfully loaded planner 'Pilz Industrial Motion Planner'
[peach_manipulation_node-12] [INFO] [1788937906.233648232] [peach_manipulation_node]: Try loading adapter 'default_planning_request_adapters/ResolveConstraintFrames'
[peach_manipulation_node-12] [INFO] [1788937906.233748149] [peach_manipulation_node]: Loaded adapter 'default_planning_request_adapters/ResolveConstraintFrames'
[peach_manipulation_node-12] [INFO] [1788937906.233762455] [peach_manipulation_node]: Try loading adapter 'default_planning_request_adapters/ValidateWorkspaceBounds'
[peach_manipulation_node-12] [INFO] [1788937906.233772135] [peach_manipulation_node]: Loaded adapter 'default_planning_request_adapters/ValidateWorkspaceBounds'
[peach_manipulation_node-12] [INFO] [1788937906.233773783] [peach_manipulation_node]: Try loading adapter 'default_planning_request_adapters/CheckStartStateBounds'
[peach_manipulation_node-12] [INFO] [1788937906.233780245] [peach_manipulation_node]: Loaded adapter 'default_planning_request_adapters/CheckStartStateBounds'
[peach_manipulation_node-12] [INFO] [1788937906.233781779] [peach_manipulation_node]: Try loading adapter 'default_planning_request_adapters/CheckStartStateCollision'
[peach_manipulation_node-12] [INFO] [1788937906.233786565] [peach_manipulation_node]: Loaded adapter 'default_planning_request_adapters/CheckStartStateCollision'
[peach_manipulation_node-12] [INFO] [1788937906.235003291] [peach_manipulation_node]: Try loading adapter 'default_planning_response_adapters/ValidateSolution'
[peach_manipulation_node-12] [INFO] [1788937906.235314230] [peach_manipulation_node]: Loaded adapter 'default_planning_response_adapters/ValidateSolution'
[peach_manipulation_node-12] [INFO] [1788937906.235320619] [peach_manipulation_node]: Try loading adapter 'default_planning_response_adapters/DisplayMotionPath'
[peach_manipulation_node-12] [INFO] [1788937906.235487992] [peach_manipulation_node]: Loaded adapter 'default_planning_response_adapters/DisplayMotionPath'
[peach_scene_perception_node-10] [INFO] [1788937906.250548534] [peach_scene_perception_node]: 目标注册表在册 4 个目标（累计注册 4、累计命中 1833）
[peach_manipulation_node-12] [WARN] [1788937906.332551774] [rcl.logging_rosout]: Publisher already registered for node name: 'peach_manipulation_node'. If this is due to multiple nodes with the same name then all logs for the logger named 'peach_manipulation_node' will go out over the existing publisher. As soon as any node with that name is destructed it will unregister the publisher, preventing any further logs for that name from being published on the rosout topic.
[peach_manipulation_node-12] [INFO] [1788937906.339991306] [peach_manipulation_node]: Calling PlanningRequestAdapter 'ResolveConstraintFrames'
[peach_manipulation_node-12] [INFO] [1788937906.340051941] [peach_manipulation_node]: Calling PlanningRequestAdapter 'ValidateWorkspaceBounds'
[peach_manipulation_node-12] [WARN] [1788937906.340054641] [peach_manipulation_node.moveit.ros.validate_workspace_bounds]: It looks like the planning volume was not specified. Using default values.
[peach_manipulation_node-12] [INFO] [1788937906.340063961] [peach_manipulation_node]: Calling PlanningRequestAdapter 'CheckStartStateBounds'
[peach_manipulation_node-12] [INFO] [1788937906.340074146] [peach_manipulation_node]: Calling PlanningRequestAdapter 'CheckStartStateCollision'
[peach_manipulation_node-12] [INFO] [1788937906.340183433] [peach_manipulation_node]: Calling Planner 'Pilz Industrial Motion Planner'
[peach_manipulation_node-12] [INFO] [1788937906.340193479] [peach_manipulation_node.moveit.planners.pilz.trajectory_generator]: Generating LIN trajectory...
[peach_manipulation_node-12] [INFO] [1788937906.340349192] [peach_manipulation_node.moveit.planners.pilz.trajectory_generator]: using default max_cartesian_speed: 0.250000
[peach_manipulation_node-12] [INFO] [1788937906.341732217] [peach_manipulation_node]: Calling PlanningResponseAdapter 'ValidateSolution'
[peach_manipulation_node-12] [INFO] [1788937906.342851123] [peach_manipulation_node]: Calling PlanningResponseAdapter 'DisplayMotionPath'
[peach_manipulation_node-12] [INFO] [1788937906.343153836] [peach_manipulation_node]: Calling PlanningRequestAdapter 'ResolveConstraintFrames'
[peach_manipulation_node-12] [INFO] [1788937906.343183831] [peach_manipulation_node]: Calling PlanningRequestAdapter 'ValidateWorkspaceBounds'
[peach_manipulation_node-12] [WARN] [1788937906.343186037] [peach_manipulation_node.moveit.ros.validate_workspace_bounds]: It looks like the planning volume was not specified. Using default values.
[peach_manipulation_node-12] [INFO] [1788937906.343195040] [peach_manipulation_node]: Calling PlanningRequestAdapter 'CheckStartStateBounds'
[peach_manipulation_node-12] [INFO] [1788937906.343210451] [peach_manipulation_node]: Calling PlanningRequestAdapter 'CheckStartStateCollision'
[peach_manipulation_node-12] [INFO] [1788937906.343269942] [peach_manipulation_node]: Calling Planner 'Pilz Industrial Motion Planner'
[peach_manipulation_node-12] [INFO] [1788937906.343273686] [peach_manipulation_node.moveit.planners.pilz.trajectory_generator]: Generating LIN trajectory...
[peach_manipulation_node-12] [INFO] [1788937906.346037712] [peach_manipulation_node.moveit.core.moveit_collision_detection_fcl]: Found a contact between 'table_link' (type 'Robot link') and 'upperArm_Link' (type 'Robot link'), which constitutes a collision. Contact information is not stored.
[peach_manipulation_node-12] [INFO] [1788937906.346056826] [peach_manipulation_node.moveit.core.moveit_collision_detection_fcl]: Collision checking is considered complete (collision was found and 0 contacts are stored)
[peach_manipulation_node-12] [INFO] [1788937906.347203268] [peach_manipulation_node.moveit.core.moveit_collision_detection_fcl]: Found a contact between 'table_link' (type 'Robot link') and 'upperArm_Link' (type 'Robot link'), which constitutes a collision. Contact information is not stored.
[peach_manipulation_node-12] [INFO] [1788937906.347206216] [peach_manipulation_node.moveit.core.moveit_collision_detection_fcl]: Collision checking is considered complete (collision was found and 0 contacts are stored)
[peach_manipulation_node-12] [INFO] [1788937906.347463048] [peach_manipulation_node.moveit.planners.pilz.trajectory_generator]: using default max_cartesian_speed: 0.250000
[peach_manipulation_node-12] [ERROR] [1788937906.350934123] [peach_manipulation_node.pilz_trajectory_functions]: Joint velocity limit of foreArm_joint violated. Set the velocity scaling factor lower! Actual joint velocity is 8.68372, while the limit is 2.5964. 
[peach_manipulation_node-12] [ERROR] [1788937906.350944679] [peach_manipulation_node.pilz_trajectory_functions]: Inverse kinematics solution at 4.6s violates the joint velocity/acceleration/deceleration limits.
[peach_manipulation_node-12] [ERROR] [1788937906.350958884] [peach_manipulation_node.moveit.planners.pilz.trajectory_generator]: Failed to generate valid joint trajectory from the Cartesian path
[peach_manipulation_node-12] [ERROR] [1788937906.350988325] [peach_manipulation_node]: Planner 'Pilz Industrial Motion Planner' failed with error code PLANNING_FAILED
[peach_manipulation_node-12] [INFO] [1788937906.355216610] [peach_manipulation_node]: [FAILED] 到预抓取失败: MTC planning failed: Failing stage(s):
[peach_manipulation_node-12] cartesian corridor 2/4 (0/1): 
[peach_manipulation_node-12] [INFO] [1788937906.355248184] [peach_manipulation_node]: [FAILED] 到预抓取失败: MTC planning failed: Failing stage(s):
[peach_manipulation_node-12] cartesian corridor 2/4 (0/1): 
[peach_manipulation_node-12] [INFO] [1788937906.496528792] [peach_manipulation_node.moveit.ros.move_group_interface]: MoveGroup action client/server ready
[move_group-6] [INFO] [1788937906.496698416] [move_group.moveit.moveit.ros.move_group.move_action]: MoveGroupMoveAction: Received request
[move_group-6] [INFO] [1788937906.496806790] [move_group.moveit.moveit.ros.move_group.move_action]: executing..
[peach_manipulation_node-12] [INFO] [1788937906.496797164] [peach_manipulation_node.moveit.ros.move_group_interface]: Planning request accepted
[move_group-6] [INFO] [1788937906.497440568] [move_group.moveit.moveit.ros.move_group.move_action]: Planning request received for MoveGroup action. Forwarding to planning pipeline.
[move_group-6] [INFO] [1788937906.497465239] [move_group.moveit.moveit.ros.move_group.capability]: Using planning pipeline 'pilz_industrial_motion_planner'
[move_group-6] [INFO] [1788937906.497523040] [move_group]: Calling PlanningRequestAdapter 'ResolveConstraintFrames'
[move_group-6] [INFO] [1788937906.497531479] [move_group]: Calling PlanningRequestAdapter 'ValidateWorkspaceBounds'
[move_group-6] [WARN] [1788937906.497533560] [move_group.moveit.moveit.ros.validate_workspace_bounds]: It looks like the planning volume was not specified. Using default values.
[move_group-6] [INFO] [1788937906.497538180] [move_group]: Calling PlanningRequestAdapter 'CheckStartStateBounds'
[move_group-6] [INFO] [1788937906.497545748] [move_group]: Calling PlanningRequestAdapter 'CheckStartStateCollision'
[move_group-6] [INFO] [1788937906.497618172] [move_group.moveit.moveit.planners.pilz.trajectory_generator.ptp]: Initialized Point-to-Point Trajectory Generator.
[move_group-6] [INFO] [1788937906.497630090] [move_group]: Calling Planner 'Pilz Industrial Motion Planner'
[move_group-6] [INFO] [1788937906.497635519] [move_group.moveit.moveit.planners.pilz.trajectory_generator]: Generating PTP trajectory...
[move_group-6] [INFO] [1788937906.497654079] [move_group.moveit.moveit.planners.pilz.trajectory_generator.ptp]: Goal already reached, set one goal point explicitly.
[move_group-6] [INFO] [1788937906.497677217] [move_group]: Calling PlanningResponseAdapter 'ValidateSolution'
[move_group-6] [INFO] [1788937906.497713291] [move_group]: Calling PlanningResponseAdapter 'DisplayMotionPath'
[move_group-6] [INFO] [1788937906.497742805] [move_group.moveit.moveit.ros.move_group.move_action]: Motion plan was computed successfully.
[peach_manipulation_node-12] [INFO] [1788937906.497817495] [peach_manipulation_node.moveit.ros.move_group_interface]: Planning request complete!
[peach_manipulation_node-12] [INFO] [1788937906.498711117] [peach_manipulation_node.moveit.ros.move_group_interface]: time taken to generate plan: 2.6263e-05 seconds
[move_group-6] [INFO] [1788937906.498891626] [move_group.moveit.moveit.ros.move_group.clear_octomap_service]: Execution request received
[peach_manipulation_node-12] [INFO] [1788937906.498900652] [peach_manipulation_node.moveit.ros.move_group_interface]: Execute request accepted
[move_group-6] [INFO] [1788937906.498912142] [move_group.moveit.moveit.plugins.simple_controller_manager]: Returned 1 controllers in list
[move_group-6] [INFO] [1788937906.498921452] [move_group.moveit.moveit.plugins.simple_controller_manager]: Returned 1 controllers in list
[move_group-6] [INFO] [1788937906.498947005] [move_group.moveit.moveit.ros.trajectory_execution_manager]: Validating trajectory with allowed_start_tolerance 0.15
[move_group-6] [INFO] [1788937906.502931733] [move_group.moveit.moveit.ros.trajectory_execution_manager]: Starting trajectory execution ...
[move_group-6] [INFO] [1788937906.502975146] [move_group.moveit.moveit.plugins.simple_controller_manager]: Returned 1 controllers in list
[move_group-6] [INFO] [1788937906.502988351] [move_group.moveit.moveit.plugins.simple_controller_manager]: Returned 1 controllers in list
[move_group-6] [INFO] [1788937906.503171451] [moveit.simple_controller_manager.follow_joint_trajectory_controller_handle]: sending trajectory to aubo_passthrough_trajectory_controller
[ros2_control_node-2] [INFO] [1788937906.503476584] [aubo_passthrough_trajectory_controller]: Received new trajectory.
[ros2_control_node-2] [INFO] [1788937906.503528508] [aubo_passthrough_trajectory_controller]: Accepted new trajectory with 1 points.
[ros2_control_node-2] [INFO] [1788937906.503551167] [aubo_passthrough_trajectory_controller]: Effective goal time: 0 sec
[move_group-6] [INFO] [1788937906.503583957] [moveit.simple_controller_manager.follow_joint_trajectory_controller_handle]: aubo_passthrough_trajectory_controller started execution
[move_group-6] [INFO] [1788937906.503589840] [moveit.simple_controller_manager.follow_joint_trajectory_controller_handle]: Goal request accepted!
[ros2_control_node-2] [INFO] [1788937906.772285058] [aubo_passthrough_trajectory_controller]: Trajectory executed successfully (goal-hold confirmed in 0.265020 s).
[move_group-6] [INFO] [1788937906.803775195] [moveit.simple_controller_manager.follow_joint_trajectory_controller_handle]: Controller 'aubo_passthrough_trajectory_controller' successfully finished
[move_group-6] [INFO] [1788937906.817535230] [move_group.moveit.moveit.ros.trajectory_execution_manager]: Completed trajectory execution with status SUCCEEDED ...
[move_group-6] [INFO] [1788937906.817624079] [move_group.moveit.moveit.ros.move_group.clear_octomap_service]: Execution completed: SUCCEEDED
[peach_manipulation_node-12] [INFO] [1788937906.817876192] [peach_manipulation_node.moveit.ros.move_group_interface]: Execute request success!
[peach_manipulation_node-12]   0  - ←   0 →   -  0 / task pipeline
[peach_manipulation_node-12]     1  - ←   1 →   -  1 / current robot state
[peach_manipulation_node-12]     -  1 →   0 →   -  0 / approach to pregrasp
[peach_manipulation_node-12]       -  0 →   1 →   -  0 / lin align tool z
[peach_manipulation_node-12]       -  0 →   0 →   -  0 / lin to on-axis pregrasp
[peach_manipulation_node-12] Failing stage(s):
[peach_manipulation_node-12] lin to on-axis pregrasp (0/1): 
[peach_manipulation_node-12]   0  - ←   0 →   -  0 / task pipeline
[peach_manipulation_node-12]     1  - ←   1 →   -  1 / current robot state
[peach_manipulation_node-12]     -  1 →   0 →   -  0 / cartesian corridor
[peach_manipulation_node-12]       -  0 →   1 →   -  0 / cartesian corridor 1/4
[peach_manipulation_node-12]       -  0 →   0 →   -  0 / cartesian corridor 2/4
[peach_manipulation_node-12]       -  0 →   0 →   -  0 / cartesian corridor 3/4
[peach_manipulation_node-12]       -  0 →   0 →   -  0 / cartesian corridor 4/4
[peach_manipulation_node-12]       -  0 →   0 →   -  0 / lin to on-axis pregrasp
[peach_manipulation_node-12] Failing stage(s):
[peach_manipulation_node-12] cartesian corridor 2/4 (0/1): 
[component_container-8] [INFO] [1788937908.594227450] [percipio_device]: fps = 2.42628
[peach_target_reconstruction_node-11] [INFO] [1788937908.723285534] [peach_target_reconstruction_node]: 跟随计划切换重建目标: target_2 -> （空）（放弃 READY 会话）
[peach_target_reconstruction_node-11] [INFO] [1788937914.360419394] [peach_target_reconstruction_node]: 已清空，回 IDLE
[component_container-8] [INFO] [1788937914.360675819] [percipio_device]: fps = 2.42673
[peach_target_reconstruction_node-11] [INFO] [1788937914.361886911] [peach_target_reconstruction_node]: BuildTargetModel 强制开始：开始重建，绑定目标 target_3
[peach_manipulation_node-12] [WARN] [1788937914.362163718] [peach_manipulation_node]: 忽略非当前目标的 grasp_decision: expected=target_2 actual=target_3
[peach_manipulation_node-12] [INFO] [1788937914.363345545] [peach_manipulation_node]: [PLAN_OBSERVATION] 生成目标导向主动视点
[peach_manipulation_node-12] [INFO] [1788937914.363551275] [peach_manipulation_node]: [WAIT_FRAME] 当前位采帧，不环绕
[peach_target_reconstruction_node-11] [WARN] [1788937914.381524446] [peach_target_reconstruction_node]: 自动采帧跳过 [missing_mask]：缺少所选 target_id 的同时间戳掩膜
[peach_target_reconstruction_node-11] [WARN] [1788937915.614882912] [peach_target_reconstruction_node]: 自动采帧跳过 [missing_mask]：缺少所选 target_id 的同时间戳掩膜
[peach_scene_perception_node-10] [INFO] [1788937916.446279355] [peach_scene_perception_node]: 目标注册表在册 4 个目标（累计注册 4、累计命中 1852）
[peach_target_reconstruction_node-11] [WARN] [1788937916.842063970] [peach_target_reconstruction_node]: 自动采帧跳过 [missing_mask]：缺少所选 target_id 的同时间戳掩膜
[peach_manipulation_node-12] [WARN] [1788937917.111462395] [peach_manipulation_node]: 当前位采帧未完成，将做一次短 PTP 接近
[peach_manipulation_node-12] [INFO] [1788937917.111579367] [peach_manipulation_node]: 目标观测暂陈旧，凭记忆锚点执行获取性移动
[peach_manipulation_node-12] [INFO] [1788937917.111624245] [peach_manipulation_node]: [MOVE_TO_VIEW] see_a1_e0_r0 score=0.265573 travel=0.150000m
[peach_manipulation_node-12] [INFO] [1788937917.111801885] [peach_manipulation_node.moveit.ros.move_group_interface]: MoveGroup action client/server ready
[move_group-6] [INFO] [1788937917.112172990] [move_group.moveit.moveit.ros.move_group.move_action]: MoveGroupMoveAction: Received request
[peach_manipulation_node-12] [INFO] [1788937917.112450278] [peach_manipulation_node.moveit.ros.move_group_interface]: Planning request accepted
[move_group-6] [INFO] [1788937917.112644247] [move_group.moveit.moveit.ros.move_group.move_action]: executing..
[move_group-6] [INFO] [1788937917.117521837] [move_group.moveit.moveit.ros.move_group.move_action]: Planning request received for MoveGroup action. Forwarding to planning pipeline.
[move_group-6] [INFO] [1788937917.117540951] [move_group.moveit.moveit.ros.move_group.capability]: Using planning pipeline 'pilz_industrial_motion_planner'
[move_group-6] [INFO] [1788937917.117655321] [move_group]: Calling PlanningRequestAdapter 'ResolveConstraintFrames'
[move_group-6] [INFO] [1788937917.117668413] [move_group]: Calling PlanningRequestAdapter 'ValidateWorkspaceBounds'
[move_group-6] [WARN] [1788937917.117670657] [move_group.moveit.moveit.ros.validate_workspace_bounds]: It looks like the planning volume was not specified. Using default values.
[move_group-6] [INFO] [1788937917.117675522] [move_group]: Calling PlanningRequestAdapter 'CheckStartStateBounds'
[move_group-6] [INFO] [1788937917.117683033] [move_group]: Calling PlanningRequestAdapter 'CheckStartStateCollision'
[move_group-6] [INFO] [1788937917.117764698] [move_group]: Calling Planner 'Pilz Industrial Motion Planner'
[move_group-6] [INFO] [1788937917.117770930] [move_group.moveit.moveit.planners.pilz.trajectory_generator]: Generating LIN trajectory...
[move_group-6] [INFO] [1788937917.117964765] [move_group.moveit.moveit.planners.pilz.trajectory_generator]: using default max_cartesian_speed: 0.250000
[move_group-6] [INFO] [1788937917.120946241] [move_group]: Calling PlanningResponseAdapter 'ValidateSolution'
[move_group-6] [INFO] [1788937917.122908210] [move_group]: Calling PlanningResponseAdapter 'DisplayMotionPath'
[move_group-6] [INFO] [1788937917.123036142] [move_group.moveit.moveit.ros.move_group.move_action]: Motion plan was computed successfully.
[peach_manipulation_node-12] [INFO] [1788937917.123163529] [peach_manipulation_node.moveit.ros.move_group_interface]: Planning request complete!
[peach_manipulation_node-12] [INFO] [1788937917.123859570] [peach_manipulation_node.moveit.ros.move_group_interface]: time taken to generate plan: 0.00312765 seconds
[peach_manipulation_node-12] [INFO] [1788937917.124551046] [peach_manipulation_node.moveit.ros.move_group_interface]: Execute request accepted
[move_group-6] [INFO] [1788937917.124555533] [move_group.moveit.moveit.ros.move_group.clear_octomap_service]: Execution request received
[move_group-6] [INFO] [1788937917.124582937] [move_group.moveit.moveit.plugins.simple_controller_manager]: Returned 1 controllers in list
[move_group-6] [INFO] [1788937917.124592869] [move_group.moveit.moveit.plugins.simple_controller_manager]: Returned 1 controllers in list
[move_group-6] [INFO] [1788937917.124631736] [move_group.moveit.moveit.ros.trajectory_execution_manager]: Validating trajectory with allowed_start_tolerance 0.15
[move_group-6] [INFO] [1788937917.127657768] [move_group.moveit.moveit.ros.trajectory_execution_manager]: Starting trajectory execution ...
[move_group-6] [INFO] [1788937917.127712042] [move_group.moveit.moveit.plugins.simple_controller_manager]: Returned 1 controllers in list
[move_group-6] [INFO] [1788937917.127796481] [move_group.moveit.moveit.plugins.simple_controller_manager]: Returned 1 controllers in list
[move_group-6] [INFO] [1788937917.128174127] [moveit.simple_controller_manager.follow_joint_trajectory_controller_handle]: sending trajectory to aubo_passthrough_trajectory_controller
[ros2_control_node-2] [INFO] [1788937917.128396223] [aubo_passthrough_trajectory_controller]: Received new trajectory.
[ros2_control_node-2] [INFO] [1788937917.128456529] [aubo_passthrough_trajectory_controller]: Accepted new trajectory with 115 points.
[ros2_control_node-2] [INFO] [1788937917.128495853] [aubo_passthrough_trajectory_controller]: Effective goal time: 0 sec
[move_group-6] [INFO] [1788937917.128650797] [moveit.simple_controller_manager.follow_joint_trajectory_controller_handle]: aubo_passthrough_trajectory_controller started execution
[move_group-6] [INFO] [1788937917.128658084] [moveit.simple_controller_manager.follow_joint_trajectory_controller_handle]: Goal request accepted!
[peach_target_reconstruction_node-11] [WARN] [1788937918.099562422] [peach_target_reconstruction_node]: 自动采帧跳过 [missing_mask]：缺少所选 target_id 的同时间戳掩膜
[peach_target_reconstruction_node-11] [WARN] [1788937919.320484004] [peach_target_reconstruction_node]: 自动采帧跳过 [missing_mask]：缺少所选 target_id 的同时间戳掩膜
[component_container-8] [INFO] [1788937920.131899220] [percipio_device]: fps = 2.42492
[peach_target_reconstruction_node-11] [WARN] [1788937920.559548550] [peach_target_reconstruction_node]: 自动采帧跳过 [missing_mask]：缺少所选 target_id 的同时间戳掩膜
[peach_target_reconstruction_node-11] [WARN] [1788937921.798685385] [peach_target_reconstruction_node]: 自动采帧跳过 [missing_mask]：缺少所选 target_id 的同时间戳掩膜
[peach_target_reconstruction_node-11] [WARN] [1788937923.036330086] [peach_target_reconstruction_node]: 自动采帧跳过 [missing_mask]：缺少所选 target_id 的同时间戳掩膜
[peach_target_reconstruction_node-11] [WARN] [1788937924.269286505] [peach_target_reconstruction_node]: 自动采帧跳过 [missing_mask]：缺少所选 target_id 的同时间戳掩膜
[peach_target_reconstruction_node-11] [WARN] [1788937925.508910582] [peach_target_reconstruction_node]: 自动采帧跳过 [missing_mask]：缺少所选 target_id 的同时间戳掩膜
[component_container-8] [INFO] [1788937925.903904356] [percipio_device]: fps = 2.42311
[peach_target_reconstruction_node-11] [WARN] [1788937926.742214344] [peach_target_reconstruction_node]: 自动采帧跳过 [missing_mask]：缺少所选 target_id 的同时间戳掩膜
[peach_scene_perception_node-10] [INFO] [1788937926.746772736] [peach_scene_perception_node]: 目标注册表在册 4 个目标（累计注册 4、累计命中 1852）
[peach_target_reconstruction_node-11] [WARN] [1788937927.979167862] [peach_target_reconstruction_node]: 自动采帧跳过 [missing_mask]：缺少所选 target_id 的同时间戳掩膜
[ros2_control_node-2] [INFO] [1788937928.907345155] [aubo_passthrough_trajectory_controller]: Trajectory executed successfully (goal-hold confirmed in 11.775070 s).
[move_group-6] [INFO] [1788937928.928769032] [moveit.simple_controller_manager.follow_joint_trajectory_controller_handle]: Controller 'aubo_passthrough_trajectory_controller' successfully finished
[move_group-6] [INFO] [1788937928.942441323] [move_group.moveit.moveit.ros.trajectory_execution_manager]: Completed trajectory execution with status SUCCEEDED ...
[move_group-6] [INFO] [1788937928.942693564] [move_group.moveit.moveit.ros.move_group.clear_octomap_service]: Execution completed: SUCCEEDED
[peach_manipulation_node-12] [INFO] [1788937928.943035092] [peach_manipulation_node.moveit.ros.move_group_interface]: Execute request success!
[peach_manipulation_node-12] [INFO] [1788937928.943375225] [peach_manipulation_node]: [WAIT_FRAME] 等待到位后新鲜目标观测与重建帧
[peach_target_reconstruction_node-11] [WARN] [1788937929.210163850] [peach_target_reconstruction_node]: 自动采帧跳过 [missing_mask]：缺少所选 target_id 的同时间戳掩膜
[peach_target_reconstruction_node-11] [WARN] [1788937930.445685477] [peach_target_reconstruction_node]: 自动采帧跳过 [missing_mask]：缺少所选 target_id 的同时间戳掩膜
[peach_manipulation_node-12] [WARN] [1788937931.592509624] [peach_manipulation_node]: 视点到达但等待新鲜目标观测超时，换下一视点
[component_container-8] [INFO] [1788937931.663770527] [percipio_device]: fps = 2.42945
[peach_target_reconstruction_node-11] [WARN] [1788937931.686170103] [peach_target_reconstruction_node]: 自动采帧跳过 [missing_mask]：缺少所选 target_id 的同时间戳掩膜
[peach_target_reconstruction_node-11] [WARN] [1788937932.924696301] [peach_target_reconstruction_node]: 自动采帧跳过 [missing_mask]：缺少所选 target_id 的同时间戳掩膜
[peach_target_reconstruction_node-11] [WARN] [1788937934.160768400] [peach_target_reconstruction_node]: 自动采帧跳过 [missing_mask]：缺少所选 target_id 的同时间戳掩膜
[peach_manipulation_node-12] [INFO] [1788937934.248037261] [peach_manipulation_node]: [FAILED] 目标身份/可见性安全门失败: selected_target_stale
[peach_manipulation_node-12] [INFO] [1788937934.248070971] [peach_manipulation_node]: [FAILED] 目标身份/可见性安全门失败: selected_target_stale
[peach_manipulation_node-12] [INFO] [1788937934.391756464] [peach_manipulation_node.moveit.ros.move_group_interface]: MoveGroup action client/server ready
[move_group-6] [INFO] [1788937934.391929147] [move_group.moveit.moveit.ros.move_group.move_action]: MoveGroupMoveAction: Received request
[move_group-6] [INFO] [1788937934.392299495] [move_group.moveit.moveit.ros.move_group.move_action]: executing..
[peach_manipulation_node-12] [INFO] [1788937934.392320685] [peach_manipulation_node.moveit.ros.move_group_interface]: Planning request accepted
[move_group-6] [INFO] [1788937934.397481475] [move_group.moveit.moveit.ros.move_group.move_action]: Planning request received for MoveGroup action. Forwarding to planning pipeline.
[move_group-6] [INFO] [1788937934.397502125] [move_group.moveit.moveit.ros.move_group.capability]: Using planning pipeline 'pilz_industrial_motion_planner'
[move_group-6] [INFO] [1788937934.397562558] [move_group]: Calling PlanningRequestAdapter 'ResolveConstraintFrames'
[move_group-6] [INFO] [1788937934.397575967] [move_group]: Calling PlanningRequestAdapter 'ValidateWorkspaceBounds'
[move_group-6] [WARN] [1788937934.397578827] [move_group.moveit.moveit.ros.validate_workspace_bounds]: It looks like the planning volume was not specified. Using default values.
[move_group-6] [INFO] [1788937934.397585232] [move_group]: Calling PlanningRequestAdapter 'CheckStartStateBounds'
[move_group-6] [INFO] [1788937934.397595778] [move_group]: Calling PlanningRequestAdapter 'CheckStartStateCollision'
[move_group-6] [INFO] [1788937934.397709255] [move_group.moveit.moveit.planners.pilz.trajectory_generator.ptp]: Initialized Point-to-Point Trajectory Generator.
[move_group-6] [INFO] [1788937934.397724212] [move_group]: Calling Planner 'Pilz Industrial Motion Planner'
[move_group-6] [INFO] [1788937934.397732028] [move_group.moveit.moveit.planners.pilz.trajectory_generator]: Generating PTP trajectory...
[move_group-6] [INFO] [1788937934.397853616] [move_group]: Calling PlanningResponseAdapter 'ValidateSolution'
[move_group-6] [INFO] [1788937934.398763922] [move_group]: Calling PlanningResponseAdapter 'DisplayMotionPath'
[move_group-6] [INFO] [1788937934.398874082] [move_group.moveit.moveit.ros.move_group.move_action]: Motion plan was computed successfully.
[peach_manipulation_node-12] [INFO] [1788937934.399183564] [peach_manipulation_node.moveit.ros.move_group_interface]: Planning request complete!
[peach_manipulation_node-12] [INFO] [1788937934.399443555] [peach_manipulation_node.moveit.ros.move_group_interface]: time taken to generate plan: 8.8599e-05 seconds
[move_group-6] [INFO] [1788937934.399772638] [move_group.moveit.moveit.ros.move_group.clear_octomap_service]: Execution request received
[peach_manipulation_node-12] [INFO] [1788937934.399783144] [peach_manipulation_node.moveit.ros.move_group_interface]: Execute request accepted
[move_group-6] [INFO] [1788937934.399802194] [move_group.moveit.moveit.plugins.simple_controller_manager]: Returned 1 controllers in list
[move_group-6] [INFO] [1788937934.399812336] [move_group.moveit.moveit.plugins.simple_controller_manager]: Returned 1 controllers in list
[move_group-6] [INFO] [1788937934.399841595] [move_group.moveit.moveit.ros.trajectory_execution_manager]: Validating trajectory with allowed_start_tolerance 0.15
[move_group-6] [INFO] [1788937934.402553697] [move_group.moveit.moveit.ros.trajectory_execution_manager]: Starting trajectory execution ...
[move_group-6] [INFO] [1788937934.402605485] [move_group.moveit.moveit.plugins.simple_controller_manager]: Returned 1 controllers in list
[move_group-6] [INFO] [1788937934.402637704] [move_group.moveit.moveit.plugins.simple_controller_manager]: Returned 1 controllers in list
[move_group-6] [INFO] [1788937934.402822371] [moveit.simple_controller_manager.follow_joint_trajectory_controller_handle]: sending trajectory to aubo_passthrough_trajectory_controller
[ros2_control_node-2] [INFO] [1788937934.403086744] [aubo_passthrough_trajectory_controller]: Received new trajectory.
[ros2_control_node-2] [INFO] [1788937934.403145973] [aubo_passthrough_trajectory_controller]: Accepted new trajectory with 40 points.
[ros2_control_node-2] [INFO] [1788937934.403175232] [aubo_passthrough_trajectory_controller]: Effective goal time: 0 sec
[move_group-6] [INFO] [1788937934.403179913] [moveit.simple_controller_manager.follow_joint_trajectory_controller_handle]: aubo_passthrough_trajectory_controller started execution
[move_group-6] [INFO] [1788937934.403185404] [moveit.simple_controller_manager.follow_joint_trajectory_controller_handle]: Goal request accepted!
[peach_target_reconstruction_node-11] [WARN] [1788937935.419585682] [peach_target_reconstruction_node]: 自动采帧跳过 [missing_mask]：缺少所选 target_id 的同时间戳掩膜
[peach_target_reconstruction_node-11] [WARN] [1788937936.629669639] [peach_target_reconstruction_node]: 自动采帧跳过 [missing_mask]：缺少所选 target_id 的同时间戳掩膜
[peach_target_reconstruction_node-11] [INFO] [1788937936.637112549] [peach_target_reconstruction_node]: 跟随计划切换重建目标: target_3 -> （空）（放弃 COLLECTING 会话）
[peach_scene_perception_node-10] [INFO] [1788937937.050484602] [peach_scene_perception_node]: 目标注册表在册 5 个目标（累计注册 6、累计命中 1861）
[component_container-8] [INFO] [1788937937.431873282] [percipio_device]: fps = 2.42764
[ros2_control_node-2] [INFO] [1788937938.727268855] [aubo_passthrough_trajectory_controller]: Trajectory executed successfully (goal-hold confirmed in 4.319985 s).
[move_group-6] [INFO] [1788937938.753794009] [moveit.simple_controller_manager.follow_joint_trajectory_controller_handle]: Controller 'aubo_passthrough_trajectory_controller' successfully finished
[move_group-6] [INFO] [1788937938.767909572] [move_group.moveit.moveit.ros.trajectory_execution_manager]: Completed trajectory execution with status SUCCEEDED ...
[move_group-6] [INFO] [1788937938.768269606] [move_group.moveit.moveit.ros.move_group.clear_octomap_service]: Execution completed: SUCCEEDED
[peach_manipulation_node-12] [INFO] [1788937938.769274491] [peach_manipulation_node.moveit.ros.move_group_interface]: Execute request success!
[component_container-8] [INFO] [1788937943.201545014] [percipio_device]: fps = 2.42718
[peach_manipulation_node-12] [INFO] [1788937946.200592109] [peach_manipulation_node.moveit.ros.move_group_interface]: MoveGroup action client/server ready
[move_group-6] [INFO] [1788937946.200902593] [move_group.moveit.moveit.ros.move_group.move_action]: MoveGroupMoveAction: Received request
[peach_manipulation_node-12] [INFO] [1788937946.200998532] [peach_manipulation_node.moveit.ros.move_group_interface]: Planning request accepted
[move_group-6] [INFO] [1788937946.201020754] [move_group.moveit.moveit.ros.move_group.move_action]: executing..
[move_group-6] [INFO] [1788937946.202691774] [move_group.moveit.moveit.ros.move_group.move_action]: Planning request received for MoveGroup action. Forwarding to planning pipeline.
[move_group-6] [INFO] [1788937946.202716333] [move_group.moveit.moveit.ros.move_group.capability]: Using planning pipeline 'pilz_industrial_motion_planner'
[move_group-6] [INFO] [1788937946.202777431] [move_group]: Calling PlanningRequestAdapter 'ResolveConstraintFrames'
[move_group-6] [INFO] [1788937946.202790668] [move_group]: Calling PlanningRequestAdapter 'ValidateWorkspaceBounds'
[move_group-6] [WARN] [1788937946.202793366] [move_group.moveit.moveit.ros.validate_workspace_bounds]: It looks like the planning volume was not specified. Using default values.
[move_group-6] [INFO] [1788937946.202800481] [move_group]: Calling PlanningRequestAdapter 'CheckStartStateBounds'
[move_group-6] [INFO] [1788937946.202810555] [move_group]: Calling PlanningRequestAdapter 'CheckStartStateCollision'
[move_group-6] [INFO] [1788937946.202896240] [move_group.moveit.moveit.planners.pilz.trajectory_generator.ptp]: Initialized Point-to-Point Trajectory Generator.
[move_group-6] [INFO] [1788937946.202911076] [move_group]: Calling Planner 'Pilz Industrial Motion Planner'
[move_group-6] [INFO] [1788937946.202918364] [move_group.moveit.moveit.planners.pilz.trajectory_generator]: Generating PTP trajectory...
[move_group-6] [INFO] [1788937946.202940919] [move_group.moveit.moveit.planners.pilz.trajectory_generator.ptp]: Goal already reached, set one goal point explicitly.
[move_group-6] [INFO] [1788937946.202972663] [move_group]: Calling PlanningResponseAdapter 'ValidateSolution'
[move_group-6] [INFO] [1788937946.203019582] [move_group]: Calling PlanningResponseAdapter 'DisplayMotionPath'
[move_group-6] [INFO] [1788937946.203056026] [move_group.moveit.moveit.ros.move_group.move_action]: Motion plan was computed successfully.
[peach_manipulation_node-12] [INFO] [1788937946.203107611] [peach_manipulation_node.moveit.ros.move_group_interface]: Planning request complete!
[peach_manipulation_node-12] [INFO] [1788937946.204015725] [peach_manipulation_node.moveit.ros.move_group_interface]: time taken to generate plan: 3.288e-05 seconds
[move_group-6] [INFO] [1788937946.204396781] [move_group.moveit.moveit.ros.move_group.clear_octomap_service]: Execution request received
[move_group-6] [INFO] [1788937946.204418338] [move_group.moveit.moveit.plugins.simple_controller_manager]: Returned 1 controllers in list
[move_group-6] [INFO] [1788937946.204428791] [move_group.moveit.moveit.plugins.simple_controller_manager]: Returned 1 controllers in list
[move_group-6] [INFO] [1788937946.204455901] [move_group.moveit.moveit.ros.trajectory_execution_manager]: Validating trajectory with allowed_start_tolerance 0.15
[peach_manipulation_node-12] [INFO] [1788937946.204435885] [peach_manipulation_node.moveit.ros.move_group_interface]: Execute request accepted
[move_group-6] [INFO] [1788937946.207444951] [move_group.moveit.moveit.ros.trajectory_execution_manager]: Starting trajectory execution ...
[move_group-6] [INFO] [1788937946.207479022] [move_group.moveit.moveit.plugins.simple_controller_manager]: Returned 1 controllers in list
[move_group-6] [INFO] [1788937946.207493121] [move_group.moveit.moveit.plugins.simple_controller_manager]: Returned 1 controllers in list
[move_group-6] [INFO] [1788937946.207657264] [moveit.simple_controller_manager.follow_joint_trajectory_controller_handle]: sending trajectory to aubo_passthrough_trajectory_controller
[move_group-6] [INFO] [1788937946.207847216] [moveit.simple_controller_manager.follow_joint_trajectory_controller_handle]: aubo_passthrough_trajectory_controller started execution
[move_group-6] [INFO] [1788937946.207859750] [moveit.simple_controller_manager.follow_joint_trajectory_controller_handle]: Goal request accepted!
[ros2_control_node-2] [INFO] [1788937946.207746589] [aubo_passthrough_trajectory_controller]: Received new trajectory.
[ros2_control_node-2] [INFO] [1788937946.207785362] [aubo_passthrough_trajectory_controller]: Accepted new trajectory with 1 points.
[ros2_control_node-2] [INFO] [1788937946.207799514] [aubo_passthrough_trajectory_controller]: Effective goal time: 0 sec
[ros2_control_node-2] [INFO] [1788937946.477293361] [aubo_passthrough_trajectory_controller]: Trajectory executed successfully (goal-hold confirmed in 0.265017 s).
[move_group-6] [INFO] [1788937946.508232205] [moveit.simple_controller_manager.follow_joint_trajectory_controller_handle]: Controller 'aubo_passthrough_trajectory_controller' successfully finished
[move_group-6] [INFO] [1788937946.522398931] [move_group.moveit.moveit.ros.trajectory_execution_manager]: Completed trajectory execution with status SUCCEEDED ...
[move_group-6] [INFO] [1788937946.522478322] [move_group.moveit.moveit.ros.move_group.clear_octomap_service]: Execution completed: SUCCEEDED
[peach_manipulation_node-12] [INFO] [1788937946.522596587] [peach_manipulation_node.moveit.ros.move_group_interface]: Execute request success!
[peach_scene_perception_node-10] [INFO] [1788937947.435257117] [peach_scene_perception_node]: 目标注册表在册 5 个目标（累计注册 7、累计命中 1877）
[component_container-8] [INFO] [1788937948.972509080] [percipio_device]: fps = 2.42402
[component_container-8] [INFO] [1788937954.741102465] [percipio_device]: fps = 2.42628
[peach_scene_perception_node-10] [INFO] [1788937957.729799843] [peach_scene_perception_node]: 目标注册表在册 5 个目标（累计注册 7、累计命中 1902）
[component_container-8] [INFO] [1788937960.509527297] [percipio_device]: fps = 2.42764
[component_container-8] [INFO] [1788937966.271994399] [percipio_device]: fps = 2.42854
[peach_scene_perception_node-10] [INFO] [1788937967.920211900] [peach_scene_perception_node]: 目标注册表在册 5 个目标（累计注册 7、累计命中 1919）
[component_container-8] [INFO] [1788937972.040412552] [percipio_device]: fps = 2.42854
[component_container-8] [INFO] [1788937977.805639540] [percipio_device]: fps = 2.42809
[peach_scene_perception_node-10] [INFO] [1788937978.327480814] [peach_scene_perception_node]: 目标注册表在册 5 个目标（累计注册 7、累计命中 1944）
[component_container-8] [INFO] [1788937983.580201347] [percipio_device]: fps = 2.42447
