{
  "header": {
    "stamp": {
      "sec": 1763298573,
      "nanosec": 705510081
    },
    "frame_id": "robot_base"
  },
  "is_online": true,
  "enable": true,
  "in_motion": false,
  "joint_position_deg": [96.004, 53.65, 15.925, 0.007, 19.762, 32.797],
  "joint_position_rad": [1.67559, 0.936369, 0.277944, 0.000122173, 0.344912, 0.572416],
  "cartesian_position": {
    "position": {
      "x": -61.133,
      "y": 584.886,
      "z": -28.974
    },
    "orientation": {
      "x": -0.851709,
      "y": -0.523983,
      "z": -0.0024819,
      "w": 0.00522552
    },
    "euler_orientation_rpy_deg": [-179.639, -0.556, 63.199],
    "euler_orientation_rpy_rad": [-3.13529, -0.00970403, 1.10303]
  }
}
