[INFO] [launch]: All log files can be found below /home/mu/.ros/log/2026-09-09-15-23-40-497586-mu-MS-7E34-166732
[INFO] [launch]: Default logging verbosity is set to INFO
[INFO] [robot_state_publisher-1]: process started with pid [166770]
[INFO] [ros2_control_node-2]: process started with pid [166771]
[INFO] [spawner-3]: process started with pid [166772]
[INFO] [spawner-4]: process started with pid [166773]
[INFO] [spawner-5]: process started with pid [166774]
[INFO] [move_group-6]: process started with pid [166775]
[INFO] [rviz2-7]: process started with pid [166776]
[INFO] [component_container-8]: process started with pid [166777]
[INFO] [extrinsics_publisher-9]: process started with pid [166778]
[INFO] [peach_scene_perception_node-10]: process started with pid [166779]
[INFO] [peach_target_reconstruction_node-11]: process started with pid [166780]
[INFO] [peach_manipulation_node-12]: process started with pid [166781]
[INFO] [peach_observability-13]: process started with pid [166784]
[INFO] [peach_executor-14]: process started with pid [166785]
[INFO] [peach_lifecycle_manager-15]: process started with pid [166786]
[INFO] [ros2-16]: process started with pid [166787]
[robot_state_publisher-1] [INFO] [1788938620.943060923] [robot_state_publisher]: Robot initialized
[ros2_control_node-2] [INFO] [1788938620.943298156] [controller_manager]: Using Steady (Monotonic) clock for triggering controller manager cycles.
[ros2_control_node-2] [INFO] [1788938620.948668539] [controller_manager]: Subscribing to '/robot_description' topic for robot description.
[ros2_control_node-2] [INFO] [1788938620.950142964] [controller_manager]: update rate is 200 Hz
[ros2_control_node-2] [INFO] [1788938620.950162898] [controller_manager]: Overruns handling is : enabled
[ros2_control_node-2] [INFO] [1788938620.950167162] [controller_manager]: Spawning controller_manager RT thread with scheduler priority: 50
[ros2_control_node-2] [INFO] [1788938620.950207023] [controller_manager]: Successful set up FIFO RT scheduling policy with priority 50.
[move_group-6] [INFO] [1788938620.950696867] [move_group.moveit.moveit.ros.rdf_loader]: Loaded robot model in 0.00229268 seconds
[move_group-6] [INFO] [1788938620.950769158] [move_group.moveit.moveit.core.robot_model]: Loading robot model 'aubo_e5'...
[move_group-6] [INFO] [1788938620.950779048] [move_group.moveit.moveit.core.robot_model]: No root/virtual joint specified in SRDF. Assuming fixed joint
[peach_manipulation_node-12] [WARN] [1788938620.981281592] [rcl.logging_rosout]: Publisher already registered for node name: 'peach_manipulation_node'. If this is due to multiple nodes with the same name then all logs for the logger named 'peach_manipulation_node' will go out over the existing publisher. As soon as any node with that name is destructed it will unregister the publisher, preventing any further logs for that name from being published on the rosout topic.
[peach_manipulation_node-12] [WARN] [1788938620.982961301] [peach_manipulation_node]: scan.protected_zones 丢弃畸形盒: 盒#0 存在 min>=max 的轴（空盒/退化盒），已丢弃
[move_group-6] [INFO] [1788938620.986486410] [move_group.moveit.moveit.kinematics.kdl_kinematics_plugin]: Joint weights for group 'manipulator_e5': 1 1 1 1 1 1
[ros2_control_node-2] [INFO] [1788938621.054387632] [controller_manager]: Received robot description from topic.
[ros2_control_node-2] [INFO] [1788938621.054436014] [controller_manager]: Enforcing command limits is disabled. Command limits from URDF will be ignored.
[ros2_control_node-2] [INFO] [1788938621.057409119] [controller_manager]: Loading hardware 'AuboE5System' 
[ros2_control_node-2] [INFO] [1788938621.061663292] [controller_manager]: Loaded hardware 'AuboE5System' from plugin 'aubo_e5_hardware/AuboE5Hardware'
[ros2_control_node-2] [INFO] [1788938621.061781367] [controller_manager]: Initialize hardware 'AuboE5System' 
[ros2_control_node-2] [INFO] [1788938621.068026540] [AuboE5Hardware]: on_init OK (169.254.10.98:8899, rib_target=400, slowdown=300/350, batch=2..8, speed_guard=false)
[ros2_control_node-2] [INFO] [1788938621.068053303] [controller_manager]: Successful initialization of hardware 'AuboE5System'
[ros2_control_node-2] [INFO] [1788938621.068474550] [controller_manager]: Activating component 'AuboE5System'.
[ros2_control_node-2] [INFO] [1788938621.068485741] [resource_manager]: 'configure' hardware 'AuboE5System' 
[ros2_control_node-2] log4cplus: Just opened file: logfiles/trace_all.log
[component_container-8] [INFO] [1788938621.079853231] [camera.camera_container]: Load Library: /home/mu/Desktop/aubo_e5_jazzy_ws/install/percipio_camera/lib/libpercipio_camera.so
[move_group-6] [INFO] [1788938621.099965384] [move_group.moveit.moveit.ros.planning_scene_monitor]: Publishing maintained planning scene on 'monitored_planning_scene'
[move_group-6] [INFO] [1788938621.100095644] [move_group.moveit.moveit.ros.moveit_cpp]: Listening to 'joint_states' for joint states
[move_group-6] [INFO] [1788938621.100738367] [move_group.moveit.moveit.ros.current_state_monitor]: Listening to joint states on topic 'joint_states'
[move_group-6] [INFO] [1788938621.100947623] [move_group.moveit.moveit.ros.planning_scene_monitor]: Listening to '/attached_collision_object' for attached collision objects
[move_group-6] [INFO] [1788938621.100955030] [move_group.moveit.moveit.ros.planning_scene_monitor]: Stopping existing planning scene publisher.
[move_group-6] [INFO] [1788938621.102838506] [move_group.moveit.moveit.ros.planning_scene_monitor]: Stopped publishing maintained planning scene.
[move_group-6] [INFO] [1788938621.103073489] [move_group.moveit.moveit.ros.planning_scene_monitor]: Publishing maintained planning scene on 'monitored_planning_scene'
[move_group-6] [INFO] [1788938621.103134477] [move_group.moveit.moveit.ros.planning_scene_monitor]: Starting planning scene monitor
[move_group-6] [INFO] [1788938621.103503073] [move_group.moveit.moveit.ros.planning_scene_monitor]: Listening to '/planning_scene'
[move_group-6] [INFO] [1788938621.103509878] [move_group.moveit.moveit.ros.planning_scene_monitor]: Starting world geometry update monitor for collision objects, attached objects, octomap updates.
[move_group-6] [INFO] [1788938621.103638169] [move_group.moveit.moveit.ros.planning_scene_monitor]: Listening to 'collision_object'
[move_group-6] [INFO] [1788938621.103735477] [move_group.moveit.moveit.ros.planning_scene_monitor]: Listening to 'planning_scene_world' for planning scene world geometry
[move_group-6] [WARN] [1788938621.104273566] [move_group.moveit.moveit.ros.occupancy_map_monitor]: Resolution not specified for Octomap. Assuming resolution = 0.1 instead
[move_group-6] [ERROR] [1788938621.104284480] [move_group.moveit.moveit.ros.occupancy_map_monitor]: No 3D sensor plugin(s) defined for octomap updates
[spawner-3] [INFO] [1788938621.146445659] [spawner_joint_state_broadcaster]: waiting for service /controller_manager/list_controllers to become available...
[ros2_control_node-2] [INFO] [1788938621.153219339] [AuboE5Hardware]: Real robot detected
[ros2-16] [WARN] [ros2bag]: Positional "topics" argument deprecated. Please use optional "--topics" argument instead.
[ros2-16] stdin is not a terminal device. Keyboard handling disabled.[INFO] [1788938621.174477888] [rosbag2_recorder]: Press SPACE for pausing/resuming
[ros2-16] [INFO] [1788938621.174484054] [rosbag2_recorder]: Event publisher thread: Started
[ros2-16] [INFO] [1788938621.176793679] [rosbag2_recorder]: Starting recording to '/home/mu/Desktop/aubo_e5_jazzy_ws/runs/mcap_20260909_152340'
[ros2-16] [INFO] [1788938621.177965322] [rosbag2_recorder]: Listening for topics...
[ros2-16] [INFO] [1788938621.177977384] [rosbag2_recorder]: Recording...
[ros2-16] [INFO] [1788938621.180191749] [rosbag2_recorder]: Topics discovery started.
[component_container-8] [INFO] [1788938621.186373959] [camera.camera_container]: Found class: rclcpp_components::NodeFactoryTemplate<percipio_camera::PercipioCameraNodeDriver>
[component_container-8] [INFO] [1788938621.186408679] [camera.camera_container]: Instantiate class: rclcpp_components::NodeFactoryTemplate<percipio_camera::PercipioCameraNodeDriver>
[component_container-8] [INFO] [1788938621.192860387] [camera.camera]: Init lib
[component_container-8] [INFO] [1788938621.197432923] [camera.camera]:      - lib version: 4.2.10
[component_container-8] [INFO] [1788938621.197763018] [camera.camera]: PercipioCameraNodeDriver::init, deivce sn :
[component_container-8] [INFO] [1788938621.197775146] [camera.camera]: PercipioCameraNodeDriver::init, deivce ip :169.254.10.110
[ros2_control_node-2] [INFO] [1788938621.216652148] [AuboE5Hardware]: on_configure OK (dual login, push active)
[ros2_control_node-2] [INFO] [1788938621.216673324] [resource_manager]: Successful 'configure' of hardware 'AuboE5System'
[ros2_control_node-2] [INFO] [1788938621.216697786] [resource_manager]: 'activate' hardware 'AuboE5System' 
[move_group-6] [INFO] [1788938621.227933054] [move_group.moveit.moveit.ros.planning_pipeline]: Successfully loaded planner 'OMPL'
[move_group-6] [INFO] [1788938621.229433978] [move_group]: Try loading adapter 'default_planning_request_adapters/ResolveConstraintFrames'
[move_group-6] [INFO] [1788938621.230017220] [move_group]: Loaded adapter 'default_planning_request_adapters/ResolveConstraintFrames'
[move_group-6] [INFO] [1788938621.230022805] [move_group]: Try loading adapter 'default_planning_request_adapters/ValidateWorkspaceBounds'
[move_group-6] [INFO] [1788938621.230135460] [move_group]: Loaded adapter 'default_planning_request_adapters/ValidateWorkspaceBounds'
[move_group-6] [INFO] [1788938621.230138722] [move_group]: Try loading adapter 'default_planning_request_adapters/CheckStartStateBounds'
[move_group-6] [INFO] [1788938621.230149645] [move_group]: Loaded adapter 'default_planning_request_adapters/CheckStartStateBounds'
[move_group-6] [INFO] [1788938621.230151498] [move_group]: Try loading adapter 'default_planning_request_adapters/CheckStartStateCollision'
[move_group-6] [INFO] [1788938621.230159438] [move_group]: Loaded adapter 'default_planning_request_adapters/CheckStartStateCollision'
[move_group-6] [INFO] [1788938621.231478897] [move_group]: Try loading adapter 'default_planning_response_adapters/AddTimeOptimalParameterization'
[ros2_control_node-2] [INFO] [1788938621.232740297] [AuboE5Hardware.sendLoop]: sendLoop started
[move_group-6] [INFO] [1788938621.232959737] [move_group]: Loaded adapter 'default_planning_response_adapters/AddTimeOptimalParameterization'
[move_group-6] [INFO] [1788938621.232966245] [move_group]: Try loading adapter 'default_planning_response_adapters/AddRuckigTrajectorySmoothing'
[move_group-6] [INFO] [1788938621.232974038] [move_group]: Loaded adapter 'default_planning_response_adapters/AddRuckigTrajectorySmoothing'
[move_group-6] [INFO] [1788938621.232975833] [move_group]: Try loading adapter 'default_planning_response_adapters/ValidateSolution'
[ros2_control_node-2] [INFO] [1788938621.232984494] [AuboE5Hardware]: on_activate OK (TCP2CAN active, send + IO threads running)
[ros2_control_node-2] [INFO] [1788938621.233003802] [resource_manager]: Successful 'activate' of hardware 'AuboE5System'
[ros2_control_node-2] [INFO] [1788938621.233075293] [AuboE5Hardware.ioLoop]: ioLoop started
[ros2_control_node-2] [INFO] [1788938621.233107009] [controller_manager]: Registering statistics for : AuboE5System
[ros2_control_node-2] [INFO] [1788938621.233164365] [controller_manager]: Resource Manager has been successfully initialized. Starting Controller Manager services...
[move_group-6] [INFO] [1788938621.234057361] [move_group]: Loaded adapter 'default_planning_response_adapters/ValidateSolution'
[move_group-6] [INFO] [1788938621.234065775] [move_group]: Try loading adapter 'default_planning_response_adapters/DisplayMotionPath'
[move_group-6] [INFO] [1788938621.234831389] [move_group]: Loaded adapter 'default_planning_response_adapters/DisplayMotionPath'
[move_group-6] [INFO] [1788938621.237391139] [move_group.moveit.moveit.planners.pilz.joint_limits_aggregator]: Reading limits from namespace robot_description_planning
[move_group-6] [INFO] [1788938621.238886875] [move_group.moveit.moveit.planners.pilz.command_planner]: Available plugins: pilz_industrial_motion_planner/PlanningContextLoaderCIRC pilz_industrial_motion_planner/PlanningContextLoaderLIN pilz_industrial_motion_planner/PlanningContextLoaderPTP pilz_industrial_motion_planner/PlanningContextLoaderPolyline 
[move_group-6] [INFO] [1788938621.238898859] [move_group.moveit.moveit.planners.pilz.command_planner]: About to load: pilz_industrial_motion_planner/PlanningContextLoaderCIRC
[move_group-6] [INFO] [1788938621.239717501] [move_group.moveit.moveit.planners.pilz.command_planner]: Registered Algorithm [CIRC]
[move_group-6] [INFO] [1788938621.239725791] [move_group.moveit.moveit.planners.pilz.command_planner]: About to load: pilz_industrial_motion_planner/PlanningContextLoaderLIN
[move_group-6] [INFO] [1788938621.240226801] [move_group.moveit.moveit.planners.pilz.command_planner]: Registered Algorithm [LIN]
[move_group-6] [INFO] [1788938621.240233940] [move_group.moveit.moveit.planners.pilz.command_planner]: About to load: pilz_industrial_motion_planner/PlanningContextLoaderPTP
[move_group-6] [INFO] [1788938621.240677823] [move_group.moveit.moveit.planners.pilz.command_planner]: Registered Algorithm [PTP]
[move_group-6] [INFO] [1788938621.240683118] [move_group.moveit.moveit.planners.pilz.command_planner]: About to load: pilz_industrial_motion_planner/PlanningContextLoaderPolyline
[move_group-6] [INFO] [1788938621.241241321] [move_group.moveit.moveit.planners.pilz.command_planner]: Registered Algorithm [POLYLINE]
[move_group-6] [INFO] [1788938621.241250536] [move_group.moveit.moveit.ros.planning_pipeline]: Successfully loaded planner 'Pilz Industrial Motion Planner'
[move_group-6] [INFO] [1788938621.242586515] [move_group]: Try loading adapter 'default_planning_request_adapters/ResolveConstraintFrames'
[move_group-6] [INFO] [1788938621.242706966] [move_group]: Loaded adapter 'default_planning_request_adapters/ResolveConstraintFrames'
[move_group-6] [INFO] [1788938621.242709573] [move_group]: Try loading adapter 'default_planning_request_adapters/ValidateWorkspaceBounds'
[move_group-6] [INFO] [1788938621.242836613] [move_group]: Loaded adapter 'default_planning_request_adapters/ValidateWorkspaceBounds'
[move_group-6] [INFO] [1788938621.242840049] [move_group]: Try loading adapter 'default_planning_request_adapters/CheckStartStateBounds'
[move_group-6] [INFO] [1788938621.242847424] [move_group]: Loaded adapter 'default_planning_request_adapters/CheckStartStateBounds'
[move_group-6] [INFO] [1788938621.242849099] [move_group]: Try loading adapter 'default_planning_request_adapters/CheckStartStateCollision'
[move_group-6] [INFO] [1788938621.242855191] [move_group]: Loaded adapter 'default_planning_request_adapters/CheckStartStateCollision'
[move_group-6] [INFO] [1788938621.244103913] [move_group]: Try loading adapter 'default_planning_response_adapters/ValidateSolution'
[move_group-6] [INFO] [1788938621.267532660] [move_group]: Loaded adapter 'default_planning_response_adapters/ValidateSolution'
[move_group-6] [INFO] [1788938621.267551212] [move_group]: Try loading adapter 'default_planning_response_adapters/DisplayMotionPath'
[move_group-6] [INFO] [1788938621.267808629] [move_group]: Loaded adapter 'default_planning_response_adapters/DisplayMotionPath'
[move_group-6] [INFO] [1788938621.284198002] [move_group.moveit.moveit.plugins.simple_controller_manager]: Added FollowJointTrajectory controller for aubo_passthrough_trajectory_controller
[move_group-6] [INFO] [1788938621.284324358] [move_group.moveit.moveit.plugins.simple_controller_manager]: Returned 1 controllers in list
[move_group-6] [INFO] [1788938621.284342705] [move_group.moveit.moveit.plugins.simple_controller_manager]: Returned 1 controllers in list
[move_group-6] [INFO] [1788938621.284643300] [move_group.moveit.moveit.ros.trajectory_execution_manager]: Trajectory execution is not managing controllers
[move_group-6] [INFO] [1788938621.284652689] [move_group]: MoveGroup debug mode is ON
[extrinsics_publisher-9] [INFO] [1788938621.299180406] [hand_eye_extrinsics_publisher]: Published active camera extrinsic from /home/mu/Desktop/aubo_e5_jazzy_ws/src/aubo_hand_eye_calibration/hand_eye/active.yaml
[move_group-6] [INFO] [1788938621.306468745] [move_group.moveit.moveit.planners.pilz.move_group_sequence_action]: initialize move group sequence action
[move_group-6] [INFO] [1788938621.307827373] [move_group.moveit.moveit.planners.pilz.joint_limits_aggregator]: Reading limits from namespace robot_description_planning
[move_group-6] [INFO] [1788938621.307941424] [move_group.moveit.moveit.planners.pilz.joint_limits_aggregator]: Reading limits from namespace robot_description_planning
[move_group-6] [INFO] [1788938621.308301567] [move_group.moveit.moveit.ros.move_group.executable]: 
[move_group-6] 
[move_group-6] ********************************************************
[move_group-6] * MoveGroup using: 
[move_group-6] *     - apply_planning_scene_service
[move_group-6] *     - clear_octomap_service
[move_group-6] *     - ExecuteTaskSolution
[move_group-6] *     - get_group_urdf
[move_group-6] *     - load_geometry_from_file
[move_group-6] *     - CartesianPathService
[move_group-6] *     - execute_trajectory_action
[move_group-6] *     - get_planning_scene_service
[move_group-6] *     - kinematics_service
[move_group-6] *     - move_action
[move_group-6] *     - motion_plan_service
[move_group-6] *     - query_planners_service
[move_group-6] *     - state_validation_service
[move_group-6] *     - save_geometry_to_file
[move_group-6] *     - SequenceAction
[move_group-6] *     - SequenceService
[move_group-6] ********************************************************
[move_group-6] 
[move_group-6] [INFO] [1788938621.308324820] [move_group.moveit.moveit.ros.move_group.context]: MoveGroup context using pipeline ompl
[move_group-6] [INFO] [1788938621.308329512] [move_group.moveit.moveit.ros.move_group.context]: MoveGroup context initialization complete
[move_group-6] [96mLoading 'move_group/ApplyPlanningSceneService'...[0m
[move_group-6] [96mLoading 'move_group/ClearOctomapService'...[0m
[move_group-6] [96mLoading 'move_group/ExecuteTaskSolutionCapability'...[0m
[move_group-6] [96mLoading 'move_group/GetUrdfService'...[0m
[move_group-6] [96mLoading 'move_group/LoadGeometryFromFileService'...[0m
[move_group-6] [96mLoading 'move_group/MoveGroupCartesianPathService'...[0m
[move_group-6] [96mLoading 'move_group/MoveGroupExecuteTrajectoryAction'...[0m
[move_group-6] [96mLoading 'move_group/MoveGroupGetPlanningSceneService'...[0m
[move_group-6] [96mLoading 'move_group/MoveGroupKinematicsService'...[0m
[move_group-6] [96mLoading 'move_group/MoveGroupMoveAction'...[0m
[move_group-6] [96mLoading 'move_group/MoveGroupPlanService'...[0m
[move_group-6] [96mLoading 'move_group/MoveGroupQueryPlannersService'...[0m
[move_group-6] [96mLoading 'move_group/MoveGroupStateValidationService'...[0m
[move_group-6] [96mLoading 'move_group/SaveGeometryToFileService'...[0m
[move_group-6] [96mLoading 'pilz_industrial_motion_planner/MoveGroupSequenceAction'...[0m
[move_group-6] [96mLoading 'pilz_industrial_motion_planner/MoveGroupSequenceService'...[0m
[move_group-6] 
[move_group-6] [92mYou can start planning now![0m
[move_group-6] 
[peach_observability-13] [INFO] [1788938621.352864239] [peach_observability]: 手动调试操作面未启用（debug.enabled=false）
[peach_observability-13] [INFO] [1788938621.354558884] [peach_observability]: 桃子采摘 Web 控制台（只读监控）: http://127.0.0.1:8090
[ros2_control_node-2] [INFO] [1788938621.478771446] [controller_manager]: Loading controller : 'joint_state_broadcaster' of type 'joint_state_broadcaster/JointStateBroadcaster'
[ros2_control_node-2] [INFO] [1788938621.478810485] [controller_manager]: Loading controller 'joint_state_broadcaster'
[ros2_control_node-2] [INFO] [1788938621.481535636] [controller_manager]: Controller 'joint_state_broadcaster' node arguments: --ros-args --params-file /tmp/launch_params_3sckag78 --params-file /home/mu/Desktop/aubo_e5_jazzy_ws/install/aubo_e5_bringup/share/aubo_e5_bringup/config/controllers.yaml 
[spawner-3] [INFO] [1788938621.490972570] [spawner_joint_state_broadcaster]: Loaded joint_state_broadcaster
[ros2_control_node-2] [INFO] [1788938621.491636558] [controller_manager]: Configuring controller: 'joint_state_broadcaster'
[ros2_control_node-2] [INFO] [1788938621.491699180] [joint_state_broadcaster]: 'joints' or 'interfaces' parameter is empty. All available state interfaces will be published
[ros2_control_node-2] [INFO] [1788938621.501167447] [controller_manager]: Activating controllers: [ joint_state_broadcaster ]
[ros2_control_node-2] [INFO] [1788938621.505394139] [controller_manager]: Successfully switched controllers!
[spawner-3] [INFO] [1788938621.511002158] [spawner_joint_state_broadcaster]: Configured and activated joint_state_broadcaster
[INFO] [spawner-3]: process has finished cleanly [pid 166772]
[rviz2-7] [INFO] [1788938621.676062888] [rviz2]: Stereo is NOT SUPPORTED
[rviz2-7] [INFO] [1788938621.676117660] [rviz2]: OpenGl version: 4.6 (GLSL 4.6)
[peach_target_reconstruction_node-11] [INFO] [1788938621.763190347] [peach_target_reconstruction_node]: peach_target_reconstruction_node ready: base=base_link color=/camera/color/image_raw depth=/camera/depth/image_raw slop=0.05s depth_scale_unit=0.25 views(min/rec/max)=2/5/24 require_static=True auto_mode=True session_root=/home/mu/Desktop/aubo_e5_jazzy_ws/runs
[spawner-5] [INFO] [1788938621.792461315] [spawner_aubo_passthrough_trajectory_controller]: waiting for service /controller_manager/list_controllers to become available...
[peach_scene_perception_node-10] [INFO] [1788938621.799192263] [peach_scene_perception_node]: YOLO=/home/mu/Desktop/aubo_e5_jazzy_ws/install/peach_perception/share/peach_perception/model/best.pt
[peach_scene_perception_node-10] [INFO] [1788938621.799352250] [peach_scene_perception_node]: SAM=/home/mu/Desktop/aubo_e5_jazzy_ws/install/peach_perception/share/peach_perception/model/mobile_sam.pt
[rviz2-7] [INFO] [1788938621.825044254] [rviz2]: Stereo is NOT SUPPORTED
[rviz2-7] Warning: class_loader.impl: SEVERE WARNING!!! A namespace collision has occurred with plugin factory for class rviz_default_plugins::displays::InteractiveMarkerDisplay. New factory will OVERWRITE existing one. This situation occurs when libraries containing plugins are directly linked against an executable (the one running right now generating this message). Please separate plugins out into their own library or just don't link against the library and use either class_loader::ClassLoader/MultiLibraryClassLoader to open.
[rviz2-7]          at line 321 in /opt/ros/jazzy/include/class_loader/class_loader/class_loader_core.hpp
[peach_scene_perception_node-10] [INFO] [1788938622.478476551] [peach_scene_perception_node]: Subscribed color=/camera/color/image_raw depth=/camera/depth/image_raw info=/camera/color/camera_info slop=0.05s optical=camera_color_optical_frame output=base_link depth_scale_unit=0.25 gravity_mode=tf calib=percipio-640x480-chessboard|hand_eye:import_humble_20260128T114006
[peach_scene_perception_node-10] [INFO] [1788938622.478760083] [peach_scene_perception_node]: 目标身份记忆已启用：match_radius=0.06 m, max_targets=50, ema=0.3
[ros2_control_node-2] [INFO] [1788938622.742901981] [controller_manager]: Loading controller : 'aubo_passthrough_trajectory_controller' of type 'aubo_e5_controllers/AuboPassthroughTrajectoryController'
[ros2_control_node-2] [INFO] [1788938622.742927669] [controller_manager]: Loading controller 'aubo_passthrough_trajectory_controller'
[ros2_control_node-2] [INFO] [1788938622.744682087] [controller_manager]: Controller 'aubo_passthrough_trajectory_controller' node arguments: --ros-args --params-file /tmp/launch_params_3sckag78 --params-file /home/mu/Desktop/aubo_e5_jazzy_ws/install/aubo_e5_bringup/share/aubo_e5_bringup/config/controllers.yaml 
[spawner-5] [INFO] [1788938622.755990931] [spawner_aubo_passthrough_trajectory_controller]: Loaded aubo_passthrough_trajectory_controller
[ros2_control_node-2] [INFO] [1788938622.757046372] [controller_manager]: Configuring controller: 'aubo_passthrough_trajectory_controller'
[ros2-16] [INFO] [1788938622.765705948] [rosbag2_recorder]: Subscribed to topic '/peach/perception/target_observations'
[ros2_control_node-2] [INFO] [1788938622.766675726] [controller_manager]: Activating controllers: [ aubo_passthrough_trajectory_controller ]
[ros2_control_node-2] [INFO] [1788938622.770531366] [controller_manager]: Successfully switched controllers!
[spawner-5] [INFO] [1788938622.776158270] [spawner_aubo_passthrough_trajectory_controller]: Configured and activated aubo_passthrough_trajectory_controller
[spawner-4] [INFO] [1788938622.861783153] [spawner_aubo_io_controller]: waiting for service /controller_manager/list_controllers to become available...
[INFO] [spawner-5]: process has finished cleanly [pid 166774]
[ros2-16] [INFO] [1788938623.119357135] [rosbag2_recorder]: Subscribed to topic '/peach/reconstruction/status'
[ros2-16] [INFO] [1788938623.127788234] [rosbag2_recorder]: Subscribed to topic '/peach/reconstruction/shape_hypothesis'
[peach_manipulation_node-12] [WARN] [1788938623.138183602] [peach_manipulation_node]: scan.protected_zones 丢弃畸形盒: 盒#0 存在 min>=max 的轴（空盒/退化盒），已丢弃
[ros2-16] [INFO] [1788938623.145897206] [rosbag2_recorder]: Subscribed to topic '/peach/manipulation/grasp_hypothesis'
[peach_manipulation_node-12] [WARN] [1788938623.150821079] [rcl.logging_rosout]: Publisher already registered for node name: 'peach_manipulation_node'. If this is due to multiple nodes with the same name then all logs for the logger named 'peach_manipulation_node' will go out over the existing publisher. As soon as any node with that name is destructed it will unregister the publisher, preventing any further logs for that name from being published on the rosout topic.
[peach_manipulation_node-12] [INFO] [1788938623.155956741] [peach_manipulation_node.moveit.ros.rdf_loader]: Loaded robot model in 0.00230752 seconds
[peach_manipulation_node-12] [INFO] [1788938623.155990101] [peach_manipulation_node.moveit.core.robot_model]: Loading robot model 'aubo_e5'...
[peach_manipulation_node-12] [INFO] [1788938623.155998640] [peach_manipulation_node.moveit.core.robot_model]: No root/virtual joint specified in SRDF. Assuming fixed joint
[peach_manipulation_node-12] [INFO] [1788938623.189057838] [peach_manipulation_node.moveit.kinematics.kdl_kinematics_plugin]: Joint weights for group 'manipulator_e5': 1 1 1 1 1 1
[peach_manipulation_node-12] [INFO] [1788938623.197951420] [peach_manipulation_node.moveit.ros.move_group_interface]: Ready to take commands for planning group manipulator_e5.
[peach_manipulation_node-12] [INFO] [1788938623.197978422] [peach_manipulation_node]: 主动视觉靠近节点 ready: group=manipulator_e5 base=base_link tip=tcp camera=camera_depth_optical_frame execution=plan_only grasp=disabled
[peach_manipulation_node-12] [INFO] [1788938623.197995958] [peach_manipulation_node]: [IDLE] 已配置；activate 后才开放运动输出权限
[ros2-16] [INFO] [1788938623.205887187] [rosbag2_recorder]: Subscribed to topic '/peach_executor/state'
[ros2-16] [INFO] [1788938623.210039025] [rosbag2_recorder]: Subscribed to topic '/peach_executor/events'
[ros2-16] [INFO] [1788938623.211174558] [rosbag2_recorder]: Subscribed to topic '/peach_executor/scene_snapshot'
[ros2-16] [INFO] [1788938623.211184791] [rosbag2_recorder]: All requested topics are subscribed. Stopping discovery...
[ros2-16] [INFO] [1788938623.211186923] [rosbag2_recorder]: Topics discovery stopped.
[peach_executor-14] [INFO] [1788938623.250238945] [peach_executor]: task executor configured; will not auto-start harvest
[peach_scene_perception_node-10] [INFO] [1788938623.252058572] [peach_scene_perception_node]: perception Active：开始处理 RGB-D
[peach_target_reconstruction_node-11] [INFO] [1788938623.254417197] [peach_target_reconstruction_node]: reconstruction Active：开始积分
[peach_manipulation_node-12] [INFO] [1788938623.255636223] [peach_manipulation_node]: 节点已激活：运动输出权限开放
[peach_lifecycle_manager-15] [INFO] [1788938623.263280316] [peach_lifecycle_manager]: managed nodes Active（仍须显式 RunHarvest）
[component_container-8] [WARN] [1788938624.425592100] [GIGE2_0]: Failed to load default parameters, some parameters cannot be loaded properly!
[component_container-8] [INFO] [1788938624.425977879] [percipio_device]: color stream: 
[component_container-8] [INFO] [1788938624.425982312] [percipio_device]:         yuyv 2560x1920 2560x1920
[component_container-8] [INFO] [1788938624.425983728] [percipio_device]:         yuyv 1920x1440 1920x1440
[component_container-8] [INFO] [1788938624.425984670] [percipio_device]:         yuyv 1280x960 1280x960
[component_container-8] [INFO] [1788938624.425985659] [percipio_device]:         yuyv 640x480 640x480
[component_container-8] [INFO] [1788938624.425986586] [percipio_device]:         CSI BAYER12GR_2560x1920 2560x1920
[component_container-8] [INFO] [1788938624.425996265] [percipio_device]: depth stream: 
[component_container-8] [INFO] [1788938624.425997531] [percipio_device]:         DEPTH16_640x480 640x480
[component_container-8] [INFO] [1788938624.425998528] [percipio_device]:         DEPTH16_1280x960 1280x960
[component_container-8] [INFO] [1788938624.425999434] [percipio_device]:         DEPTH16_320x240 320x240
[component_container-8] [INFO] [1788938624.426003522] [percipio_device]: left-IR stream: 
[component_container-8] [INFO] [1788938624.426004733] [percipio_device]:         mono8 1280x960 1280x960
[component_container-8] [INFO] [1788938624.426008511] [percipio_device]: right-IR stream: 
[component_container-8] [INFO] [1788938624.426009632] [percipio_device]:         mono8 1280x960 1280x960
[component_container-8] [INFO] [1788938624.426019361] [GIGE2_0]: Depth distortion calib data check ret: 0(0)
[component_container-8] [INFO] [1788938624.426028730] [camera.camera]: Serial number:  207000152740
[component_container-8] [INFO] [1788938624.426043769] [camera.camera]: Model name:     PS800-E1
[component_container-8] [INFO] [1788938624.426045444] [camera.camera]: Build hash:     model:AP03B04-019PS80X_X_X_F107_XXL15_DVP_DF64_FC6;rtl:R0.2.6_0_g26e2cbc085;kernel:R3.13.77-0-gc484756878;tycam:R3.6.49-86ae766a;gevcam:R3.13.77-0-gd613cccf
[component_container-8] [INFO] [1788938624.426047459] [camera.camera]: Config version: r3.16.0-93f90f979a45de38f604fe0b207cb8712a39e7db
[component_container-8] Tue Oct 8 08:46:25 UTC 2024
[component_container-8] [INFO] [1788938624.428254969] [percipio_camera_node]: color camera_info override loaded from /home/mu/Desktop/aubo_e5_jazzy_ws/install/percipio_camera/share/percipio_camera/config/color_camera_info.yaml (camera_name=camera_color)
[component_container-8] [INFO] [1788938624.430367237] [percipio_device]: Set stream mode(Depth): DEPTH16_640x480 640x480
[component_container-8] [INFO] [1788938624.430389203] [percipio_device]: Depth stream scale unit: 0.25
[component_container-8] [INFO] [1788938624.432166829] [percipio_device]: Set stream mode(Texture): yuyv 640x480 640x480
[component_container-8] [INFO] [1788938624.623702716] [percipio_device]: Device now work at continuous mode.
[INFO] [launch_ros.actions.load_composable_nodes]: Loaded node '/camera/camera' in container '/camera/camera_container'
[rviz2-7] [ERROR] [1788938625.235433833] [moveit_2297850582.moveit.ros.motion_planning_frame]: Action server: /recognize_objects not available
[rviz2-7] [INFO] [1788938625.244716424] [moveit_2297850582.moveit.ros.motion_planning_frame]: MoveGroup namespace changed: / -> . Reloading params.
[rviz2-7] [INFO] [1788938625.254331664] [rviz]: Subscribing to: /peach/perception/single_cloud
[rviz2-7] 
[rviz2-7] [INFO] [1788938625.254635297] [rviz]: Subscribing to: /peach/reconstruction/tsdf_cloud
[rviz2-7] 
[rviz2-7] [INFO] [1788938625.254926627] [rviz]: Subscribing to: /peach/reconstruction/tsdf_cloud
[rviz2-7] 
[rviz2-7] [INFO] [1788938625.255206260] [rviz]: Subscribing to: /peach/reconstruction/tsdf_cloud
[rviz2-7] 
[rviz2-7] [INFO] [1788938625.264729953] [rviz]: Subscribing to: /peach/perception/single_cloud
[rviz2-7] 
[rviz2-7] [INFO] [1788938625.265022581] [rviz]: Subscribing to: /peach/reconstruction/tsdf_cloud
[rviz2-7] 
[ros2_control_node-2] [INFO] [1788938625.445094334] [controller_manager]: Loading controller : 'aubo_io_controller' of type 'aubo_e5_controllers/AuboIOController'
[ros2_control_node-2] [INFO] [1788938625.445122646] [controller_manager]: Loading controller 'aubo_io_controller'
[ros2_control_node-2] [INFO] [1788938625.445280982] [controller_manager]: Controller 'aubo_io_controller' node arguments: --ros-args --params-file /tmp/launch_params_3sckag78 --params-file /home/mu/Desktop/aubo_e5_jazzy_ws/install/aubo_e5_bringup/share/aubo_e5_bringup/config/controllers.yaml 
[spawner-4] [INFO] [1788938625.451098878] [spawner_aubo_io_controller]: Loaded aubo_io_controller
[ros2_control_node-2] [INFO] [1788938625.451876386] [controller_manager]: Configuring controller: 'aubo_io_controller'
[ros2_control_node-2] [INFO] [1788938625.461583512] [controller_manager]: Activating controllers: [ aubo_io_controller ]
[ros2_control_node-2] [INFO] [1788938625.465808882] [controller_manager]: Successfully switched controllers!
[spawner-4] [INFO] [1788938625.471073057] [spawner_aubo_io_controller]: Configured and activated aubo_io_controller
[rviz2-7] [INFO] [1788938625.477679508] [rviz2]: Stereo is NOT SUPPORTED
[peach_scene_perception_node-10] [INFO] [1788938625.486807773] [peach_scene_perception_node]: CameraInfo K fx=466.175 fy=465.557 cx=326.071 cy=244.789 640x480
[rviz2-7] [INFO] [1788938625.497997664] [moveit_2297850582.moveit.ros.rdf_loader]: Loaded robot model in 0.00245069 seconds
[rviz2-7] [INFO] [1788938625.498041911] [moveit_2297850582.moveit.core.robot_model]: Loading robot model 'aubo_e5'...
[rviz2-7] [INFO] [1788938625.498051224] [moveit_2297850582.moveit.core.robot_model]: No root/virtual joint specified in SRDF. Assuming fixed joint
[rviz2-7] [INFO] [1788938625.531491027] [moveit_2297850582.moveit.kinematics.kdl_kinematics_plugin]: Joint weights for group 'manipulator_e5': 1 1 1 1 1 1
[INFO] [spawner-4]: process has finished cleanly [pid 166773]
[rviz2-7] [INFO] [1788938625.640763111] [moveit_2297850582.moveit.ros.planning_scene_monitor]: Publishing maintained planning scene on 'monitored_planning_scene'
[rviz2-7] [INFO] [1788938625.642890562] [moveit_2297850582.moveit.ros.planning_scene_monitor]: Starting planning scene monitor
[rviz2-7] [INFO] [1788938625.643521259] [moveit_2297850582.moveit.ros.planning_scene_monitor]: Listening to '/monitored_planning_scene'
[peach_scene_perception_node-10] /home/mu/Desktop/aubo_e5_jazzy_ws/aubo_py3.12/lib/python3.12/site-packages/matplotlib/projections/__init__.py:63: UserWarning: Unable to import Axes3D. This may be due to multiple versions of Matplotlib being installed (e.g. as a system package and as a pip package). As a result, the 3D projection is not available.
[peach_scene_perception_node-10]   warnings.warn("Unable to import Axes3D. This may be due to multiple versions of "
[rviz2-7] [INFO] [1788938625.732459652] [interactive_marker_display_104404632383504]: Connected on namespace: /rviz_moveit_motion_planning_display/robot_interaction_interactive_marker_topic
[rviz2-7] [INFO] [1788938625.735976428] [moveit_2297850582.moveit.ros.motion_planning_frame]: group manipulator_e5
[rviz2-7] [INFO] [1788938625.735990845] [moveit_2297850582.moveit.ros.motion_planning_frame]: Constructing new MoveGroup connection for group 'manipulator_e5' in namespace ''
[rviz2-7] [INFO] [1788938625.740396731] [moveit_2297850582.moveit.ros.move_group_interface]: Ready to take commands for planning group manipulator_e5.
[rviz2-7] [INFO] [1788938625.743589555] [interactive_marker_display_104404632383504]: Sending request for interactive markers
[rviz2-7] [INFO] [1788938625.775710980] [interactive_marker_display_104404632383504]: Service response received for initialization
[component_container-8] 1788938621197 (2026-09-09 15:23:41) Update interface list
[component_container-8] 1788938621198 (2026-09-09 15:23:41) Got 4 interface list
[component_container-8] 1788938621198 (2026-09-09 15:23:41) Found interface 0:
[component_container-8] 1788938621198 (2026-09-09 15:23:41)   name: Dpb
[component_container-8] 1788938621198 (2026-09-09 15:23:41)   id:   usb-dpb
[component_container-8] 1788938621198 (2026-09-09 15:23:41)   type: 0x2
[component_container-8] 1788938621198 (2026-09-09 15:23:41) Found interface 1:
[component_container-8] 1788938621198 (2026-09-09 15:23:41)   name: eth-fc:9d:05:6c:6f:a0
[component_container-8] 1788938621198 (2026-09-09 15:23:41)   id:   eth-fc:9d:05:6c:6f:a00b0afea9
[component_container-8] 1788938621198 (2026-09-09 15:23:41)   type: 0x4
[component_container-8] 1788938621198 (2026-09-09 15:23:41)     MAC: fc:9d:05:6c:6f:a0
[component_container-8] 1788938621198 (2026-09-09 15:23:41)     ip: 169.254.10.11
[component_container-8] 1788938621198 (2026-09-09 15:23:41)     netmask: 255.255.0.0
[component_container-8] 1788938621198 (2026-09-09 15:23:41)     gateway: 
[component_container-8] 1788938621198 (2026-09-09 15:23:41)     broadcast: 169.254.255.255
[component_container-8] 1788938621198 (2026-09-09 15:23:41) Found interface 2:
[component_container-8] 1788938621198 (2026-09-09 15:23:41)   name: eth-ec:3a:56:0c:7b:24
[component_container-8] 1788938621198 (2026-09-09 15:23:41)   id:   eth-ec:3a:56:0c:7b:245a02a8c0
[component_container-8] 1788938621198 (2026-09-09 15:23:41)   type: 0x4
[component_container-8] 1788938621198 (2026-09-09 15:23:41)     MAC: ec:3a:56:0c:7b:24
[component_container-8] 1788938621198 (2026-09-09 15:23:41)     ip: 192.168.2.90
[component_container-8] 1788938621198 (2026-09-09 15:23:41)     netmask: 255.255.255.0
[component_container-8] 1788938621198 (2026-09-09 15:23:41)     gateway: 
[component_container-8] 1788938621198 (2026-09-09 15:23:41)     broadcast: 192.168.2.255
[component_container-8] 1788938621198 (2026-09-09 15:23:41) Found interface 3:
[component_container-8] 1788938621198 (2026-09-09 15:23:41)   name: eth-3e:fb:c2:05:17:4a
[component_container-8] 1788938621198 (2026-09-09 15:23:41)   id:   eth-3e:fb:c2:05:17:4a010011ac
[component_container-8] 1788938621198 (2026-09-09 15:23:41)   type: 0x4
[component_container-8] 1788938621198 (2026-09-09 15:23:41)     MAC: 3e:fb:c2:05:17:4a
[component_container-8] 1788938621198 (2026-09-09 15:23:41)     ip: 172.17.0.1
[component_container-8] 1788938621198 (2026-09-09 15:23:41)     netmask: 255.255.0.0
[component_container-8] 1788938621198 (2026-09-09 15:23:41)     gateway: 
[component_container-8] 1788938621198 (2026-09-09 15:23:41)     broadcast: 172.17.255.255
[component_container-8] 1788938624214 (2026-09-09 15:23:44) *** Select 207000152740 on eth-fc:9d:05:6c:6f:a00b0afea9, ip 169.254.10.110
[component_container-8] 1788938624425 (2026-09-09 15:23:44) ===                       : entry count 5
[component_container-8] 1788938624425 (2026-09-09 15:23:44) ===                       : entry count 3
[component_container-8] 1788938624426 (2026-09-09 15:23:44) ===                       : entry count 1
[component_container-8] 1788938624426 (2026-09-09 15:23:44) ===                       : entry count 1
[ros2_control_node-2] 09/09/2026 15:23:41,069 [139547027429056] [INFO ] - log4cplus started.
[ros2_control_node-2] 09/09/2026 15:23:41,069 [139547027429056] [INFO ] - sdk log: Connect robot server success.
[ros2_control_node-2] 09/09/2026 15:23:41,103 [139547027429056] [INFO ] - sdk log: set dhparam success. type:0, DhParam:0.408000,0.376000,0.098500,0.121500,0.102500,0.094000
[ros2_control_node-2] 09/09/2026 15:23:41,103 [139547027429056] [INFO ] - sdk log: login  success.
[ros2_control_node-2] 09/09/2026 15:23:41,114 [139547027429056] [INFO ] - sdk log: enable joint6 360.
[ros2_control_node-2] 09/09/2026 15:23:41,114 [139547027429056] [INFO ] - sdk log: login completed, set joint6 retate 360 falg success. joint6Rot360Enable=1
[ros2_control_node-2] 09/09/2026 15:23:41,115 [139547027429056] [INFO ] - sdk log: Connect robot server success.
[ros2_control_node-2] 09/09/2026 15:23:41,140 [139547027429056] [INFO ] - sdk log: login  success.
[ros2_control_node-2] 09/09/2026 15:23:41,150 [139547027429056] [INFO ] - sdk log: enable joint6 360.
[ros2_control_node-2] 09/09/2026 15:23:41,150 [139547027429056] [INFO ] - sdk log: login completed, set joint6 retate 360 falg success. joint6Rot360Enable=1
[ros2_control_node-2] 09/09/2026 15:23:41,220 [139547027429056] [ERROR] - sdk log: Response return false. cmd Type:CommunicationType_EnterTcp2CanbusMode  errorCode:10023
[peach_scene_perception_node-10] [INFO] [1788938627.639508169] [peach_scene_perception_node]: 目标注册表在册 3 个目标（累计注册 3、累计命中 0）
[component_container-8] [INFO] [1788938630.809040097] [percipio_device]: fps = 2.42718
[component_container-8] [INFO] [1788938636.575938396] [percipio_device]: fps = 2.42809
[peach_scene_perception_node-10] [INFO] [1788938637.744252250] [peach_scene_perception_node]: 目标注册表在册 3 个目标（累计注册 3、累计命中 78）
[component_container-8] [INFO] [1788938642.341478864] [percipio_device]: fps = 2.429
[peach_scene_perception_node-10] [INFO] [1788938647.958442941] [peach_scene_perception_node]: 目标注册表在册 3 个目标（累计注册 3、累计命中 153）
[component_container-8] [INFO] [1788938648.109823996] [percipio_device]: fps = 2.42583
[component_container-8] [INFO] [1788938653.871520370] [percipio_device]: fps = 2.42854
[peach_scene_perception_node-10] [INFO] [1788938658.318009049] [peach_scene_perception_node]: 目标注册表在册 3 个目标（累计注册 3、累计命中 228）
[component_container-8] [INFO] [1788938659.642302051] [percipio_device]: fps = 2.42537
[component_container-8] [INFO] [1788938665.412880056] [percipio_device]: fps = 2.42718
[peach_scene_perception_node-10] [INFO] [1788938668.554051456] [peach_scene_perception_node]: 目标注册表在册 3 个目标（累计注册 3、累计命中 300）
[component_container-8] [INFO] [1788938671.179530996] [percipio_device]: fps = 2.42628
[component_container-8] [INFO] [1788938676.942030233] [percipio_device]: fps = 2.429
[peach_scene_perception_node-10] [INFO] [1788938678.831317760] [peach_scene_perception_node]: 目标注册表在册 3 个目标（累计注册 3、累计命中 366）
[component_container-8] [INFO] [1788938682.708677030] [percipio_device]: fps = 2.42764
[component_container-8] [INFO] [1788938688.475923038] [percipio_device]: fps = 2.42718
[peach_scene_perception_node-10] [INFO] [1788938690.982011381] [peach_scene_perception_node]: 目标注册表在册 3 个目标（累计注册 3、累计命中 441）
[component_container-8] [INFO] [1788938694.248684243] [percipio_device]: fps = 2.42492
[component_container-8] [INFO] [1788938700.011481335] [percipio_device]: fps = 2.42854
[peach_scene_perception_node-10] [INFO] [1788938701.188725178] [peach_scene_perception_node]: 目标注册表在册 3 个目标（累计注册 3、累计命中 516）
[component_container-8] [INFO] [1788938705.784289933] [percipio_device]: fps = 2.42628
[peach_scene_perception_node-10] [INFO] [1788938711.383019114] [peach_scene_perception_node]: 目标注册表在册 3 个目标（累计注册 3、累计命中 591）
[component_container-8] [INFO] [1788938711.546750129] [percipio_device]: fps = 2.42764
[component_container-8] [INFO] [1788938717.314098157] [percipio_device]: fps = 2.43082
[peach_scene_perception_node-10] [INFO] [1788938721.681369109] [peach_scene_perception_node]: 目标注册表在册 3 个目标（累计注册 3、累计命中 666）
[component_container-8] [INFO] [1788938723.084525546] [percipio_device]: fps = 2.42628
[component_container-8] [INFO] [1788938728.852143368] [percipio_device]: fps = 2.42673
[peach_scene_perception_node-10] [INFO] [1788938732.015359019] [peach_scene_perception_node]: 目标注册表在册 3 个目标（累计注册 3、累计命中 741）
[component_container-8] [INFO] [1788938734.618460979] [percipio_device]: fps = 2.42809
[component_container-8] [INFO] [1788938740.385605249] [percipio_device]: fps = 2.42809
[peach_target_reconstruction_node-11] [WARN] [1788938741.737494562] [peach_target_reconstruction_node]: 重建 worker 队列已满，拒绝新帧以保持积分顺序
[peach_scene_perception_node-10] [INFO] [1788938742.279683166] [peach_scene_perception_node]: 目标注册表在册 3 个目标（累计注册 3、累计命中 795）
[component_container-8] [INFO] [1788938746.152619985] [percipio_device]: fps = 2.42764
[component_container-8] [INFO] [1788938751.919596607] [percipio_device]: fps = 2.42854
[peach_scene_perception_node-10] [INFO] [1788938752.575114861] [peach_scene_perception_node]: 目标注册表在册 3 个目标（累计注册 3、累计命中 870）
[component_container-8] [INFO] [1788938757.688346127] [percipio_device]: fps = 2.42673
[peach_scene_perception_node-10] [INFO] [1788938762.885063762] [peach_scene_perception_node]: 目标注册表在册 3 个目标（累计注册 3、累计命中 945）
[component_container-8] [INFO] [1788938763.455503914] [percipio_device]: fps = 2.42673
[component_container-8] [INFO] [1788938769.223120815] [percipio_device]: fps = 2.42809
[peach_scene_perception_node-10] [INFO] [1788938773.261351865] [peach_scene_perception_node]: 目标注册表在册 3 个目标（累计注册 3、累计命中 1020）
[component_container-8] [INFO] [1788938774.996180094] [percipio_device]: fps = 2.42447
[component_container-8] [INFO] [1788938780.763799888] [percipio_device]: fps = 2.42628
[peach_scene_perception_node-10] [INFO] [1788938783.469513045] [peach_scene_perception_node]: 目标注册表在册 3 个目标（累计注册 3、累计命中 1089）
[component_container-8] [INFO] [1788938786.525241510] [percipio_device]: fps = 2.429
[peach_target_reconstruction_node-11] [WARN] [1788938786.737208845] [peach_target_reconstruction_node]: 重建 worker 队列已满，拒绝新帧以保持积分顺序
[component_container-8] [INFO] [1788938792.293236902] [percipio_device]: fps = 2.42764
[peach_scene_perception_node-10] [INFO] [1788938793.785961090] [peach_scene_perception_node]: 目标注册表在册 3 个目标（累计注册 3、累计命中 1161）
[component_container-8] [INFO] [1788938798.061520036] [percipio_device]: fps = 2.42809
[component_container-8] [INFO] [1788938803.831527859] [percipio_device]: fps = 2.42673
[peach_scene_perception_node-10] [INFO] [1788938804.086451267] [peach_scene_perception_node]: 目标注册表在册 3 个目标（累计注册 3、累计命中 1230）
[component_container-8] [INFO] [1788938809.602621893] [percipio_device]: fps = 2.42764
[peach_scene_perception_node-10] [INFO] [1788938814.405927252] [peach_scene_perception_node]: 目标注册表在册 3 个目标（累计注册 3、累计命中 1305）
[component_container-8] [INFO] [1788938815.371650187] [percipio_device]: fps = 2.42673
[peach_target_reconstruction_node-11] [WARN] [1788938816.739952980] [peach_target_reconstruction_node]: 重建 worker 队列已满，拒绝新帧以保持积分顺序
[component_container-8] [INFO] [1788938821.137486561] [percipio_device]: fps = 2.42809
[peach_scene_perception_node-10] [INFO] [1788938824.789379483] [peach_scene_perception_node]: 目标注册表在册 3 个目标（累计注册 3、累计命中 1380）
[component_container-8] [INFO] [1788938826.904439543] [percipio_device]: fps = 2.42583
[component_container-8] [INFO] [1788938832.672574089] [percipio_device]: fps = 2.42718
[peach_scene_perception_node-10] [INFO] [1788938835.005411993] [peach_scene_perception_node]: 目标注册表在册 3 个目标（累计注册 3、累计命中 1455）
[component_container-8] [INFO] [1788938838.441023542] [percipio_device]: fps = 2.42492
[peach_manipulation_node-12] [WARN] [1788938840.994604907] [peach_manipulation_node]: scan.protected_zones 丢弃畸形盒: 盒#0 存在 min>=max 的轴（空盒/退化盒），已丢弃
[peach_manipulation_node-12] [WARN] [1788938843.949015914] [peach_manipulation_node]: scan.protected_zones 丢弃畸形盒: 盒#0 存在 min>=max 的轴（空盒/退化盒），已丢弃
[component_container-8] [INFO] [1788938844.213161255] [percipio_device]: fps = 2.42583
[peach_scene_perception_node-10] [INFO] [1788938845.317534930] [peach_scene_perception_node]: 目标注册表在册 3 个目标（累计注册 3、累计命中 1527）
[component_container-8] [INFO] [1788938849.980808453] [percipio_device]: fps = 2.42718
[peach_scene_perception_node-10] [INFO] [1788938855.561383872] [peach_scene_perception_node]: 目标注册表在册 3 个目标（累计注册 3、累计命中 1605）
[component_container-8] [INFO] [1788938855.741339198] [percipio_device]: fps = 2.43127
[peach_manipulation_node-12] [INFO] [1788938859.812283135] [peach_manipulation_node.moveit.ros.move_group_interface]: MoveGroup action client/server ready
[move_group-6] [INFO] [1788938859.812743022] [move_group.moveit.moveit.ros.move_group.move_action]: MoveGroupMoveAction: Received request
[move_group-6] [INFO] [1788938859.812977088] [move_group.moveit.moveit.ros.move_group.move_action]: executing..
[peach_manipulation_node-12] [INFO] [1788938859.812988616] [peach_manipulation_node.moveit.ros.move_group_interface]: Planning request accepted
[move_group-6] [INFO] [1788938859.815411055] [move_group.moveit.moveit.ros.move_group.move_action]: Planning request received for MoveGroup action. Forwarding to planning pipeline.
[move_group-6] [INFO] [1788938859.815429344] [move_group.moveit.moveit.ros.move_group.capability]: Using planning pipeline 'pilz_industrial_motion_planner'
[move_group-6] [INFO] [1788938859.815562647] [move_group]: Calling PlanningRequestAdapter 'ResolveConstraintFrames'
[move_group-6] [INFO] [1788938859.815576094] [move_group]: Calling PlanningRequestAdapter 'ValidateWorkspaceBounds'
[move_group-6] [WARN] [1788938859.815578656] [move_group.moveit.moveit.ros.validate_workspace_bounds]: It looks like the planning volume was not specified. Using default values.
[move_group-6] [INFO] [1788938859.815584096] [move_group]: Calling PlanningRequestAdapter 'CheckStartStateBounds'
[move_group-6] [INFO] [1788938859.815598860] [move_group]: Calling PlanningRequestAdapter 'CheckStartStateCollision'
[move_group-6] [INFO] [1788938859.815742597] [move_group.moveit.moveit.planners.pilz.trajectory_generator.ptp]: Initialized Point-to-Point Trajectory Generator.
[move_group-6] [INFO] [1788938859.815761320] [move_group]: Calling Planner 'Pilz Industrial Motion Planner'
[move_group-6] [INFO] [1788938859.815781847] [move_group.moveit.moveit.planners.pilz.trajectory_generator]: Generating PTP trajectory...
[move_group-6] [INFO] [1788938859.815835153] [move_group.moveit.moveit.planners.pilz.trajectory_generator.ptp]: Goal already reached, set one goal point explicitly.
[move_group-6] [INFO] [1788938859.815915127] [move_group]: Calling PlanningResponseAdapter 'ValidateSolution'
[move_group-6] [INFO] [1788938859.815979325] [move_group]: Calling PlanningResponseAdapter 'DisplayMotionPath'
[move_group-6] [INFO] [1788938859.816035742] [move_group.moveit.moveit.ros.move_group.move_action]: Motion plan was computed successfully.
[peach_manipulation_node-12] [INFO] [1788938859.816165633] [peach_manipulation_node.moveit.ros.move_group_interface]: Planning request complete!
[peach_manipulation_node-12] [INFO] [1788938859.816926713] [peach_manipulation_node.moveit.ros.move_group_interface]: time taken to generate plan: 8.8565e-05 seconds
[peach_manipulation_node-12] [INFO] [1788938859.817233755] [peach_manipulation_node.moveit.ros.move_group_interface]: Execute request accepted
[move_group-6] [INFO] [1788938859.817243670] [move_group.moveit.moveit.ros.move_group.clear_octomap_service]: Execution request received
[move_group-6] [INFO] [1788938859.817278398] [move_group.moveit.moveit.plugins.simple_controller_manager]: Returned 1 controllers in list
[move_group-6] [INFO] [1788938859.817292627] [move_group.moveit.moveit.plugins.simple_controller_manager]: Returned 1 controllers in list
[move_group-6] [INFO] [1788938859.817361815] [move_group.moveit.moveit.ros.trajectory_execution_manager]: Validating trajectory with allowed_start_tolerance 0.15
[move_group-6] [INFO] [1788938859.820398833] [move_group.moveit.moveit.ros.trajectory_execution_manager]: Starting trajectory execution ...
[move_group-6] [INFO] [1788938859.820427876] [move_group.moveit.moveit.plugins.simple_controller_manager]: Returned 1 controllers in list
[move_group-6] [INFO] [1788938859.820439107] [move_group.moveit.moveit.plugins.simple_controller_manager]: Returned 1 controllers in list
[move_group-6] [INFO] [1788938859.820620462] [moveit.simple_controller_manager.follow_joint_trajectory_controller_handle]: sending trajectory to aubo_passthrough_trajectory_controller
[ros2_control_node-2] [INFO] [1788938859.820881470] [aubo_passthrough_trajectory_controller]: Received new trajectory.
[move_group-6] [INFO] [1788938859.820987734] [moveit.simple_controller_manager.follow_joint_trajectory_controller_handle]: aubo_passthrough_trajectory_controller started execution
[move_group-6] [INFO] [1788938859.821000174] [moveit.simple_controller_manager.follow_joint_trajectory_controller_handle]: Goal request accepted!
[ros2_control_node-2] [INFO] [1788938859.821256994] [aubo_passthrough_trajectory_controller]: Accepted new trajectory with 1 points.
[ros2_control_node-2] [INFO] [1788938859.821298492] [aubo_passthrough_trajectory_controller]: Effective goal time: 0 sec
[ros2_control_node-2] [INFO] [1788938860.090288695] [aubo_passthrough_trajectory_controller]: Trajectory executed successfully (goal-hold confirmed in 0.264990 s).
[move_group-6] [INFO] [1788938860.122404209] [moveit.simple_controller_manager.follow_joint_trajectory_controller_handle]: Controller 'aubo_passthrough_trajectory_controller' successfully finished
[move_group-6] [INFO] [1788938860.135753083] [move_group.moveit.moveit.ros.trajectory_execution_manager]: Completed trajectory execution with status SUCCEEDED ...
[move_group-6] [INFO] [1788938860.135821504] [move_group.moveit.moveit.ros.move_group.clear_octomap_service]: Execution completed: SUCCEEDED
[peach_manipulation_node-12] [INFO] [1788938860.136001861] [peach_manipulation_node.moveit.ros.move_group_interface]: Execute request success!
[peach_manipulation_node-12] [INFO] [1788938860.137185426] [peach_manipulation_node.moveit.ros.current_state_monitor]: Listening to joint states on topic 'joint_states'
[component_container-8] [INFO] [1788938861.510709335] [percipio_device]: fps = 2.42764
[peach_target_reconstruction_node-11] [WARN] [1788938864.741194728] [peach_target_reconstruction_node]: 重建 worker 队列已满，拒绝新帧以保持积分顺序
[peach_scene_perception_node-10] [INFO] [1788938865.970916553] [peach_scene_perception_node]: 目标注册表在册 3 个目标（累计注册 3、累计命中 1677）
[component_container-8] [INFO] [1788938867.279137199] [percipio_device]: fps = 2.42764
[component_container-8] [INFO] [1788938873.048854039] [percipio_device]: fps = 2.42764
[peach_scene_perception_node-10] [INFO] [1788938876.186522497] [peach_scene_perception_node]: 目标注册表在册 3 个目标（累计注册 3、累计命中 1752）
[peach_target_reconstruction_node-11] [INFO] [1788938877.542283157] [peach_target_reconstruction_node]: 已清空，回 IDLE
[peach_target_reconstruction_node-11] [INFO] [1788938878.336843205] [peach_target_reconstruction_node]: 自动开始：开始重建，绑定目标 target_1
[peach_target_reconstruction_node-11] [WARN] [1788938878.339255948] [peach_target_reconstruction_node]: 自动采帧跳过 [missing_mask]：缺少所选 target_id 的同时间戳掩膜
[peach_manipulation_node-12] [INFO] [1788938878.340166210] [peach_manipulation_node]: [PLAN_OBSERVATION] 生成目标导向主动视点
[peach_manipulation_node-12] [INFO] [1788938878.340373008] [peach_manipulation_node]: [WAIT_FRAME] 当前位采帧，不环绕
[peach_target_reconstruction_node-11] [INFO] [1788938878.369202234] [peach_target_reconstruction_node]: REFINING：几何二次拟合开始（kind=bag，1429 点）
[peach_target_reconstruction_node-11] [INFO] [1788938878.441521813] [peach_target_reconstruction_node]: REFINING 完成：cylinder status=ACCEPT final=False axis=[-0.5246, 0.1679, 0.8346] diameter=86.0mm
[peach_target_reconstruction_node-11] [INFO] [1788938878.441698249] [peach_target_reconstruction_node]: 已采第 1/5 视角，本帧 4192 点，有效深度占比 0.96，位姿=fk
[peach_manipulation_node-12] [INFO] [1788938878.610008267] [peach_manipulation_node]: 当前位已采重建帧，不环绕；基线未过再做最多两次最近短移
[peach_manipulation_node-12] [INFO] [1788938878.610181103] [peach_manipulation_node]: [MOVE_TO_VIEW] see_a-1_e0_r1 score=0.260883 travel=0.144251m
[peach_manipulation_node-12] [INFO] [1788938878.610394201] [peach_manipulation_node.moveit.ros.move_group_interface]: MoveGroup action client/server ready
[peach_manipulation_node-12] [INFO] [1788938878.610745644] [peach_manipulation_node.moveit.ros.move_group_interface]: Planning request accepted
[move_group-6] [INFO] [1788938878.610665098] [move_group.moveit.moveit.ros.move_group.move_action]: MoveGroupMoveAction: Received request
[move_group-6] [INFO] [1788938878.611615002] [move_group.moveit.moveit.ros.move_group.move_action]: executing..
[move_group-6] [INFO] [1788938878.615532750] [move_group.moveit.moveit.ros.move_group.move_action]: Planning request received for MoveGroup action. Forwarding to planning pipeline.
[move_group-6] [INFO] [1788938878.615741112] [move_group.moveit.moveit.ros.move_group.capability]: Using planning pipeline 'pilz_industrial_motion_planner'
[move_group-6] [INFO] [1788938878.615866318] [move_group]: Calling PlanningRequestAdapter 'ResolveConstraintFrames'
[move_group-6] [INFO] [1788938878.615891271] [move_group]: Calling PlanningRequestAdapter 'ValidateWorkspaceBounds'
[move_group-6] [WARN] [1788938878.615894647] [move_group.moveit.moveit.ros.validate_workspace_bounds]: It looks like the planning volume was not specified. Using default values.
[move_group-6] [INFO] [1788938878.615901722] [move_group]: Calling PlanningRequestAdapter 'CheckStartStateBounds'
[move_group-6] [INFO] [1788938878.615912483] [move_group]: Calling PlanningRequestAdapter 'CheckStartStateCollision'
[move_group-6] [INFO] [1788938878.616016439] [move_group]: Calling Planner 'Pilz Industrial Motion Planner'
[move_group-6] [INFO] [1788938878.616027515] [move_group.moveit.moveit.planners.pilz.trajectory_generator]: Generating LIN trajectory...
[move_group-6] [INFO] [1788938878.616340031] [move_group.moveit.moveit.planners.pilz.trajectory_generator]: using default max_cartesian_speed: 0.250000
[move_group-6] [INFO] [1788938878.619931566] [move_group]: Calling PlanningResponseAdapter 'ValidateSolution'
[move_group-6] [INFO] [1788938878.621554784] [move_group]: Calling PlanningResponseAdapter 'DisplayMotionPath'
[move_group-6] [INFO] [1788938878.621807684] [move_group.moveit.moveit.ros.move_group.move_action]: Motion plan was computed successfully.
[peach_manipulation_node-12] [INFO] [1788938878.622057965] [peach_manipulation_node.moveit.ros.move_group_interface]: Planning request complete!
[peach_manipulation_node-12] [INFO] [1788938878.622135450] [peach_manipulation_node.moveit.ros.move_group_interface]: time taken to generate plan: 0.00382022 seconds
[peach_manipulation_node-12] [INFO] [1788938878.622451103] [peach_manipulation_node.moveit.ros.move_group_interface]: Execute request accepted
[move_group-6] [INFO] [1788938878.622460504] [move_group.moveit.moveit.ros.move_group.clear_octomap_service]: Execution request received
[move_group-6] [INFO] [1788938878.622489903] [move_group.moveit.moveit.plugins.simple_controller_manager]: Returned 1 controllers in list
[move_group-6] [INFO] [1788938878.622501344] [move_group.moveit.moveit.plugins.simple_controller_manager]: Returned 1 controllers in list
[move_group-6] [INFO] [1788938878.622542666] [move_group.moveit.moveit.ros.trajectory_execution_manager]: Validating trajectory with allowed_start_tolerance 0.15
[move_group-6] [INFO] [1788938878.625437766] [move_group.moveit.moveit.ros.trajectory_execution_manager]: Starting trajectory execution ...
[move_group-6] [INFO] [1788938878.625462694] [move_group.moveit.moveit.plugins.simple_controller_manager]: Returned 1 controllers in list
[move_group-6] [INFO] [1788938878.625473292] [move_group.moveit.moveit.plugins.simple_controller_manager]: Returned 1 controllers in list
[move_group-6] [INFO] [1788938878.625652000] [moveit.simple_controller_manager.follow_joint_trajectory_controller_handle]: sending trajectory to aubo_passthrough_trajectory_controller
[ros2_control_node-2] [INFO] [1788938878.625786796] [aubo_passthrough_trajectory_controller]: Received new trajectory.
[ros2_control_node-2] [INFO] [1788938878.625833110] [aubo_passthrough_trajectory_controller]: Accepted new trajectory with 83 points.
[ros2_control_node-2] [INFO] [1788938878.625866370] [aubo_passthrough_trajectory_controller]: Effective goal time: 0 sec
[move_group-6] [INFO] [1788938878.625870891] [moveit.simple_controller_manager.follow_joint_trajectory_controller_handle]: aubo_passthrough_trajectory_controller started execution
[move_group-6] [INFO] [1788938878.625881326] [moveit.simple_controller_manager.follow_joint_trajectory_controller_handle]: Goal request accepted!
[component_container-8] [INFO] [1788938878.817822141] [percipio_device]: fps = 2.42809
[peach_target_reconstruction_node-11] [WARN] [1788938879.352700600] [peach_target_reconstruction_node]: 自动采帧跳过 [robot_not_static]：机器人未静止：最大关节速度 0.3722 rad/s > 0.03
[peach_target_reconstruction_node-11] [WARN] [1788938880.484683272] [peach_target_reconstruction_node]: 自动采帧跳过 [robot_not_static]：机器人未静止：最大关节速度 0.3687 rad/s > 0.03
[peach_target_reconstruction_node-11] [WARN] [1788938881.718152930] [peach_target_reconstruction_node]: 自动采帧跳过 [robot_not_static]：机器人未静止：最大关节速度 0.3903 rad/s > 0.03
[peach_target_reconstruction_node-11] [WARN] [1788938882.950262768] [peach_target_reconstruction_node]: 自动采帧跳过 [robot_not_static]：机器人未静止：最大关节速度 0.4258 rad/s > 0.03
[peach_target_reconstruction_node-11] [WARN] [1788938883.952301606] [peach_target_reconstruction_node]: 自动采帧跳过 [robot_not_static]：机器人未静止：最大关节速度 0.4552 rad/s > 0.03
[component_container-8] [INFO] [1788938884.587327577] [percipio_device]: fps = 2.42718
[peach_target_reconstruction_node-11] [WARN] [1788938885.021868394] [peach_target_reconstruction_node]: 自动采帧跳过 [robot_not_static]：机器人未静止：最大关节速度 0.4916 rad/s > 0.03
[peach_target_reconstruction_node-11] [WARN] [1788938886.259997650] [peach_target_reconstruction_node]: 自动采帧跳过 [robot_not_static]：机器人未静止：最大关节速度 0.5392 rad/s > 0.03
[peach_scene_perception_node-10] [INFO] [1788938886.369938347] [peach_scene_perception_node]: 目标注册表在册 3 个目标（累计注册 3、累计命中 1783）
[peach_target_reconstruction_node-11] [INFO] [1788938887.099108703] [peach_target_reconstruction_node]: 已采第 2/5 视角，本帧 3953 点，有效深度占比 0.98，位姿=icp
[peach_target_reconstruction_node-11] [INFO] [1788938887.113896962] [peach_target_reconstruction_node]: REFINING：几何二次拟合开始（kind=bag，1573 点）
[peach_target_reconstruction_node-11] [INFO] [1788938887.196595003] [peach_target_reconstruction_node]: REFINING 完成：cylinder status=ACCEPT final=True axis=[-0.6493, -0.1416, 0.7472] diameter=119.3mm
[peach_target_reconstruction_node-11] [INFO] [1788938887.196834772] [peach_target_reconstruction_node]: 局部重建完成：2 帧，8145 点（少于推荐 5 帧）；重叠 mean=2.4mm p95=7.9mm；TSDF 1573 点 / mesh 2882 顶点（累计积分 0.02s）；refit ACCEPT（袋模型 2 视）
[ros2_control_node-2] [INFO] [1788938887.595336967] [aubo_passthrough_trajectory_controller]: Trajectory executed successfully (goal-hold confirmed in 8.965047 s).
[move_group-6] [INFO] [1788938887.626115766] [moveit.simple_controller_manager.follow_joint_trajectory_controller_handle]: Controller 'aubo_passthrough_trajectory_controller' successfully finished
[move_group-6] [INFO] [1788938887.640368197] [move_group.moveit.moveit.ros.trajectory_execution_manager]: Completed trajectory execution with status SUCCEEDED ...
[move_group-6] [INFO] [1788938887.640434141] [move_group.moveit.moveit.ros.move_group.clear_octomap_service]: Execution completed: SUCCEEDED
[peach_manipulation_node-12] [INFO] [1788938887.640618950] [peach_manipulation_node.moveit.ros.move_group_interface]: Execute request success!
[peach_manipulation_node-12] [INFO] [1788938887.640865437] [peach_manipulation_node]: [WAIT_FRAME] 等待到位后新鲜目标观测与重建帧
[peach_manipulation_node-12] [INFO] [1788938888.852517269] [peach_manipulation_node]: [FINALIZE] 等待重建精化几何（BuildTargetModel）
[peach_manipulation_node-12] [INFO] [1788938888.852558910] [peach_manipulation_node]: [PLAN_READY] observe_only 周期完成：仅观察与精化验证，未执行靠近/抓取/工具动作
[peach_manipulation_node-12] [INFO] [1788938888.954694974] [peach_manipulation_node]: [PLAN_OBSERVATION] 生成目标导向主动视点
[peach_manipulation_node-12] [INFO] [1788938888.954801371] [peach_manipulation_node]: [FINALIZE] 等待重建精化几何（BuildTargetModel）
[peach_manipulation_node-12] [INFO] [1788938888.954818083] [peach_manipulation_node]: 接触几何（核对方向） target=target_1 entry=[0.269 -0.743 0.589] axis=[-0.649 -0.142 0.747] travel=0.113m axis_angle_deg=14.23
[peach_manipulation_node-12] [INFO] [1788938888.954872123] [peach_manipulation_node]: [RECONFIRM] 抓取前再确认：等待新鲜观测复核身份/锚点漂移/摆动平息
[peach_manipulation_node-12] [INFO] [1788938888.963484953] [peach_manipulation_node]: [MTC_APPROACH_INSERT] 拍照位再最短路径到预抓取
[peach_manipulation_node-12] [INFO] [1788938888.963715394] [peach_manipulation_node.moveit.ros.move_group_interface]: MoveGroup action client/server ready
[move_group-6] [INFO] [1788938888.964486071] [move_group.moveit.moveit.ros.move_group.move_action]: MoveGroupMoveAction: Received request
[peach_manipulation_node-12] [INFO] [1788938888.964685969] [peach_manipulation_node.moveit.ros.move_group_interface]: Planning request accepted
[move_group-6] [INFO] [1788938888.964692696] [move_group.moveit.moveit.ros.move_group.move_action]: executing..
[move_group-6] [INFO] [1788938888.965484514] [move_group.moveit.moveit.ros.move_group.move_action]: Planning request received for MoveGroup action. Forwarding to planning pipeline.
[move_group-6] [INFO] [1788938888.965502982] [move_group.moveit.moveit.ros.move_group.capability]: Using planning pipeline 'pilz_industrial_motion_planner'
[move_group-6] [INFO] [1788938888.965569905] [move_group]: Calling PlanningRequestAdapter 'ResolveConstraintFrames'
[move_group-6] [INFO] [1788938888.965586688] [move_group]: Calling PlanningRequestAdapter 'ValidateWorkspaceBounds'
[move_group-6] [WARN] [1788938888.965590082] [move_group.moveit.moveit.ros.validate_workspace_bounds]: It looks like the planning volume was not specified. Using default values.
[move_group-6] [INFO] [1788938888.965597199] [move_group]: Calling PlanningRequestAdapter 'CheckStartStateBounds'
[move_group-6] [INFO] [1788938888.965607898] [move_group]: Calling PlanningRequestAdapter 'CheckStartStateCollision'
[move_group-6] [INFO] [1788938888.965697080] [move_group.moveit.moveit.planners.pilz.trajectory_generator.ptp]: Initialized Point-to-Point Trajectory Generator.
[move_group-6] [INFO] [1788938888.965713350] [move_group]: Calling Planner 'Pilz Industrial Motion Planner'
[move_group-6] [INFO] [1788938888.965720577] [move_group.moveit.moveit.planners.pilz.trajectory_generator]: Generating PTP trajectory...
[move_group-6] [INFO] [1788938888.965868180] [move_group]: Calling PlanningResponseAdapter 'ValidateSolution'
[move_group-6] [INFO] [1788938888.966574601] [move_group]: Calling PlanningResponseAdapter 'DisplayMotionPath'
[move_group-6] [INFO] [1788938888.966650111] [move_group.moveit.moveit.ros.move_group.move_action]: Motion plan was computed successfully.
[peach_manipulation_node-12] [INFO] [1788938888.966920190] [peach_manipulation_node.moveit.ros.move_group_interface]: Planning request complete!
[peach_manipulation_node-12] [INFO] [1788938888.967014109] [peach_manipulation_node.moveit.ros.move_group_interface]: time taken to generate plan: 0.000115462 seconds
[move_group-6] [INFO] [1788938888.967315669] [move_group.moveit.moveit.ros.move_group.clear_octomap_service]: Execution request received
[move_group-6] [INFO] [1788938888.967341374] [move_group.moveit.moveit.plugins.simple_controller_manager]: Returned 1 controllers in list
[move_group-6] [INFO] [1788938888.967351678] [move_group.moveit.moveit.plugins.simple_controller_manager]: Returned 1 controllers in list
[move_group-6] [INFO] [1788938888.967381941] [move_group.moveit.moveit.ros.trajectory_execution_manager]: Validating trajectory with allowed_start_tolerance 0.15
[peach_manipulation_node-12] [INFO] [1788938888.967346700] [peach_manipulation_node.moveit.ros.move_group_interface]: Execute request accepted
[move_group-6] [INFO] [1788938888.970373258] [move_group.moveit.moveit.ros.trajectory_execution_manager]: Starting trajectory execution ...
[move_group-6] [INFO] [1788938888.970402424] [move_group.moveit.moveit.plugins.simple_controller_manager]: Returned 1 controllers in list
[move_group-6] [INFO] [1788938888.970416430] [move_group.moveit.moveit.plugins.simple_controller_manager]: Returned 1 controllers in list
[move_group-6] [INFO] [1788938888.970609880] [moveit.simple_controller_manager.follow_joint_trajectory_controller_handle]: sending trajectory to aubo_passthrough_trajectory_controller
[ros2_control_node-2] [INFO] [1788938888.970756779] [aubo_passthrough_trajectory_controller]: Received new trajectory.
[ros2_control_node-2] [INFO] [1788938888.970796196] [aubo_passthrough_trajectory_controller]: Accepted new trajectory with 37 points.
[ros2_control_node-2] [INFO] [1788938888.970816343] [aubo_passthrough_trajectory_controller]: Effective goal time: 0 sec
[move_group-6] [INFO] [1788938888.970841993] [moveit.simple_controller_manager.follow_joint_trajectory_controller_handle]: aubo_passthrough_trajectory_controller started execution
[move_group-6] [INFO] [1788938888.970850164] [moveit.simple_controller_manager.follow_joint_trajectory_controller_handle]: Goal request accepted!
[component_container-8] [INFO] [1788938890.355205503] [percipio_device]: fps = 2.42764
[ros2_control_node-2] [INFO] [1788938892.805284536] [aubo_passthrough_trajectory_controller]: Trajectory executed successfully (goal-hold confirmed in 3.830007 s).
[move_group-6] [INFO] [1788938892.821057661] [moveit.simple_controller_manager.follow_joint_trajectory_controller_handle]: Controller 'aubo_passthrough_trajectory_controller' successfully finished
[move_group-6] [INFO] [1788938892.835521903] [move_group.moveit.moveit.ros.trajectory_execution_manager]: Completed trajectory execution with status SUCCEEDED ...
[move_group-6] [INFO] [1788938892.835624628] [move_group.moveit.moveit.ros.move_group.clear_octomap_service]: Execution completed: SUCCEEDED
[peach_manipulation_node-12] [INFO] [1788938892.835899663] [peach_manipulation_node.moveit.ros.move_group_interface]: Execute request success!
[peach_manipulation_node-12] [INFO] [1788938892.840407315] [peach_manipulation_node]: 预抓取从拍照位出发: 已到达全局拍照位姿
[peach_manipulation_node-12] [INFO] [1788938892.840476301] [peach_manipulation_node]: 接近：距入口 0.526m 轴向 0.005m 侧向 0.526m 夹角 40.7° 扫角 89.4° 半径 0.526m 沿轴LIN 0.030m 原语 LIN-align+LIN
[peach_manipulation_node-12] [WARN] [1788938892.840791929] [rcl.logging_rosout]: Publisher already registered for node name: 'peach_manipulation_node'. If this is due to multiple nodes with the same name then all logs for the logger named 'peach_manipulation_node' will go out over the existing publisher. As soon as any node with that name is destructed it will unregister the publisher, preventing any further logs for that name from being published on the rosout topic.
[peach_manipulation_node-12] [INFO] [1788938892.852451528] [peach_manipulation_node.moveit.ros.rdf_loader]: Loaded robot model in 0.00248766 seconds
[peach_manipulation_node-12] [INFO] [1788938892.852474825] [peach_manipulation_node.moveit.core.robot_model]: Loading robot model 'aubo_e5'...
[peach_manipulation_node-12] [INFO] [1788938892.852480076] [peach_manipulation_node.moveit.core.robot_model]: No root/virtual joint specified in SRDF. Assuming fixed joint
[peach_manipulation_node-12] [INFO] [1788938892.892330468] [peach_manipulation_node.moveit.kinematics.kdl_kinematics_plugin]: Joint weights for group 'manipulator_e5': 1 1 1 1 1 1
[peach_manipulation_node-12] [WARN] [1788938892.895750331] [rcl.logging_rosout]: Publisher already registered for node name: 'peach_manipulation_node'. If this is due to multiple nodes with the same name then all logs for the logger named 'peach_manipulation_node' will go out over the existing publisher. As soon as any node with that name is destructed it will unregister the publisher, preventing any further logs for that name from being published on the rosout topic.
[peach_manipulation_node-12] [INFO] [1788938892.907843155] [peach_manipulation_node.moveit.planners.pilz.joint_limits_aggregator]: Reading limits from namespace robot_description_planning
[peach_manipulation_node-12] [INFO] [1788938892.908411820] [peach_manipulation_node.moveit.planners.pilz.command_planner]: Available plugins: pilz_industrial_motion_planner/PlanningContextLoaderCIRC pilz_industrial_motion_planner/PlanningContextLoaderLIN pilz_industrial_motion_planner/PlanningContextLoaderPTP pilz_industrial_motion_planner/PlanningContextLoaderPolyline 
[peach_manipulation_node-12] [INFO] [1788938892.908420492] [peach_manipulation_node.moveit.planners.pilz.command_planner]: About to load: pilz_industrial_motion_planner/PlanningContextLoaderCIRC
[peach_manipulation_node-12] [INFO] [1788938892.909316095] [peach_manipulation_node.moveit.planners.pilz.command_planner]: Registered Algorithm [CIRC]
[peach_manipulation_node-12] [INFO] [1788938892.909325819] [peach_manipulation_node.moveit.planners.pilz.command_planner]: About to load: pilz_industrial_motion_planner/PlanningContextLoaderLIN
[peach_manipulation_node-12] [INFO] [1788938892.909894357] [peach_manipulation_node.moveit.planners.pilz.command_planner]: Registered Algorithm [LIN]
[peach_manipulation_node-12] [INFO] [1788938892.909899356] [peach_manipulation_node.moveit.planners.pilz.command_planner]: About to load: pilz_industrial_motion_planner/PlanningContextLoaderPTP
[peach_manipulation_node-12] [INFO] [1788938892.910416096] [peach_manipulation_node.moveit.planners.pilz.command_planner]: Registered Algorithm [PTP]
[peach_manipulation_node-12] [INFO] [1788938892.910421015] [peach_manipulation_node.moveit.planners.pilz.command_planner]: About to load: pilz_industrial_motion_planner/PlanningContextLoaderPolyline
[peach_manipulation_node-12] [INFO] [1788938892.910950785] [peach_manipulation_node.moveit.planners.pilz.command_planner]: Registered Algorithm [POLYLINE]
[peach_manipulation_node-12] [INFO] [1788938892.910956799] [peach_manipulation_node.moveit.ros.planning_pipeline]: Successfully loaded planner 'Pilz Industrial Motion Planner'
[peach_manipulation_node-12] [INFO] [1788938892.912233783] [peach_manipulation_node]: Try loading adapter 'default_planning_request_adapters/ResolveConstraintFrames'
[peach_manipulation_node-12] [INFO] [1788938892.912818098] [peach_manipulation_node]: Loaded adapter 'default_planning_request_adapters/ResolveConstraintFrames'
[peach_manipulation_node-12] [INFO] [1788938892.912822134] [peach_manipulation_node]: Try loading adapter 'default_planning_request_adapters/ValidateWorkspaceBounds'
[peach_manipulation_node-12] [INFO] [1788938892.912860039] [peach_manipulation_node]: Loaded adapter 'default_planning_request_adapters/ValidateWorkspaceBounds'
[peach_manipulation_node-12] [INFO] [1788938892.912875066] [peach_manipulation_node]: Try loading adapter 'default_planning_request_adapters/CheckStartStateBounds'
[peach_manipulation_node-12] [INFO] [1788938892.912883089] [peach_manipulation_node]: Loaded adapter 'default_planning_request_adapters/CheckStartStateBounds'
[peach_manipulation_node-12] [INFO] [1788938892.912884773] [peach_manipulation_node]: Try loading adapter 'default_planning_request_adapters/CheckStartStateCollision'
[peach_manipulation_node-12] [INFO] [1788938892.912891665] [peach_manipulation_node]: Loaded adapter 'default_planning_request_adapters/CheckStartStateCollision'
[peach_manipulation_node-12] [INFO] [1788938892.914522509] [peach_manipulation_node]: Try loading adapter 'default_planning_response_adapters/ValidateSolution'
[peach_manipulation_node-12] [INFO] [1788938892.915909313] [peach_manipulation_node]: Loaded adapter 'default_planning_response_adapters/ValidateSolution'
[peach_manipulation_node-12] [INFO] [1788938892.915919013] [peach_manipulation_node]: Try loading adapter 'default_planning_response_adapters/DisplayMotionPath'
[peach_manipulation_node-12] [INFO] [1788938892.916566083] [peach_manipulation_node]: Loaded adapter 'default_planning_response_adapters/DisplayMotionPath'
[peach_manipulation_node-12] [INFO] [1788938892.918187032] [peach_manipulation_node.moveit.planners.pilz.joint_limits_aggregator]: Reading limits from namespace robot_description_planning
[peach_manipulation_node-12] [INFO] [1788938892.918543844] [peach_manipulation_node.moveit.planners.pilz.command_planner]: Available plugins: pilz_industrial_motion_planner/PlanningContextLoaderCIRC pilz_industrial_motion_planner/PlanningContextLoaderLIN pilz_industrial_motion_planner/PlanningContextLoaderPTP pilz_industrial_motion_planner/PlanningContextLoaderPolyline 
[peach_manipulation_node-12] [INFO] [1788938892.918550702] [peach_manipulation_node.moveit.planners.pilz.command_planner]: About to load: pilz_industrial_motion_planner/PlanningContextLoaderCIRC
[peach_manipulation_node-12] [INFO] [1788938892.918634855] [peach_manipulation_node.moveit.planners.pilz.command_planner]: Registered Algorithm [CIRC]
[peach_manipulation_node-12] [INFO] [1788938892.918638875] [peach_manipulation_node.moveit.planners.pilz.command_planner]: About to load: pilz_industrial_motion_planner/PlanningContextLoaderLIN
[peach_manipulation_node-12] [INFO] [1788938892.918717863] [peach_manipulation_node.moveit.planners.pilz.command_planner]: Registered Algorithm [LIN]
[peach_manipulation_node-12] [INFO] [1788938892.918721618] [peach_manipulation_node.moveit.planners.pilz.command_planner]: About to load: pilz_industrial_motion_planner/PlanningContextLoaderPTP
[peach_manipulation_node-12] [INFO] [1788938892.918800287] [peach_manipulation_node.moveit.planners.pilz.command_planner]: Registered Algorithm [PTP]
[peach_manipulation_node-12] [INFO] [1788938892.918803679] [peach_manipulation_node.moveit.planners.pilz.command_planner]: About to load: pilz_industrial_motion_planner/PlanningContextLoaderPolyline
[peach_manipulation_node-12] [INFO] [1788938892.918882722] [peach_manipulation_node.moveit.planners.pilz.command_planner]: Registered Algorithm [POLYLINE]
[peach_manipulation_node-12] [INFO] [1788938892.918886666] [peach_manipulation_node.moveit.ros.planning_pipeline]: Successfully loaded planner 'Pilz Industrial Motion Planner'
[peach_manipulation_node-12] [INFO] [1788938892.920114805] [peach_manipulation_node]: Try loading adapter 'default_planning_request_adapters/ResolveConstraintFrames'
[peach_manipulation_node-12] [INFO] [1788938892.920218831] [peach_manipulation_node]: Loaded adapter 'default_planning_request_adapters/ResolveConstraintFrames'
[peach_manipulation_node-12] [INFO] [1788938892.920221333] [peach_manipulation_node]: Try loading adapter 'default_planning_request_adapters/ValidateWorkspaceBounds'
[peach_manipulation_node-12] [INFO] [1788938892.920231073] [peach_manipulation_node]: Loaded adapter 'default_planning_request_adapters/ValidateWorkspaceBounds'
[peach_manipulation_node-12] [INFO] [1788938892.920232977] [peach_manipulation_node]: Try loading adapter 'default_planning_request_adapters/CheckStartStateBounds'
[peach_manipulation_node-12] [INFO] [1788938892.920239402] [peach_manipulation_node]: Loaded adapter 'default_planning_request_adapters/CheckStartStateBounds'
[peach_manipulation_node-12] [INFO] [1788938892.920240933] [peach_manipulation_node]: Try loading adapter 'default_planning_request_adapters/CheckStartStateCollision'
[peach_manipulation_node-12] [INFO] [1788938892.920245589] [peach_manipulation_node]: Loaded adapter 'default_planning_request_adapters/CheckStartStateCollision'
[peach_manipulation_node-12] [INFO] [1788938892.921536114] [peach_manipulation_node]: Try loading adapter 'default_planning_response_adapters/ValidateSolution'
[peach_manipulation_node-12] [INFO] [1788938892.921877418] [peach_manipulation_node]: Loaded adapter 'default_planning_response_adapters/ValidateSolution'
[peach_manipulation_node-12] [INFO] [1788938892.921883622] [peach_manipulation_node]: Try loading adapter 'default_planning_response_adapters/DisplayMotionPath'
[peach_manipulation_node-12] [INFO] [1788938892.922072131] [peach_manipulation_node]: Loaded adapter 'default_planning_response_adapters/DisplayMotionPath'
[peach_manipulation_node-12] [WARN] [1788938893.024815114] [rcl.logging_rosout]: Publisher already registered for node name: 'peach_manipulation_node'. If this is due to multiple nodes with the same name then all logs for the logger named 'peach_manipulation_node' will go out over the existing publisher. As soon as any node with that name is destructed it will unregister the publisher, preventing any further logs for that name from being published on the rosout topic.
[peach_manipulation_node-12] [INFO] [1788938893.032425065] [peach_manipulation_node]: Calling PlanningRequestAdapter 'ResolveConstraintFrames'
[peach_manipulation_node-12] [INFO] [1788938893.032553555] [peach_manipulation_node]: Calling PlanningRequestAdapter 'ValidateWorkspaceBounds'
[peach_manipulation_node-12] [WARN] [1788938893.032558155] [peach_manipulation_node.moveit.ros.validate_workspace_bounds]: It looks like the planning volume was not specified. Using default values.
[peach_manipulation_node-12] [INFO] [1788938893.032569505] [peach_manipulation_node]: Calling PlanningRequestAdapter 'CheckStartStateBounds'
[peach_manipulation_node-12] [INFO] [1788938893.032616681] [peach_manipulation_node]: Calling PlanningRequestAdapter 'CheckStartStateCollision'
[peach_manipulation_node-12] [INFO] [1788938893.032823554] [peach_manipulation_node]: Calling Planner 'Pilz Industrial Motion Planner'
[peach_manipulation_node-12] [INFO] [1788938893.032844375] [peach_manipulation_node.moveit.planners.pilz.trajectory_generator]: Generating LIN trajectory...
[peach_manipulation_node-12] [INFO] [1788938893.033040617] [peach_manipulation_node.moveit.planners.pilz.trajectory_generator]: using default max_cartesian_speed: 0.250000
[peach_manipulation_node-12] [INFO] [1788938893.035997727] [peach_manipulation_node]: Calling PlanningResponseAdapter 'ValidateSolution'
[peach_manipulation_node-12] [INFO] [1788938893.038207124] [peach_manipulation_node]: Calling PlanningResponseAdapter 'DisplayMotionPath'
[peach_manipulation_node-12] [INFO] [1788938893.038524036] [peach_manipulation_node]: Calling PlanningRequestAdapter 'ResolveConstraintFrames'
[peach_manipulation_node-12] [INFO] [1788938893.038549621] [peach_manipulation_node]: Calling PlanningRequestAdapter 'ValidateWorkspaceBounds'
[peach_manipulation_node-12] [WARN] [1788938893.038552042] [peach_manipulation_node.moveit.ros.validate_workspace_bounds]: It looks like the planning volume was not specified. Using default values.
[peach_manipulation_node-12] [INFO] [1788938893.038560360] [peach_manipulation_node]: Calling PlanningRequestAdapter 'CheckStartStateBounds'
[peach_manipulation_node-12] [INFO] [1788938893.038575976] [peach_manipulation_node]: Calling PlanningRequestAdapter 'CheckStartStateCollision'
[peach_manipulation_node-12] [INFO] [1788938893.038637660] [peach_manipulation_node]: Calling Planner 'Pilz Industrial Motion Planner'
[peach_manipulation_node-12] [INFO] [1788938893.038641358] [peach_manipulation_node.moveit.planners.pilz.trajectory_generator]: Generating LIN trajectory...
[peach_manipulation_node-12] [INFO] [1788938893.039588405] [peach_manipulation_node.moveit.planners.pilz.trajectory_generator]: using default max_cartesian_speed: 0.250000
[peach_manipulation_node-12] [ERROR] [1788938893.043875654] [peach_manipulation_node.pilz_trajectory_functions]: Joint velocity limit of foreArm_joint violated. Set the velocity scaling factor lower! Actual joint velocity is -22.5813, while the limit is 2.5964. 
[peach_manipulation_node-12] [ERROR] [1788938893.043898722] [peach_manipulation_node.pilz_trajectory_functions]: Inverse kinematics solution at 7.4s violates the joint velocity/acceleration/deceleration limits.
[peach_manipulation_node-12] [ERROR] [1788938893.043923697] [peach_manipulation_node.moveit.planners.pilz.trajectory_generator]: Failed to generate valid joint trajectory from the Cartesian path
[peach_manipulation_node-12] [ERROR] [1788938893.043954195] [peach_manipulation_node]: Planner 'Pilz Industrial Motion Planner' failed with error code PLANNING_FAILED
[peach_manipulation_node-12] [INFO] [1788938893.049832856] [peach_manipulation_node]: 直线/短弧接近失败（MTC planning failed: Failing stage(s):
[peach_manipulation_node-12] lin to on-axis pregrasp (0/1): ），改走绕保持球笛卡尔走廊
[peach_manipulation_node-12] [INFO] [1788938893.056398083] [peach_manipulation_node.moveit.ros.rdf_loader]: Loaded robot model in 0.00126386 seconds
[peach_manipulation_node-12] [INFO] [1788938893.056420587] [peach_manipulation_node.moveit.core.robot_model]: Loading robot model 'aubo_e5'...
[peach_manipulation_node-12] [INFO] [1788938893.056425586] [peach_manipulation_node.moveit.core.robot_model]: No root/virtual joint specified in SRDF. Assuming fixed joint
[peach_manipulation_node-12] [INFO] [1788938893.084966251] [peach_manipulation_node.moveit.kinematics.kdl_kinematics_plugin]: Joint weights for group 'manipulator_e5': 1 1 1 1 1 1
[peach_manipulation_node-12] [INFO] [1788938893.085061061] [peach_manipulation_node]: 绕保持球笛卡尔走廊: 5 段, 起止距离 0.540 m, 后撤 0.130 m
[peach_manipulation_node-12] [INFO] [1788938893.094427229] [peach_manipulation_node.moveit.planners.pilz.joint_limits_aggregator]: Reading limits from namespace robot_description_planning
[peach_manipulation_node-12] [INFO] [1788938893.094815384] [peach_manipulation_node.moveit.planners.pilz.command_planner]: Available plugins: pilz_industrial_motion_planner/PlanningContextLoaderCIRC pilz_industrial_motion_planner/PlanningContextLoaderLIN pilz_industrial_motion_planner/PlanningContextLoaderPTP pilz_industrial_motion_planner/PlanningContextLoaderPolyline 
[peach_manipulation_node-12] [INFO] [1788938893.094822623] [peach_manipulation_node.moveit.planners.pilz.command_planner]: About to load: pilz_industrial_motion_planner/PlanningContextLoaderCIRC
[peach_manipulation_node-12] [INFO] [1788938893.094916138] [peach_manipulation_node.moveit.planners.pilz.command_planner]: Registered Algorithm [CIRC]
[peach_manipulation_node-12] [INFO] [1788938893.094920477] [peach_manipulation_node.moveit.planners.pilz.command_planner]: About to load: pilz_industrial_motion_planner/PlanningContextLoaderLIN
[peach_manipulation_node-12] [INFO] [1788938893.095004753] [peach_manipulation_node.moveit.planners.pilz.command_planner]: Registered Algorithm [LIN]
[peach_manipulation_node-12] [INFO] [1788938893.095008459] [peach_manipulation_node.moveit.planners.pilz.command_planner]: About to load: pilz_industrial_motion_planner/PlanningContextLoaderPTP
[peach_manipulation_node-12] [INFO] [1788938893.095091223] [peach_manipulation_node.moveit.planners.pilz.command_planner]: Registered Algorithm [PTP]
[peach_manipulation_node-12] [INFO] [1788938893.095094878] [peach_manipulation_node.moveit.planners.pilz.command_planner]: About to load: pilz_industrial_motion_planner/PlanningContextLoaderPolyline
[peach_manipulation_node-12] [INFO] [1788938893.095181494] [peach_manipulation_node.moveit.planners.pilz.command_planner]: Registered Algorithm [POLYLINE]
[peach_manipulation_node-12] [INFO] [1788938893.095185984] [peach_manipulation_node.moveit.ros.planning_pipeline]: Successfully loaded planner 'Pilz Industrial Motion Planner'
[peach_manipulation_node-12] [INFO] [1788938893.096442616] [peach_manipulation_node]: Try loading adapter 'default_planning_request_adapters/ResolveConstraintFrames'
[peach_manipulation_node-12] [INFO] [1788938893.096570308] [peach_manipulation_node]: Loaded adapter 'default_planning_request_adapters/ResolveConstraintFrames'
[peach_manipulation_node-12] [INFO] [1788938893.096572700] [peach_manipulation_node]: Try loading adapter 'default_planning_request_adapters/ValidateWorkspaceBounds'
[peach_manipulation_node-12] [INFO] [1788938893.096585560] [peach_manipulation_node]: Loaded adapter 'default_planning_request_adapters/ValidateWorkspaceBounds'
[peach_manipulation_node-12] [INFO] [1788938893.096587735] [peach_manipulation_node]: Try loading adapter 'default_planning_request_adapters/CheckStartStateBounds'
[peach_manipulation_node-12] [INFO] [1788938893.096595474] [peach_manipulation_node]: Loaded adapter 'default_planning_request_adapters/CheckStartStateBounds'
[peach_manipulation_node-12] [INFO] [1788938893.096597114] [peach_manipulation_node]: Try loading adapter 'default_planning_request_adapters/CheckStartStateCollision'
[peach_manipulation_node-12] [INFO] [1788938893.096601996] [peach_manipulation_node]: Loaded adapter 'default_planning_request_adapters/CheckStartStateCollision'
[peach_manipulation_node-12] [INFO] [1788938893.097826968] [peach_manipulation_node]: Try loading adapter 'default_planning_response_adapters/ValidateSolution'
[peach_manipulation_node-12] [INFO] [1788938893.098334619] [peach_manipulation_node]: Loaded adapter 'default_planning_response_adapters/ValidateSolution'
[peach_manipulation_node-12] [INFO] [1788938893.098341439] [peach_manipulation_node]: Try loading adapter 'default_planning_response_adapters/DisplayMotionPath'
[peach_manipulation_node-12] [INFO] [1788938893.098609591] [peach_manipulation_node]: Loaded adapter 'default_planning_response_adapters/DisplayMotionPath'
[peach_manipulation_node-12] [INFO] [1788938893.100245360] [peach_manipulation_node.moveit.planners.pilz.joint_limits_aggregator]: Reading limits from namespace robot_description_planning
[peach_manipulation_node-12] [INFO] [1788938893.100596484] [peach_manipulation_node.moveit.planners.pilz.command_planner]: Available plugins: pilz_industrial_motion_planner/PlanningContextLoaderCIRC pilz_industrial_motion_planner/PlanningContextLoaderLIN pilz_industrial_motion_planner/PlanningContextLoaderPTP pilz_industrial_motion_planner/PlanningContextLoaderPolyline 
[peach_manipulation_node-12] [INFO] [1788938893.100604497] [peach_manipulation_node.moveit.planners.pilz.command_planner]: About to load: pilz_industrial_motion_planner/PlanningContextLoaderCIRC
[peach_manipulation_node-12] [INFO] [1788938893.100686811] [peach_manipulation_node.moveit.planners.pilz.command_planner]: Registered Algorithm [CIRC]
[peach_manipulation_node-12] [INFO] [1788938893.100690918] [peach_manipulation_node.moveit.planners.pilz.command_planner]: About to load: pilz_industrial_motion_planner/PlanningContextLoaderLIN
[peach_manipulation_node-12] [INFO] [1788938893.100769178] [peach_manipulation_node.moveit.planners.pilz.command_planner]: Registered Algorithm [LIN]
[peach_manipulation_node-12] [INFO] [1788938893.100772822] [peach_manipulation_node.moveit.planners.pilz.command_planner]: About to load: pilz_industrial_motion_planner/PlanningContextLoaderPTP
[peach_manipulation_node-12] [INFO] [1788938893.100851103] [peach_manipulation_node.moveit.planners.pilz.command_planner]: Registered Algorithm [PTP]
[peach_manipulation_node-12] [INFO] [1788938893.100854807] [peach_manipulation_node.moveit.planners.pilz.command_planner]: About to load: pilz_industrial_motion_planner/PlanningContextLoaderPolyline
[peach_manipulation_node-12] [INFO] [1788938893.100933407] [peach_manipulation_node.moveit.planners.pilz.command_planner]: Registered Algorithm [POLYLINE]
[peach_manipulation_node-12] [INFO] [1788938893.100937282] [peach_manipulation_node.moveit.ros.planning_pipeline]: Successfully loaded planner 'Pilz Industrial Motion Planner'
[peach_manipulation_node-12] [INFO] [1788938893.102168426] [peach_manipulation_node]: Try loading adapter 'default_planning_request_adapters/ResolveConstraintFrames'
[peach_manipulation_node-12] [INFO] [1788938893.102273064] [peach_manipulation_node]: Loaded adapter 'default_planning_request_adapters/ResolveConstraintFrames'
[peach_manipulation_node-12] [INFO] [1788938893.102275817] [peach_manipulation_node]: Try loading adapter 'default_planning_request_adapters/ValidateWorkspaceBounds'
[peach_manipulation_node-12] [INFO] [1788938893.102285594] [peach_manipulation_node]: Loaded adapter 'default_planning_request_adapters/ValidateWorkspaceBounds'
[peach_manipulation_node-12] [INFO] [1788938893.102287286] [peach_manipulation_node]: Try loading adapter 'default_planning_request_adapters/CheckStartStateBounds'
[peach_manipulation_node-12] [INFO] [1788938893.102294186] [peach_manipulation_node]: Loaded adapter 'default_planning_request_adapters/CheckStartStateBounds'
[peach_manipulation_node-12] [INFO] [1788938893.102295952] [peach_manipulation_node]: Try loading adapter 'default_planning_request_adapters/CheckStartStateCollision'
[peach_manipulation_node-12] [INFO] [1788938893.102300655] [peach_manipulation_node]: Loaded adapter 'default_planning_request_adapters/CheckStartStateCollision'
[peach_manipulation_node-12] [INFO] [1788938893.103519481] [peach_manipulation_node]: Try loading adapter 'default_planning_response_adapters/ValidateSolution'
[peach_manipulation_node-12] [INFO] [1788938893.103834637] [peach_manipulation_node]: Loaded adapter 'default_planning_response_adapters/ValidateSolution'
[peach_manipulation_node-12] [INFO] [1788938893.103840011] [peach_manipulation_node]: Try loading adapter 'default_planning_response_adapters/DisplayMotionPath'
[peach_manipulation_node-12] [INFO] [1788938893.104003072] [peach_manipulation_node]: Loaded adapter 'default_planning_response_adapters/DisplayMotionPath'
[peach_manipulation_node-12] [INFO] [1788938893.105495123] [peach_manipulation_node.moveit.planners.pilz.joint_limits_aggregator]: Reading limits from namespace robot_description_planning
[peach_manipulation_node-12] [INFO] [1788938893.105818932] [peach_manipulation_node.moveit.planners.pilz.command_planner]: Available plugins: pilz_industrial_motion_planner/PlanningContextLoaderCIRC pilz_industrial_motion_planner/PlanningContextLoaderLIN pilz_industrial_motion_planner/PlanningContextLoaderPTP pilz_industrial_motion_planner/PlanningContextLoaderPolyline 
[peach_manipulation_node-12] [INFO] [1788938893.105826479] [peach_manipulation_node.moveit.planners.pilz.command_planner]: About to load: pilz_industrial_motion_planner/PlanningContextLoaderCIRC
[peach_manipulation_node-12] [INFO] [1788938893.105914362] [peach_manipulation_node.moveit.planners.pilz.command_planner]: Registered Algorithm [CIRC]
[peach_manipulation_node-12] [INFO] [1788938893.105918823] [peach_manipulation_node.moveit.planners.pilz.command_planner]: About to load: pilz_industrial_motion_planner/PlanningContextLoaderLIN
[peach_manipulation_node-12] [INFO] [1788938893.105997476] [peach_manipulation_node.moveit.planners.pilz.command_planner]: Registered Algorithm [LIN]
[peach_manipulation_node-12] [INFO] [1788938893.106001481] [peach_manipulation_node.moveit.planners.pilz.command_planner]: About to load: pilz_industrial_motion_planner/PlanningContextLoaderPTP
[peach_manipulation_node-12] [INFO] [1788938893.106079401] [peach_manipulation_node.moveit.planners.pilz.command_planner]: Registered Algorithm [PTP]
[peach_manipulation_node-12] [INFO] [1788938893.106082936] [peach_manipulation_node.moveit.planners.pilz.command_planner]: About to load: pilz_industrial_motion_planner/PlanningContextLoaderPolyline
[peach_manipulation_node-12] [INFO] [1788938893.106164078] [peach_manipulation_node.moveit.planners.pilz.command_planner]: Registered Algorithm [POLYLINE]
[peach_manipulation_node-12] [INFO] [1788938893.106167899] [peach_manipulation_node.moveit.ros.planning_pipeline]: Successfully loaded planner 'Pilz Industrial Motion Planner'
[peach_manipulation_node-12] [INFO] [1788938893.107390513] [peach_manipulation_node]: Try loading adapter 'default_planning_request_adapters/ResolveConstraintFrames'
[peach_manipulation_node-12] [INFO] [1788938893.107489115] [peach_manipulation_node]: Loaded adapter 'default_planning_request_adapters/ResolveConstraintFrames'
[peach_manipulation_node-12] [INFO] [1788938893.107491849] [peach_manipulation_node]: Try loading adapter 'default_planning_request_adapters/ValidateWorkspaceBounds'
[peach_manipulation_node-12] [INFO] [1788938893.107500788] [peach_manipulation_node]: Loaded adapter 'default_planning_request_adapters/ValidateWorkspaceBounds'
[peach_manipulation_node-12] [INFO] [1788938893.107502686] [peach_manipulation_node]: Try loading adapter 'default_planning_request_adapters/CheckStartStateBounds'
[peach_manipulation_node-12] [INFO] [1788938893.107509268] [peach_manipulation_node]: Loaded adapter 'default_planning_request_adapters/CheckStartStateBounds'
[peach_manipulation_node-12] [INFO] [1788938893.107510941] [peach_manipulation_node]: Try loading adapter 'default_planning_request_adapters/CheckStartStateCollision'
[peach_manipulation_node-12] [INFO] [1788938893.107515617] [peach_manipulation_node]: Loaded adapter 'default_planning_request_adapters/CheckStartStateCollision'
[peach_manipulation_node-12] [INFO] [1788938893.108733278] [peach_manipulation_node]: Try loading adapter 'default_planning_response_adapters/ValidateSolution'
[peach_manipulation_node-12] [INFO] [1788938893.109045401] [peach_manipulation_node]: Loaded adapter 'default_planning_response_adapters/ValidateSolution'
[peach_manipulation_node-12] [INFO] [1788938893.109050825] [peach_manipulation_node]: Try loading adapter 'default_planning_response_adapters/DisplayMotionPath'
[peach_manipulation_node-12] [INFO] [1788938893.109222079] [peach_manipulation_node]: Loaded adapter 'default_planning_response_adapters/DisplayMotionPath'
[peach_manipulation_node-12] [INFO] [1788938893.110710847] [peach_manipulation_node.moveit.planners.pilz.joint_limits_aggregator]: Reading limits from namespace robot_description_planning
[peach_manipulation_node-12] [INFO] [1788938893.111030724] [peach_manipulation_node.moveit.planners.pilz.command_planner]: Available plugins: pilz_industrial_motion_planner/PlanningContextLoaderCIRC pilz_industrial_motion_planner/PlanningContextLoaderLIN pilz_industrial_motion_planner/PlanningContextLoaderPTP pilz_industrial_motion_planner/PlanningContextLoaderPolyline 
[peach_manipulation_node-12] [INFO] [1788938893.111038269] [peach_manipulation_node.moveit.planners.pilz.command_planner]: About to load: pilz_industrial_motion_planner/PlanningContextLoaderCIRC
[peach_manipulation_node-12] [INFO] [1788938893.111118294] [peach_manipulation_node.moveit.planners.pilz.command_planner]: Registered Algorithm [CIRC]
[peach_manipulation_node-12] [INFO] [1788938893.111122071] [peach_manipulation_node.moveit.planners.pilz.command_planner]: About to load: pilz_industrial_motion_planner/PlanningContextLoaderLIN
[peach_manipulation_node-12] [INFO] [1788938893.111203197] [peach_manipulation_node.moveit.planners.pilz.command_planner]: Registered Algorithm [LIN]
[peach_manipulation_node-12] [INFO] [1788938893.111207327] [peach_manipulation_node.moveit.planners.pilz.command_planner]: About to load: pilz_industrial_motion_planner/PlanningContextLoaderPTP
[peach_manipulation_node-12] [INFO] [1788938893.111286895] [peach_manipulation_node.moveit.planners.pilz.command_planner]: Registered Algorithm [PTP]
[peach_manipulation_node-12] [INFO] [1788938893.111297121] [peach_manipulation_node.moveit.planners.pilz.command_planner]: About to load: pilz_industrial_motion_planner/PlanningContextLoaderPolyline
[peach_manipulation_node-12] [INFO] [1788938893.111374920] [peach_manipulation_node.moveit.planners.pilz.command_planner]: Registered Algorithm [POLYLINE]
[peach_manipulation_node-12] [INFO] [1788938893.111378703] [peach_manipulation_node.moveit.ros.planning_pipeline]: Successfully loaded planner 'Pilz Industrial Motion Planner'
[peach_manipulation_node-12] [INFO] [1788938893.112609687] [peach_manipulation_node]: Try loading adapter 'default_planning_request_adapters/ResolveConstraintFrames'
[peach_manipulation_node-12] [INFO] [1788938893.112707467] [peach_manipulation_node]: Loaded adapter 'default_planning_request_adapters/ResolveConstraintFrames'
[peach_manipulation_node-12] [INFO] [1788938893.112709821] [peach_manipulation_node]: Try loading adapter 'default_planning_request_adapters/ValidateWorkspaceBounds'
[peach_manipulation_node-12] [INFO] [1788938893.112719256] [peach_manipulation_node]: Loaded adapter 'default_planning_request_adapters/ValidateWorkspaceBounds'
[peach_manipulation_node-12] [INFO] [1788938893.112721031] [peach_manipulation_node]: Try loading adapter 'default_planning_request_adapters/CheckStartStateBounds'
[peach_manipulation_node-12] [INFO] [1788938893.112727362] [peach_manipulation_node]: Loaded adapter 'default_planning_request_adapters/CheckStartStateBounds'
[peach_manipulation_node-12] [INFO] [1788938893.112729026] [peach_manipulation_node]: Try loading adapter 'default_planning_request_adapters/CheckStartStateCollision'
[peach_manipulation_node-12] [INFO] [1788938893.112733654] [peach_manipulation_node]: Loaded adapter 'default_planning_request_adapters/CheckStartStateCollision'
[peach_manipulation_node-12] [INFO] [1788938893.113955246] [peach_manipulation_node]: Try loading adapter 'default_planning_response_adapters/ValidateSolution'
[peach_manipulation_node-12] [INFO] [1788938893.114302932] [peach_manipulation_node]: Loaded adapter 'default_planning_response_adapters/ValidateSolution'
[peach_manipulation_node-12] [INFO] [1788938893.114309209] [peach_manipulation_node]: Try loading adapter 'default_planning_response_adapters/DisplayMotionPath'
[peach_manipulation_node-12] [INFO] [1788938893.114497274] [peach_manipulation_node]: Loaded adapter 'default_planning_response_adapters/DisplayMotionPath'
[peach_manipulation_node-12] [INFO] [1788938893.116016299] [peach_manipulation_node.moveit.planners.pilz.joint_limits_aggregator]: Reading limits from namespace robot_description_planning
[peach_manipulation_node-12] [INFO] [1788938893.116343194] [peach_manipulation_node.moveit.planners.pilz.command_planner]: Available plugins: pilz_industrial_motion_planner/PlanningContextLoaderCIRC pilz_industrial_motion_planner/PlanningContextLoaderLIN pilz_industrial_motion_planner/PlanningContextLoaderPTP pilz_industrial_motion_planner/PlanningContextLoaderPolyline 
[peach_manipulation_node-12] [INFO] [1788938893.116350926] [peach_manipulation_node.moveit.planners.pilz.command_planner]: About to load: pilz_industrial_motion_planner/PlanningContextLoaderCIRC
[peach_manipulation_node-12] [INFO] [1788938893.116431287] [peach_manipulation_node.moveit.planners.pilz.command_planner]: Registered Algorithm [CIRC]
[peach_manipulation_node-12] [INFO] [1788938893.116435853] [peach_manipulation_node.moveit.planners.pilz.command_planner]: About to load: pilz_industrial_motion_planner/PlanningContextLoaderLIN
[peach_manipulation_node-12] [INFO] [1788938893.116514470] [peach_manipulation_node.moveit.planners.pilz.command_planner]: Registered Algorithm [LIN]
[peach_manipulation_node-12] [INFO] [1788938893.116517864] [peach_manipulation_node.moveit.planners.pilz.command_planner]: About to load: pilz_industrial_motion_planner/PlanningContextLoaderPTP
[peach_manipulation_node-12] [INFO] [1788938893.116595861] [peach_manipulation_node.moveit.planners.pilz.command_planner]: Registered Algorithm [PTP]
[peach_manipulation_node-12] [INFO] [1788938893.116599156] [peach_manipulation_node.moveit.planners.pilz.command_planner]: About to load: pilz_industrial_motion_planner/PlanningContextLoaderPolyline
[peach_manipulation_node-12] [INFO] [1788938893.116678625] [peach_manipulation_node.moveit.planners.pilz.command_planner]: Registered Algorithm [POLYLINE]
[peach_manipulation_node-12] [INFO] [1788938893.116682337] [peach_manipulation_node.moveit.ros.planning_pipeline]: Successfully loaded planner 'Pilz Industrial Motion Planner'
[peach_manipulation_node-12] [INFO] [1788938893.117895050] [peach_manipulation_node]: Try loading adapter 'default_planning_request_adapters/ResolveConstraintFrames'
[peach_manipulation_node-12] [INFO] [1788938893.117994546] [peach_manipulation_node]: Loaded adapter 'default_planning_request_adapters/ResolveConstraintFrames'
[peach_manipulation_node-12] [INFO] [1788938893.118007712] [peach_manipulation_node]: Try loading adapter 'default_planning_request_adapters/ValidateWorkspaceBounds'
[peach_manipulation_node-12] [INFO] [1788938893.118017486] [peach_manipulation_node]: Loaded adapter 'default_planning_request_adapters/ValidateWorkspaceBounds'
[peach_manipulation_node-12] [INFO] [1788938893.118019228] [peach_manipulation_node]: Try loading adapter 'default_planning_request_adapters/CheckStartStateBounds'
[peach_manipulation_node-12] [INFO] [1788938893.118025543] [peach_manipulation_node]: Loaded adapter 'default_planning_request_adapters/CheckStartStateBounds'
[peach_manipulation_node-12] [INFO] [1788938893.118027028] [peach_manipulation_node]: Try loading adapter 'default_planning_request_adapters/CheckStartStateCollision'
[peach_manipulation_node-12] [INFO] [1788938893.118032052] [peach_manipulation_node]: Loaded adapter 'default_planning_request_adapters/CheckStartStateCollision'
[peach_manipulation_node-12] [INFO] [1788938893.119249609] [peach_manipulation_node]: Try loading adapter 'default_planning_response_adapters/ValidateSolution'
[peach_manipulation_node-12] [INFO] [1788938893.119562664] [peach_manipulation_node]: Loaded adapter 'default_planning_response_adapters/ValidateSolution'
[peach_manipulation_node-12] [INFO] [1788938893.119567849] [peach_manipulation_node]: Try loading adapter 'default_planning_response_adapters/DisplayMotionPath'
[peach_manipulation_node-12] [INFO] [1788938893.119725845] [peach_manipulation_node]: Loaded adapter 'default_planning_response_adapters/DisplayMotionPath'
[peach_manipulation_node-12] [INFO] [1788938893.121196082] [peach_manipulation_node.moveit.planners.pilz.joint_limits_aggregator]: Reading limits from namespace robot_description_planning
[peach_manipulation_node-12] [INFO] [1788938893.121513962] [peach_manipulation_node.moveit.planners.pilz.command_planner]: Available plugins: pilz_industrial_motion_planner/PlanningContextLoaderCIRC pilz_industrial_motion_planner/PlanningContextLoaderLIN pilz_industrial_motion_planner/PlanningContextLoaderPTP pilz_industrial_motion_planner/PlanningContextLoaderPolyline 
[peach_manipulation_node-12] [INFO] [1788938893.121520892] [peach_manipulation_node.moveit.planners.pilz.command_planner]: About to load: pilz_industrial_motion_planner/PlanningContextLoaderCIRC
[peach_manipulation_node-12] [INFO] [1788938893.121601731] [peach_manipulation_node.moveit.planners.pilz.command_planner]: Registered Algorithm [CIRC]
[peach_manipulation_node-12] [INFO] [1788938893.121605481] [peach_manipulation_node.moveit.planners.pilz.command_planner]: About to load: pilz_industrial_motion_planner/PlanningContextLoaderLIN
[peach_manipulation_node-12] [INFO] [1788938893.121682856] [peach_manipulation_node.moveit.planners.pilz.command_planner]: Registered Algorithm [LIN]
[peach_manipulation_node-12] [INFO] [1788938893.121686429] [peach_manipulation_node.moveit.planners.pilz.command_planner]: About to load: pilz_industrial_motion_planner/PlanningContextLoaderPTP
[peach_manipulation_node-12] [INFO] [1788938893.121763439] [peach_manipulation_node.moveit.planners.pilz.command_planner]: Registered Algorithm [PTP]
[peach_manipulation_node-12] [INFO] [1788938893.121767118] [peach_manipulation_node.moveit.planners.pilz.command_planner]: About to load: pilz_industrial_motion_planner/PlanningContextLoaderPolyline
[peach_manipulation_node-12] [INFO] [1788938893.121845111] [peach_manipulation_node.moveit.planners.pilz.command_planner]: Registered Algorithm [POLYLINE]
[peach_manipulation_node-12] [INFO] [1788938893.121848835] [peach_manipulation_node.moveit.ros.planning_pipeline]: Successfully loaded planner 'Pilz Industrial Motion Planner'
[peach_manipulation_node-12] [INFO] [1788938893.123066775] [peach_manipulation_node]: Try loading adapter 'default_planning_request_adapters/ResolveConstraintFrames'
[peach_manipulation_node-12] [INFO] [1788938893.123169474] [peach_manipulation_node]: Loaded adapter 'default_planning_request_adapters/ResolveConstraintFrames'
[peach_manipulation_node-12] [INFO] [1788938893.123172050] [peach_manipulation_node]: Try loading adapter 'default_planning_request_adapters/ValidateWorkspaceBounds'
[peach_manipulation_node-12] [INFO] [1788938893.123182059] [peach_manipulation_node]: Loaded adapter 'default_planning_request_adapters/ValidateWorkspaceBounds'
[peach_manipulation_node-12] [INFO] [1788938893.123183994] [peach_manipulation_node]: Try loading adapter 'default_planning_request_adapters/CheckStartStateBounds'
[peach_manipulation_node-12] [INFO] [1788938893.123190636] [peach_manipulation_node]: Loaded adapter 'default_planning_request_adapters/CheckStartStateBounds'
[peach_manipulation_node-12] [INFO] [1788938893.123192163] [peach_manipulation_node]: Try loading adapter 'default_planning_request_adapters/CheckStartStateCollision'
[peach_manipulation_node-12] [INFO] [1788938893.123204159] [peach_manipulation_node]: Loaded adapter 'default_planning_request_adapters/CheckStartStateCollision'
[peach_manipulation_node-12] [INFO] [1788938893.124419407] [peach_manipulation_node]: Try loading adapter 'default_planning_response_adapters/ValidateSolution'
[peach_manipulation_node-12] [INFO] [1788938893.124743033] [peach_manipulation_node]: Loaded adapter 'default_planning_response_adapters/ValidateSolution'
[peach_manipulation_node-12] [INFO] [1788938893.124748745] [peach_manipulation_node]: Try loading adapter 'default_planning_response_adapters/DisplayMotionPath'
[peach_manipulation_node-12] [INFO] [1788938893.124917581] [peach_manipulation_node]: Loaded adapter 'default_planning_response_adapters/DisplayMotionPath'
[peach_manipulation_node-12] [WARN] [1788938893.225385261] [rcl.logging_rosout]: Publisher already registered for node name: 'peach_manipulation_node'. If this is due to multiple nodes with the same name then all logs for the logger named 'peach_manipulation_node' will go out over the existing publisher. As soon as any node with that name is destructed it will unregister the publisher, preventing any further logs for that name from being published on the rosout topic.
[peach_manipulation_node-12] [INFO] [1788938893.231831070] [peach_manipulation_node]: Calling PlanningRequestAdapter 'ResolveConstraintFrames'
[peach_manipulation_node-12] [INFO] [1788938893.231891922] [peach_manipulation_node]: Calling PlanningRequestAdapter 'ValidateWorkspaceBounds'
[peach_manipulation_node-12] [WARN] [1788938893.231894816] [peach_manipulation_node.moveit.ros.validate_workspace_bounds]: It looks like the planning volume was not specified. Using default values.
[peach_manipulation_node-12] [INFO] [1788938893.231904426] [peach_manipulation_node]: Calling PlanningRequestAdapter 'CheckStartStateBounds'
[peach_manipulation_node-12] [INFO] [1788938893.231914509] [peach_manipulation_node]: Calling PlanningRequestAdapter 'CheckStartStateCollision'
[peach_manipulation_node-12] [INFO] [1788938893.232041365] [peach_manipulation_node]: Calling Planner 'Pilz Industrial Motion Planner'
[peach_manipulation_node-12] [INFO] [1788938893.232050912] [peach_manipulation_node.moveit.planners.pilz.trajectory_generator]: Generating LIN trajectory...
[peach_manipulation_node-12] [INFO] [1788938893.232208074] [peach_manipulation_node.moveit.planners.pilz.trajectory_generator]: using default max_cartesian_speed: 0.250000
[peach_manipulation_node-12] [INFO] [1788938893.233391718] [peach_manipulation_node]: Calling PlanningResponseAdapter 'ValidateSolution'
[peach_manipulation_node-12] [INFO] [1788938893.234246857] [peach_manipulation_node]: Calling PlanningResponseAdapter 'DisplayMotionPath'
[peach_manipulation_node-12] [INFO] [1788938893.234493058] [peach_manipulation_node]: Calling PlanningRequestAdapter 'ResolveConstraintFrames'
[peach_manipulation_node-12] [INFO] [1788938893.234515929] [peach_manipulation_node]: Calling PlanningRequestAdapter 'ValidateWorkspaceBounds'
[peach_manipulation_node-12] [WARN] [1788938893.234517986] [peach_manipulation_node.moveit.ros.validate_workspace_bounds]: It looks like the planning volume was not specified. Using default values.
[peach_manipulation_node-12] [INFO] [1788938893.234526580] [peach_manipulation_node]: Calling PlanningRequestAdapter 'CheckStartStateBounds'
[peach_manipulation_node-12] [INFO] [1788938893.234537209] [peach_manipulation_node]: Calling PlanningRequestAdapter 'CheckStartStateCollision'
[peach_manipulation_node-12] [INFO] [1788938893.234591632] [peach_manipulation_node]: Calling Planner 'Pilz Industrial Motion Planner'
[peach_manipulation_node-12] [INFO] [1788938893.234595277] [peach_manipulation_node.moveit.planners.pilz.trajectory_generator]: Generating LIN trajectory...
[peach_manipulation_node-12] [INFO] [1788938893.235149379] [peach_manipulation_node.moveit.core.moveit_collision_detection_fcl]: Found a contact between 'table_link' (type 'Robot link') and 'upperArm_Link' (type 'Robot link'), which constitutes a collision. Contact information is not stored.
[peach_manipulation_node-12] [INFO] [1788938893.235169859] [peach_manipulation_node.moveit.core.moveit_collision_detection_fcl]: Collision checking is considered complete (collision was found and 0 contacts are stored)
[peach_manipulation_node-12] [INFO] [1788938893.236002301] [peach_manipulation_node.moveit.core.moveit_collision_detection_fcl]: Found a contact between 'table_link' (type 'Robot link') and 'upperArm_Link' (type 'Robot link'), which constitutes a collision. Contact information is not stored.
[peach_manipulation_node-12] [INFO] [1788938893.236005009] [peach_manipulation_node.moveit.core.moveit_collision_detection_fcl]: Collision checking is considered complete (collision was found and 0 contacts are stored)
[peach_manipulation_node-12] [INFO] [1788938893.237048792] [peach_manipulation_node.moveit.core.moveit_collision_detection_fcl]: Found a contact between 'table_link' (type 'Robot link') and 'upperArm_Link' (type 'Robot link'), which constitutes a collision. Contact information is not stored.
[peach_manipulation_node-12] [INFO] [1788938893.237053837] [peach_manipulation_node.moveit.core.moveit_collision_detection_fcl]: Collision checking is considered complete (collision was found and 0 contacts are stored)
[peach_manipulation_node-12] [INFO] [1788938893.237231742] [peach_manipulation_node.moveit.planners.pilz.trajectory_generator]: using default max_cartesian_speed: 0.250000
[peach_manipulation_node-12] [ERROR] [1788938893.240496812] [peach_manipulation_node.pilz_trajectory_functions]: Joint velocity limit of foreArm_joint violated. Set the velocity scaling factor lower! Actual joint velocity is -27.3687, while the limit is 2.5964. 
[peach_manipulation_node-12] [ERROR] [1788938893.240507577] [peach_manipulation_node.pilz_trajectory_functions]: Inverse kinematics solution at 3.1s violates the joint velocity/acceleration/deceleration limits.
[peach_manipulation_node-12] [ERROR] [1788938893.240521944] [peach_manipulation_node.moveit.planners.pilz.trajectory_generator]: Failed to generate valid joint trajectory from the Cartesian path
[peach_manipulation_node-12] [ERROR] [1788938893.240553455] [peach_manipulation_node]: Planner 'Pilz Industrial Motion Planner' failed with error code PLANNING_FAILED
[peach_manipulation_node-12] [INFO] [1788938893.244793285] [peach_manipulation_node]: [FAILED] 到预抓取失败: MTC planning failed: Failing stage(s):
[peach_manipulation_node-12] cartesian corridor 2/5 (0/1): 
[peach_manipulation_node-12] [INFO] [1788938893.244833612] [peach_manipulation_node]: [FAILED] 到预抓取失败: MTC planning failed: Failing stage(s):
[peach_manipulation_node-12] cartesian corridor 2/5 (0/1): 
[peach_manipulation_node-12] [INFO] [1788938893.363550323] [peach_manipulation_node.moveit.ros.move_group_interface]: MoveGroup action client/server ready
[move_group-6] [INFO] [1788938893.363957450] [move_group.moveit.moveit.ros.move_group.move_action]: MoveGroupMoveAction: Received request
[move_group-6] [INFO] [1788938893.364076767] [move_group.moveit.moveit.ros.move_group.move_action]: executing..
[peach_manipulation_node-12] [INFO] [1788938893.364124800] [peach_manipulation_node.moveit.ros.move_group_interface]: Planning request accepted
[move_group-6] [INFO] [1788938893.365383257] [move_group.moveit.moveit.ros.move_group.move_action]: Planning request received for MoveGroup action. Forwarding to planning pipeline.
[move_group-6] [INFO] [1788938893.365398174] [move_group.moveit.moveit.ros.move_group.capability]: Using planning pipeline 'pilz_industrial_motion_planner'
[move_group-6] [INFO] [1788938893.365464249] [move_group]: Calling PlanningRequestAdapter 'ResolveConstraintFrames'
[move_group-6] [INFO] [1788938893.365476771] [move_group]: Calling PlanningRequestAdapter 'ValidateWorkspaceBounds'
[move_group-6] [WARN] [1788938893.365479603] [move_group.moveit.moveit.ros.validate_workspace_bounds]: It looks like the planning volume was not specified. Using default values.
[move_group-6] [INFO] [1788938893.365486122] [move_group]: Calling PlanningRequestAdapter 'CheckStartStateBounds'
[move_group-6] [INFO] [1788938893.365495311] [move_group]: Calling PlanningRequestAdapter 'CheckStartStateCollision'
[move_group-6] [INFO] [1788938893.365583428] [move_group.moveit.moveit.planners.pilz.trajectory_generator.ptp]: Initialized Point-to-Point Trajectory Generator.
[move_group-6] [INFO] [1788938893.365599226] [move_group]: Calling Planner 'Pilz Industrial Motion Planner'
[move_group-6] [INFO] [1788938893.365606463] [move_group.moveit.moveit.planners.pilz.trajectory_generator]: Generating PTP trajectory...
[move_group-6] [INFO] [1788938893.365628223] [move_group.moveit.moveit.planners.pilz.trajectory_generator.ptp]: Goal already reached, set one goal point explicitly.
[move_group-6] [INFO] [1788938893.365657895] [move_group]: Calling PlanningResponseAdapter 'ValidateSolution'
[move_group-6] [INFO] [1788938893.365703854] [move_group]: Calling PlanningResponseAdapter 'DisplayMotionPath'
[move_group-6] [INFO] [1788938893.365739773] [move_group.moveit.moveit.ros.move_group.move_action]: Motion plan was computed successfully.
[peach_manipulation_node-12] [INFO] [1788938893.365973818] [peach_manipulation_node.moveit.ros.move_group_interface]: Planning request complete!
[peach_manipulation_node-12] [INFO] [1788938893.366921840] [peach_manipulation_node.moveit.ros.move_group_interface]: time taken to generate plan: 3.0746e-05 seconds
[move_group-6] [INFO] [1788938893.368982118] [move_group.moveit.moveit.ros.move_group.clear_octomap_service]: Execution request received
[move_group-6] [INFO] [1788938893.369005779] [move_group.moveit.moveit.plugins.simple_controller_manager]: Returned 1 controllers in list
[move_group-6] [INFO] [1788938893.369015500] [move_group.moveit.moveit.plugins.simple_controller_manager]: Returned 1 controllers in list
[move_group-6] [INFO] [1788938893.369040161] [move_group.moveit.moveit.ros.trajectory_execution_manager]: Validating trajectory with allowed_start_tolerance 0.15
[peach_manipulation_node-12] [INFO] [1788938893.369092035] [peach_manipulation_node.moveit.ros.move_group_interface]: Execute request accepted
[move_group-6] [INFO] [1788938893.370968694] [move_group.moveit.moveit.ros.trajectory_execution_manager]: Starting trajectory execution ...
[move_group-6] [INFO] [1788938893.370997523] [move_group.moveit.moveit.plugins.simple_controller_manager]: Returned 1 controllers in list
[move_group-6] [INFO] [1788938893.371010595] [move_group.moveit.moveit.plugins.simple_controller_manager]: Returned 1 controllers in list
[move_group-6] [INFO] [1788938893.371180920] [moveit.simple_controller_manager.follow_joint_trajectory_controller_handle]: sending trajectory to aubo_passthrough_trajectory_controller
[ros2_control_node-2] [INFO] [1788938893.371237650] [aubo_passthrough_trajectory_controller]: Received new trajectory.
[ros2_control_node-2] [INFO] [1788938893.371279743] [aubo_passthrough_trajectory_controller]: Accepted new trajectory with 1 points.
[ros2_control_node-2] [INFO] [1788938893.371296585] [aubo_passthrough_trajectory_controller]: Effective goal time: 0 sec
[move_group-6] [INFO] [1788938893.371700262] [moveit.simple_controller_manager.follow_joint_trajectory_controller_handle]: aubo_passthrough_trajectory_controller started execution
[move_group-6] [INFO] [1788938893.371707441] [moveit.simple_controller_manager.follow_joint_trajectory_controller_handle]: Goal request accepted!
[ros2_control_node-2] [INFO] [1788938893.645287456] [aubo_passthrough_trajectory_controller]: Trajectory executed successfully (goal-hold confirmed in 0.270012 s).
[move_group-6] [INFO] [1788938893.671824912] [moveit.simple_controller_manager.follow_joint_trajectory_controller_handle]: Controller 'aubo_passthrough_trajectory_controller' successfully finished
[move_group-6] [INFO] [1788938893.685417227] [move_group.moveit.moveit.ros.trajectory_execution_manager]: Completed trajectory execution with status SUCCEEDED ...
[move_group-6] [INFO] [1788938893.685484989] [move_group.moveit.moveit.ros.move_group.clear_octomap_service]: Execution completed: SUCCEEDED
[peach_manipulation_node-12] [INFO] [1788938893.685615317] [peach_manipulation_node.moveit.ros.move_group_interface]: Execute request success!
[peach_target_reconstruction_node-11] [INFO] [1788938895.476365958] [peach_target_reconstruction_node]: 跟随计划切换重建目标: target_1 -> （空）（放弃 READY 会话）
[peach_manipulation_node-12]   0  - ←   0 →   -  0 / task pipeline
[peach_manipulation_node-12]     1  - ←   1 →   -  1 / current robot state
[peach_manipulation_node-12]     -  1 →   0 →   -  0 / approach to pregrasp
[peach_manipulation_node-12]       -  0 →   1 →   -  0 / lin align tool z
[peach_manipulation_node-12]       -  0 →   0 →   -  0 / lin to on-axis pregrasp
[peach_manipulation_node-12] Failing stage(s):
[peach_manipulation_node-12] lin to on-axis pregrasp (0/1): 
[peach_manipulation_node-12]   0  - ←   0 →   -  0 / task pipeline
[peach_manipulation_node-12]     1  - ←   1 →   -  1 / current robot state
[peach_manipulation_node-12]     -  1 →   0 →   -  0 / cartesian corridor
[peach_manipulation_node-12]       -  0 →   1 →   -  0 / cartesian corridor 1/5
[peach_manipulation_node-12]       -  0 →   0 →   -  0 / cartesian corridor 2/5
[peach_manipulation_node-12]       -  0 →   0 →   -  0 / cartesian corridor 3/5
[peach_manipulation_node-12]       -  0 →   0 →   -  0 / cartesian corridor 4/5
[peach_manipulation_node-12]       -  0 →   0 →   -  0 / cartesian corridor 5/5
[peach_manipulation_node-12]       -  0 →   0 →   -  0 / lin to on-axis pregrasp
[peach_manipulation_node-12] Failing stage(s):
[peach_manipulation_node-12] cartesian corridor 2/5 (0/1): 
[component_container-8] [INFO] [1788938896.122483397] [percipio_device]: fps = 2.42628
[peach_scene_perception_node-10] [INFO] [1788938896.706556787] [peach_scene_perception_node]: 目标注册表在册 3 个目标（累计注册 3、累计命中 1812）
[peach_target_reconstruction_node-11] [INFO] [1788938901.269829278] [peach_target_reconstruction_node]: 已清空，回 IDLE
[peach_target_reconstruction_node-11] [INFO] [1788938901.271622228] [peach_target_reconstruction_node]: 自动开始：开始重建，绑定目标 target_2
[peach_manipulation_node-12] [WARN] [1788938901.271961900] [peach_manipulation_node]: 忽略非当前目标的 grasp_decision: expected=target_1 actual=target_2
[peach_manipulation_node-12] [INFO] [1788938901.273224246] [peach_manipulation_node]: [PLAN_OBSERVATION] 生成目标导向主动视点
[peach_manipulation_node-12] [INFO] [1788938901.273401802] [peach_manipulation_node]: [WAIT_FRAME] 当前位采帧，不环绕
[peach_target_reconstruction_node-11] [WARN] [1788938901.496697893] [peach_target_reconstruction_node]: 自动采帧跳过 [missing_mask]：缺少所选 target_id 的同时间戳掩膜
[peach_target_reconstruction_node-11] [INFO] [1788938901.621641889] [peach_target_reconstruction_node]: REFINING：几何二次拟合开始（kind=bag，730 点）
[peach_target_reconstruction_node-11] [INFO] [1788938901.684069219] [peach_target_reconstruction_node]: REFINING 完成：cylinder status=ACCEPT final=False axis=[0.1947, -0.2051, 0.9592] diameter=76.9mm
[peach_target_reconstruction_node-11] [INFO] [1788938901.684243829] [peach_target_reconstruction_node]: 已采第 1/5 视角，本帧 2559 点，有效深度占比 0.92，位姿=fk
[peach_manipulation_node-12] [INFO] [1788938901.685468077] [peach_manipulation_node]: 当前位已采重建帧，不环绕；基线未过再做最多两次最近短移
[peach_manipulation_node-12] [INFO] [1788938901.685589591] [peach_manipulation_node]: [MOVE_TO_VIEW] see_a-1_e0_r1 score=0.286882 travel=0.148573m
[peach_manipulation_node-12] [INFO] [1788938901.685794829] [peach_manipulation_node.moveit.ros.move_group_interface]: MoveGroup action client/server ready
[move_group-6] [INFO] [1788938901.685969311] [move_group.moveit.moveit.ros.move_group.move_action]: MoveGroupMoveAction: Received request
[peach_manipulation_node-12] [INFO] [1788938901.686044831] [peach_manipulation_node.moveit.ros.move_group_interface]: Planning request accepted
[move_group-6] [INFO] [1788938901.686432092] [move_group.moveit.moveit.ros.move_group.move_action]: executing..
[move_group-6] [INFO] [1788938901.690577909] [move_group.moveit.moveit.ros.move_group.move_action]: Planning request received for MoveGroup action. Forwarding to planning pipeline.
[move_group-6] [INFO] [1788938901.690596487] [move_group.moveit.moveit.ros.move_group.capability]: Using planning pipeline 'pilz_industrial_motion_planner'
[move_group-6] [INFO] [1788938901.690659599] [move_group]: Calling PlanningRequestAdapter 'ResolveConstraintFrames'
[move_group-6] [INFO] [1788938901.690674111] [move_group]: Calling PlanningRequestAdapter 'ValidateWorkspaceBounds'
[move_group-6] [WARN] [1788938901.690677200] [move_group.moveit.moveit.ros.validate_workspace_bounds]: It looks like the planning volume was not specified. Using default values.
[move_group-6] [INFO] [1788938901.690684740] [move_group]: Calling PlanningRequestAdapter 'CheckStartStateBounds'
[move_group-6] [INFO] [1788938901.690694820] [move_group]: Calling PlanningRequestAdapter 'CheckStartStateCollision'
[move_group-6] [INFO] [1788938901.690786341] [move_group]: Calling Planner 'Pilz Industrial Motion Planner'
[move_group-6] [INFO] [1788938901.690794119] [move_group.moveit.moveit.planners.pilz.trajectory_generator]: Generating LIN trajectory...
[move_group-6] [INFO] [1788938901.690978866] [move_group.moveit.moveit.planners.pilz.trajectory_generator]: using default max_cartesian_speed: 0.250000
[move_group-6] [INFO] [1788938901.693268776] [move_group]: Calling PlanningResponseAdapter 'ValidateSolution'
[move_group-6] [INFO] [1788938901.694422055] [move_group]: Calling PlanningResponseAdapter 'DisplayMotionPath'
[move_group-6] [INFO] [1788938901.694524150] [move_group.moveit.moveit.ros.move_group.move_action]: Motion plan was computed successfully.
[peach_manipulation_node-12] [INFO] [1788938901.694664379] [peach_manipulation_node.moveit.ros.move_group_interface]: Planning request complete!
[peach_manipulation_node-12] [INFO] [1788938901.696233101] [peach_manipulation_node.moveit.ros.move_group_interface]: time taken to generate plan: 0.00241801 seconds
[move_group-6] [INFO] [1788938901.696578467] [move_group.moveit.moveit.ros.move_group.clear_octomap_service]: Execution request received
[move_group-6] [INFO] [1788938901.696606771] [move_group.moveit.moveit.plugins.simple_controller_manager]: Returned 1 controllers in list
[move_group-6] [INFO] [1788938901.696616736] [move_group.moveit.moveit.plugins.simple_controller_manager]: Returned 1 controllers in list
[move_group-6] [INFO] [1788938901.696649154] [move_group.moveit.moveit.ros.trajectory_execution_manager]: Validating trajectory with allowed_start_tolerance 0.15
[peach_manipulation_node-12] [INFO] [1788938901.696692532] [peach_manipulation_node.moveit.ros.move_group_interface]: Execute request accepted
[move_group-6] [INFO] [1788938901.701219661] [move_group.moveit.moveit.ros.trajectory_execution_manager]: Starting trajectory execution ...
[move_group-6] [INFO] [1788938901.701277480] [move_group.moveit.moveit.plugins.simple_controller_manager]: Returned 1 controllers in list
[move_group-6] [INFO] [1788938901.701291855] [move_group.moveit.moveit.plugins.simple_controller_manager]: Returned 1 controllers in list
[move_group-6] [INFO] [1788938901.701470059] [moveit.simple_controller_manager.follow_joint_trajectory_controller_handle]: sending trajectory to aubo_passthrough_trajectory_controller
[ros2_control_node-2] [INFO] [1788938901.701664886] [aubo_passthrough_trajectory_controller]: Received new trajectory.
[ros2_control_node-2] [INFO] [1788938901.701737282] [aubo_passthrough_trajectory_controller]: Accepted new trajectory with 73 points.
[ros2_control_node-2] [INFO] [1788938901.701769910] [aubo_passthrough_trajectory_controller]: Effective goal time: 0 sec
[move_group-6] [INFO] [1788938901.701945144] [moveit.simple_controller_manager.follow_joint_trajectory_controller_handle]: aubo_passthrough_trajectory_controller started execution
[move_group-6] [INFO] [1788938901.701952982] [moveit.simple_controller_manager.follow_joint_trajectory_controller_handle]: Goal request accepted!
[component_container-8] [INFO] [1788938901.885925270] [percipio_device]: fps = 2.42764
[peach_target_reconstruction_node-11] [WARN] [1788938902.738824154] [peach_target_reconstruction_node]: 自动采帧跳过 [robot_not_static]：机器人未静止：最大关节速度 0.3816 rad/s > 0.03
[peach_target_reconstruction_node-11] [WARN] [1788938903.981939500] [peach_target_reconstruction_node]: 自动采帧跳过 [robot_not_static]：机器人未静止：最大关节速度 0.4044 rad/s > 0.03
[peach_target_reconstruction_node-11] [WARN] [1788938905.209547145] [peach_target_reconstruction_node]: 自动采帧跳过 [robot_not_static]：机器人未静止：最大关节速度 0.4510 rad/s > 0.03
[peach_target_reconstruction_node-11] [WARN] [1788938906.441881453] [peach_target_reconstruction_node]: 自动采帧跳过 [robot_not_static]：机器人未静止：最大关节速度 0.5011 rad/s > 0.03
[peach_scene_perception_node-10] [INFO] [1788938906.963401649] [peach_scene_perception_node]: 目标注册表在册 3 个目标（累计注册 3、累计命中 1848）
[component_container-8] [INFO] [1788938907.656992291] [percipio_device]: fps = 2.42673
[peach_target_reconstruction_node-11] [WARN] [1788938907.679790638] [peach_target_reconstruction_node]: 自动采帧跳过 [robot_not_static]：机器人未静止：最大关节速度 0.6097 rad/s > 0.03
[peach_target_reconstruction_node-11] [WARN] [1788938908.924498281] [peach_target_reconstruction_node]: 自动采帧跳过 [robot_not_static]：机器人未静止：最大关节速度 0.0338 rad/s > 0.03
[peach_target_reconstruction_node-11] [INFO] [1788938909.042753492] [peach_target_reconstruction_node]: 已采第 2/5 视角，本帧 2591 点，有效深度占比 0.88，位姿=fk
[peach_target_reconstruction_node-11] [INFO] [1788938909.053742559] [peach_target_reconstruction_node]: REFINING：几何二次拟合开始（kind=bag，1073 点）
[peach_target_reconstruction_node-11] [INFO] [1788938909.139567859] [peach_target_reconstruction_node]: REFINING 完成：cylinder status=ACCEPT final=True axis=[0.0761, -0.3381, 0.938] diameter=78.2mm
[peach_target_reconstruction_node-11] [INFO] [1788938909.139772411] [peach_target_reconstruction_node]: 局部重建完成：2 帧，5150 点（少于推荐 5 帧）；重叠 mean=4.1mm p95=9.8mm；TSDF 1073 点 / mesh 1935 顶点（累计积分 0.01s）；refit ACCEPT（袋模型 2 视）
[ros2_control_node-2] [INFO] [1788938909.355277172] [aubo_passthrough_trajectory_controller]: Trajectory executed successfully (goal-hold confirmed in 7.649922 s).
[move_group-6] [INFO] [1788938909.402206037] [moveit.simple_controller_manager.follow_joint_trajectory_controller_handle]: Controller 'aubo_passthrough_trajectory_controller' successfully finished
[move_group-6] [INFO] [1788938909.415473092] [move_group.moveit.moveit.ros.trajectory_execution_manager]: Completed trajectory execution with status SUCCEEDED ...
[move_group-6] [INFO] [1788938909.415572680] [move_group.moveit.moveit.ros.move_group.clear_octomap_service]: Execution completed: SUCCEEDED
[peach_manipulation_node-12] [INFO] [1788938909.415786811] [peach_manipulation_node.moveit.ros.move_group_interface]: Execute request success!
[peach_manipulation_node-12] [INFO] [1788938909.416703212] [peach_manipulation_node]: [WAIT_FRAME] 等待到位后新鲜目标观测与重建帧
[peach_manipulation_node-12] [INFO] [1788938909.828336593] [peach_manipulation_node]: [FINALIZE] 等待重建精化几何（BuildTargetModel）
[peach_manipulation_node-12] [INFO] [1788938909.828388943] [peach_manipulation_node]: [PLAN_READY] observe_only 周期完成：仅观察与精化验证，未执行靠近/抓取/工具动作
[peach_manipulation_node-12] [INFO] [1788938909.883281473] [peach_manipulation_node]: [PLAN_OBSERVATION] 生成目标导向主动视点
[peach_manipulation_node-12] [INFO] [1788938909.883407198] [peach_manipulation_node]: [FINALIZE] 等待重建精化几何（BuildTargetModel）
[peach_manipulation_node-12] [INFO] [1788938909.883422326] [peach_manipulation_node]: 接触几何（核对方向） target=target_2 entry=[0.516 -0.754 0.606] axis=[0.076 -0.338 0.938] travel=0.071m axis_angle_deg=18.90
[peach_manipulation_node-12] [INFO] [1788938909.883458772] [peach_manipulation_node]: [RECONFIRM] 抓取前再确认：等待新鲜观测复核身份/锚点漂移/摆动平息
[peach_manipulation_node-12] [INFO] [1788938910.237862292] [peach_manipulation_node]: [MTC_APPROACH_INSERT] 拍照位再最短路径到预抓取
[peach_manipulation_node-12] [INFO] [1788938910.238069725] [peach_manipulation_node.moveit.ros.move_group_interface]: MoveGroup action client/server ready
[move_group-6] [INFO] [1788938910.239036373] [move_group.moveit.moveit.ros.move_group.move_action]: MoveGroupMoveAction: Received request
[peach_manipulation_node-12] [INFO] [1788938910.239137596] [peach_manipulation_node.moveit.ros.move_group_interface]: Planning request accepted
[move_group-6] [INFO] [1788938910.239147894] [move_group.moveit.moveit.ros.move_group.move_action]: executing..
[move_group-6] [INFO] [1788938910.240432760] [move_group.moveit.moveit.ros.move_group.move_action]: Planning request received for MoveGroup action. Forwarding to planning pipeline.
[move_group-6] [INFO] [1788938910.240450489] [move_group.moveit.moveit.ros.move_group.capability]: Using planning pipeline 'pilz_industrial_motion_planner'
[move_group-6] [INFO] [1788938910.240508381] [move_group]: Calling PlanningRequestAdapter 'ResolveConstraintFrames'
[move_group-6] [INFO] [1788938910.240520082] [move_group]: Calling PlanningRequestAdapter 'ValidateWorkspaceBounds'
[move_group-6] [WARN] [1788938910.240522122] [move_group.moveit.moveit.ros.validate_workspace_bounds]: It looks like the planning volume was not specified. Using default values.
[move_group-6] [INFO] [1788938910.240527221] [move_group]: Calling PlanningRequestAdapter 'CheckStartStateBounds'
[move_group-6] [INFO] [1788938910.240535093] [move_group]: Calling PlanningRequestAdapter 'CheckStartStateCollision'
[move_group-6] [INFO] [1788938910.240612694] [move_group.moveit.moveit.planners.pilz.trajectory_generator.ptp]: Initialized Point-to-Point Trajectory Generator.
[move_group-6] [INFO] [1788938910.240625096] [move_group]: Calling Planner 'Pilz Industrial Motion Planner'
[move_group-6] [INFO] [1788938910.240631253] [move_group.moveit.moveit.planners.pilz.trajectory_generator]: Generating PTP trajectory...
[move_group-6] [INFO] [1788938910.240730906] [move_group]: Calling PlanningResponseAdapter 'ValidateSolution'
[move_group-6] [INFO] [1788938910.241332959] [move_group]: Calling PlanningResponseAdapter 'DisplayMotionPath'
[move_group-6] [INFO] [1788938910.241385681] [move_group.moveit.moveit.ros.move_group.move_action]: Motion plan was computed successfully.
[peach_manipulation_node-12] [INFO] [1788938910.241452367] [peach_manipulation_node.moveit.ros.move_group_interface]: Planning request complete!
[peach_manipulation_node-12] [INFO] [1788938910.242338495] [peach_manipulation_node.moveit.ros.move_group_interface]: time taken to generate plan: 7.3067e-05 seconds
[peach_manipulation_node-12] [INFO] [1788938910.242527139] [peach_manipulation_node.moveit.ros.move_group_interface]: Execute request accepted
[move_group-6] [INFO] [1788938910.242525755] [move_group.moveit.moveit.ros.move_group.clear_octomap_service]: Execution request received
[move_group-6] [INFO] [1788938910.242568589] [move_group.moveit.moveit.plugins.simple_controller_manager]: Returned 1 controllers in list
[move_group-6] [INFO] [1788938910.242578489] [move_group.moveit.moveit.plugins.simple_controller_manager]: Returned 1 controllers in list
[move_group-6] [INFO] [1788938910.242608385] [move_group.moveit.moveit.ros.trajectory_execution_manager]: Validating trajectory with allowed_start_tolerance 0.15
[move_group-6] [INFO] [1788938910.245429786] [move_group.moveit.moveit.ros.trajectory_execution_manager]: Starting trajectory execution ...
[move_group-6] [INFO] [1788938910.245492324] [move_group.moveit.moveit.plugins.simple_controller_manager]: Returned 1 controllers in list
[move_group-6] [INFO] [1788938910.245525740] [move_group.moveit.moveit.plugins.simple_controller_manager]: Returned 1 controllers in list
[move_group-6] [INFO] [1788938910.245739657] [moveit.simple_controller_manager.follow_joint_trajectory_controller_handle]: sending trajectory to aubo_passthrough_trajectory_controller
[ros2_control_node-2] [INFO] [1788938910.245947217] [aubo_passthrough_trajectory_controller]: Received new trajectory.
[ros2_control_node-2] [INFO] [1788938910.246000299] [aubo_passthrough_trajectory_controller]: Accepted new trajectory with 35 points.
[ros2_control_node-2] [INFO] [1788938910.246023241] [aubo_passthrough_trajectory_controller]: Effective goal time: 0 sec
[move_group-6] [INFO] [1788938910.246200669] [moveit.simple_controller_manager.follow_joint_trajectory_controller_handle]: aubo_passthrough_trajectory_controller started execution
[move_group-6] [INFO] [1788938910.246207023] [moveit.simple_controller_manager.follow_joint_trajectory_controller_handle]: Goal request accepted!
[component_container-8] [INFO] [1788938913.425658656] [percipio_device]: fps = 2.42718
[ros2_control_node-2] [INFO] [1788938913.925273924] [aubo_passthrough_trajectory_controller]: Trajectory executed successfully (goal-hold confirmed in 3.674929 s).
[move_group-6] [INFO] [1788938913.946258387] [moveit.simple_controller_manager.follow_joint_trajectory_controller_handle]: Controller 'aubo_passthrough_trajectory_controller' successfully finished
[move_group-6] [INFO] [1788938913.960333196] [move_group.moveit.moveit.ros.trajectory_execution_manager]: Completed trajectory execution with status SUCCEEDED ...
[move_group-6] [INFO] [1788938913.960721106] [move_group.moveit.moveit.ros.move_group.clear_octomap_service]: Execution completed: SUCCEEDED
[peach_manipulation_node-12] [INFO] [1788938913.960907472] [peach_manipulation_node.moveit.ros.move_group_interface]: Execute request success!
[peach_manipulation_node-12] [INFO] [1788938913.965541522] [peach_manipulation_node]: 预抓取从拍照位出发: 已到达全局拍照位姿
[peach_manipulation_node-12] [INFO] [1788938913.965582137] [peach_manipulation_node]: 接近：距入口 0.574m 轴向 0.097m 侧向 0.566m 夹角 21.2° 扫角 80.2° 半径 0.574m 沿轴LIN 0.030m 原语 LIN-align+LIN
[peach_manipulation_node-12] [INFO] [1788938913.973748812] [peach_manipulation_node.moveit.ros.rdf_loader]: Loaded robot model in 0.00160873 seconds
[peach_manipulation_node-12] [INFO] [1788938913.973783110] [peach_manipulation_node.moveit.core.robot_model]: Loading robot model 'aubo_e5'...
[peach_manipulation_node-12] [INFO] [1788938913.973789885] [peach_manipulation_node.moveit.core.robot_model]: No root/virtual joint specified in SRDF. Assuming fixed joint
[peach_manipulation_node-12] [INFO] [1788938914.001034120] [peach_manipulation_node.moveit.kinematics.kdl_kinematics_plugin]: Joint weights for group 'manipulator_e5': 1 1 1 1 1 1
[peach_manipulation_node-12] [INFO] [1788938914.013699944] [peach_manipulation_node.moveit.planners.pilz.joint_limits_aggregator]: Reading limits from namespace robot_description_planning
[peach_manipulation_node-12] [INFO] [1788938914.014101673] [peach_manipulation_node.moveit.planners.pilz.command_planner]: Available plugins: pilz_industrial_motion_planner/PlanningContextLoaderCIRC pilz_industrial_motion_planner/PlanningContextLoaderLIN pilz_industrial_motion_planner/PlanningContextLoaderPTP pilz_industrial_motion_planner/PlanningContextLoaderPolyline 
[peach_manipulation_node-12] [INFO] [1788938914.014108937] [peach_manipulation_node.moveit.planners.pilz.command_planner]: About to load: pilz_industrial_motion_planner/PlanningContextLoaderCIRC
[peach_manipulation_node-12] [INFO] [1788938914.014210009] [peach_manipulation_node.moveit.planners.pilz.command_planner]: Registered Algorithm [CIRC]
[peach_manipulation_node-12] [INFO] [1788938914.014214617] [peach_manipulation_node.moveit.planners.pilz.command_planner]: About to load: pilz_industrial_motion_planner/PlanningContextLoaderLIN
[peach_manipulation_node-12] [INFO] [1788938914.014301376] [peach_manipulation_node.moveit.planners.pilz.command_planner]: Registered Algorithm [LIN]
[peach_manipulation_node-12] [INFO] [1788938914.014305640] [peach_manipulation_node.moveit.planners.pilz.command_planner]: About to load: pilz_industrial_motion_planner/PlanningContextLoaderPTP
[peach_manipulation_node-12] [INFO] [1788938914.014391814] [peach_manipulation_node.moveit.planners.pilz.command_planner]: Registered Algorithm [PTP]
[peach_manipulation_node-12] [INFO] [1788938914.014395573] [peach_manipulation_node.moveit.planners.pilz.command_planner]: About to load: pilz_industrial_motion_planner/PlanningContextLoaderPolyline
[peach_manipulation_node-12] [INFO] [1788938914.014479726] [peach_manipulation_node.moveit.planners.pilz.command_planner]: Registered Algorithm [POLYLINE]
[peach_manipulation_node-12] [INFO] [1788938914.014484109] [peach_manipulation_node.moveit.ros.planning_pipeline]: Successfully loaded planner 'Pilz Industrial Motion Planner'
[peach_manipulation_node-12] [INFO] [1788938914.015800789] [peach_manipulation_node]: Try loading adapter 'default_planning_request_adapters/ResolveConstraintFrames'
[peach_manipulation_node-12] [INFO] [1788938914.015926985] [peach_manipulation_node]: Loaded adapter 'default_planning_request_adapters/ResolveConstraintFrames'
[peach_manipulation_node-12] [INFO] [1788938914.015929376] [peach_manipulation_node]: Try loading adapter 'default_planning_request_adapters/ValidateWorkspaceBounds'
[peach_manipulation_node-12] [INFO] [1788938914.015941579] [peach_manipulation_node]: Loaded adapter 'default_planning_request_adapters/ValidateWorkspaceBounds'
[peach_manipulation_node-12] [INFO] [1788938914.015943313] [peach_manipulation_node]: Try loading adapter 'default_planning_request_adapters/CheckStartStateBounds'
[peach_manipulation_node-12] [INFO] [1788938914.015950708] [peach_manipulation_node]: Loaded adapter 'default_planning_request_adapters/CheckStartStateBounds'
[peach_manipulation_node-12] [INFO] [1788938914.015952441] [peach_manipulation_node]: Try loading adapter 'default_planning_request_adapters/CheckStartStateCollision'
[peach_manipulation_node-12] [INFO] [1788938914.015957626] [peach_manipulation_node]: Loaded adapter 'default_planning_request_adapters/CheckStartStateCollision'
[peach_manipulation_node-12] [INFO] [1788938914.017193098] [peach_manipulation_node]: Try loading adapter 'default_planning_response_adapters/ValidateSolution'
[peach_manipulation_node-12] [INFO] [1788938914.017657406] [peach_manipulation_node]: Loaded adapter 'default_planning_response_adapters/ValidateSolution'
[peach_manipulation_node-12] [INFO] [1788938914.017664843] [peach_manipulation_node]: Try loading adapter 'default_planning_response_adapters/DisplayMotionPath'
[peach_manipulation_node-12] [INFO] [1788938914.017928957] [peach_manipulation_node]: Loaded adapter 'default_planning_response_adapters/DisplayMotionPath'
[peach_manipulation_node-12] [INFO] [1788938914.019497791] [peach_manipulation_node.moveit.planners.pilz.joint_limits_aggregator]: Reading limits from namespace robot_description_planning
[peach_manipulation_node-12] [INFO] [1788938914.019835222] [peach_manipulation_node.moveit.planners.pilz.command_planner]: Available plugins: pilz_industrial_motion_planner/PlanningContextLoaderCIRC pilz_industrial_motion_planner/PlanningContextLoaderLIN pilz_industrial_motion_planner/PlanningContextLoaderPTP pilz_industrial_motion_planner/PlanningContextLoaderPolyline 
[peach_manipulation_node-12] [INFO] [1788938914.019841922] [peach_manipulation_node.moveit.planners.pilz.command_planner]: About to load: pilz_industrial_motion_planner/PlanningContextLoaderCIRC
[peach_manipulation_node-12] [INFO] [1788938914.019924644] [peach_manipulation_node.moveit.planners.pilz.command_planner]: Registered Algorithm [CIRC]
[peach_manipulation_node-12] [INFO] [1788938914.019928550] [peach_manipulation_node.moveit.planners.pilz.command_planner]: About to load: pilz_industrial_motion_planner/PlanningContextLoaderLIN
[peach_manipulation_node-12] [INFO] [1788938914.020007352] [peach_manipulation_node.moveit.planners.pilz.command_planner]: Registered Algorithm [LIN]
[peach_manipulation_node-12] [INFO] [1788938914.020011170] [peach_manipulation_node.moveit.planners.pilz.command_planner]: About to load: pilz_industrial_motion_planner/PlanningContextLoaderPTP
[peach_manipulation_node-12] [INFO] [1788938914.020089615] [peach_manipulation_node.moveit.planners.pilz.command_planner]: Registered Algorithm [PTP]
[peach_manipulation_node-12] [INFO] [1788938914.020093251] [peach_manipulation_node.moveit.planners.pilz.command_planner]: About to load: pilz_industrial_motion_planner/PlanningContextLoaderPolyline
[peach_manipulation_node-12] [INFO] [1788938914.020174755] [peach_manipulation_node.moveit.planners.pilz.command_planner]: Registered Algorithm [POLYLINE]
[peach_manipulation_node-12] [INFO] [1788938914.020178946] [peach_manipulation_node.moveit.ros.planning_pipeline]: Successfully loaded planner 'Pilz Industrial Motion Planner'
[peach_manipulation_node-12] [INFO] [1788938914.021458777] [peach_manipulation_node]: Try loading adapter 'default_planning_request_adapters/ResolveConstraintFrames'
[peach_manipulation_node-12] [INFO] [1788938914.021568343] [peach_manipulation_node]: Loaded adapter 'default_planning_request_adapters/ResolveConstraintFrames'
[peach_manipulation_node-12] [INFO] [1788938914.021570806] [peach_manipulation_node]: Try loading adapter 'default_planning_request_adapters/ValidateWorkspaceBounds'
[peach_manipulation_node-12] [INFO] [1788938914.021581244] [peach_manipulation_node]: Loaded adapter 'default_planning_request_adapters/ValidateWorkspaceBounds'
[peach_manipulation_node-12] [INFO] [1788938914.021583092] [peach_manipulation_node]: Try loading adapter 'default_planning_request_adapters/CheckStartStateBounds'
[peach_manipulation_node-12] [INFO] [1788938914.021589668] [peach_manipulation_node]: Loaded adapter 'default_planning_request_adapters/CheckStartStateBounds'
[peach_manipulation_node-12] [INFO] [1788938914.021591328] [peach_manipulation_node]: Try loading adapter 'default_planning_request_adapters/CheckStartStateCollision'
[peach_manipulation_node-12] [INFO] [1788938914.021595929] [peach_manipulation_node]: Loaded adapter 'default_planning_request_adapters/CheckStartStateCollision'
[peach_manipulation_node-12] [INFO] [1788938914.022814684] [peach_manipulation_node]: Try loading adapter 'default_planning_response_adapters/ValidateSolution'
[peach_manipulation_node-12] [INFO] [1788938914.023172510] [peach_manipulation_node]: Loaded adapter 'default_planning_response_adapters/ValidateSolution'
[peach_manipulation_node-12] [INFO] [1788938914.023179063] [peach_manipulation_node]: Try loading adapter 'default_planning_response_adapters/DisplayMotionPath'
[peach_manipulation_node-12] [INFO] [1788938914.023369529] [peach_manipulation_node]: Loaded adapter 'default_planning_response_adapters/DisplayMotionPath'
[peach_manipulation_node-12] [WARN] [1788938914.123576353] [rcl.logging_rosout]: Publisher already registered for node name: 'peach_manipulation_node'. If this is due to multiple nodes with the same name then all logs for the logger named 'peach_manipulation_node' will go out over the existing publisher. As soon as any node with that name is destructed it will unregister the publisher, preventing any further logs for that name from being published on the rosout topic.
[peach_manipulation_node-12] [INFO] [1788938914.130881092] [peach_manipulation_node]: Calling PlanningRequestAdapter 'ResolveConstraintFrames'
[peach_manipulation_node-12] [INFO] [1788938914.130964394] [peach_manipulation_node]: Calling PlanningRequestAdapter 'ValidateWorkspaceBounds'
[peach_manipulation_node-12] [WARN] [1788938914.130967550] [peach_manipulation_node.moveit.ros.validate_workspace_bounds]: It looks like the planning volume was not specified. Using default values.
[peach_manipulation_node-12] [INFO] [1788938914.130977303] [peach_manipulation_node]: Calling PlanningRequestAdapter 'CheckStartStateBounds'
[peach_manipulation_node-12] [INFO] [1788938914.130996793] [peach_manipulation_node]: Calling PlanningRequestAdapter 'CheckStartStateCollision'
[peach_manipulation_node-12] [INFO] [1788938914.131096754] [peach_manipulation_node]: Calling Planner 'Pilz Industrial Motion Planner'
[peach_manipulation_node-12] [INFO] [1788938914.131101683] [peach_manipulation_node.moveit.planners.pilz.trajectory_generator]: Generating LIN trajectory...
[peach_manipulation_node-12] [INFO] [1788938914.131283868] [peach_manipulation_node.moveit.planners.pilz.trajectory_generator]: using default max_cartesian_speed: 0.250000
[peach_manipulation_node-12] [INFO] [1788938914.133153035] [peach_manipulation_node]: Calling PlanningResponseAdapter 'ValidateSolution'
[peach_manipulation_node-12] [INFO] [1788938914.134424181] [peach_manipulation_node]: Calling PlanningResponseAdapter 'DisplayMotionPath'
[peach_manipulation_node-12] [INFO] [1788938914.134593633] [peach_manipulation_node]: Calling PlanningRequestAdapter 'ResolveConstraintFrames'
[peach_manipulation_node-12] [INFO] [1788938914.134645135] [peach_manipulation_node]: Calling PlanningRequestAdapter 'ValidateWorkspaceBounds'
[peach_manipulation_node-12] [WARN] [1788938914.134647129] [peach_manipulation_node.moveit.ros.validate_workspace_bounds]: It looks like the planning volume was not specified. Using default values.
[peach_manipulation_node-12] [INFO] [1788938914.134654682] [peach_manipulation_node]: Calling PlanningRequestAdapter 'CheckStartStateBounds'
[peach_manipulation_node-12] [INFO] [1788938914.134665197] [peach_manipulation_node]: Calling PlanningRequestAdapter 'CheckStartStateCollision'
[peach_manipulation_node-12] [INFO] [1788938914.134717173] [peach_manipulation_node]: Calling Planner 'Pilz Industrial Motion Planner'
[peach_manipulation_node-12] [INFO] [1788938914.134719745] [peach_manipulation_node.moveit.planners.pilz.trajectory_generator]: Generating LIN trajectory...
[peach_manipulation_node-12] [INFO] [1788938914.137338460] [peach_manipulation_node.moveit.planners.pilz.trajectory_generator]: using default max_cartesian_speed: 0.250000
[peach_manipulation_node-12] [ERROR] [1788938914.143564766] [peach_manipulation_node.pilz_trajectory_functions]: Joint velocity limit of foreArm_joint violated. Set the velocity scaling factor lower! Actual joint velocity is -14.5931, while the limit is 2.5964. 
[peach_manipulation_node-12] [ERROR] [1788938914.143585475] [peach_manipulation_node.pilz_trajectory_functions]: Inverse kinematics solution at 8.8s violates the joint velocity/acceleration/deceleration limits.
[peach_manipulation_node-12] [ERROR] [1788938914.143604117] [peach_manipulation_node.moveit.planners.pilz.trajectory_generator]: Failed to generate valid joint trajectory from the Cartesian path
[peach_manipulation_node-12] [ERROR] [1788938914.143634548] [peach_manipulation_node]: Planner 'Pilz Industrial Motion Planner' failed with error code PLANNING_FAILED
[peach_manipulation_node-12] [INFO] [1788938914.147567666] [peach_manipulation_node]: 直线/短弧接近失败（MTC planning failed: Failing stage(s):
[peach_manipulation_node-12] lin to on-axis pregrasp (0/1): ），改走绕保持球笛卡尔走廊
[peach_manipulation_node-12] [INFO] [1788938914.155143061] [peach_manipulation_node.moveit.ros.rdf_loader]: Loaded robot model in 0.0012605 seconds
[peach_manipulation_node-12] [INFO] [1788938914.155180299] [peach_manipulation_node.moveit.core.robot_model]: Loading robot model 'aubo_e5'...
[peach_manipulation_node-12] [INFO] [1788938914.155185953] [peach_manipulation_node.moveit.core.robot_model]: No root/virtual joint specified in SRDF. Assuming fixed joint
[peach_manipulation_node-12] [INFO] [1788938914.182026615] [peach_manipulation_node.moveit.kinematics.kdl_kinematics_plugin]: Joint weights for group 'manipulator_e5': 1 1 1 1 1 1
[peach_manipulation_node-12] [INFO] [1788938914.182131162] [peach_manipulation_node]: 绕保持球笛卡尔走廊: 4 段, 起止距离 0.566 m, 后撤 0.130 m
[peach_manipulation_node-12] [INFO] [1788938914.192409485] [peach_manipulation_node.moveit.planners.pilz.joint_limits_aggregator]: Reading limits from namespace robot_description_planning
[peach_manipulation_node-12] [INFO] [1788938914.192793045] [peach_manipulation_node.moveit.planners.pilz.command_planner]: Available plugins: pilz_industrial_motion_planner/PlanningContextLoaderCIRC pilz_industrial_motion_planner/PlanningContextLoaderLIN pilz_industrial_motion_planner/PlanningContextLoaderPTP pilz_industrial_motion_planner/PlanningContextLoaderPolyline 
[peach_manipulation_node-12] [INFO] [1788938914.192800023] [peach_manipulation_node.moveit.planners.pilz.command_planner]: About to load: pilz_industrial_motion_planner/PlanningContextLoaderCIRC
[peach_manipulation_node-12] [INFO] [1788938914.192892549] [peach_manipulation_node.moveit.planners.pilz.command_planner]: Registered Algorithm [CIRC]
[peach_manipulation_node-12] [INFO] [1788938914.192897148] [peach_manipulation_node.moveit.planners.pilz.command_planner]: About to load: pilz_industrial_motion_planner/PlanningContextLoaderLIN
[peach_manipulation_node-12] [INFO] [1788938914.192982026] [peach_manipulation_node.moveit.planners.pilz.command_planner]: Registered Algorithm [LIN]
[peach_manipulation_node-12] [INFO] [1788938914.192985930] [peach_manipulation_node.moveit.planners.pilz.command_planner]: About to load: pilz_industrial_motion_planner/PlanningContextLoaderPTP
[peach_manipulation_node-12] [INFO] [1788938914.193069231] [peach_manipulation_node.moveit.planners.pilz.command_planner]: Registered Algorithm [PTP]
[peach_manipulation_node-12] [INFO] [1788938914.193072881] [peach_manipulation_node.moveit.planners.pilz.command_planner]: About to load: pilz_industrial_motion_planner/PlanningContextLoaderPolyline
[peach_manipulation_node-12] [INFO] [1788938914.193158577] [peach_manipulation_node.moveit.planners.pilz.command_planner]: Registered Algorithm [POLYLINE]
[peach_manipulation_node-12] [INFO] [1788938914.193162871] [peach_manipulation_node.moveit.ros.planning_pipeline]: Successfully loaded planner 'Pilz Industrial Motion Planner'
[peach_manipulation_node-12] [INFO] [1788938914.194402535] [peach_manipulation_node]: Try loading adapter 'default_planning_request_adapters/ResolveConstraintFrames'
[peach_manipulation_node-12] [INFO] [1788938914.194524754] [peach_manipulation_node]: Loaded adapter 'default_planning_request_adapters/ResolveConstraintFrames'
[peach_manipulation_node-12] [INFO] [1788938914.194527091] [peach_manipulation_node]: Try loading adapter 'default_planning_request_adapters/ValidateWorkspaceBounds'
[peach_manipulation_node-12] [INFO] [1788938914.194539418] [peach_manipulation_node]: Loaded adapter 'default_planning_request_adapters/ValidateWorkspaceBounds'
[peach_manipulation_node-12] [INFO] [1788938914.194541184] [peach_manipulation_node]: Try loading adapter 'default_planning_request_adapters/CheckStartStateBounds'
[peach_manipulation_node-12] [INFO] [1788938914.194548091] [peach_manipulation_node]: Loaded adapter 'default_planning_request_adapters/CheckStartStateBounds'
[peach_manipulation_node-12] [INFO] [1788938914.194549764] [peach_manipulation_node]: Try loading adapter 'default_planning_request_adapters/CheckStartStateCollision'
[peach_manipulation_node-12] [INFO] [1788938914.194554907] [peach_manipulation_node]: Loaded adapter 'default_planning_request_adapters/CheckStartStateCollision'
[peach_manipulation_node-12] [INFO] [1788938914.195816666] [peach_manipulation_node]: Try loading adapter 'default_planning_response_adapters/ValidateSolution'
[peach_manipulation_node-12] [INFO] [1788938914.196271434] [peach_manipulation_node]: Loaded adapter 'default_planning_response_adapters/ValidateSolution'
[peach_manipulation_node-12] [INFO] [1788938914.196279997] [peach_manipulation_node]: Try loading adapter 'default_planning_response_adapters/DisplayMotionPath'
[peach_manipulation_node-12] [INFO] [1788938914.196701064] [peach_manipulation_node]: Loaded adapter 'default_planning_response_adapters/DisplayMotionPath'
[peach_manipulation_node-12] [INFO] [1788938914.198452106] [peach_manipulation_node.moveit.planners.pilz.joint_limits_aggregator]: Reading limits from namespace robot_description_planning
[peach_manipulation_node-12] [INFO] [1788938914.198815371] [peach_manipulation_node.moveit.planners.pilz.command_planner]: Available plugins: pilz_industrial_motion_planner/PlanningContextLoaderCIRC pilz_industrial_motion_planner/PlanningContextLoaderLIN pilz_industrial_motion_planner/PlanningContextLoaderPTP pilz_industrial_motion_planner/PlanningContextLoaderPolyline 
[peach_manipulation_node-12] [INFO] [1788938914.198823976] [peach_manipulation_node.moveit.planners.pilz.command_planner]: About to load: pilz_industrial_motion_planner/PlanningContextLoaderCIRC
[peach_manipulation_node-12] [INFO] [1788938914.198907148] [peach_manipulation_node.moveit.planners.pilz.command_planner]: Registered Algorithm [CIRC]
[peach_manipulation_node-12] [INFO] [1788938914.198911092] [peach_manipulation_node.moveit.planners.pilz.command_planner]: About to load: pilz_industrial_motion_planner/PlanningContextLoaderLIN
[peach_manipulation_node-12] [INFO] [1788938914.198990319] [peach_manipulation_node.moveit.planners.pilz.command_planner]: Registered Algorithm [LIN]
[peach_manipulation_node-12] [INFO] [1788938914.198994762] [peach_manipulation_node.moveit.planners.pilz.command_planner]: About to load: pilz_industrial_motion_planner/PlanningContextLoaderPTP
[peach_manipulation_node-12] [INFO] [1788938914.199074881] [peach_manipulation_node.moveit.planners.pilz.command_planner]: Registered Algorithm [PTP]
[peach_manipulation_node-12] [INFO] [1788938914.199078673] [peach_manipulation_node.moveit.planners.pilz.command_planner]: About to load: pilz_industrial_motion_planner/PlanningContextLoaderPolyline
[peach_manipulation_node-12] [INFO] [1788938914.199160220] [peach_manipulation_node.moveit.planners.pilz.command_planner]: Registered Algorithm [POLYLINE]
[peach_manipulation_node-12] [INFO] [1788938914.199165167] [peach_manipulation_node.moveit.ros.planning_pipeline]: Successfully loaded planner 'Pilz Industrial Motion Planner'
[peach_manipulation_node-12] [INFO] [1788938914.200446221] [peach_manipulation_node]: Try loading adapter 'default_planning_request_adapters/ResolveConstraintFrames'
[peach_manipulation_node-12] [INFO] [1788938914.200561182] [peach_manipulation_node]: Loaded adapter 'default_planning_request_adapters/ResolveConstraintFrames'
[peach_manipulation_node-12] [INFO] [1788938914.200563805] [peach_manipulation_node]: Try loading adapter 'default_planning_request_adapters/ValidateWorkspaceBounds'
[peach_manipulation_node-12] [INFO] [1788938914.200575205] [peach_manipulation_node]: Loaded adapter 'default_planning_request_adapters/ValidateWorkspaceBounds'
[peach_manipulation_node-12] [INFO] [1788938914.200576988] [peach_manipulation_node]: Try loading adapter 'default_planning_request_adapters/CheckStartStateBounds'
[peach_manipulation_node-12] [INFO] [1788938914.200584507] [peach_manipulation_node]: Loaded adapter 'default_planning_request_adapters/CheckStartStateBounds'
[peach_manipulation_node-12] [INFO] [1788938914.200586113] [peach_manipulation_node]: Try loading adapter 'default_planning_request_adapters/CheckStartStateCollision'
[peach_manipulation_node-12] [INFO] [1788938914.200591587] [peach_manipulation_node]: Loaded adapter 'default_planning_request_adapters/CheckStartStateCollision'
[peach_manipulation_node-12] [INFO] [1788938914.201823706] [peach_manipulation_node]: Try loading adapter 'default_planning_response_adapters/ValidateSolution'
[peach_manipulation_node-12] [INFO] [1788938914.202269648] [peach_manipulation_node]: Loaded adapter 'default_planning_response_adapters/ValidateSolution'
[peach_manipulation_node-12] [INFO] [1788938914.202276789] [peach_manipulation_node]: Try loading adapter 'default_planning_response_adapters/DisplayMotionPath'
[peach_manipulation_node-12] [INFO] [1788938914.202533266] [peach_manipulation_node]: Loaded adapter 'default_planning_response_adapters/DisplayMotionPath'
[peach_manipulation_node-12] [INFO] [1788938914.204102414] [peach_manipulation_node.moveit.planners.pilz.joint_limits_aggregator]: Reading limits from namespace robot_description_planning
[peach_manipulation_node-12] [INFO] [1788938914.204437083] [peach_manipulation_node.moveit.planners.pilz.command_planner]: Available plugins: pilz_industrial_motion_planner/PlanningContextLoaderCIRC pilz_industrial_motion_planner/PlanningContextLoaderLIN pilz_industrial_motion_planner/PlanningContextLoaderPTP pilz_industrial_motion_planner/PlanningContextLoaderPolyline 
[peach_manipulation_node-12] [INFO] [1788938914.204443030] [peach_manipulation_node.moveit.planners.pilz.command_planner]: About to load: pilz_industrial_motion_planner/PlanningContextLoaderCIRC
[peach_manipulation_node-12] [INFO] [1788938914.204532210] [peach_manipulation_node.moveit.planners.pilz.command_planner]: Registered Algorithm [CIRC]
[peach_manipulation_node-12] [INFO] [1788938914.204536434] [peach_manipulation_node.moveit.planners.pilz.command_planner]: About to load: pilz_industrial_motion_planner/PlanningContextLoaderLIN
[peach_manipulation_node-12] [INFO] [1788938914.204615887] [peach_manipulation_node.moveit.planners.pilz.command_planner]: Registered Algorithm [LIN]
[peach_manipulation_node-12] [INFO] [1788938914.204619408] [peach_manipulation_node.moveit.planners.pilz.command_planner]: About to load: pilz_industrial_motion_planner/PlanningContextLoaderPTP
[peach_manipulation_node-12] [INFO] [1788938914.204697268] [peach_manipulation_node.moveit.planners.pilz.command_planner]: Registered Algorithm [PTP]
[peach_manipulation_node-12] [INFO] [1788938914.204700640] [peach_manipulation_node.moveit.planners.pilz.command_planner]: About to load: pilz_industrial_motion_planner/PlanningContextLoaderPolyline
[peach_manipulation_node-12] [INFO] [1788938914.204779575] [peach_manipulation_node.moveit.planners.pilz.command_planner]: Registered Algorithm [POLYLINE]
[peach_manipulation_node-12] [INFO] [1788938914.204783405] [peach_manipulation_node.moveit.ros.planning_pipeline]: Successfully loaded planner 'Pilz Industrial Motion Planner'
[peach_manipulation_node-12] [INFO] [1788938914.206045247] [peach_manipulation_node]: Try loading adapter 'default_planning_request_adapters/ResolveConstraintFrames'
[peach_manipulation_node-12] [INFO] [1788938914.206148498] [peach_manipulation_node]: Loaded adapter 'default_planning_request_adapters/ResolveConstraintFrames'
[peach_manipulation_node-12] [INFO] [1788938914.206150542] [peach_manipulation_node]: Try loading adapter 'default_planning_request_adapters/ValidateWorkspaceBounds'
[peach_manipulation_node-12] [INFO] [1788938914.206162883] [peach_manipulation_node]: Loaded adapter 'default_planning_request_adapters/ValidateWorkspaceBounds'
[peach_manipulation_node-12] [INFO] [1788938914.206164604] [peach_manipulation_node]: Try loading adapter 'default_planning_request_adapters/CheckStartStateBounds'
[peach_manipulation_node-12] [INFO] [1788938914.206171223] [peach_manipulation_node]: Loaded adapter 'default_planning_request_adapters/CheckStartStateBounds'
[peach_manipulation_node-12] [INFO] [1788938914.206172801] [peach_manipulation_node]: Try loading adapter 'default_planning_request_adapters/CheckStartStateCollision'
[peach_manipulation_node-12] [INFO] [1788938914.206178062] [peach_manipulation_node]: Loaded adapter 'default_planning_request_adapters/CheckStartStateCollision'
[peach_manipulation_node-12] [INFO] [1788938914.207398120] [peach_manipulation_node]: Try loading adapter 'default_planning_response_adapters/ValidateSolution'
[peach_manipulation_node-12] [INFO] [1788938914.207770782] [peach_manipulation_node]: Loaded adapter 'default_planning_response_adapters/ValidateSolution'
[peach_manipulation_node-12] [INFO] [1788938914.207777514] [peach_manipulation_node]: Try loading adapter 'default_planning_response_adapters/DisplayMotionPath'
[peach_manipulation_node-12] [INFO] [1788938914.207955164] [peach_manipulation_node]: Loaded adapter 'default_planning_response_adapters/DisplayMotionPath'
[peach_manipulation_node-12] [INFO] [1788938914.209464511] [peach_manipulation_node.moveit.planners.pilz.joint_limits_aggregator]: Reading limits from namespace robot_description_planning
[peach_manipulation_node-12] [INFO] [1788938914.209792918] [peach_manipulation_node.moveit.planners.pilz.command_planner]: Available plugins: pilz_industrial_motion_planner/PlanningContextLoaderCIRC pilz_industrial_motion_planner/PlanningContextLoaderLIN pilz_industrial_motion_planner/PlanningContextLoaderPTP pilz_industrial_motion_planner/PlanningContextLoaderPolyline 
[peach_manipulation_node-12] [INFO] [1788938914.209799267] [peach_manipulation_node.moveit.planners.pilz.command_planner]: About to load: pilz_industrial_motion_planner/PlanningContextLoaderCIRC
[peach_manipulation_node-12] [INFO] [1788938914.209880459] [peach_manipulation_node.moveit.planners.pilz.command_planner]: Registered Algorithm [CIRC]
[peach_manipulation_node-12] [INFO] [1788938914.209884724] [peach_manipulation_node.moveit.planners.pilz.command_planner]: About to load: pilz_industrial_motion_planner/PlanningContextLoaderLIN
[peach_manipulation_node-12] [INFO] [1788938914.209963739] [peach_manipulation_node.moveit.planners.pilz.command_planner]: Registered Algorithm [LIN]
[peach_manipulation_node-12] [INFO] [1788938914.209967512] [peach_manipulation_node.moveit.planners.pilz.command_planner]: About to load: pilz_industrial_motion_planner/PlanningContextLoaderPTP
[peach_manipulation_node-12] [INFO] [1788938914.210046111] [peach_manipulation_node.moveit.planners.pilz.command_planner]: Registered Algorithm [PTP]
[peach_manipulation_node-12] [INFO] [1788938914.210058029] [peach_manipulation_node.moveit.planners.pilz.command_planner]: About to load: pilz_industrial_motion_planner/PlanningContextLoaderPolyline
[peach_manipulation_node-12] [INFO] [1788938914.210136983] [peach_manipulation_node.moveit.planners.pilz.command_planner]: Registered Algorithm [POLYLINE]
[peach_manipulation_node-12] [INFO] [1788938914.210141068] [peach_manipulation_node.moveit.ros.planning_pipeline]: Successfully loaded planner 'Pilz Industrial Motion Planner'
[peach_manipulation_node-12] [INFO] [1788938914.211548757] [peach_manipulation_node]: Try loading adapter 'default_planning_request_adapters/ResolveConstraintFrames'
[peach_manipulation_node-12] [INFO] [1788938914.211672302] [peach_manipulation_node]: Loaded adapter 'default_planning_request_adapters/ResolveConstraintFrames'
[peach_manipulation_node-12] [INFO] [1788938914.211675157] [peach_manipulation_node]: Try loading adapter 'default_planning_request_adapters/ValidateWorkspaceBounds'
[peach_manipulation_node-12] [INFO] [1788938914.211688080] [peach_manipulation_node]: Loaded adapter 'default_planning_request_adapters/ValidateWorkspaceBounds'
[peach_manipulation_node-12] [INFO] [1788938914.211690253] [peach_manipulation_node]: Try loading adapter 'default_planning_request_adapters/CheckStartStateBounds'
[peach_manipulation_node-12] [INFO] [1788938914.211697432] [peach_manipulation_node]: Loaded adapter 'default_planning_request_adapters/CheckStartStateBounds'
[peach_manipulation_node-12] [INFO] [1788938914.211699245] [peach_manipulation_node]: Try loading adapter 'default_planning_request_adapters/CheckStartStateCollision'
[peach_manipulation_node-12] [INFO] [1788938914.211704288] [peach_manipulation_node]: Loaded adapter 'default_planning_request_adapters/CheckStartStateCollision'
[peach_manipulation_node-12] [INFO] [1788938914.213028314] [peach_manipulation_node]: Try loading adapter 'default_planning_response_adapters/ValidateSolution'
[peach_manipulation_node-12] [INFO] [1788938914.213613877] [peach_manipulation_node]: Loaded adapter 'default_planning_response_adapters/ValidateSolution'
[peach_manipulation_node-12] [INFO] [1788938914.213634615] [peach_manipulation_node]: Try loading adapter 'default_planning_response_adapters/DisplayMotionPath'
[peach_manipulation_node-12] [INFO] [1788938914.213904216] [peach_manipulation_node]: Loaded adapter 'default_planning_response_adapters/DisplayMotionPath'
[peach_manipulation_node-12] [INFO] [1788938914.215544151] [peach_manipulation_node.moveit.planners.pilz.joint_limits_aggregator]: Reading limits from namespace robot_description_planning
[peach_manipulation_node-12] [INFO] [1788938914.215905083] [peach_manipulation_node.moveit.planners.pilz.command_planner]: Available plugins: pilz_industrial_motion_planner/PlanningContextLoaderCIRC pilz_industrial_motion_planner/PlanningContextLoaderLIN pilz_industrial_motion_planner/PlanningContextLoaderPTP pilz_industrial_motion_planner/PlanningContextLoaderPolyline 
[peach_manipulation_node-12] [INFO] [1788938914.215912013] [peach_manipulation_node.moveit.planners.pilz.command_planner]: About to load: pilz_industrial_motion_planner/PlanningContextLoaderCIRC
[peach_manipulation_node-12] [INFO] [1788938914.215995189] [peach_manipulation_node.moveit.planners.pilz.command_planner]: Registered Algorithm [CIRC]
[peach_manipulation_node-12] [INFO] [1788938914.215999976] [peach_manipulation_node.moveit.planners.pilz.command_planner]: About to load: pilz_industrial_motion_planner/PlanningContextLoaderLIN
[peach_manipulation_node-12] [INFO] [1788938914.216081316] [peach_manipulation_node.moveit.planners.pilz.command_planner]: Registered Algorithm [LIN]
[peach_manipulation_node-12] [INFO] [1788938914.216084800] [peach_manipulation_node.moveit.planners.pilz.command_planner]: About to load: pilz_industrial_motion_planner/PlanningContextLoaderPTP
[peach_manipulation_node-12] [INFO] [1788938914.216166984] [peach_manipulation_node.moveit.planners.pilz.command_planner]: Registered Algorithm [PTP]
[peach_manipulation_node-12] [INFO] [1788938914.216170555] [peach_manipulation_node.moveit.planners.pilz.command_planner]: About to load: pilz_industrial_motion_planner/PlanningContextLoaderPolyline
[peach_manipulation_node-12] [INFO] [1788938914.216250128] [peach_manipulation_node.moveit.planners.pilz.command_planner]: Registered Algorithm [POLYLINE]
[peach_manipulation_node-12] [INFO] [1788938914.216254228] [peach_manipulation_node.moveit.ros.planning_pipeline]: Successfully loaded planner 'Pilz Industrial Motion Planner'
[peach_manipulation_node-12] [INFO] [1788938914.217488419] [peach_manipulation_node]: Try loading adapter 'default_planning_request_adapters/ResolveConstraintFrames'
[peach_manipulation_node-12] [INFO] [1788938914.217598013] [peach_manipulation_node]: Loaded adapter 'default_planning_request_adapters/ResolveConstraintFrames'
[peach_manipulation_node-12] [INFO] [1788938914.217610369] [peach_manipulation_node]: Try loading adapter 'default_planning_request_adapters/ValidateWorkspaceBounds'
[peach_manipulation_node-12] [INFO] [1788938914.217621622] [peach_manipulation_node]: Loaded adapter 'default_planning_request_adapters/ValidateWorkspaceBounds'
[peach_manipulation_node-12] [INFO] [1788938914.217623514] [peach_manipulation_node]: Try loading adapter 'default_planning_request_adapters/CheckStartStateBounds'
[peach_manipulation_node-12] [INFO] [1788938914.217630428] [peach_manipulation_node]: Loaded adapter 'default_planning_request_adapters/CheckStartStateBounds'
[peach_manipulation_node-12] [INFO] [1788938914.217632135] [peach_manipulation_node]: Try loading adapter 'default_planning_request_adapters/CheckStartStateCollision'
[peach_manipulation_node-12] [INFO] [1788938914.217637246] [peach_manipulation_node]: Loaded adapter 'default_planning_request_adapters/CheckStartStateCollision'
[peach_manipulation_node-12] [INFO] [1788938914.218857623] [peach_manipulation_node]: Try loading adapter 'default_planning_response_adapters/ValidateSolution'
[peach_manipulation_node-12] [INFO] [1788938914.219260823] [peach_manipulation_node]: Loaded adapter 'default_planning_response_adapters/ValidateSolution'
[peach_manipulation_node-12] [INFO] [1788938914.219267138] [peach_manipulation_node]: Try loading adapter 'default_planning_response_adapters/DisplayMotionPath'
[peach_manipulation_node-12] [INFO] [1788938914.219472633] [peach_manipulation_node]: Loaded adapter 'default_planning_response_adapters/DisplayMotionPath'
[peach_manipulation_node-12] [WARN] [1788938914.319354298] [rcl.logging_rosout]: Publisher already registered for node name: 'peach_manipulation_node'. If this is due to multiple nodes with the same name then all logs for the logger named 'peach_manipulation_node' will go out over the existing publisher. As soon as any node with that name is destructed it will unregister the publisher, preventing any further logs for that name from being published on the rosout topic.
[peach_manipulation_node-12] [INFO] [1788938914.326643412] [peach_manipulation_node]: Calling PlanningRequestAdapter 'ResolveConstraintFrames'
[peach_manipulation_node-12] [INFO] [1788938914.326695742] [peach_manipulation_node]: Calling PlanningRequestAdapter 'ValidateWorkspaceBounds'
[peach_manipulation_node-12] [WARN] [1788938914.326698560] [peach_manipulation_node.moveit.ros.validate_workspace_bounds]: It looks like the planning volume was not specified. Using default values.
[peach_manipulation_node-12] [INFO] [1788938914.326708133] [peach_manipulation_node]: Calling PlanningRequestAdapter 'CheckStartStateBounds'
[peach_manipulation_node-12] [INFO] [1788938914.326717311] [peach_manipulation_node]: Calling PlanningRequestAdapter 'CheckStartStateCollision'
[peach_manipulation_node-12] [INFO] [1788938914.326808535] [peach_manipulation_node]: Calling Planner 'Pilz Industrial Motion Planner'
[peach_manipulation_node-12] [INFO] [1788938914.326813716] [peach_manipulation_node.moveit.planners.pilz.trajectory_generator]: Generating LIN trajectory...
[peach_manipulation_node-12] [INFO] [1788938914.326983613] [peach_manipulation_node.moveit.planners.pilz.trajectory_generator]: using default max_cartesian_speed: 0.250000
[peach_manipulation_node-12] [INFO] [1788938914.328578789] [peach_manipulation_node]: Calling PlanningResponseAdapter 'ValidateSolution'
[peach_manipulation_node-12] [INFO] [1788938914.329600990] [peach_manipulation_node]: Calling PlanningResponseAdapter 'DisplayMotionPath'
[peach_manipulation_node-12] [INFO] [1788938914.329915104] [peach_manipulation_node]: Calling PlanningRequestAdapter 'ResolveConstraintFrames'
[peach_manipulation_node-12] [INFO] [1788938914.329940999] [peach_manipulation_node]: Calling PlanningRequestAdapter 'ValidateWorkspaceBounds'
[peach_manipulation_node-12] [WARN] [1788938914.329943138] [peach_manipulation_node.moveit.ros.validate_workspace_bounds]: It looks like the planning volume was not specified. Using default values.
[peach_manipulation_node-12] [INFO] [1788938914.329951857] [peach_manipulation_node]: Calling PlanningRequestAdapter 'CheckStartStateBounds'
[peach_manipulation_node-12] [INFO] [1788938914.329963516] [peach_manipulation_node]: Calling PlanningRequestAdapter 'CheckStartStateCollision'
[peach_manipulation_node-12] [INFO] [1788938914.330018921] [peach_manipulation_node]: Calling Planner 'Pilz Industrial Motion Planner'
[peach_manipulation_node-12] [INFO] [1788938914.330022347] [peach_manipulation_node.moveit.planners.pilz.trajectory_generator]: Generating LIN trajectory...
[peach_manipulation_node-12] [INFO] [1788938914.330532714] [peach_manipulation_node.moveit.core.moveit_collision_detection_fcl]: Found a contact between 'table_link' (type 'Robot link') and 'upperArm_Link' (type 'Robot link'), which constitutes a collision. Contact information is not stored.
[peach_manipulation_node-12] [INFO] [1788938914.330672109] [peach_manipulation_node.moveit.core.moveit_collision_detection_fcl]: Collision checking is considered complete (collision was found and 0 contacts are stored)
[peach_manipulation_node-12] [INFO] [1788938914.331486083] [peach_manipulation_node.moveit.core.moveit_collision_detection_fcl]: Found a contact between 'table_link' (type 'Robot link') and 'upperArm_Link' (type 'Robot link'), which constitutes a collision. Contact information is not stored.
[peach_manipulation_node-12] [INFO] [1788938914.331489394] [peach_manipulation_node.moveit.core.moveit_collision_detection_fcl]: Collision checking is considered complete (collision was found and 0 contacts are stored)
[peach_manipulation_node-12] [INFO] [1788938914.331659431] [peach_manipulation_node.moveit.planners.pilz.trajectory_generator]: using default max_cartesian_speed: 0.250000
[peach_manipulation_node-12] [ERROR] [1788938914.335577391] [peach_manipulation_node.pilz_trajectory_functions]: Joint velocity limit of foreArm_joint violated. Set the velocity scaling factor lower! Actual joint velocity is 7.78615, while the limit is 2.5964. 
[peach_manipulation_node-12] [ERROR] [1788938914.335810723] [peach_manipulation_node.pilz_trajectory_functions]: Inverse kinematics solution at 3.3s violates the joint velocity/acceleration/deceleration limits.
[peach_manipulation_node-12] [ERROR] [1788938914.335958451] [peach_manipulation_node.moveit.planners.pilz.trajectory_generator]: Failed to generate valid joint trajectory from the Cartesian path
[peach_manipulation_node-12] [ERROR] [1788938914.336124407] [peach_manipulation_node]: Planner 'Pilz Industrial Motion Planner' failed with error code PLANNING_FAILED
[peach_manipulation_node-12] [INFO] [1788938914.340523463] [peach_manipulation_node]: [FAILED] 到预抓取失败: MTC planning failed: Failing stage(s):
[peach_manipulation_node-12] cartesian corridor 2/4 (0/1): 
[peach_manipulation_node-12] [INFO] [1788938914.340722878] [peach_manipulation_node]: [FAILED] 到预抓取失败: MTC planning failed: Failing stage(s):
[peach_manipulation_node-12] cartesian corridor 2/4 (0/1): 
[peach_manipulation_node-12] [INFO] [1788938914.488998134] [peach_manipulation_node.moveit.ros.move_group_interface]: MoveGroup action client/server ready
[move_group-6] [INFO] [1788938914.489185901] [move_group.moveit.moveit.ros.move_group.move_action]: MoveGroupMoveAction: Received request
[peach_manipulation_node-12] [INFO] [1788938914.489485821] [peach_manipulation_node.moveit.ros.move_group_interface]: Planning request accepted
[move_group-6] [INFO] [1788938914.489489272] [move_group.moveit.moveit.ros.move_group.move_action]: executing..
[move_group-6] [INFO] [1788938914.490493262] [move_group.moveit.moveit.ros.move_group.move_action]: Planning request received for MoveGroup action. Forwarding to planning pipeline.
[move_group-6] [INFO] [1788938914.490513660] [move_group.moveit.moveit.ros.move_group.capability]: Using planning pipeline 'pilz_industrial_motion_planner'
[move_group-6] [INFO] [1788938914.490579927] [move_group]: Calling PlanningRequestAdapter 'ResolveConstraintFrames'
[move_group-6] [INFO] [1788938914.490589631] [move_group]: Calling PlanningRequestAdapter 'ValidateWorkspaceBounds'
[move_group-6] [WARN] [1788938914.490591625] [move_group.moveit.moveit.ros.validate_workspace_bounds]: It looks like the planning volume was not specified. Using default values.
[move_group-6] [INFO] [1788938914.490596504] [move_group]: Calling PlanningRequestAdapter 'CheckStartStateBounds'
[move_group-6] [INFO] [1788938914.490604603] [move_group]: Calling PlanningRequestAdapter 'CheckStartStateCollision'
[move_group-6] [INFO] [1788938914.490680987] [move_group.moveit.moveit.planners.pilz.trajectory_generator.ptp]: Initialized Point-to-Point Trajectory Generator.
[move_group-6] [INFO] [1788938914.490693575] [move_group]: Calling Planner 'Pilz Industrial Motion Planner'
[move_group-6] [INFO] [1788938914.490699660] [move_group.moveit.moveit.planners.pilz.trajectory_generator]: Generating PTP trajectory...
[move_group-6] [INFO] [1788938914.490720489] [move_group.moveit.moveit.planners.pilz.trajectory_generator.ptp]: Goal already reached, set one goal point explicitly.
[move_group-6] [INFO] [1788938914.490743746] [move_group]: Calling PlanningResponseAdapter 'ValidateSolution'
[move_group-6] [INFO] [1788938914.490782512] [move_group]: Calling PlanningResponseAdapter 'DisplayMotionPath'
[move_group-6] [INFO] [1788938914.490811978] [move_group.moveit.moveit.ros.move_group.move_action]: Motion plan was computed successfully.
[peach_manipulation_node-12] [INFO] [1788938914.490890631] [peach_manipulation_node.moveit.ros.move_group_interface]: Planning request complete!
[peach_manipulation_node-12] [INFO] [1788938914.491354994] [peach_manipulation_node.moveit.ros.move_group_interface]: time taken to generate plan: 2.7553e-05 seconds
[move_group-6] [INFO] [1788938914.491549940] [move_group.moveit.moveit.ros.move_group.clear_octomap_service]: Execution request received
[peach_manipulation_node-12] [INFO] [1788938914.491555194] [peach_manipulation_node.moveit.ros.move_group_interface]: Execute request accepted
[move_group-6] [INFO] [1788938914.491573364] [move_group.moveit.moveit.plugins.simple_controller_manager]: Returned 1 controllers in list
[move_group-6] [INFO] [1788938914.491583090] [move_group.moveit.moveit.plugins.simple_controller_manager]: Returned 1 controllers in list
[move_group-6] [INFO] [1788938914.491610621] [move_group.moveit.moveit.ros.trajectory_execution_manager]: Validating trajectory with allowed_start_tolerance 0.15
[move_group-6] [INFO] [1788938914.495509546] [move_group.moveit.moveit.ros.trajectory_execution_manager]: Starting trajectory execution ...
[move_group-6] [INFO] [1788938914.495539388] [move_group.moveit.moveit.plugins.simple_controller_manager]: Returned 1 controllers in list
[move_group-6] [INFO] [1788938914.495551532] [move_group.moveit.moveit.plugins.simple_controller_manager]: Returned 1 controllers in list
[move_group-6] [INFO] [1788938914.495733382] [moveit.simple_controller_manager.follow_joint_trajectory_controller_handle]: sending trajectory to aubo_passthrough_trajectory_controller
[ros2_control_node-2] [INFO] [1788938914.496014421] [aubo_passthrough_trajectory_controller]: Received new trajectory.
[ros2_control_node-2] [INFO] [1788938914.496063385] [aubo_passthrough_trajectory_controller]: Accepted new trajectory with 1 points.
[ros2_control_node-2] [INFO] [1788938914.496084491] [aubo_passthrough_trajectory_controller]: Effective goal time: 0 sec
[move_group-6] [INFO] [1788938914.496086634] [moveit.simple_controller_manager.follow_joint_trajectory_controller_handle]: aubo_passthrough_trajectory_controller started execution
[move_group-6] [INFO] [1788938914.496092567] [moveit.simple_controller_manager.follow_joint_trajectory_controller_handle]: Goal request accepted!
[ros2_control_node-2] [INFO] [1788938914.770356070] [aubo_passthrough_trajectory_controller]: Trajectory executed successfully (goal-hold confirmed in 0.270058 s).
[move_group-6] [INFO] [1788938914.796541085] [moveit.simple_controller_manager.follow_joint_trajectory_controller_handle]: Controller 'aubo_passthrough_trajectory_controller' successfully finished
[move_group-6] [INFO] [1788938914.810706878] [move_group.moveit.moveit.ros.trajectory_execution_manager]: Completed trajectory execution with status SUCCEEDED ...
[move_group-6] [INFO] [1788938914.810875283] [move_group.moveit.moveit.ros.move_group.clear_octomap_service]: Execution completed: SUCCEEDED
[peach_manipulation_node-12] [INFO] [1788938914.811031187] [peach_manipulation_node.moveit.ros.move_group_interface]: Execute request success!
[peach_manipulation_node-12]   0  - ←   0 →   -  0 / task pipeline
[peach_manipulation_node-12]     1  - ←   1 →   -  1 / current robot state
[peach_manipulation_node-12]     -  1 →   0 →   -  0 / approach to pregrasp
[peach_manipulation_node-12]       -  0 →   1 →   -  0 / lin align tool z
[peach_manipulation_node-12]       -  0 →   0 →   -  0 / lin to on-axis pregrasp
[peach_manipulation_node-12] Failing stage(s):
[peach_manipulation_node-12] lin to on-axis pregrasp (0/1): 
[peach_manipulation_node-12]   0  - ←   0 →   -  0 / task pipeline
[peach_manipulation_node-12]     1  - ←   1 →   -  1 / current robot state
[peach_manipulation_node-12]     -  1 →   0 →   -  0 / cartesian corridor
[peach_manipulation_node-12]       -  0 →   1 →   -  0 / cartesian corridor 1/4
[peach_manipulation_node-12]       -  0 →   0 →   -  0 / cartesian corridor 2/4
[peach_manipulation_node-12]       -  0 →   0 →   -  0 / cartesian corridor 3/4
[peach_manipulation_node-12]       -  0 →   0 →   -  0 / cartesian corridor 4/4
[peach_manipulation_node-12]       -  0 →   0 →   -  0 / lin to on-axis pregrasp
[peach_manipulation_node-12] Failing stage(s):
[peach_manipulation_node-12] cartesian corridor 2/4 (0/1): 
[peach_target_reconstruction_node-11] [INFO] [1788938916.921739953] [peach_target_reconstruction_node]: 跟随计划切换重建目标: target_2 -> （空）（放弃 READY 会话）
[peach_scene_perception_node-10] [INFO] [1788938917.240385038] [peach_scene_perception_node]: 目标注册表在册 3 个目标（累计注册 3、累计命中 1873）
[component_container-8] [INFO] [1788938919.194798082] [percipio_device]: fps = 2.42628
[peach_manipulation_node-12] [INFO] [1788938922.292746871] [peach_manipulation_node.moveit.ros.move_group_interface]: MoveGroup action client/server ready
[move_group-6] [INFO] [1788938922.293012741] [move_group.moveit.moveit.ros.move_group.move_action]: MoveGroupMoveAction: Received request
[peach_manipulation_node-12] [INFO] [1788938922.293085359] [peach_manipulation_node.moveit.ros.move_group_interface]: Planning request accepted
[move_group-6] [INFO] [1788938922.293253317] [move_group.moveit.moveit.ros.move_group.move_action]: executing..
[move_group-6] [INFO] [1788938922.296342921] [move_group.moveit.moveit.ros.move_group.move_action]: Planning request received for MoveGroup action. Forwarding to planning pipeline.
[move_group-6] [INFO] [1788938922.296408503] [move_group.moveit.moveit.ros.move_group.capability]: Using planning pipeline 'pilz_industrial_motion_planner'
[move_group-6] [INFO] [1788938922.296559074] [move_group]: Calling PlanningRequestAdapter 'ResolveConstraintFrames'
[move_group-6] [INFO] [1788938922.296579078] [move_group]: Calling PlanningRequestAdapter 'ValidateWorkspaceBounds'
[move_group-6] [WARN] [1788938922.296581381] [move_group.moveit.moveit.ros.validate_workspace_bounds]: It looks like the planning volume was not specified. Using default values.
[move_group-6] [INFO] [1788938922.296586507] [move_group]: Calling PlanningRequestAdapter 'CheckStartStateBounds'
[move_group-6] [INFO] [1788938922.296594545] [move_group]: Calling PlanningRequestAdapter 'CheckStartStateCollision'
[move_group-6] [INFO] [1788938922.296693814] [move_group.moveit.moveit.planners.pilz.trajectory_generator.ptp]: Initialized Point-to-Point Trajectory Generator.
[move_group-6] [INFO] [1788938922.296706453] [move_group]: Calling Planner 'Pilz Industrial Motion Planner'
[move_group-6] [INFO] [1788938922.296712184] [move_group.moveit.moveit.planners.pilz.trajectory_generator]: Generating PTP trajectory...
[move_group-6] [INFO] [1788938922.296769310] [move_group.moveit.moveit.planners.pilz.trajectory_generator.ptp]: Goal already reached, set one goal point explicitly.
[move_group-6] [INFO] [1788938922.296795668] [move_group]: Calling PlanningResponseAdapter 'ValidateSolution'
[move_group-6] [INFO] [1788938922.296835307] [move_group]: Calling PlanningResponseAdapter 'DisplayMotionPath'
[move_group-6] [INFO] [1788938922.296863743] [move_group.moveit.moveit.ros.move_group.move_action]: Motion plan was computed successfully.
[peach_manipulation_node-12] [INFO] [1788938922.297031211] [peach_manipulation_node.moveit.ros.move_group_interface]: Planning request complete!
[peach_manipulation_node-12] [INFO] [1788938922.297052113] [peach_manipulation_node.moveit.ros.move_group_interface]: time taken to generate plan: 6.6551e-05 seconds
[peach_manipulation_node-12] [INFO] [1788938922.297331970] [peach_manipulation_node.moveit.ros.move_group_interface]: Execute request accepted
[move_group-6] [INFO] [1788938922.297391357] [move_group.moveit.moveit.ros.move_group.clear_octomap_service]: Execution request received
[move_group-6] [INFO] [1788938922.297412598] [move_group.moveit.moveit.plugins.simple_controller_manager]: Returned 1 controllers in list
[move_group-6] [INFO] [1788938922.297422953] [move_group.moveit.moveit.plugins.simple_controller_manager]: Returned 1 controllers in list
[move_group-6] [INFO] [1788938922.297447988] [move_group.moveit.moveit.ros.trajectory_execution_manager]: Validating trajectory with allowed_start_tolerance 0.15
[move_group-6] [INFO] [1788938922.300819506] [move_group.moveit.moveit.ros.trajectory_execution_manager]: Starting trajectory execution ...
[move_group-6] [INFO] [1788938922.300851553] [move_group.moveit.moveit.plugins.simple_controller_manager]: Returned 1 controllers in list
[move_group-6] [INFO] [1788938922.300863318] [move_group.moveit.moveit.plugins.simple_controller_manager]: Returned 1 controllers in list
[move_group-6] [INFO] [1788938922.301064539] [moveit.simple_controller_manager.follow_joint_trajectory_controller_handle]: sending trajectory to aubo_passthrough_trajectory_controller
[ros2_control_node-2] [INFO] [1788938922.301224442] [aubo_passthrough_trajectory_controller]: Received new trajectory.
[ros2_control_node-2] [INFO] [1788938922.301277681] [aubo_passthrough_trajectory_controller]: Accepted new trajectory with 1 points.
[ros2_control_node-2] [INFO] [1788938922.301288610] [aubo_passthrough_trajectory_controller]: Effective goal time: 0 sec
[move_group-6] [INFO] [1788938922.301307599] [moveit.simple_controller_manager.follow_joint_trajectory_controller_handle]: aubo_passthrough_trajectory_controller started execution
[move_group-6] [INFO] [1788938922.301310707] [moveit.simple_controller_manager.follow_joint_trajectory_controller_handle]: Goal request accepted!
[ros2_control_node-2] [INFO] [1788938922.570279299] [aubo_passthrough_trajectory_controller]: Trajectory executed successfully (goal-hold confirmed in 0.264809 s).
[move_group-6] [INFO] [1788938922.601504382] [moveit.simple_controller_manager.follow_joint_trajectory_controller_handle]: Controller 'aubo_passthrough_trajectory_controller' successfully finished
[move_group-6] [INFO] [1788938922.615385436] [move_group.moveit.moveit.ros.trajectory_execution_manager]: Completed trajectory execution with status SUCCEEDED ...
[move_group-6] [INFO] [1788938922.616004986] [move_group.moveit.moveit.ros.move_group.clear_octomap_service]: Execution completed: SUCCEEDED
[peach_manipulation_node-12] [INFO] [1788938922.616107478] [peach_manipulation_node.moveit.ros.move_group_interface]: Execute request success!
[component_container-8] [INFO] [1788938924.959611702] [percipio_device]: fps = 2.42945
[peach_scene_perception_node-10] [INFO] [1788938927.535650811] [peach_scene_perception_node]: 目标注册表在册 3 个目标（累计注册 3、累计命中 1897）
[component_container-8] [INFO] [1788938930.725872544] [percipio_device]: fps = 2.429
[component_container-8] [INFO] [1788938936.492468738] [percipio_device]: fps = 2.42991
[peach_scene_perception_node-10] [INFO] [1788938937.848662047] [peach_scene_perception_node]: 目标注册表在册 3 个目标（累计注册 3、累计命中 1922）
[component_container-8] [INFO] [1788938942.266611662] [percipio_device]: fps = 2.42718
[peach_target_reconstruction_node-11] [WARN] [1788938942.743113171] [peach_target_reconstruction_node]: 重建 worker 队列已满，拒绝新帧以保持积分顺序
[component_container-8] [INFO] [1788938948.040002744] [percipio_device]: fps = 2.42266
[peach_scene_perception_node-10] [INFO] [1788938948.149776357] [peach_scene_perception_node]: 目标注册表在册 3 个目标（累计注册 3、累计命中 1943）
[component_container-8] [INFO] [1788938953.801244101] [percipio_device]: fps = 2.42809
