{
  "header": {
    "stamp": {
      "sec": 1762344309,
      "nanosec": 741434611
    },
    "frame_id": "robot_base"
  },
  "is_online": true,
  "enable": false,
  "in_motion": false,
  "joint_position_deg": [90.045, 4.972, -23.364, 0.005, 108.426, 0.049],
  "joint_position_rad": [1.57158, 0.0867778, -0.407779, 8.72665e-05, 1.89239, 0.000855211],
  "cartesian_position": {
    "position": {
      "x": -0.014,
      "y": 490.048,
      "z": 719.777
    },
    "orientation": {
      "x": -0.707119,
      "y": -0.707094,
      "z": 0.000240659,
      "w": -0.000178945
    },
    "euler_orientation_rpy_deg": [-179.995, 0.034, 89.998],
    "euler_orientation_rpy_rad": [-3.14151, 0.000593412, 1.57076]
  }
}
