{
  "header": {
    "stamp": {
      "sec": 1762348521,
      "nanosec": 513111316
    },
    "frame_id": "robot_base"
  },
  "is_online": true,
  "enable": true,
  "in_motion": false,
  "joint_position_deg": [92.341, 50.916, 20.951, -4.514, 18.251, -99.665],
  "joint_position_rad": [1.61165, 0.888652, 0.365664, -0.0787842, 0.31854, -1.73948],
  "cartesian_position": {
    "position": {
      "x": -16.798,
      "y": 556.694,
      "z": -20.605
    },
    "orientation": {
      "x": -0.141704,
      "y": 0.989832,
      "z": -0.00181355,
      "w": 0.0122046
    },
    "euler_orientation_rpy_deg": [-179.596, 1.355, -163.701],
    "euler_orientation_rpy_rad": [-3.13454, 0.0236492, -2.85712]
  }
}
