{
  "feature_parameters" : 
  {
    "crop_height" : 575,
    "crop_width" : 575,
    "crop_x" : 1079,
    "crop_y" : 884,
    "final_valve_center_x" : 487.7135009765625,
    "final_valve_center_y" : 287.81158447265625,
    "final_workpiece_radius" : 287.13897705078125,
    "rotation_angle_deg" : 37.581746190374417,
    "rotation_angle_rad" : 0.6559252096708692,
    "valve_area" : 10931,
    "valve_center_x" : 1524.9759521484375,
    "valve_center_y" : 1293.855712890625,
    "valve_radius" : 109.57759094238281,
    "workpiece_area" : 56664,
    "workpiece_center_x_original" : 1366.5128173828125,
    "workpiece_center_y_original" : 1171.903076171875,
    "workpiece_radius_original" : 287.13897705078125
  },
  "original_grasp_pose" : 
  {
    "cartesian_position" : 
    {
      "orientation" : 
      {
        "w" : 0.012213200668853241,
        "x" : -0.14171300776088158,
        "y" : 0.98983094579212372,
        "z" : -0.0018122000992447389
      },
      "position" : 
      {
        "x" : -16.486999999999998,
        "y" : 556.69399999999996,
        "z" : -33.100000000000001
      }
    }
  },
  "original_preparation_pose" : 
  {
    "cartesian_position" : 
    {
      "orientation" : 
      {
        "w" : 0.012204599459794543,
        "x" : -0.14170399372783424,
        "y" : 0.9898320438123881,
        "z" : -0.0018135499197278399
      },
      "position" : 
      {
        "x" : -16.797999999999998,
        "y" : 556.69399999999996,
        "z" : -20.605
      }
    }
  },
  "rotation_angle_deg" : 37.581746190374417,
  "rotation_angle_rad" : 0.6559252096708692,
  "standardized_grasp_pose" : 
  {
    "cartesian_position" : 
    {
      "orientation" : 
      {
        "w" : 0.009710919894715871,
        "x" : 0.18465586335852277,
        "y" : 0.98273141417818011,
        "z" : -0.0068704798869360859
      },
      "position" : 
      {
        "x" : -2.5868989262809512,
        "y" : 551.72045929970727,
        "z" : -33.176614286134964
      }
    }
  },
  "standardized_preparation_pose" : 
  {
    "cartesian_position" : 
    {
      "orientation" : 
      {
        "w" : 0.0097023538587599246,
        "x" : 0.18466469770120683,
        "y" : 0.98272954943832769,
        "z" : -0.0068689982208305234
      },
      "position" : 
      {
        "x" : -2.8375065321711412,
        "y" : 552.1965895814219,
        "z" : -20.680275421553461
      }
    }
  }
}