{
  "pose_index": 11,
  "pattern_size": {
    "width": 11,
    "height": 8
  },
  "square_size_mm": 20,
  "rvec": {
    "x": 0.5637053809223335,
    "y": -0.3772631617015084,
    "z": -0.035444963268367324
  },
  "tvec": {
    "x": -153.53480625957368,
    "y": -159.21889673904985,
    "z": 346.61502556990365
  },
  "rotation_matrix": [
    [
      0.9309260690723131,
      -0.06952522598881658,
      -0.35852879503991714
    ],
    [
      -0.1350887000547488,
      0.8465288802802344,
      -0.5149173700400975
    ],
    [
      0.33930472593096755,
      0.5277831920426195,
      0.7786637304756235
    ]
  ],
  "transformation_matrix": [
    [
      0.9309260690723131,
      -0.06952522598881658,
      -0.35852879503991714,
      -153.53480625957368
    ],
    [
      -0.1350887000547488,
      0.8465288802802344,
      -0.5149173700400975,
      -159.21889673904985
    ],
    [
      0.33930472593096755,
      0.5277831920426195,
      0.7786637304756235,
      346.61502556990365
    ],
    [
      0.0,
      0.0,
      0.0,
      1.0
    ]
  ],
  "orientation": {
    "x": 0.2764658470392207,
    "y": -0.1850264040159524,
    "z": -0.017383764861760954,
    "w": 0.9428836990621074
  }
}