{
  "pose_index": 11,
  "timestamp": 1768204355.562432,
  "joint_position": {
    "rad": [
      0.35317811369895935,
      -0.35388538241386414,
      0.8841944336891174,
      -0.978824257850647,
      1.4476606845855713,
      0.47832921147346497
    ],
    "deg": [
      20.235615331341894,
      -20.27613884368758,
      50.660609319346364,
      -56.08249885986711,
      82.9448473937727,
      27.406245035250176
    ]
  },
  "cartesian_position": {
    "position": {
      "x": 0.5362140536308289,
      "y": 0.05586934834718704,
      "z": 0.46782562136650085
    },
    "orientation": {
      "x": -0.6968786120414734,
      "y": -0.6407449841499329,
      "z": 0.3165397346019745,
      "w": 0.060072191059589386
    }
  }
}