{
  "header": {
    "stamp": {
      "sec": 1762348198,
      "nanosec": 292463912
    },
    "frame_id": "robot_base"
  },
  "is_online": true,
  "enable": true,
  "in_motion": false,
  "joint_position_deg": [83.684, 52.994, 16.863, 0.005, 20.148, -25.684],
  "joint_position_rad": [1.46056, 0.92492, 0.294315, 8.72665e-05, 0.351649, -0.44827],
  "cartesian_position": {
    "position": {
      "x": 64.262,
      "y": 577.042,
      "z": -26.097
    },
    "orientation": {
      "x": -0.578114,
      "y": -0.815956,
      "z": 4.86622e-05,
      "w": -8.30225e-06
    },
    "euler_orientation_rpy_deg": [-179.996, 0.004, 109.364],
    "euler_orientation_rpy_rad": [-3.14152, 6.98132e-05, 1.90876]
  }
}
