{
  "header": {
    "stamp": {
      "sec": 1762348213,
      "nanosec": 448513869
    },
    "frame_id": "robot_base"
  },
  "is_online": true,
  "enable": true,
  "in_motion": false,
  "joint_position_deg": [83.684, 51.299, 17.454, 0.004, 21.252, -25.684],
  "joint_position_rad": [1.46056, 0.895336, 0.30463, 6.98132e-05, 0.370917, -0.44827],
  "cartesian_position": {
    "position": {
      "x": 64.262,
      "y": 577.043,
      "z": -12.454
    },
    "orientation": {
      "x": -0.578114,
      "y": -0.815956,
      "z": 4.86622e-05,
      "w": -8.30225e-06
    },
    "euler_orientation_rpy_deg": [-179.996, 0.004, 109.364],
    "euler_orientation_rpy_rad": [-3.14152, 6.98132e-05, 1.90876]
  }
}
