{
  "feature_parameters" : 
  {
    "crop_height" : 603,
    "crop_width" : 603,
    "crop_x" : 1477,
    "crop_y" : 680,
    "final_valve_center_x" : 490.53286743164062,
    "final_valve_center_y" : 301.33905029296875,
    "final_workpiece_radius" : 301.24008178710938,
    "rotation_angle_deg" : 56.40642912716185,
    "rotation_angle_rad" : 0.98447790756180553,
    "valve_area" : 13425,
    "valve_center_x" : 1883.2255859375,
    "valve_center_y" : 1138.8721923828125,
    "valve_radius" : 122.80810546875,
    "workpiece_area" : 61611,
    "workpiece_center_x_original" : 1778.783935546875,
    "workpiece_center_y_original" : 981.6365966796875,
    "workpiece_radius_original" : 301.24008178710938
  },
  "original_grasp_pose" : 
  {
    "cartesian_position" : 
    {
      "orientation" : 
      {
        "w" : 8.3022499896639263e-06,
        "x" : 0.57811399928026408,
        "y" : 0.81595600101584265,
        "z" : -4.8662199939416913e-05
      },
      "position" : 
      {
        "x" : 64.262,
        "y" : 577.04200000000003,
        "z" : -26.097000000000001
      }
    }
  },
  "original_preparation_pose" : 
  {
    "cartesian_position" : 
    {
      "orientation" : 
      {
        "w" : 8.3022499896639263e-06,
        "x" : 0.57811399928026408,
        "y" : 0.81595600101584265,
        "z" : -4.8662199939416913e-05
      },
      "position" : 
      {
        "x" : 64.262,
        "y" : 577.04300000000001,
        "z" : -12.454000000000001
      }
    }
  },
  "rotation_angle_deg" : 56.40642912716185,
  "rotation_angle_rad" : 0.98447790756180553,
  "standardized_grasp_pose" : 
  {
    "cartesian_position" : 
    {
      "orientation" : 
      {
        "w" : -0.00013327416173139581,
        "x" : 0.89509366257702694,
        "y" : 0.44587040026186503,
        "z" : -0.0026264497161831834
      },
      "position" : 
      {
        "x" : 64.196990298365591,
        "y" : 537.25196575580208,
        "z" : -26.230360833502118
      }
    }
  },
  "standardized_preparation_pose" : 
  {
    "cartesian_position" : 
    {
      "orientation" : 
      {
        "w" : -0.00013327416173139581,
        "x" : 0.89509366257702694,
        "y" : 0.44587040026186503,
        "z" : -0.0026264497161831834
      },
      "position" : 
      {
        "x" : 64.264421838619526,
        "y" : 536.76623620374278,
        "z" : -12.589286222581904
      }
    }
  }
}