{
  "pose_index": 8,
  "pattern_size": {
    "width": 11,
    "height": 8
  },
  "square_size_mm": 20,
  "rvec": {
    "x": 0.061562522618805515,
    "y": 0.28444989693108086,
    "z": 0.0333516577350852
  },
  "tvec": {
    "x": -71.10752606816312,
    "y": -20.2812017970148,
    "z": 599.1552344461152
  },
  "rotation_matrix": [
    [
      0.9592804078807997,
      -0.0241834018462188,
      0.2814183045418169
    ],
    [
      0.041569985368973994,
      0.9975663398098082,
      -0.05597619132171711
    ],
    [
      -0.2793797332887083,
      0.06539541844507527,
      0.9579511490018287
    ]
  ],
  "transformation_matrix": [
    [
      0.9592804078807997,
      -0.0241834018462188,
      0.2814183045418169,
      -71.10752606816312
    ],
    [
      0.041569985368973994,
      0.9975663398098082,
      -0.05597619132171711,
      -20.2812017970148
    ],
    [
      -0.2793797332887083,
      0.06539541844507527,
      0.9579511490018287,
      599.1552344461152
    ],
    [
      0.0,
      0.0,
      0.0,
      1.0
    ]
  ],
  "orientation": {
    "x": 0.03067131831680387,
    "y": 0.1417169564018186,
    "z": 0.0166162669635863,
    "w": 0.9892924108538936
  }
}