{
  "pose_index": 8,
  "timestamp": 1768204321.3355463,
  "joint_position": {
    "rad": [
      -0.20087173581123352,
      -0.15859824419021606,
      1.0288740396499634,
      -0.49115628004074097,
      1.8356536626815796,
      -0.20591576397418976
    ],
    "deg": [
      -11.509102685450559,
      -9.08701003028461,
      58.95014012251862,
      -28.141181927680012,
      105.17520751938578,
      -11.798104210933076
    ]
  },
  "cartesian_position": {
    "position": {
      "x": 0.47579795122146606,
      "y": -0.19576258957386017,
      "z": 0.5407788157463074
    },
    "orientation": {
      "x": -0.703173816204071,
      "y": -0.6966409683227539,
      "z": -0.08077867329120636,
      "w": 0.11710142344236374
    }
  }
}