{
  "header": {
    "stamp": {
      "sec": 1763299281,
      "nanosec": 693578956
    },
    "frame_id": "robot_base"
  },
  "is_online": true,
  "enable": true,
  "in_motion": false,
  "joint_position_deg": [96.946, 55.06, 12.12, 0.006, 22.823, 6.943],
  "joint_position_rad": [1.69203, 0.960978, 0.211534, 0.00010472, 0.398336, 0.121178],
  "cartesian_position": {
    "position": {
      "x": -73.136,
      "y": 603.462,
      "z": -28.834
    },
    "orientation": {
      "x": -0.707119,
      "y": -0.707094,
      "z": 3.70242e-05,
      "w": -1.23407e-05
    },
    "euler_orientation_rpy_deg": [-179.998, 0.004, 89.998],
    "euler_orientation_rpy_rad": [-3.14156, 6.98132e-05, 1.57076]
  }
}
