{
  "header": {
    "stamp": {
      "sec": 1763299377,
      "nanosec": 464140466
    },
    "frame_id": "robot_base"
  },
  "is_online": true,
  "enable": true,
  "in_motion": false,
  "joint_position_deg": [79.537, 55.569, 11.058, 0.002, 23.376, -10.463],
  "joint_position_rad": [1.38818, 0.969862, 0.192999, 3.49066e-05, 0.407988, -0.182614],
  "cartesian_position": {
    "position": {
      "x": 111.839,
      "y": 603.466,
      "z": -29.824
    },
    "orientation": {
      "x": -0.707119,
      "y": -0.707094,
      "z": 3.08535e-05,
      "w": -6.17013e-06
    },
    "euler_orientation_rpy_deg": [-179.998, 0.003, 89.998],
    "euler_orientation_rpy_rad": [-3.14156, 5.23599e-05, 1.57076]
  }
}
