{
  "header": {
    "stamp": {
      "sec": 1763299347,
      "nanosec": 470353974
    },
    "frame_id": "robot_base"
  },
  "is_online": true,
  "enable": true,
  "in_motion": false,
  "joint_position_deg": [79.537, 51.942, 12.324, 0.002, 25.739, -10.463],
  "joint_position_rad": [1.38818, 0.906559, 0.215094, 3.49066e-05, 0.44923, -0.182614],
  "cartesian_position": {
    "position": {
      "x": 111.839,
      "y": 603.46,
      "z": 0.891
    },
    "orientation": {
      "x": -0.707119,
      "y": -0.707094,
      "z": 3.70242e-05,
      "w": -1.23407e-05
    },
    "euler_orientation_rpy_deg": [-179.998, 0.004, 89.998],
    "euler_orientation_rpy_rad": [-3.14156, 6.98132e-05, 1.57076]
  }
}
