{
  "feature_parameters" : 
  {
    "crop_height" : 632,
    "crop_width" : 632,
    "crop_x" : 944,
    "crop_y" : 419,
    "final_valve_center_x" : 436.5521240234375,
    "final_valve_center_y" : 165.52105712890625,
    "final_workpiece_radius" : 315.80242919921875,
    "rotation_angle_deg" : 0,
    "rotation_angle_rad" : 0,
    "standardized_angle_deg" : -51.309669070279362,
    "standardized_angle_rad" : -0.89552266338507258,
    "valve_area" : 13919,
    "valve_center_x" : 1380.5521240234375,
    "valve_center_y" : 584.52105712890625,
    "valve_radius" : 128.09559631347656,
    "workpiece_area" : 62372,
    "workpiece_center_x_original" : 1260.1318359375,
    "workpiece_center_y_original" : 734.88214111328125,
    "workpiece_radius_original" : 315.80242919921875
  },
  "original_grasp_pose" : 
  {
    "cartesian_position" : 
    {
      "orientation" : 
      {
        "w" : 1.2340697552060932e-05,
        "x" : 0.70711914026631961,
        "y" : 0.70709385973866734,
        "z" : -3.7024192655766228e-05
      },
      "position" : 
      {
        "x" : -73.135999999999996,
        "y" : 603.46199999999999,
        "z" : -28.834
      }
    }
  },
  "original_preparation_pose" : 
  {
    "cartesian_position" : 
    {
      "orientation" : 
      {
        "w" : 1.8511602874701986e-05,
        "x" : 0.70711289019107859,
        "y" : 0.70710110980707497,
        "z" : -4.3194906707819137e-05
      },
      "position" : 
      {
        "x" : -73.135000000000005,
        "y" : 603.45299999999997,
        "z" : -13.455
      }
    }
  },
  "rotation_angle_deg" : 0,
  "rotation_angle_rad" : 0,
  "standardized_grasp_pose" : 
  {
    "cartesian_position" : 
    {
      "orientation" : 
      {
        "w" : 1.2340697552061284e-05,
        "x" : 0.70711914026631961,
        "y" : 0.70709385973866734,
        "z" : -3.7024192655766581e-05
      },
      "position" : 
      {
        "x" : -73.135999999999981,
        "y" : 603.46199999999999,
        "z" : -28.833999999999946
      }
    }
  },
  "standardized_preparation_pose" : 
  {
    "cartesian_position" : 
    {
      "orientation" : 
      {
        "w" : 1.8511602874702318e-05,
        "x" : 0.70711289019107859,
        "y" : 0.70710110980707497,
        "z" : -4.3194906707819279e-05
      },
      "position" : 
      {
        "x" : -73.134999999999977,
        "y" : 603.45299999999997,
        "z" : -13.454999999999927
      }
    }
  }
}