{
  "feature_parameters" : 
  {
    "crop_height" : 652,
    "crop_width" : 652,
    "crop_x" : 1039,
    "crop_y" : 799,
    "final_valve_center_x" : 546.77008056640625,
    "final_valve_center_y" : 326,
    "final_workpiece_radius" : 325.5826416015625,
    "rotation_angle_deg" : 33.761678338609677,
    "rotation_angle_rad" : 0.58925244800798782,
    "valve_area" : 8324,
    "valve_center_x" : 1548.53857421875,
    "valve_center_y" : 1247.690673828125,
    "valve_radius" : 87.003868103027344,
    "workpiece_area" : 52554,
    "workpiece_center_x_original" : 1365,
    "workpiece_center_y_original" : 1125,
    "workpiece_radius_original" : 325.5826416015625
  },
  "original_grasp_pose" : 
  {
    "cartesian_position" : 
    {
      "orientation" : 
      {
        "w" : 1.8511635294670501e-05,
        "x" : 0.70711295158803711,
        "y" : 0.70710060916957074,
        "z" : -4.3194856751380039e-05
      },
      "position" : 
      {
        "x" : -67.992999999999995,
        "y" : 545.19600000000003,
        "z" : -24.584
      }
    }
  },
  "original_preparation_pose" : 
  {
    "cartesian_position" : 
    {
      "orientation" : 
      {
        "w" : 1.8511635294670501e-05,
        "x" : 0.70711295158803711,
        "y" : 0.70710060916957074,
        "z" : -4.3194856751380039e-05
      },
      "position" : 
      {
        "x" : -67.992999999999995,
        "y" : 545.19600000000003,
        "z" : -1.7769999999999999
      }
    }
  },
  "rotation_angle_deg" : 33.761678338609677,
  "rotation_angle_rad" : 0.58925244800798782,
  "standardized_grasp_pose" : 
  {
    "cartesian_position" : 
    {
      "orientation" : 
      {
        "w" : 8.2325371976372564e-05,
        "x" : 0.88196993345377273,
        "y" : 0.47130253339565648,
        "z" : -0.0017180573089891347
      },
      "position" : 
      {
        "x" : -56.122796642642761,
        "y" : 572.55251889279725,
        "z" : -24.528339971855985
      }
    }
  },
  "standardized_preparation_pose" : 
  {
    "cartesian_position" : 
    {
      "orientation" : 
      {
        "w" : 8.2325371976372564e-05,
        "x" : 0.88196993345377273,
        "y" : 0.47130253339565648,
        "z" : -0.0017180573089891347
      },
      "position" : 
      {
        "x" : -56.041180897736886,
        "y" : 573.00047621090812,
        "z" : -1.7199484566264118
      }
    }
  }
}