{
  "header": {
    "stamp": {
      "sec": 1770013295,
      "nanosec": 997196937
    },
    "frame_id": "base_link"
  },
  "is_online": true,
  "enable": true,
  "in_motion": false,
  "joint_position_deg": [
    -15.624571698139212,
    27.906068033427953,
    100.73162304915888,
    -19.065103615162005,
    89.68644218006122,
    -16.07764205144825
  ],
  "joint_position_rad": [
    -0.2727002203464508,
    0.4870527684688568,
    1.7580984830856323,
    -0.3327488303184509,
    1.5653237104415894,
    -0.28060778975486755
  ],
  "cartesian_position": {
    "position": {
      "x": 0.2248716950416565,
      "y": -0.18958547711372375,
      "z": 0.47275304794311523
    },
    "orientation": {
      "x": -0.7041749954223633,
      "y": -0.7098295092582703,
      "z": 0.010425450280308723,
      "w": 0.013076283037662506
    },
    "euler_orientation_rpy_rad": [
      -3.1083697267932893,
      -0.0038811900803995465,
      1.5787297139364156
    ],
    "euler_orientation_rpy_deg": [
      -178.09646651148825,
      -0.22237581109493468,
      90.4545496004524
    ]
  }
}