{
  "header": {
    "stamp": {
      "sec": 1762345673,
      "nanosec": 649366530
    },
    "frame_id": "robot_base"
  },
  "is_online": true,
  "enable": false,
  "in_motion": false,
  "joint_position_deg": [92.241, 54.593, 12.474, -0.025, 31.016, -1.947],
  "joint_position_rad": [1.60991, 0.952828, 0.217712, -0.000436332, 0.541331, -0.0339816],
  "cartesian_position": {
    "position": {
      "x": -22.035,
      "y": 574.511,
      "z": -23.36
    },
    "orientation": {
      "x": -0.678963,
      "y": -0.730782,
      "z": 0.0496303,
      "w": -0.0500332
    },
    "euler_orientation_rpy_deg": [-179.734, 8.078, 94.229],
    "euler_orientation_rpy_rad": [-3.13695, 0.140988, 1.64461]
  }
}
