{
  "header": {
    "stamp": {
      "sec": 1762345851,
      "nanosec": 145198141
    },
    "frame_id": "robot_base"
  },
  "is_online": true,
  "enable": false,
  "in_motion": false,
  "joint_position_deg": [92.242, 50.538, 13.009, -0.023, 34.535, -1.949],
  "joint_position_rad": [1.60993, 0.882054, 0.22705, -0.000401426, 0.602749, -0.0340165],
  "cartesian_position": {
    "position": {
      "x": -22.252,
      "y": 579.826,
      "z": 14.104
    },
    "orientation": {
      "x": -0.678963,
      "y": -0.730782,
      "z": 0.0496303,
      "w": -0.0500332
    },
    "euler_orientation_rpy_deg": [-179.734, 8.078, 94.229],
    "euler_orientation_rpy_rad": [-3.13695, 0.140988, 1.64461]
  }
}
