{
  "feature_parameters" : 
  {
    "crop_height" : 576,
    "crop_width" : 576,
    "crop_x" : 1260,
    "crop_y" : 705,
    "final_valve_center_x" : 471.07470703125,
    "final_valve_center_y" : 287.85333251953125,
    "final_workpiece_radius" : 287.5816650390625,
    "rotation_angle_deg" : 44.487568143913613,
    "rotation_angle_rad" : 0.77645454031663508,
    "valve_area" : 7895,
    "valve_center_x" : 1678.708740234375,
    "valve_center_y" : 1121.185791015625,
    "valve_radius" : 85.068435668945312,
    "workpiece_area" : 56342,
    "workpiece_center_x_original" : 1548.246337890625,
    "workpiece_center_y_original" : 993.036376953125,
    "workpiece_radius_original" : 287.5816650390625
  },
  "original_grasp_pose" : 
  {
    "cartesian_position" : 
    {
      "orientation" : 
      {
        "w" : 0.050033195019015833,
        "x" : 0.67896293240680283,
        "y" : 0.73078207275197138,
        "z" : -0.049630295059125966
      },
      "position" : 
      {
        "x" : -22.035,
        "y" : 574.51099999999997,
        "z" : -23.359999999999999
      }
    }
  },
  "original_preparation_pose" : 
  {
    "cartesian_position" : 
    {
      "orientation" : 
      {
        "w" : 0.050033195019015833,
        "x" : 0.67896293240680283,
        "y" : 0.73078207275197138,
        "z" : -0.049630295059125966
      },
      "position" : 
      {
        "x" : -22.251999999999999,
        "y" : 579.82600000000002,
        "z" : 14.103999999999999
      }
    }
  },
  "rotation_angle_deg" : 44.487568143913613,
  "rotation_angle_rad" : 0.77645454031663508,
  "standardized_grasp_pose" : 
  {
    "cartesian_position" : 
    {
      "orientation" : 
      {
        "w" : 0.027701262700810254,
        "x" : 0.90492305750613222,
        "y" : 0.419364579879065,
        "z" : -0.066932104918973667
      },
      "position" : 
      {
        "x" : -1.0742725084501741,
        "y" : 585.67329793184581,
        "z" : -23.412851081976555
      }
    }
  },
  "standardized_preparation_pose" : 
  {
    "cartesian_position" : 
    {
      "orientation" : 
      {
        "w" : 0.027701262700810254,
        "x" : 0.90492305750613222,
        "y" : 0.419364579879065,
        "z" : -0.066932104918973667
      },
      "position" : 
      {
        "x" : 3.0434199691368957,
        "y" : 589.57849934847559,
        "z" : 14.027731228290463
      }
    }
  }
}