{
  "header": {
    "stamp": {
      "sec": 1770025042,
      "nanosec": 272449822
    },
    "frame_id": "base_link"
  },
  "is_online": true,
  "enable": true,
  "in_motion": false,
  "joint_position_deg": [
    -15.705442845459455,
    28.44111602470278,
    101.418412230582,
    -17.06645707532746,
    90.0451842058378,
    -15.75693564161218
  ],
  "joint_position_rad": [
    -0.27411168813705444,
    0.4963911175727844,
    1.7700852155685425,
    -0.2978658676147461,
    1.571584939956665,
    -0.2750104069709778
  ],
  "cartesian_position": {
    "position": {
      "x": 0.2247818410396576,
      "y": -0.18934135138988495,
      "z": 0.4732532799243927
    },
    "orientation": {
      "x": -0.7071067811865476,
      "y": -0.7071067811865476,
      "z": 0.0,
      "w": 0.0
    },
    "euler_orientation_rpy_rad": [
      -3.141592653589793,
      0.0,
      1.5707963267948966
    ],
    "euler_orientation_rpy_deg": [
      -180.0,
      0.0,
      90.0
    ]
  }
}