{
  "header": {
    "stamp": {
      "sec": 1770025256,
      "nanosec": 140777274
    },
    "frame_id": "base_link"
  },
  "is_online": true,
  "enable": true,
  "in_motion": false,
  "joint_position_deg": [
    0.6188991287856053,
    -4.78331124935416,
    121.0119641667333,
    35.7692396455878,
    90.04035526209461,
    0.5552493963230498
  ],
  "joint_position_rad": [
    0.010801827535033226,
    -0.08348453044891357,
    2.1120572090148926,
    0.6242910027503967,
    1.5715006589889526,
    0.009690930135548115
  ],
  "cartesian_position": {
    "position": {
      "x": 0.4427434802055359,
      "y": -0.11665825545787811,
      "z": 0.19111353158950806
    },
    "orientation": {
      "x": -0.7071067811865476,
      "y": -0.7071067811865476,
      "z": 0.0,
      "w": 0.0
    },
    "euler_orientation_rpy_rad": [
      -3.141592653589793,
      0.0,
      1.5707963267948966
    ],
    "euler_orientation_rpy_deg": [
      -180.0,
      0.0,
      90.0
    ]
  }
}