{
  "header": {
    "stamp": {
      "sec": 1769670888,
      "nanosec": 979095712
    },
    "frame_id": "base_link"
  },
  "is_online": true,
  "enable": true,
  "in_motion": false,
  "joint_position_deg": [
    -31.627184121554873,
    -18.173670013374256,
    100.93721857336544,
    25.65243687149849,
    93.23986858632786,
    -33.441692176460464
  ],
  "joint_position_rad": [
    -0.551998496055603,
    -0.31719037890434265,
    1.7616868019104004,
    0.4477194845676422,
    1.627342700958252,
    -0.5836676359176636
  ],
  "cartesian_position": {
    "position": {
      "x": 0.40943753719329834,
      "y": -0.3886093497276306,
      "z": 0.203360453248024
    },
    "orientation": {
      "x": -0.6958397030830383,
      "y": -0.7170068621635437,
      "z": -0.02107943221926689,
      "w": 0.03555220738053322
    },
    "euler_orientation_rpy_rad": [
      -3.122279984667542,
      -0.08040477219587558,
      1.5999811088589415
    ],
    "euler_orientation_rpy_deg": [
      -178.89346557962153,
      -4.606854099534499,
      91.67216483827887
    ]
  }
}