{
  "header": {
    "stamp": {
      "sec": 1770025275,
      "nanosec": 640705280
    },
    "frame_id": "base_link"
  },
  "is_online": true,
  "enable": true,
  "in_motion": false,
  "joint_position_deg": [
    0.6031108263540034,
    4.5898175396964,
    103.19090096171367,
    8.569586488389355,
    90.04140711122679,
    0.5384364054333873
  ],
  "joint_position_rad": [
    0.010526269674301147,
    0.0801074281334877,
    1.8010209798812866,
    0.14956749975681305,
    1.5715190172195435,
    0.009397488087415695
  ],
  "cartesian_position": {
    "position": {
      "x": 0.44282451272010803,
      "y": -0.11677733063697815,
      "z": 0.3549029529094696
    },
    "orientation": {
      "x": -0.7071067811865476,
      "y": -0.7071067811865476,
      "z": 0.0,
      "w": 0.0
    },
    "euler_orientation_rpy_rad": [
      -3.141592653589793,
      0.0,
      1.5707963267948966
    ],
    "euler_orientation_rpy_deg": [
      -180.0,
      0.0,
      90.0
    ]
  }
}