{
  "header": {
    "stamp": {
      "sec": 1769665060,
      "nanosec": 401751425
    },
    "frame_id": "base_link"
  },
  "is_online": true,
  "enable": true,
  "in_motion": false,
  "joint_position_deg": [
    -1.5276001958470897,
    16.814653613838477,
    119.01738500454951,
    11.292452500072338,
    94.62736004451342,
    2.038576679496087
  ],
  "joint_position_rad": [
    -0.026661653071641922,
    0.2934710681438446,
    2.0772452354431152,
    0.19709047675132751,
    1.6515589952468872,
    0.035579875111579895
  ],
  "cartesian_position": {
    "position": {
      "x": 0.3473168909549713,
      "y": -0.12321929633617401,
      "z": 0.31427037715911865
    },
    "orientation": {
      "x": -0.7283690571784973,
      "y": -0.6839486956596375,
      "z": -0.022780321538448334,
      "w": 0.03425956889986992
    },
    "euler_orientation_rpy_rad": [
      -3.1227851155858284,
      -0.08013427376680063,
      1.5071588264565465
    ],
    "euler_orientation_rpy_deg": [
      -178.9224074493409,
      -4.591355681183586,
      86.3538398118502
    ]
  }
}