{
  "feature_parameters": {
    "workpiece_center_x_original": 260.0,
    "workpiece_center_y_original": 143.0,
    "workpiece_radius_original": 54.561988830566406,
    "workpiece_area": 1339.0,
    "valve_center_x": 240.0,
    "valve_center_y": 178.0,
    "valve_radius": 19.235483169555664,
    "valve_area": 475.0,
    "standardized_angle_rad": 2.0899424410414196,
    "standardized_angle_deg": 119.74488129694222,
    "final_workpiece_radius": 54.561988830566406,
    "crop_x": 205.0,
    "crop_y": 88.0,
    "crop_width": 110.0,
    "crop_height": 110.0,
    "rotation_angle_rad": 0.0,
    "rotation_angle_deg": 0.0,
    "final_valve_center_x": 35.0,
    "final_valve_center_y": 90.0
  },
  "original_grasp_pose": {
    "cartesian_position": {
      "position": {
        "x": 0.4427434802055359,
        "y": -0.11665825545787811,
        "z": 0.19111353158950806
      },
      "orientation": {
        "x": 0.7071067811865477,
        "y": 0.7071067811865476,
        "z": 0.0,
        "w": -0.0
      }
    }
  },
  "standardized_grasp_pose": {
    "cartesian_position": {
      "position": {
        "x": 0.4427434802055359,
        "y": -0.11665825545787809,
        "z": 0.191113531589508
      },
      "orientation": {
        "x": 0.7071067811865477,
        "y": 0.7071067811865476,
        "z": 5.366526958391809e-19,
        "w": 0.0
      }
    }
  },
  "original_preparation_pose": {
    "cartesian_position": {
      "position": {
        "x": 0.44282451272010803,
        "y": -0.11677733063697815,
        "z": 0.3549029529094696
      },
      "orientation": {
        "x": 0.7071067811865477,
        "y": 0.7071067811865476,
        "z": 0.0,
        "w": -0.0
      }
    }
  },
  "standardized_preparation_pose": {
    "cartesian_position": {
      "position": {
        "x": 0.44282451272010814,
        "y": -0.11677733063697812,
        "z": 0.3549029529094696
      },
      "orientation": {
        "x": 0.7071067811865477,
        "y": 0.7071067811865476,
        "z": 5.366526958391809e-19,
        "w": 0.0
      }
    }
  }
}