{
  "header": {
    "stamp": {
      "sec": 1763458210,
      "nanosec": 731365655
    },
    "frame_id": "robot_base"
  },
  "is_online": true,
  "enable": false,
  "in_motion": false,
  "joint_position_deg": [40.495, 22.679, -1.89, -0.028, 69.238, -49.499],
  "joint_position_rad": [0.706771, 0.395823, -0.0329867, -0.000488692, 1.20843, -0.863921],
  "cartesian_position": {
    "position": {
      "x": 487.214,
      "y": 415.391,
      "z": 392.947
    },
    "orientation": {
      "x": -0.707082,
      "y": -0.707131,
      "z": 0.00025299,
      "w": -0.000203641
    },
    "euler_orientation_rpy_deg": [-179.996, 0.037, 90.004],
    "euler_orientation_rpy_rad": [-3.14152, 0.000645772, 1.57087]
  }
}
