{
  "header": {
    "stamp": {
      "sec": 1763458173,
      "nanosec": 694211558
    },
    "frame_id": "robot_base"
  },
  "is_online": true,
  "enable": false,
  "in_motion": false,
  "joint_position_deg": [7.423, 67.64, -45.251, -0.038, 67.621, -82.571],
  "joint_position_rad": [0.129556, 1.18054, -0.789779, -0.000663225, 1.18021, -1.44114],
  "cartesian_position": {
    "position": {
      "x": 856.457,
      "y": 111.051,
      "z": 153.142
    },
    "orientation": {
      "x": -0.707051,
      "y": -0.707162,
      "z": 0.000252982,
      "w": -0.000191311
    },
    "euler_orientation_rpy_deg": [-179.995, 0.036, 90.009],
    "euler_orientation_rpy_rad": [-3.14151, 0.000628319, 1.57095]
  }
}
