{
  "header": {
    "stamp": {
      "sec": 1763458187,
      "nanosec": 832432185
    },
    "frame_id": "robot_base"
  },
  "is_online": true,
  "enable": false,
  "in_motion": false,
  "joint_position_deg": [14.475, 44.402, -12.895, -0.04, 58.507, -75.511],
  "joint_position_rad": [0.252636, 0.774961, -0.22506, -0.000698132, 1.02114, -1.31792],
  "cartesian_position": {
    "position": {
      "x": 720.282,
      "y": 185.395,
      "z": 227.812
    },
    "orientation": {
      "x": -0.707064,
      "y": -0.70715,
      "z": 0.000259156,
      "w": -0.000197477
    },
    "euler_orientation_rpy_deg": [-179.995, 0.037, 90.007],
    "euler_orientation_rpy_rad": [-3.14151, 0.000645772, 1.57092]
  }
}
