{
  "header": {
    "stamp": {
      "sec": 1763458237,
      "nanosec": 362073124
    },
    "frame_id": "robot_base"
  },
  "is_online": true,
  "enable": false,
  "in_motion": false,
  "joint_position_deg": [82.352, 6.345, 9.347, -0, 74.345, -7.651],
  "joint_position_rad": [1.43731, 0.110741, 0.163136, -0, 1.29757, -0.133535],
  "cartesian_position": {
    "position": {
      "x": 71.323,
      "y": 528.206,
      "z": 461.341
    },
    "orientation": {
      "x": -0.707088,
      "y": -0.707125,
      "z": 0.000259163,
      "w": -0.000197468
    },
    "euler_orientation_rpy_deg": [-179.995, 0.037, 90.003],
    "euler_orientation_rpy_rad": [-3.14151, 0.000645772, 1.57085]
  }
}
