{
  "header": {
    "stamp": {
      "sec": 1763458223,
      "nanosec": 810056570
    },
    "frame_id": "robot_base"
  },
  "is_online": true,
  "enable": false,
  "in_motion": false,
  "joint_position_deg": [57.495, 18.767, 3.387, -0.003, 67.88, -32.503],
  "joint_position_rad": [1.00348, 0.327546, 0.0591143, -5.23599e-05, 1.18473, -0.567284],
  "cartesian_position": {
    "position": {
      "x": 328.445,
      "y": 514.698,
      "z": 392.939
    },
    "orientation": {
      "x": -0.707119,
      "y": -0.707094,
      "z": 0.000283852,
      "w": -8.63844e-05
    },
    "euler_orientation_rpy_deg": [-179.984, 0.03, 89.998],
    "euler_orientation_rpy_rad": [-3.14131, 0.000523599, 1.57076]
  }
}
