{
  "header": {
    "stamp": {
      "sec": 1763296037,
      "nanosec": 722709732
    },
    "frame_id": "robot_base"
  },
  "is_online": true,
  "enable": false,
  "in_motion": false,
  "joint_position_deg": [90.045, 0.88, -6.845, 0.002, 95.971, 0.048],
  "joint_position_rad": [1.57158, 0.0153589, -0.119468, 3.49066e-05, 1.67501, 0.000837758],
  "cartesian_position": {
    "position": {
      "x": 0,
      "y": 490.001,
      "z": 630.211
    },
    "orientation": {
      "x": -0.707125,
      "y": -0.707088,
      "z": 4.31952e-05,
      "w": -1.85109e-05
    },
    "euler_orientation_rpy_deg": [-179.998, 0.005, 89.997],
    "euler_orientation_rpy_rad": [-3.14156, 8.72665e-05, 1.57074]
  }
}
