{
  "header": {
    "stamp": {
      "sec": 1763296795,
      "nanosec": 77892690
    },
    "frame_id": "robot_base"
  },
  "is_online": true,
  "enable": false,
  "in_motion": false,
  "joint_position_deg": [96.102, 52.756, 17.227, 0.008, 20.022, 6.098],
  "joint_position_rad": [1.6773, 0.920766, 0.300668, 0.000139626, 0.34945, 0.10643],
  "cartesian_position": {
    "position": {
      "x": -61.131,
      "y": 575.444,
      "z": -25.13
    },
    "orientation": {
      "x": -0.707125,
      "y": -0.707088,
      "z": 4.9366e-05,
      "w": -2.46814e-05
    },
    "euler_orientation_rpy_deg": [-179.998, 0.006, 89.997],
    "euler_orientation_rpy_rad": [-3.14156, 0.00010472, 1.57074]
  }
}
