{
  "header": {
    "stamp": {
      "sec": 1763297035,
      "nanosec": 696115249
    },
    "frame_id": "robot_base"
  },
  "is_online": true,
  "enable": false,
  "in_motion": false,
  "joint_position_deg": [76.535, 52.684, 14.858, 0.002, 22.464, -13.463],
  "joint_position_rad": [1.33579, 0.919509, 0.259321, 3.49066e-05, 0.392071, -0.234974],
  "cartesian_position": {
    "position": {
      "x": 138.959,
      "y": 578.687,
      "z": -16.091
    },
    "orientation": {
      "x": -0.707131,
      "y": -0.707082,
      "z": 4.93662e-05,
      "w": -2.4681e-05
    },
    "euler_orientation_rpy_deg": [-179.998, 0.006, 89.996],
    "euler_orientation_rpy_rad": [-3.14156, 0.00010472, 1.57073]
  }
}
