{
  "header": {
    "stamp": {
      "sec": 1763296820,
      "nanosec": 648663779
    },
    "frame_id": "robot_base"
  },
  "is_online": true,
  "enable": false,
  "in_motion": false,
  "joint_position_deg": [96.102, 50.541, 17.982, 0.007, 21.482, 6.098],
  "joint_position_rad": [1.6773, 0.882107, 0.313845, 0.000122173, 0.374932, 0.10643],
  "cartesian_position": {
    "position": {
      "x": -61.132,
      "y": 575.443,
      "z": -7.323
    },
    "orientation": {
      "x": -0.707125,
      "y": -0.707088,
      "z": 4.9366e-05,
      "w": -2.46814e-05
    },
    "euler_orientation_rpy_deg": [-179.998, 0.006, 89.997],
    "euler_orientation_rpy_rad": [-3.14156, 0.00010472, 1.57074]
  }
}
