{
  "feature_parameters" : 
  {
    "crop_height" : 709,
    "crop_width" : 709,
    "crop_x" : 1036,
    "crop_y" : 583,
    "final_valve_center_x" : 552.9754638671875,
    "final_valve_center_y" : 483.92041015625,
    "final_workpiece_radius" : 354.44793701171875,
    "rotation_angle_deg" : 0,
    "rotation_angle_rad" : 0,
    "standardized_angle_deg" : 33.169631803621627,
    "standardized_angle_rad" : 0.57891928664742265,
    "valve_area" : 11950,
    "valve_center_x" : 1588.9754638671875,
    "valve_center_y" : 1066.92041015625,
    "valve_radius" : 102.14376068115234,
    "workpiece_area" : 62851,
    "workpiece_center_x_original" : 1391.384765625,
    "workpiece_center_y_original" : 937.77020263671875,
    "workpiece_radius_original" : 354.44793701171875
  },
  "original_grasp_pose" : 
  {
    "cartesian_position" : 
    {
      "orientation" : 
      {
        "w" : 2.4681395115897696e-05,
        "x" : 0.70712513993013049,
        "y" : 0.70708786007721902,
        "z" : -4.936599023116217e-05
      },
      "position" : 
      {
        "x" : -61.131,
        "y" : 575.44399999999996,
        "z" : -25.129999999999999
      }
    }
  },
  "original_preparation_pose" : 
  {
    "cartesian_position" : 
    {
      "orientation" : 
      {
        "w" : 2.4681395115897696e-05,
        "x" : 0.70712513993013049,
        "y" : 0.70708786007721902,
        "z" : -4.936599023116217e-05
      },
      "position" : 
      {
        "x" : -61.131999999999998,
        "y" : 575.44299999999998,
        "z" : -7.3230000000000004
      }
    }
  },
  "rotation_angle_deg" : 0,
  "rotation_angle_rad" : 0,
  "standardized_grasp_pose" : 
  {
    "cartesian_position" : 
    {
      "orientation" : 
      {
        "w" : 2.4681395115898065e-05,
        "x" : 0.70712513993013049,
        "y" : 0.70708786007721902,
        "z" : -4.9365990231162292e-05
      },
      "position" : 
      {
        "x" : -61.130999999999993,
        "y" : 575.44399999999996,
        "z" : -25.129999999999995
      }
    }
  },
  "standardized_preparation_pose" : 
  {
    "cartesian_position" : 
    {
      "orientation" : 
      {
        "w" : 2.4681395115898065e-05,
        "x" : 0.70712513993013049,
        "y" : 0.70708786007721902,
        "z" : -4.9365990231162292e-05
      },
      "position" : 
      {
        "x" : -61.131999999999984,
        "y" : 575.44299999999987,
        "z" : -7.3229999999999791
      }
    }
  }
}