{
  "pose_index": 5,
  "pattern_size": {
    "width": 11,
    "height": 8
  },
  "square_size_mm": 20,
  "rvec": {
    "x": 0.1587606198288811,
    "y": 0.3197470636625728,
    "z": 0.38107958222618266
  },
  "tvec": {
    "x": -7.571900949860288,
    "y": -59.99526922916108,
    "z": 384.9280774712561
  },
  "rotation_matrix": [
    [
      0.8790560544364724,
      -0.33918620961955426,
      0.33498234037408825
    ],
    [
      0.3888064385812142,
      0.916705418094055,
      -0.09209087769587308
    ],
    [
      -0.27584417064055256,
      0.21119633434537521,
      0.9377132300883368
    ]
  ],
  "transformation_matrix": [
    [
      0.8790560544364724,
      -0.33918620961955426,
      0.33498234037408825,
      -7.571900949860288
    ],
    [
      0.3888064385812142,
      0.916705418094055,
      -0.09209087769587308,
      -59.99526922916108
    ],
    [
      -0.27584417064055256,
      0.21119633434537521,
      0.9377132300883368,
      384.9280774712561
    ],
    [
      0.0,
      0.0,
      0.0,
      1.0
    ]
  ],
  "orientation": {
    "x": 0.07848153644979251,
    "y": 0.158063384097366,
    "z": 0.18838242855811255,
    "w": 0.9661100742952203
  }
}