{
  "pose_index": 5,
  "timestamp": 1768204284.3663263,
  "joint_position": {
    "rad": [
      -0.07043232023715973,
      -0.15538956224918365,
      1.5204980373382568,
      -0.1211366280913353,
      1.8368237018585205,
      -0.4450491666793823
    ],
    "deg": [
      -4.03547469090311,
      -8.903166097263608,
      87.11812029740717,
      -6.940617534079402,
      105.24224582608946,
      -25.499438926542915
    ]
  },
  "cartesian_position": {
    "position": {
      "x": 0.5085229873657227,
      "y": -0.13290369510650635,
      "z": 0.3507690131664276
    },
    "orientation": {
      "x": -0.5668955445289612,
      "y": -0.8054494261741638,
      "z": -0.057520825415849686,
      "w": 0.16300927102565765
    }
  }
}