{
  "header": {
    "stamp": {
      "sec": 1763299298,
      "nanosec": 802976686
    },
    "frame_id": "robot_base"
  },
  "is_online": true,
  "enable": true,
  "in_motion": false,
  "joint_position_deg": [96.946, 53.221, 12.787, 0.006, 23.998, 6.942],
  "joint_position_rad": [1.69203, 0.928882, 0.223175, 0.00010472, 0.418844, 0.121161],
  "cartesian_position": {
    "position": {
      "x": -73.135,
      "y": 603.453,
      "z": -13.455
    },
    "orientation": {
      "x": -0.707113,
      "y": -0.707101,
      "z": 4.31949e-05,
      "w": -1.85116e-05
    },
    "euler_orientation_rpy_deg": [-179.998, 0.005, 89.999],
    "euler_orientation_rpy_rad": [-3.14156, 8.72665e-05, 1.57078]
  }
}
