{
  "pose_index": 9,
  "pattern_size": {
    "width": 11,
    "height": 8
  },
  "square_size_mm": 20,
  "rvec": {
    "x": 0.07466117142105846,
    "y": 0.170010715287572,
    "z": 0.02129525150945702
  },
  "tvec": {
    "x": -60.649752802207026,
    "y": -12.802752412211953,
    "z": 485.23606205021133
  },
  "rotation_matrix": [
    [
      0.9853641133506424,
      -0.014843342534694385,
      0.16981530938964273
    ],
    [
      0.02749963539751132,
      0.996994873949489,
      -0.07242231266292468
    ],
    [
      -0.16823000378560982,
      0.07603220699703653,
      0.9828111564921582
    ]
  ],
  "transformation_matrix": [
    [
      0.9853641133506424,
      -0.014843342534694385,
      0.16981530938964273,
      -60.649752802207026
    ],
    [
      0.02749963539751132,
      0.996994873949489,
      -0.07242231266292468,
      -12.802752412211953
    ],
    [
      -0.16823000378560982,
      0.07603220699703653,
      0.9828111564921582,
      485.23606205021133
    ],
    [
      0.0,
      0.0,
      0.0,
      1.0
    ]
  ],
  "orientation": {
    "x": 0.037276275662259904,
    "y": 0.08488168840611092,
    "z": 0.010632135157469278,
    "w": 0.9956367489943672
  }
}