{
  "pose_index": 9,
  "timestamp": 1768204332.561647,
  "joint_position": {
    "rad": [
      0.008860682137310505,
      -0.03571522608399391,
      1.3970576524734497,
      -0.20345084369182587,
      1.7406407594680786,
      0.02383851446211338
    ],
    "deg": [
      0.5076796900748497,
      -2.0463317189684016,
      80.04550722318317,
      -11.656874681917431,
      99.7313691659672,
      1.3658462685406725
    ]
  },
  "cartesian_position": {
    "position": {
      "x": 0.4841330349445343,
      "y": -0.10132555663585663,
      "z": 0.45882126688957214
    },
    "orientation": {
      "x": -0.7113823294639587,
      "y": -0.6969119906425476,
      "z": -0.03553851321339607,
      "w": 0.08358162641525269
    }
  }
}