{
  "pose_index": 7,
  "pattern_size": {
    "width": 11,
    "height": 8
  },
  "square_size_mm": 20,
  "rvec": {
    "x": 0.379379856577955,
    "y": -0.30074033800284167,
    "z": -0.3845756727195012
  },
  "tvec": {
    "x": -190.21825477181102,
    "y": -157.54674986670707,
    "z": 452.1861692735245
  },
  "rotation_matrix": [
    [
      0.884576688112817,
      0.3052845447211365,
      -0.35259811344045566
    ],
    [
      -0.41579076246615937,
      0.8586756432529403,
      -0.2996567728785033
    ],
    [
      0.21128683038743765,
      0.4116764341549775,
      0.8864989502905644
    ]
  ],
  "transformation_matrix": [
    [
      0.884576688112817,
      0.3052845447211365,
      -0.35259811344045566,
      -190.21825477181102
    ],
    [
      -0.41579076246615937,
      0.8586756432529403,
      -0.2996567728785033,
      -157.54674986670707
    ],
    [
      0.21128683038743765,
      0.4116764341549775,
      0.8864989502905644,
      452.1861692735245
    ],
    [
      0.0,
      0.0,
      0.0,
      1.0
    ]
  ],
  "orientation": {
    "x": 0.186682949522253,
    "y": -0.14798648996577266,
    "z": -0.18923967536222885,
    "w": 0.9525953077850428
  }
}