{
  "pose_index": 7,
  "timestamp": 1768204308.9555917,
  "joint_position": {
    "rad": [
      0.460418701171875,
      -0.16063737869262695,
      0.9157242774963379,
      -0.9557230472564697,
      1.5675060749053955,
      0.899272084236145
    ],
    "deg": [
      26.380048386043487,
      -9.203843831132263,
      52.46713629820679,
      -54.75889699117785,
      89.81148245319665,
      51.52449506066416
    ]
  },
  "cartesian_position": {
    "position": {
      "x": 0.45383593440055847,
      "y": 0.08912106603384018,
      "z": 0.5498744249343872
    },
    "orientation": {
      "x": -0.8215137720108032,
      "y": -0.5223528742790222,
      "z": 0.2275008261203766,
      "w": 0.02249239757657051
    }
  }
}