[0.093s] colcon DEBUG Command line arguments: ['/usr/bin/colcon', 'build', '--packages-select', 'vision_perception', '--symlink-install']
[0.093s] colcon DEBUG Parsed command line arguments: Namespace(log_base=None, log_level=None, verb_name='build', build_base='build', install_base='install', merge_install=False, symlink_install=True, test_result_base=None, continue_on_error=False, executor='parallel', parallel_workers=32, event_handlers=None, ignore_user_meta=False, metas=['./colcon.meta'], base_paths=['.'], packages_ignore=None, packages_ignore_regex=None, paths=None, packages_up_to=None, packages_up_to_regex=None, packages_above=None, packages_above_and_dependencies=None, packages_above_depth=None, packages_select_by_dep=None, packages_skip_by_dep=None, packages_skip_up_to=None, packages_select_build_failed=False, packages_skip_build_finished=False, packages_select_test_failures=False, packages_skip_test_passed=False, packages_select=['vision_perception'], packages_skip=None, packages_select_regex=None, packages_skip_regex=None, packages_start=None, packages_end=None, allow_overriding=[], cmake_args=None, cmake_target=None, cmake_target_skip_unavailable=False, cmake_clean_cache=False, cmake_clean_first=False, cmake_force_configure=False, ament_cmake_args=None, catkin_cmake_args=None, catkin_skip_building_tests=False, mixin_files=None, mixin=None, verb_parser=<colcon_mixin.mixin.mixin_argument.MixinArgumentDecorator object at 0x7da1400adb10>, verb_extension=<colcon_core.verb.build.BuildVerb object at 0x7da1400ae980>, main=<bound method BuildVerb.main of <colcon_core.verb.build.BuildVerb object at 0x7da1400ae980>>, mixin_verb=('build',))
[0.207s] colcon.colcon_core.package_discovery Level 1 discover_packages(colcon_meta) check parameters
[0.207s] colcon.colcon_core.package_discovery Level 1 discover_packages(recursive) check parameters
[0.207s] colcon.colcon_core.package_discovery Level 1 discover_packages(ignore) check parameters
[0.207s] colcon.colcon_core.package_discovery Level 1 discover_packages(path) check parameters
[0.207s] colcon.colcon_core.package_discovery Level 1 discover_packages(colcon_meta) discover
[0.207s] colcon.colcon_core.package_discovery Level 1 discover_packages(recursive) discover
[0.207s] colcon.colcon_core.package_discovery INFO Crawling recursively for packages in '/home/mu/IVG2.0'
[0.207s] colcon.colcon_core.package_identification Level 1 _identify(.) by extensions ['ignore', 'ignore_ament_install']
[0.207s] colcon.colcon_core.package_identification Level 1 _identify(.) by extension 'ignore'
[0.207s] colcon.colcon_core.package_identification Level 1 _identify(.) by extension 'ignore_ament_install'
[0.207s] colcon.colcon_core.package_identification Level 1 _identify(.) by extensions ['colcon_pkg']
[0.207s] colcon.colcon_core.package_identification Level 1 _identify(.) by extension 'colcon_pkg'
[0.207s] colcon.colcon_core.package_identification Level 1 _identify(.) by extensions ['colcon_meta']
[0.208s] colcon.colcon_core.package_identification Level 1 _identify(.) by extension 'colcon_meta'
[0.208s] colcon.colcon_core.package_identification Level 1 _identify(.) by extensions ['ros']
[0.208s] colcon.colcon_core.package_identification Level 1 _identify(.) by extension 'ros'
[0.213s] colcon.colcon_core.package_identification Level 1 _identify(.) by extensions ['cmake', 'python']
[0.213s] colcon.colcon_core.package_identification Level 1 _identify(.) by extension 'cmake'
[0.213s] colcon.colcon_core.package_identification Level 1 _identify(.) by extension 'python'
[0.213s] colcon.colcon_core.package_identification Level 1 _identify(.) by extensions ['python_setup_py']
[0.213s] colcon.colcon_core.package_identification Level 1 _identify(.) by extension 'python_setup_py'
[0.213s] colcon.colcon_core.package_identification Level 1 _identify(aubo_ros2_ws) by extensions ['ignore', 'ignore_ament_install']
[0.213s] colcon.colcon_core.package_identification Level 1 _identify(aubo_ros2_ws) by extension 'ignore'
[0.213s] colcon.colcon_core.package_identification Level 1 _identify(aubo_ros2_ws) by extension 'ignore_ament_install'
[0.213s] colcon.colcon_core.package_identification Level 1 _identify(aubo_ros2_ws) by extensions ['colcon_pkg']
[0.213s] colcon.colcon_core.package_identification Level 1 _identify(aubo_ros2_ws) by extension 'colcon_pkg'
[0.213s] colcon.colcon_core.package_identification Level 1 _identify(aubo_ros2_ws) by extensions ['colcon_meta']
[0.213s] colcon.colcon_core.package_identification Level 1 _identify(aubo_ros2_ws) by extension 'colcon_meta'
[0.213s] colcon.colcon_core.package_identification Level 1 _identify(aubo_ros2_ws) by extensions ['ros']
[0.213s] colcon.colcon_core.package_identification Level 1 _identify(aubo_ros2_ws) by extension 'ros'
[0.213s] colcon.colcon_core.package_identification Level 1 _identify(aubo_ros2_ws) by extensions ['cmake', 'python']
[0.213s] colcon.colcon_core.package_identification Level 1 _identify(aubo_ros2_ws) by extension 'cmake'
[0.213s] colcon.colcon_core.package_identification Level 1 _identify(aubo_ros2_ws) by extension 'python'
[0.213s] colcon.colcon_core.package_identification Level 1 _identify(aubo_ros2_ws) by extensions ['python_setup_py']
[0.213s] colcon.colcon_core.package_identification Level 1 _identify(aubo_ros2_ws) by extension 'python_setup_py'
[0.213s] colcon.colcon_core.package_identification Level 1 _identify(aubo_ros2_ws/build) by extensions ['ignore', 'ignore_ament_install']
[0.213s] colcon.colcon_core.package_identification Level 1 _identify(aubo_ros2_ws/build) by extension 'ignore'
[0.213s] colcon.colcon_core.package_identification Level 1 _identify(aubo_ros2_ws/build) ignored
[0.213s] colcon.colcon_core.package_identification Level 1 _identify(aubo_ros2_ws/install) by extensions ['ignore', 'ignore_ament_install']
[0.214s] colcon.colcon_core.package_identification Level 1 _identify(aubo_ros2_ws/install) by extension 'ignore'
[0.214s] colcon.colcon_core.package_identification Level 1 _identify(aubo_ros2_ws/install) ignored
[0.214s] colcon.colcon_core.package_identification Level 1 _identify(aubo_ros2_ws/log) by extensions ['ignore', 'ignore_ament_install']
[0.214s] colcon.colcon_core.package_identification Level 1 _identify(aubo_ros2_ws/log) by extension 'ignore'
[0.214s] colcon.colcon_core.package_identification Level 1 _identify(aubo_ros2_ws/log) ignored
[0.214s] colcon.colcon_core.package_identification Level 1 _identify(aubo_ros2_ws/rosbags) by extensions ['ignore', 'ignore_ament_install']
[0.214s] colcon.colcon_core.package_identification Level 1 _identify(aubo_ros2_ws/rosbags) by extension 'ignore'
[0.214s] colcon.colcon_core.package_identification Level 1 _identify(aubo_ros2_ws/rosbags) by extension 'ignore_ament_install'
[0.214s] colcon.colcon_core.package_identification Level 1 _identify(aubo_ros2_ws/rosbags) by extensions ['colcon_pkg']
[0.214s] colcon.colcon_core.package_identification Level 1 _identify(aubo_ros2_ws/rosbags) by extension 'colcon_pkg'
[0.214s] colcon.colcon_core.package_identification Level 1 _identify(aubo_ros2_ws/rosbags) by extensions ['colcon_meta']
[0.214s] colcon.colcon_core.package_identification Level 1 _identify(aubo_ros2_ws/rosbags) by extension 'colcon_meta'
[0.214s] colcon.colcon_core.package_identification Level 1 _identify(aubo_ros2_ws/rosbags) by extensions ['ros']
[0.214s] colcon.colcon_core.package_identification Level 1 _identify(aubo_ros2_ws/rosbags) by extension 'ros'
[0.214s] colcon.colcon_core.package_identification Level 1 _identify(aubo_ros2_ws/rosbags) by extensions ['cmake', 'python']
[0.214s] colcon.colcon_core.package_identification Level 1 _identify(aubo_ros2_ws/rosbags) by extension 'cmake'
[0.214s] colcon.colcon_core.package_identification Level 1 _identify(aubo_ros2_ws/rosbags) by extension 'python'
[0.214s] colcon.colcon_core.package_identification Level 1 _identify(aubo_ros2_ws/rosbags) by extensions ['python_setup_py']
[0.214s] colcon.colcon_core.package_identification Level 1 _identify(aubo_ros2_ws/rosbags) by extension 'python_setup_py'
[0.214s] colcon.colcon_core.package_identification Level 1 _identify(aubo_ros2_ws/rosbags/ivg_session) by extensions ['ignore', 'ignore_ament_install']
[0.214s] colcon.colcon_core.package_identification Level 1 _identify(aubo_ros2_ws/rosbags/ivg_session) by extension 'ignore'
[0.214s] colcon.colcon_core.package_identification Level 1 _identify(aubo_ros2_ws/rosbags/ivg_session) by extension 'ignore_ament_install'
[0.214s] colcon.colcon_core.package_identification Level 1 _identify(aubo_ros2_ws/rosbags/ivg_session) by extensions ['colcon_pkg']
[0.214s] colcon.colcon_core.package_identification Level 1 _identify(aubo_ros2_ws/rosbags/ivg_session) by extension 'colcon_pkg'
[0.214s] colcon.colcon_core.package_identification Level 1 _identify(aubo_ros2_ws/rosbags/ivg_session) by extensions ['colcon_meta']
[0.214s] colcon.colcon_core.package_identification Level 1 _identify(aubo_ros2_ws/rosbags/ivg_session) by extension 'colcon_meta'
[0.214s] colcon.colcon_core.package_identification Level 1 _identify(aubo_ros2_ws/rosbags/ivg_session) by extensions ['ros']
[0.214s] colcon.colcon_core.package_identification Level 1 _identify(aubo_ros2_ws/rosbags/ivg_session) by extension 'ros'
[0.214s] colcon.colcon_core.package_identification Level 1 _identify(aubo_ros2_ws/rosbags/ivg_session) by extensions ['cmake', 'python']
[0.214s] colcon.colcon_core.package_identification Level 1 _identify(aubo_ros2_ws/rosbags/ivg_session) by extension 'cmake'
[0.214s] colcon.colcon_core.package_identification Level 1 _identify(aubo_ros2_ws/rosbags/ivg_session) by extension 'python'
[0.214s] colcon.colcon_core.package_identification Level 1 _identify(aubo_ros2_ws/rosbags/ivg_session) by extensions ['python_setup_py']
[0.214s] colcon.colcon_core.package_identification Level 1 _identify(aubo_ros2_ws/rosbags/ivg_session) by extension 'python_setup_py'
[0.214s] colcon.colcon_core.package_identification Level 1 _identify(aubo_ros2_ws/src) by extensions ['ignore', 'ignore_ament_install']
[0.214s] colcon.colcon_core.package_identification Level 1 _identify(aubo_ros2_ws/src) by extension 'ignore'
[0.214s] colcon.colcon_core.package_identification Level 1 _identify(aubo_ros2_ws/src) by extension 'ignore_ament_install'
[0.214s] colcon.colcon_core.package_identification Level 1 _identify(aubo_ros2_ws/src) by extensions ['colcon_pkg']
[0.214s] colcon.colcon_core.package_identification Level 1 _identify(aubo_ros2_ws/src) by extension 'colcon_pkg'
[0.214s] colcon.colcon_core.package_identification Level 1 _identify(aubo_ros2_ws/src) by extensions ['colcon_meta']
[0.214s] colcon.colcon_core.package_identification Level 1 _identify(aubo_ros2_ws/src) by extension 'colcon_meta'
[0.214s] colcon.colcon_core.package_identification Level 1 _identify(aubo_ros2_ws/src) by extensions ['ros']
[0.214s] colcon.colcon_core.package_identification Level 1 _identify(aubo_ros2_ws/src) by extension 'ros'
[0.214s] colcon.colcon_core.package_identification Level 1 _identify(aubo_ros2_ws/src) by extensions ['cmake', 'python']
[0.214s] colcon.colcon_core.package_identification Level 1 _identify(aubo_ros2_ws/src) by extension 'cmake'
[0.214s] colcon.colcon_core.package_identification Level 1 _identify(aubo_ros2_ws/src) by extension 'python'
[0.214s] colcon.colcon_core.package_identification Level 1 _identify(aubo_ros2_ws/src) by extensions ['python_setup_py']
[0.214s] colcon.colcon_core.package_identification Level 1 _identify(aubo_ros2_ws/src) by extension 'python_setup_py'
[0.214s] colcon.colcon_core.package_identification Level 1 _identify(aubo_ros2_ws/src/aubo_ros2_driver) by extensions ['ignore', 'ignore_ament_install']
[0.214s] colcon.colcon_core.package_identification Level 1 _identify(aubo_ros2_ws/src/aubo_ros2_driver) by extension 'ignore'
[0.214s] colcon.colcon_core.package_identification Level 1 _identify(aubo_ros2_ws/src/aubo_ros2_driver) by extension 'ignore_ament_install'
[0.214s] colcon.colcon_core.package_identification Level 1 _identify(aubo_ros2_ws/src/aubo_ros2_driver) by extensions ['colcon_pkg']
[0.214s] colcon.colcon_core.package_identification Level 1 _identify(aubo_ros2_ws/src/aubo_ros2_driver) by extension 'colcon_pkg'
[0.214s] colcon.colcon_core.package_identification Level 1 _identify(aubo_ros2_ws/src/aubo_ros2_driver) by extensions ['colcon_meta']
[0.215s] colcon.colcon_core.package_identification Level 1 _identify(aubo_ros2_ws/src/aubo_ros2_driver) by extension 'colcon_meta'
[0.215s] colcon.colcon_core.package_identification Level 1 _identify(aubo_ros2_ws/src/aubo_ros2_driver) by extensions ['ros']
[0.215s] colcon.colcon_core.package_identification Level 1 _identify(aubo_ros2_ws/src/aubo_ros2_driver) by extension 'ros'
[0.215s] colcon.colcon_core.package_identification Level 1 _identify(aubo_ros2_ws/src/aubo_ros2_driver) by extensions ['cmake', 'python']
[0.215s] colcon.colcon_core.package_identification Level 1 _identify(aubo_ros2_ws/src/aubo_ros2_driver) by extension 'cmake'
[0.215s] colcon.colcon_core.package_identification Level 1 _identify(aubo_ros2_ws/src/aubo_ros2_driver) by extension 'python'
[0.215s] colcon.colcon_core.package_identification Level 1 _identify(aubo_ros2_ws/src/aubo_ros2_driver) by extensions ['python_setup_py']
[0.215s] colcon.colcon_core.package_identification Level 1 _identify(aubo_ros2_ws/src/aubo_ros2_driver) by extension 'python_setup_py'
[0.215s] colcon.colcon_core.package_identification Level 1 _identify(aubo_ros2_ws/src/aubo_ros2_driver/aubo_dashboard_msgs) by extensions ['ignore', 'ignore_ament_install']
[0.215s] colcon.colcon_core.package_identification Level 1 _identify(aubo_ros2_ws/src/aubo_ros2_driver/aubo_dashboard_msgs) by extension 'ignore'
[0.215s] colcon.colcon_core.package_identification Level 1 _identify(aubo_ros2_ws/src/aubo_ros2_driver/aubo_dashboard_msgs) by extension 'ignore_ament_install'
[0.215s] colcon.colcon_core.package_identification Level 1 _identify(aubo_ros2_ws/src/aubo_ros2_driver/aubo_dashboard_msgs) by extensions ['colcon_pkg']
[0.215s] colcon.colcon_core.package_identification Level 1 _identify(aubo_ros2_ws/src/aubo_ros2_driver/aubo_dashboard_msgs) by extension 'colcon_pkg'
[0.215s] colcon.colcon_core.package_identification Level 1 _identify(aubo_ros2_ws/src/aubo_ros2_driver/aubo_dashboard_msgs) by extensions ['colcon_meta']
[0.215s] colcon.colcon_core.package_identification Level 1 _identify(aubo_ros2_ws/src/aubo_ros2_driver/aubo_dashboard_msgs) by extension 'colcon_meta'
[0.215s] colcon.colcon_core.package_identification Level 1 _identify(aubo_ros2_ws/src/aubo_ros2_driver/aubo_dashboard_msgs) by extensions ['ros']
[0.215s] colcon.colcon_core.package_identification Level 1 _identify(aubo_ros2_ws/src/aubo_ros2_driver/aubo_dashboard_msgs) by extension 'ros'
[0.216s] colcon.colcon_core.package_identification DEBUG Package 'aubo_ros2_ws/src/aubo_ros2_driver/aubo_dashboard_msgs' with type 'ros.ament_cmake' and name 'aubo_dashboard_msgs'
[0.216s] colcon.colcon_core.package_identification Level 1 _identify(aubo_ros2_ws/src/aubo_ros2_driver/aubo_demo) by extensions ['ignore', 'ignore_ament_install']
[0.217s] colcon.colcon_core.package_identification Level 1 _identify(aubo_ros2_ws/src/aubo_ros2_driver/aubo_demo) by extension 'ignore'
[0.217s] colcon.colcon_core.package_identification Level 1 _identify(aubo_ros2_ws/src/aubo_ros2_driver/aubo_demo) by extension 'ignore_ament_install'
[0.217s] colcon.colcon_core.package_identification Level 1 _identify(aubo_ros2_ws/src/aubo_ros2_driver/aubo_demo) by extensions ['colcon_pkg']
[0.217s] colcon.colcon_core.package_identification Level 1 _identify(aubo_ros2_ws/src/aubo_ros2_driver/aubo_demo) by extension 'colcon_pkg'
[0.217s] colcon.colcon_core.package_identification Level 1 _identify(aubo_ros2_ws/src/aubo_ros2_driver/aubo_demo) by extensions ['colcon_meta']
[0.217s] colcon.colcon_core.package_identification Level 1 _identify(aubo_ros2_ws/src/aubo_ros2_driver/aubo_demo) by extension 'colcon_meta'
[0.217s] colcon.colcon_core.package_identification Level 1 _identify(aubo_ros2_ws/src/aubo_ros2_driver/aubo_demo) by extensions ['ros']
[0.217s] colcon.colcon_core.package_identification Level 1 _identify(aubo_ros2_ws/src/aubo_ros2_driver/aubo_demo) by extension 'ros'
[0.217s] colcon.colcon_core.package_identification DEBUG Package 'aubo_ros2_ws/src/aubo_ros2_driver/aubo_demo' with type 'ros.ament_cmake' and name 'aubo_demo'
[0.217s] colcon.colcon_core.package_identification Level 1 _identify(aubo_ros2_ws/src/aubo_ros2_driver/aubo_description) by extensions ['ignore', 'ignore_ament_install']
[0.217s] colcon.colcon_core.package_identification Level 1 _identify(aubo_ros2_ws/src/aubo_ros2_driver/aubo_description) by extension 'ignore'
[0.217s] colcon.colcon_core.package_identification Level 1 _identify(aubo_ros2_ws/src/aubo_ros2_driver/aubo_description) by extension 'ignore_ament_install'
[0.217s] colcon.colcon_core.package_identification Level 1 _identify(aubo_ros2_ws/src/aubo_ros2_driver/aubo_description) by extensions ['colcon_pkg']
[0.217s] colcon.colcon_core.package_identification Level 1 _identify(aubo_ros2_ws/src/aubo_ros2_driver/aubo_description) by extension 'colcon_pkg'
[0.217s] colcon.colcon_core.package_identification Level 1 _identify(aubo_ros2_ws/src/aubo_ros2_driver/aubo_description) by extensions ['colcon_meta']
[0.217s] colcon.colcon_core.package_identification Level 1 _identify(aubo_ros2_ws/src/aubo_ros2_driver/aubo_description) by extension 'colcon_meta'
[0.217s] colcon.colcon_core.package_identification Level 1 _identify(aubo_ros2_ws/src/aubo_ros2_driver/aubo_description) by extensions ['ros']
[0.217s] colcon.colcon_core.package_identification Level 1 _identify(aubo_ros2_ws/src/aubo_ros2_driver/aubo_description) by extension 'ros'
[0.218s] colcon.colcon_core.package_identification DEBUG Package 'aubo_ros2_ws/src/aubo_ros2_driver/aubo_description' with type 'ros.ament_cmake' and name 'aubo_description'
[0.218s] colcon.colcon_core.package_identification Level 1 _identify(aubo_ros2_ws/src/aubo_ros2_driver/aubo_driver_ros2) by extensions ['ignore', 'ignore_ament_install']
[0.218s] colcon.colcon_core.package_identification Level 1 _identify(aubo_ros2_ws/src/aubo_ros2_driver/aubo_driver_ros2) by extension 'ignore'
[0.218s] colcon.colcon_core.package_identification Level 1 _identify(aubo_ros2_ws/src/aubo_ros2_driver/aubo_driver_ros2) by extension 'ignore_ament_install'
[0.218s] colcon.colcon_core.package_identification Level 1 _identify(aubo_ros2_ws/src/aubo_ros2_driver/aubo_driver_ros2) by extensions ['colcon_pkg']
[0.218s] colcon.colcon_core.package_identification Level 1 _identify(aubo_ros2_ws/src/aubo_ros2_driver/aubo_driver_ros2) by extension 'colcon_pkg'
[0.218s] colcon.colcon_core.package_identification Level 1 _identify(aubo_ros2_ws/src/aubo_ros2_driver/aubo_driver_ros2) by extensions ['colcon_meta']
[0.218s] colcon.colcon_core.package_identification Level 1 _identify(aubo_ros2_ws/src/aubo_ros2_driver/aubo_driver_ros2) by extension 'colcon_meta'
[0.218s] colcon.colcon_core.package_identification Level 1 _identify(aubo_ros2_ws/src/aubo_ros2_driver/aubo_driver_ros2) by extensions ['ros']
[0.218s] colcon.colcon_core.package_identification Level 1 _identify(aubo_ros2_ws/src/aubo_ros2_driver/aubo_driver_ros2) by extension 'ros'
[0.218s] colcon.colcon_core.package_identification DEBUG Package 'aubo_ros2_ws/src/aubo_ros2_driver/aubo_driver_ros2' with type 'ros.ament_cmake' and name 'aubo_driver_ros2'
[0.218s] colcon.colcon_core.package_identification Level 1 _identify(aubo_ros2_ws/src/aubo_ros2_driver/aubo_moveit_config) by extensions ['ignore', 'ignore_ament_install']
[0.218s] colcon.colcon_core.package_identification Level 1 _identify(aubo_ros2_ws/src/aubo_ros2_driver/aubo_moveit_config) by extension 'ignore'
[0.218s] colcon.colcon_core.package_identification Level 1 _identify(aubo_ros2_ws/src/aubo_ros2_driver/aubo_moveit_config) by extension 'ignore_ament_install'
[0.218s] colcon.colcon_core.package_identification Level 1 _identify(aubo_ros2_ws/src/aubo_ros2_driver/aubo_moveit_config) by extensions ['colcon_pkg']
[0.218s] colcon.colcon_core.package_identification Level 1 _identify(aubo_ros2_ws/src/aubo_ros2_driver/aubo_moveit_config) by extension 'colcon_pkg'
[0.218s] colcon.colcon_core.package_identification Level 1 _identify(aubo_ros2_ws/src/aubo_ros2_driver/aubo_moveit_config) by extensions ['colcon_meta']
[0.218s] colcon.colcon_core.package_identification Level 1 _identify(aubo_ros2_ws/src/aubo_ros2_driver/aubo_moveit_config) by extension 'colcon_meta'
[0.218s] colcon.colcon_core.package_identification Level 1 _identify(aubo_ros2_ws/src/aubo_ros2_driver/aubo_moveit_config) by extensions ['ros']
[0.218s] colcon.colcon_core.package_identification Level 1 _identify(aubo_ros2_ws/src/aubo_ros2_driver/aubo_moveit_config) by extension 'ros'
[0.219s] colcon.colcon_core.package_identification DEBUG Package 'aubo_ros2_ws/src/aubo_ros2_driver/aubo_moveit_config' with type 'ros.ament_cmake' and name 'aubo_moveit_config'
[0.219s] colcon.colcon_core.package_identification Level 1 _identify(aubo_ros2_ws/src/aubo_ros2_driver/aubo_msgs) by extensions ['ignore', 'ignore_ament_install']
[0.219s] colcon.colcon_core.package_identification Level 1 _identify(aubo_ros2_ws/src/aubo_ros2_driver/aubo_msgs) by extension 'ignore'
[0.219s] colcon.colcon_core.package_identification Level 1 _identify(aubo_ros2_ws/src/aubo_ros2_driver/aubo_msgs) by extension 'ignore_ament_install'
[0.219s] colcon.colcon_core.package_identification Level 1 _identify(aubo_ros2_ws/src/aubo_ros2_driver/aubo_msgs) by extensions ['colcon_pkg']
[0.219s] colcon.colcon_core.package_identification Level 1 _identify(aubo_ros2_ws/src/aubo_ros2_driver/aubo_msgs) by extension 'colcon_pkg'
[0.219s] colcon.colcon_core.package_identification Level 1 _identify(aubo_ros2_ws/src/aubo_ros2_driver/aubo_msgs) by extensions ['colcon_meta']
[0.219s] colcon.colcon_core.package_identification Level 1 _identify(aubo_ros2_ws/src/aubo_ros2_driver/aubo_msgs) by extension 'colcon_meta'
[0.219s] colcon.colcon_core.package_identification Level 1 _identify(aubo_ros2_ws/src/aubo_ros2_driver/aubo_msgs) by extensions ['ros']
[0.219s] colcon.colcon_core.package_identification Level 1 _identify(aubo_ros2_ws/src/aubo_ros2_driver/aubo_msgs) by extension 'ros'
[0.219s] colcon.colcon_core.package_identification DEBUG Package 'aubo_ros2_ws/src/aubo_ros2_driver/aubo_msgs' with type 'ros.ament_cmake' and name 'aubo_msgs'
[0.220s] colcon.colcon_core.package_identification Level 1 _identify(aubo_ros2_ws/src/aubo_ros2_driver/aubo_robot_simulator_ros2) by extensions ['ignore', 'ignore_ament_install']
[0.220s] colcon.colcon_core.package_identification Level 1 _identify(aubo_ros2_ws/src/aubo_ros2_driver/aubo_robot_simulator_ros2) by extension 'ignore'
[0.220s] colcon.colcon_core.package_identification Level 1 _identify(aubo_ros2_ws/src/aubo_ros2_driver/aubo_robot_simulator_ros2) by extension 'ignore_ament_install'
[0.220s] colcon.colcon_core.package_identification Level 1 _identify(aubo_ros2_ws/src/aubo_ros2_driver/aubo_robot_simulator_ros2) by extensions ['colcon_pkg']
[0.220s] colcon.colcon_core.package_identification Level 1 _identify(aubo_ros2_ws/src/aubo_ros2_driver/aubo_robot_simulator_ros2) by extension 'colcon_pkg'
[0.220s] colcon.colcon_core.package_identification Level 1 _identify(aubo_ros2_ws/src/aubo_ros2_driver/aubo_robot_simulator_ros2) by extensions ['colcon_meta']
[0.220s] colcon.colcon_core.package_identification Level 1 _identify(aubo_ros2_ws/src/aubo_ros2_driver/aubo_robot_simulator_ros2) by extension 'colcon_meta'
[0.220s] colcon.colcon_core.package_identification Level 1 _identify(aubo_ros2_ws/src/aubo_ros2_driver/aubo_robot_simulator_ros2) by extensions ['ros']
[0.220s] colcon.colcon_core.package_identification Level 1 _identify(aubo_ros2_ws/src/aubo_ros2_driver/aubo_robot_simulator_ros2) by extension 'ros'
[0.220s] colcon.colcon_core.package_identification DEBUG Package 'aubo_ros2_ws/src/aubo_ros2_driver/aubo_robot_simulator_ros2' with type 'ros.ament_python' and name 'aubo_robot_simulator_ros2'
[0.220s] colcon.colcon_core.package_identification Level 1 _identify(aubo_ros2_ws/src/aubo_ros2_driver/aubo_ros2_trajectory_action) by extensions ['ignore', 'ignore_ament_install']
[0.220s] colcon.colcon_core.package_identification Level 1 _identify(aubo_ros2_ws/src/aubo_ros2_driver/aubo_ros2_trajectory_action) by extension 'ignore'
[0.220s] colcon.colcon_core.package_identification Level 1 _identify(aubo_ros2_ws/src/aubo_ros2_driver/aubo_ros2_trajectory_action) by extension 'ignore_ament_install'
[0.220s] colcon.colcon_core.package_identification Level 1 _identify(aubo_ros2_ws/src/aubo_ros2_driver/aubo_ros2_trajectory_action) by extensions ['colcon_pkg']
[0.220s] colcon.colcon_core.package_identification Level 1 _identify(aubo_ros2_ws/src/aubo_ros2_driver/aubo_ros2_trajectory_action) by extension 'colcon_pkg'
[0.220s] colcon.colcon_core.package_identification Level 1 _identify(aubo_ros2_ws/src/aubo_ros2_driver/aubo_ros2_trajectory_action) by extensions ['colcon_meta']
[0.220s] colcon.colcon_core.package_identification Level 1 _identify(aubo_ros2_ws/src/aubo_ros2_driver/aubo_ros2_trajectory_action) by extension 'colcon_meta'
[0.220s] colcon.colcon_core.package_identification Level 1 _identify(aubo_ros2_ws/src/aubo_ros2_driver/aubo_ros2_trajectory_action) by extensions ['ros']
[0.220s] colcon.colcon_core.package_identification Level 1 _identify(aubo_ros2_ws/src/aubo_ros2_driver/aubo_ros2_trajectory_action) by extension 'ros'
[0.221s] colcon.colcon_core.package_identification DEBUG Package 'aubo_ros2_ws/src/aubo_ros2_driver/aubo_ros2_trajectory_action' with type 'ros.ament_cmake' and name 'aubo_ros2_trajectory_action'
[0.221s] colcon.colcon_core.package_identification Level 1 _identify(aubo_ros2_ws/src/aubo_ros2_driver/demo_driver) by extensions ['ignore', 'ignore_ament_install']
[0.221s] colcon.colcon_core.package_identification Level 1 _identify(aubo_ros2_ws/src/aubo_ros2_driver/demo_driver) by extension 'ignore'
[0.221s] colcon.colcon_core.package_identification Level 1 _identify(aubo_ros2_ws/src/aubo_ros2_driver/demo_driver) by extension 'ignore_ament_install'
[0.221s] colcon.colcon_core.package_identification Level 1 _identify(aubo_ros2_ws/src/aubo_ros2_driver/demo_driver) by extensions ['colcon_pkg']
[0.221s] colcon.colcon_core.package_identification Level 1 _identify(aubo_ros2_ws/src/aubo_ros2_driver/demo_driver) by extension 'colcon_pkg'
[0.221s] colcon.colcon_core.package_identification Level 1 _identify(aubo_ros2_ws/src/aubo_ros2_driver/demo_driver) by extensions ['colcon_meta']
[0.221s] colcon.colcon_core.package_identification Level 1 _identify(aubo_ros2_ws/src/aubo_ros2_driver/demo_driver) by extension 'colcon_meta'
[0.221s] colcon.colcon_core.package_identification Level 1 _identify(aubo_ros2_ws/src/aubo_ros2_driver/demo_driver) by extensions ['ros']
[0.221s] colcon.colcon_core.package_identification Level 1 _identify(aubo_ros2_ws/src/aubo_ros2_driver/demo_driver) by extension 'ros'
[0.222s] colcon.colcon_core.package_identification DEBUG Package 'aubo_ros2_ws/src/aubo_ros2_driver/demo_driver' with type 'ros.ament_cmake' and name 'demo_driver'
[0.222s] colcon.colcon_core.package_identification Level 1 _identify(aubo_ros2_ws/src/aubo_ros2_driver/demo_interface) by extensions ['ignore', 'ignore_ament_install']
[0.222s] colcon.colcon_core.package_identification Level 1 _identify(aubo_ros2_ws/src/aubo_ros2_driver/demo_interface) by extension 'ignore'
[0.222s] colcon.colcon_core.package_identification Level 1 _identify(aubo_ros2_ws/src/aubo_ros2_driver/demo_interface) by extension 'ignore_ament_install'
[0.222s] colcon.colcon_core.package_identification Level 1 _identify(aubo_ros2_ws/src/aubo_ros2_driver/demo_interface) by extensions ['colcon_pkg']
[0.222s] colcon.colcon_core.package_identification Level 1 _identify(aubo_ros2_ws/src/aubo_ros2_driver/demo_interface) by extension 'colcon_pkg'
[0.222s] colcon.colcon_core.package_identification Level 1 _identify(aubo_ros2_ws/src/aubo_ros2_driver/demo_interface) by extensions ['colcon_meta']
[0.222s] colcon.colcon_core.package_identification Level 1 _identify(aubo_ros2_ws/src/aubo_ros2_driver/demo_interface) by extension 'colcon_meta'
[0.222s] colcon.colcon_core.package_identification Level 1 _identify(aubo_ros2_ws/src/aubo_ros2_driver/demo_interface) by extensions ['ros']
[0.222s] colcon.colcon_core.package_identification Level 1 _identify(aubo_ros2_ws/src/aubo_ros2_driver/demo_interface) by extension 'ros'
[0.223s] colcon.colcon_core.package_identification DEBUG Package 'aubo_ros2_ws/src/aubo_ros2_driver/demo_interface' with type 'ros.ament_cmake' and name 'demo_interface'
[0.223s] colcon.colcon_core.package_identification Level 1 _identify(aubo_ros2_ws/src/aubo_ros2_web_dashboard) by extensions ['ignore', 'ignore_ament_install']
[0.223s] colcon.colcon_core.package_identification Level 1 _identify(aubo_ros2_ws/src/aubo_ros2_web_dashboard) by extension 'ignore'
[0.223s] colcon.colcon_core.package_identification Level 1 _identify(aubo_ros2_ws/src/aubo_ros2_web_dashboard) by extension 'ignore_ament_install'
[0.223s] colcon.colcon_core.package_identification Level 1 _identify(aubo_ros2_ws/src/aubo_ros2_web_dashboard) by extensions ['colcon_pkg']
[0.223s] colcon.colcon_core.package_identification Level 1 _identify(aubo_ros2_ws/src/aubo_ros2_web_dashboard) by extension 'colcon_pkg'
[0.223s] colcon.colcon_core.package_identification Level 1 _identify(aubo_ros2_ws/src/aubo_ros2_web_dashboard) by extensions ['colcon_meta']
[0.223s] colcon.colcon_core.package_identification Level 1 _identify(aubo_ros2_ws/src/aubo_ros2_web_dashboard) by extension 'colcon_meta'
[0.223s] colcon.colcon_core.package_identification Level 1 _identify(aubo_ros2_ws/src/aubo_ros2_web_dashboard) by extensions ['ros']
[0.223s] colcon.colcon_core.package_identification Level 1 _identify(aubo_ros2_ws/src/aubo_ros2_web_dashboard) by extension 'ros'
[0.223s] colcon.colcon_core.package_identification DEBUG Package 'aubo_ros2_ws/src/aubo_ros2_web_dashboard' with type 'ros.ament_python' and name 'aubo_ros2_web_dashboard'
[0.223s] colcon.colcon_core.package_identification Level 1 _identify(aubo_ros2_ws/src/camport_ros2) by extensions ['ignore', 'ignore_ament_install']
[0.223s] colcon.colcon_core.package_identification Level 1 _identify(aubo_ros2_ws/src/camport_ros2) by extension 'ignore'
[0.223s] colcon.colcon_core.package_identification Level 1 _identify(aubo_ros2_ws/src/camport_ros2) by extension 'ignore_ament_install'
[0.223s] colcon.colcon_core.package_identification Level 1 _identify(aubo_ros2_ws/src/camport_ros2) by extensions ['colcon_pkg']
[0.223s] colcon.colcon_core.package_identification Level 1 _identify(aubo_ros2_ws/src/camport_ros2) by extension 'colcon_pkg'
[0.223s] colcon.colcon_core.package_identification Level 1 _identify(aubo_ros2_ws/src/camport_ros2) by extensions ['colcon_meta']
[0.223s] colcon.colcon_core.package_identification Level 1 _identify(aubo_ros2_ws/src/camport_ros2) by extension 'colcon_meta'
[0.223s] colcon.colcon_core.package_identification Level 1 _identify(aubo_ros2_ws/src/camport_ros2) by extensions ['ros']
[0.223s] colcon.colcon_core.package_identification Level 1 _identify(aubo_ros2_ws/src/camport_ros2) by extension 'ros'
[0.223s] colcon.colcon_core.package_identification Level 1 _identify(aubo_ros2_ws/src/camport_ros2) by extensions ['cmake', 'python']
[0.223s] colcon.colcon_core.package_identification Level 1 _identify(aubo_ros2_ws/src/camport_ros2) by extension 'cmake'
[0.223s] colcon.colcon_core.package_identification Level 1 _identify(aubo_ros2_ws/src/camport_ros2) by extension 'python'
[0.223s] colcon.colcon_core.package_identification Level 1 _identify(aubo_ros2_ws/src/camport_ros2) by extensions ['python_setup_py']
[0.223s] colcon.colcon_core.package_identification Level 1 _identify(aubo_ros2_ws/src/camport_ros2) by extension 'python_setup_py'
[0.223s] colcon.colcon_core.package_identification Level 1 _identify(aubo_ros2_ws/src/camport_ros2/src) by extensions ['ignore', 'ignore_ament_install']
[0.223s] colcon.colcon_core.package_identification Level 1 _identify(aubo_ros2_ws/src/camport_ros2/src) by extension 'ignore'
[0.224s] colcon.colcon_core.package_identification Level 1 _identify(aubo_ros2_ws/src/camport_ros2/src) by extension 'ignore_ament_install'
[0.224s] colcon.colcon_core.package_identification Level 1 _identify(aubo_ros2_ws/src/camport_ros2/src) by extensions ['colcon_pkg']
[0.224s] colcon.colcon_core.package_identification Level 1 _identify(aubo_ros2_ws/src/camport_ros2/src) by extension 'colcon_pkg'
[0.224s] colcon.colcon_core.package_identification Level 1 _identify(aubo_ros2_ws/src/camport_ros2/src) by extensions ['colcon_meta']
[0.224s] colcon.colcon_core.package_identification Level 1 _identify(aubo_ros2_ws/src/camport_ros2/src) by extension 'colcon_meta'
[0.224s] colcon.colcon_core.package_identification Level 1 _identify(aubo_ros2_ws/src/camport_ros2/src) by extensions ['ros']
[0.224s] colcon.colcon_core.package_identification Level 1 _identify(aubo_ros2_ws/src/camport_ros2/src) by extension 'ros'
[0.224s] colcon.colcon_core.package_identification Level 1 _identify(aubo_ros2_ws/src/camport_ros2/src) by extensions ['cmake', 'python']
[0.224s] colcon.colcon_core.package_identification Level 1 _identify(aubo_ros2_ws/src/camport_ros2/src) by extension 'cmake'
[0.224s] colcon.colcon_core.package_identification Level 1 _identify(aubo_ros2_ws/src/camport_ros2/src) by extension 'python'
[0.224s] colcon.colcon_core.package_identification Level 1 _identify(aubo_ros2_ws/src/camport_ros2/src) by extensions ['python_setup_py']
[0.224s] colcon.colcon_core.package_identification Level 1 _identify(aubo_ros2_ws/src/camport_ros2/src) by extension 'python_setup_py'
[0.224s] colcon.colcon_core.package_identification Level 1 _identify(aubo_ros2_ws/src/camport_ros2/src/image_data_bridge) by extensions ['ignore', 'ignore_ament_install']
[0.224s] colcon.colcon_core.package_identification Level 1 _identify(aubo_ros2_ws/src/camport_ros2/src/image_data_bridge) by extension 'ignore'
[0.224s] colcon.colcon_core.package_identification Level 1 _identify(aubo_ros2_ws/src/camport_ros2/src/image_data_bridge) by extension 'ignore_ament_install'
[0.224s] colcon.colcon_core.package_identification Level 1 _identify(aubo_ros2_ws/src/camport_ros2/src/image_data_bridge) by extensions ['colcon_pkg']
[0.224s] colcon.colcon_core.package_identification Level 1 _identify(aubo_ros2_ws/src/camport_ros2/src/image_data_bridge) by extension 'colcon_pkg'
[0.224s] colcon.colcon_core.package_identification Level 1 _identify(aubo_ros2_ws/src/camport_ros2/src/image_data_bridge) by extensions ['colcon_meta']
[0.224s] colcon.colcon_core.package_identification Level 1 _identify(aubo_ros2_ws/src/camport_ros2/src/image_data_bridge) by extension 'colcon_meta'
[0.224s] colcon.colcon_core.package_identification Level 1 _identify(aubo_ros2_ws/src/camport_ros2/src/image_data_bridge) by extensions ['ros']
[0.224s] colcon.colcon_core.package_identification Level 1 _identify(aubo_ros2_ws/src/camport_ros2/src/image_data_bridge) by extension 'ros'
[0.224s] colcon.colcon_core.package_identification DEBUG Package 'aubo_ros2_ws/src/camport_ros2/src/image_data_bridge' with type 'ros.ament_cmake' and name 'image_data_bridge'
[0.224s] colcon.colcon_core.package_identification Level 1 _identify(aubo_ros2_ws/src/camport_ros2/src/percipio_camera) by extensions ['ignore', 'ignore_ament_install']
[0.224s] colcon.colcon_core.package_identification Level 1 _identify(aubo_ros2_ws/src/camport_ros2/src/percipio_camera) by extension 'ignore'
[0.224s] colcon.colcon_core.package_identification Level 1 _identify(aubo_ros2_ws/src/camport_ros2/src/percipio_camera) by extension 'ignore_ament_install'
[0.224s] colcon.colcon_core.package_identification Level 1 _identify(aubo_ros2_ws/src/camport_ros2/src/percipio_camera) by extensions ['colcon_pkg']
[0.224s] colcon.colcon_core.package_identification Level 1 _identify(aubo_ros2_ws/src/camport_ros2/src/percipio_camera) by extension 'colcon_pkg'
[0.224s] colcon.colcon_core.package_identification Level 1 _identify(aubo_ros2_ws/src/camport_ros2/src/percipio_camera) by extensions ['colcon_meta']
[0.224s] colcon.colcon_core.package_identification Level 1 _identify(aubo_ros2_ws/src/camport_ros2/src/percipio_camera) by extension 'colcon_meta'
[0.224s] colcon.colcon_core.package_identification Level 1 _identify(aubo_ros2_ws/src/camport_ros2/src/percipio_camera) by extensions ['ros']
[0.224s] colcon.colcon_core.package_identification Level 1 _identify(aubo_ros2_ws/src/camport_ros2/src/percipio_camera) by extension 'ros'
[0.225s] colcon.colcon_core.package_identification DEBUG Package 'aubo_ros2_ws/src/camport_ros2/src/percipio_camera' with type 'ros.ament_cmake' and name 'percipio_camera'
[0.225s] colcon.colcon_core.package_identification Level 1 _identify(aubo_ros2_ws/src/camport_ros2/src/percipio_camera_interface) by extensions ['ignore', 'ignore_ament_install']
[0.225s] colcon.colcon_core.package_identification Level 1 _identify(aubo_ros2_ws/src/camport_ros2/src/percipio_camera_interface) by extension 'ignore'
[0.225s] colcon.colcon_core.package_identification Level 1 _identify(aubo_ros2_ws/src/camport_ros2/src/percipio_camera_interface) by extension 'ignore_ament_install'
[0.225s] colcon.colcon_core.package_identification Level 1 _identify(aubo_ros2_ws/src/camport_ros2/src/percipio_camera_interface) by extensions ['colcon_pkg']
[0.225s] colcon.colcon_core.package_identification Level 1 _identify(aubo_ros2_ws/src/camport_ros2/src/percipio_camera_interface) by extension 'colcon_pkg'
[0.225s] colcon.colcon_core.package_identification Level 1 _identify(aubo_ros2_ws/src/camport_ros2/src/percipio_camera_interface) by extensions ['colcon_meta']
[0.225s] colcon.colcon_core.package_identification Level 1 _identify(aubo_ros2_ws/src/camport_ros2/src/percipio_camera_interface) by extension 'colcon_meta'
[0.225s] colcon.colcon_core.package_identification Level 1 _identify(aubo_ros2_ws/src/camport_ros2/src/percipio_camera_interface) by extensions ['ros']
[0.225s] colcon.colcon_core.package_identification Level 1 _identify(aubo_ros2_ws/src/camport_ros2/src/percipio_camera_interface) by extension 'ros'
[0.225s] colcon.colcon_core.package_identification DEBUG Package 'aubo_ros2_ws/src/camport_ros2/src/percipio_camera_interface' with type 'ros.ament_cmake' and name 'percipio_camera_interface'
[0.225s] colcon.colcon_core.package_identification Level 1 _identify(aubo_ros2_ws/src/coffee_latte_demo) by extensions ['ignore', 'ignore_ament_install']
[0.225s] colcon.colcon_core.package_identification Level 1 _identify(aubo_ros2_ws/src/coffee_latte_demo) by extension 'ignore'
[0.225s] colcon.colcon_core.package_identification Level 1 _identify(aubo_ros2_ws/src/coffee_latte_demo) by extension 'ignore_ament_install'
[0.225s] colcon.colcon_core.package_identification Level 1 _identify(aubo_ros2_ws/src/coffee_latte_demo) by extensions ['colcon_pkg']
[0.225s] colcon.colcon_core.package_identification Level 1 _identify(aubo_ros2_ws/src/coffee_latte_demo) by extension 'colcon_pkg'
[0.225s] colcon.colcon_core.package_identification Level 1 _identify(aubo_ros2_ws/src/coffee_latte_demo) by extensions ['colcon_meta']
[0.225s] colcon.colcon_core.package_identification Level 1 _identify(aubo_ros2_ws/src/coffee_latte_demo) by extension 'colcon_meta'
[0.225s] colcon.colcon_core.package_identification Level 1 _identify(aubo_ros2_ws/src/coffee_latte_demo) by extensions ['ros']
[0.226s] colcon.colcon_core.package_identification Level 1 _identify(aubo_ros2_ws/src/coffee_latte_demo) by extension 'ros'
[0.226s] colcon.colcon_core.package_identification DEBUG Package 'aubo_ros2_ws/src/coffee_latte_demo' with type 'ros.ament_python' and name 'coffee_latte_demo'
[0.226s] colcon.colcon_core.package_identification Level 1 _identify(aubo_ros2_ws/src/graspnet_ros2) by extensions ['ignore', 'ignore_ament_install']
[0.226s] colcon.colcon_core.package_identification Level 1 _identify(aubo_ros2_ws/src/graspnet_ros2) by extension 'ignore'
[0.226s] colcon.colcon_core.package_identification Level 1 _identify(aubo_ros2_ws/src/graspnet_ros2) by extension 'ignore_ament_install'
[0.226s] colcon.colcon_core.package_identification Level 1 _identify(aubo_ros2_ws/src/graspnet_ros2) by extensions ['colcon_pkg']
[0.226s] colcon.colcon_core.package_identification Level 1 _identify(aubo_ros2_ws/src/graspnet_ros2) by extension 'colcon_pkg'
[0.226s] colcon.colcon_core.package_identification Level 1 _identify(aubo_ros2_ws/src/graspnet_ros2) by extensions ['colcon_meta']
[0.226s] colcon.colcon_core.package_identification Level 1 _identify(aubo_ros2_ws/src/graspnet_ros2) by extension 'colcon_meta'
[0.226s] colcon.colcon_core.package_identification Level 1 _identify(aubo_ros2_ws/src/graspnet_ros2) by extensions ['ros']
[0.226s] colcon.colcon_core.package_identification Level 1 _identify(aubo_ros2_ws/src/graspnet_ros2) by extension 'ros'
[0.227s] colcon.colcon_core.package_identification DEBUG Package 'aubo_ros2_ws/src/graspnet_ros2' with type 'ros.ament_python' and name 'graspnet_ros2'
[0.227s] colcon.colcon_core.package_identification Level 1 _identify(aubo_ros2_ws/src/hand_eye_calibration) by extensions ['ignore', 'ignore_ament_install']
[0.227s] colcon.colcon_core.package_identification Level 1 _identify(aubo_ros2_ws/src/hand_eye_calibration) by extension 'ignore'
[0.227s] colcon.colcon_core.package_identification Level 1 _identify(aubo_ros2_ws/src/hand_eye_calibration) by extension 'ignore_ament_install'
[0.227s] colcon.colcon_core.package_identification Level 1 _identify(aubo_ros2_ws/src/hand_eye_calibration) by extensions ['colcon_pkg']
[0.227s] colcon.colcon_core.package_identification Level 1 _identify(aubo_ros2_ws/src/hand_eye_calibration) by extension 'colcon_pkg'
[0.227s] colcon.colcon_core.package_identification Level 1 _identify(aubo_ros2_ws/src/hand_eye_calibration) by extensions ['colcon_meta']
[0.227s] colcon.colcon_core.package_identification Level 1 _identify(aubo_ros2_ws/src/hand_eye_calibration) by extension 'colcon_meta'
[0.227s] colcon.colcon_core.package_identification Level 1 _identify(aubo_ros2_ws/src/hand_eye_calibration) by extensions ['ros']
[0.227s] colcon.colcon_core.package_identification Level 1 _identify(aubo_ros2_ws/src/hand_eye_calibration) by extension 'ros'
[0.227s] colcon.colcon_core.package_identification DEBUG Package 'aubo_ros2_ws/src/hand_eye_calibration' with type 'ros.ament_python' and name 'hand_eye_calibration'
[0.227s] colcon.colcon_core.package_identification Level 1 _identify(aubo_ros2_ws/src/robotwebtools) by extensions ['ignore', 'ignore_ament_install']
[0.227s] colcon.colcon_core.package_identification Level 1 _identify(aubo_ros2_ws/src/robotwebtools) by extension 'ignore'
[0.227s] colcon.colcon_core.package_identification Level 1 _identify(aubo_ros2_ws/src/robotwebtools) ignored
[0.227s] colcon.colcon_core.package_identification Level 1 _identify(aubo_ros2_ws/src/tool_changer) by extensions ['ignore', 'ignore_ament_install']
[0.227s] colcon.colcon_core.package_identification Level 1 _identify(aubo_ros2_ws/src/tool_changer) by extension 'ignore'
[0.227s] colcon.colcon_core.package_identification Level 1 _identify(aubo_ros2_ws/src/tool_changer) by extension 'ignore_ament_install'
[0.227s] colcon.colcon_core.package_identification Level 1 _identify(aubo_ros2_ws/src/tool_changer) by extensions ['colcon_pkg']
[0.227s] colcon.colcon_core.package_identification Level 1 _identify(aubo_ros2_ws/src/tool_changer) by extension 'colcon_pkg'
[0.227s] colcon.colcon_core.package_identification Level 1 _identify(aubo_ros2_ws/src/tool_changer) by extensions ['colcon_meta']
[0.228s] colcon.colcon_core.package_identification Level 1 _identify(aubo_ros2_ws/src/tool_changer) by extension 'colcon_meta'
[0.228s] colcon.colcon_core.package_identification Level 1 _identify(aubo_ros2_ws/src/tool_changer) by extensions ['ros']
[0.228s] colcon.colcon_core.package_identification Level 1 _identify(aubo_ros2_ws/src/tool_changer) by extension 'ros'
[0.228s] colcon.colcon_core.package_identification DEBUG Package 'aubo_ros2_ws/src/tool_changer' with type 'ros.ament_cmake' and name 'tool_changer'
[0.228s] colcon.colcon_core.package_identification Level 1 _identify(aubo_ros2_ws/src/tool_changer_interface) by extensions ['ignore', 'ignore_ament_install']
[0.228s] colcon.colcon_core.package_identification Level 1 _identify(aubo_ros2_ws/src/tool_changer_interface) by extension 'ignore'
[0.228s] colcon.colcon_core.package_identification Level 1 _identify(aubo_ros2_ws/src/tool_changer_interface) by extension 'ignore_ament_install'
[0.228s] colcon.colcon_core.package_identification Level 1 _identify(aubo_ros2_ws/src/tool_changer_interface) by extensions ['colcon_pkg']
[0.228s] colcon.colcon_core.package_identification Level 1 _identify(aubo_ros2_ws/src/tool_changer_interface) by extension 'colcon_pkg'
[0.228s] colcon.colcon_core.package_identification Level 1 _identify(aubo_ros2_ws/src/tool_changer_interface) by extensions ['colcon_meta']
[0.228s] colcon.colcon_core.package_identification Level 1 _identify(aubo_ros2_ws/src/tool_changer_interface) by extension 'colcon_meta'
[0.228s] colcon.colcon_core.package_identification Level 1 _identify(aubo_ros2_ws/src/tool_changer_interface) by extensions ['ros']
[0.228s] colcon.colcon_core.package_identification Level 1 _identify(aubo_ros2_ws/src/tool_changer_interface) by extension 'ros'
[0.229s] colcon.colcon_core.package_identification DEBUG Package 'aubo_ros2_ws/src/tool_changer_interface' with type 'ros.ament_cmake' and name 'tool_changer_interface'
[0.229s] colcon.colcon_core.package_identification Level 1 _identify(aubo_ros2_ws/src/vision_perception) by extensions ['ignore', 'ignore_ament_install']
[0.229s] colcon.colcon_core.package_identification Level 1 _identify(aubo_ros2_ws/src/vision_perception) by extension 'ignore'
[0.229s] colcon.colcon_core.package_identification Level 1 _identify(aubo_ros2_ws/src/vision_perception) by extension 'ignore_ament_install'
[0.229s] colcon.colcon_core.package_identification Level 1 _identify(aubo_ros2_ws/src/vision_perception) by extensions ['colcon_pkg']
[0.229s] colcon.colcon_core.package_identification Level 1 _identify(aubo_ros2_ws/src/vision_perception) by extension 'colcon_pkg'
[0.229s] colcon.colcon_core.package_identification Level 1 _identify(aubo_ros2_ws/src/vision_perception) by extensions ['colcon_meta']
[0.229s] colcon.colcon_core.package_identification Level 1 _identify(aubo_ros2_ws/src/vision_perception) by extension 'colcon_meta'
[0.229s] colcon.colcon_core.package_identification Level 1 _identify(aubo_ros2_ws/src/vision_perception) by extensions ['ros']
[0.229s] colcon.colcon_core.package_identification Level 1 _identify(aubo_ros2_ws/src/vision_perception) by extension 'ros'
[0.229s] colcon.colcon_core.package_identification DEBUG Package 'aubo_ros2_ws/src/vision_perception' with type 'ros.ament_python' and name 'vision_perception'
[0.229s] colcon.colcon_core.package_identification Level 1 _identify(aubo_ros2_ws/src/visual_pose_estimation) by extensions ['ignore', 'ignore_ament_install']
[0.229s] colcon.colcon_core.package_identification Level 1 _identify(aubo_ros2_ws/src/visual_pose_estimation) by extension 'ignore'
[0.229s] colcon.colcon_core.package_identification Level 1 _identify(aubo_ros2_ws/src/visual_pose_estimation) by extension 'ignore_ament_install'
[0.229s] colcon.colcon_core.package_identification Level 1 _identify(aubo_ros2_ws/src/visual_pose_estimation) by extensions ['colcon_pkg']
[0.229s] colcon.colcon_core.package_identification Level 1 _identify(aubo_ros2_ws/src/visual_pose_estimation) by extension 'colcon_pkg'
[0.229s] colcon.colcon_core.package_identification Level 1 _identify(aubo_ros2_ws/src/visual_pose_estimation) by extensions ['colcon_meta']
[0.229s] colcon.colcon_core.package_identification Level 1 _identify(aubo_ros2_ws/src/visual_pose_estimation) by extension 'colcon_meta'
[0.229s] colcon.colcon_core.package_identification Level 1 _identify(aubo_ros2_ws/src/visual_pose_estimation) by extensions ['ros']
[0.229s] colcon.colcon_core.package_identification Level 1 _identify(aubo_ros2_ws/src/visual_pose_estimation) by extension 'ros'
[0.229s] colcon.colcon_core.package_identification Level 1 _identify(aubo_ros2_ws/src/visual_pose_estimation) by extensions ['cmake', 'python']
[0.229s] colcon.colcon_core.package_identification Level 1 _identify(aubo_ros2_ws/src/visual_pose_estimation) by extension 'cmake'
[0.229s] colcon.colcon_core.package_identification Level 1 _identify(aubo_ros2_ws/src/visual_pose_estimation) by extension 'python'
[0.229s] colcon.colcon_core.package_identification Level 1 _identify(aubo_ros2_ws/src/visual_pose_estimation) by extensions ['python_setup_py']
[0.229s] colcon.colcon_core.package_identification Level 1 _identify(aubo_ros2_ws/src/visual_pose_estimation) by extension 'python_setup_py'
[0.230s] colcon.colcon_core.package_identification Level 1 _identify(aubo_ros2_ws/src/visual_pose_estimation/configs) by extensions ['ignore', 'ignore_ament_install']
[0.230s] colcon.colcon_core.package_identification Level 1 _identify(aubo_ros2_ws/src/visual_pose_estimation/configs) by extension 'ignore'
[0.230s] colcon.colcon_core.package_identification Level 1 _identify(aubo_ros2_ws/src/visual_pose_estimation/configs) by extension 'ignore_ament_install'
[0.230s] colcon.colcon_core.package_identification Level 1 _identify(aubo_ros2_ws/src/visual_pose_estimation/configs) by extensions ['colcon_pkg']
[0.230s] colcon.colcon_core.package_identification Level 1 _identify(aubo_ros2_ws/src/visual_pose_estimation/configs) by extension 'colcon_pkg'
[0.230s] colcon.colcon_core.package_identification Level 1 _identify(aubo_ros2_ws/src/visual_pose_estimation/configs) by extensions ['colcon_meta']
[0.230s] colcon.colcon_core.package_identification Level 1 _identify(aubo_ros2_ws/src/visual_pose_estimation/configs) by extension 'colcon_meta'
[0.230s] colcon.colcon_core.package_identification Level 1 _identify(aubo_ros2_ws/src/visual_pose_estimation/configs) by extensions ['ros']
[0.230s] colcon.colcon_core.package_identification Level 1 _identify(aubo_ros2_ws/src/visual_pose_estimation/configs) by extension 'ros'
[0.230s] colcon.colcon_core.package_identification Level 1 _identify(aubo_ros2_ws/src/visual_pose_estimation/configs) by extensions ['cmake', 'python']
[0.230s] colcon.colcon_core.package_identification Level 1 _identify(aubo_ros2_ws/src/visual_pose_estimation/configs) by extension 'cmake'
[0.230s] colcon.colcon_core.package_identification Level 1 _identify(aubo_ros2_ws/src/visual_pose_estimation/configs) by extension 'python'
[0.230s] colcon.colcon_core.package_identification Level 1 _identify(aubo_ros2_ws/src/visual_pose_estimation/configs) by extensions ['python_setup_py']
[0.230s] colcon.colcon_core.package_identification Level 1 _identify(aubo_ros2_ws/src/visual_pose_estimation/configs) by extension 'python_setup_py'
[0.230s] colcon.colcon_core.package_identification Level 1 _identify(aubo_ros2_ws/src/visual_pose_estimation/debug_snapshots) by extensions ['ignore', 'ignore_ament_install']
[0.230s] colcon.colcon_core.package_identification Level 1 _identify(aubo_ros2_ws/src/visual_pose_estimation/debug_snapshots) by extension 'ignore'
[0.230s] colcon.colcon_core.package_identification Level 1 _identify(aubo_ros2_ws/src/visual_pose_estimation/debug_snapshots) by extension 'ignore_ament_install'
[0.230s] colcon.colcon_core.package_identification Level 1 _identify(aubo_ros2_ws/src/visual_pose_estimation/debug_snapshots) by extensions ['colcon_pkg']
[0.230s] colcon.colcon_core.package_identification Level 1 _identify(aubo_ros2_ws/src/visual_pose_estimation/debug_snapshots) by extension 'colcon_pkg'
[0.230s] colcon.colcon_core.package_identification Level 1 _identify(aubo_ros2_ws/src/visual_pose_estimation/debug_snapshots) by extensions ['colcon_meta']
[0.230s] colcon.colcon_core.package_identification Level 1 _identify(aubo_ros2_ws/src/visual_pose_estimation/debug_snapshots) by extension 'colcon_meta'
[0.230s] colcon.colcon_core.package_identification Level 1 _identify(aubo_ros2_ws/src/visual_pose_estimation/debug_snapshots) by extensions ['ros']
[0.230s] colcon.colcon_core.package_identification Level 1 _identify(aubo_ros2_ws/src/visual_pose_estimation/debug_snapshots) by extension 'ros'
[0.230s] colcon.colcon_core.package_identification Level 1 _identify(aubo_ros2_ws/src/visual_pose_estimation/debug_snapshots) by extensions ['cmake', 'python']
[0.230s] colcon.colcon_core.package_identification Level 1 _identify(aubo_ros2_ws/src/visual_pose_estimation/debug_snapshots) by extension 'cmake'
[0.230s] colcon.colcon_core.package_identification Level 1 _identify(aubo_ros2_ws/src/visual_pose_estimation/debug_snapshots) by extension 'python'
[0.230s] colcon.colcon_core.package_identification Level 1 _identify(aubo_ros2_ws/src/visual_pose_estimation/debug_snapshots) by extensions ['python_setup_py']
[0.230s] colcon.colcon_core.package_identification Level 1 _identify(aubo_ros2_ws/src/visual_pose_estimation/debug_snapshots) by extension 'python_setup_py'
[0.230s] colcon.colcon_core.package_identification Level 1 _identify(aubo_ros2_ws/src/visual_pose_estimation/debug_snapshots/20260202_175912) by extensions ['ignore', 'ignore_ament_install']
[0.230s] colcon.colcon_core.package_identification Level 1 _identify(aubo_ros2_ws/src/visual_pose_estimation/debug_snapshots/20260202_175912) by extension 'ignore'
[0.230s] colcon.colcon_core.package_identification Level 1 _identify(aubo_ros2_ws/src/visual_pose_estimation/debug_snapshots/20260202_175912) by extension 'ignore_ament_install'
[0.230s] colcon.colcon_core.package_identification Level 1 _identify(aubo_ros2_ws/src/visual_pose_estimation/debug_snapshots/20260202_175912) by extensions ['colcon_pkg']
[0.230s] colcon.colcon_core.package_identification Level 1 _identify(aubo_ros2_ws/src/visual_pose_estimation/debug_snapshots/20260202_175912) by extension 'colcon_pkg'
[0.230s] colcon.colcon_core.package_identification Level 1 _identify(aubo_ros2_ws/src/visual_pose_estimation/debug_snapshots/20260202_175912) by extensions ['colcon_meta']
[0.230s] colcon.colcon_core.package_identification Level 1 _identify(aubo_ros2_ws/src/visual_pose_estimation/debug_snapshots/20260202_175912) by extension 'colcon_meta'
[0.230s] colcon.colcon_core.package_identification Level 1 _identify(aubo_ros2_ws/src/visual_pose_estimation/debug_snapshots/20260202_175912) by extensions ['ros']
[0.230s] colcon.colcon_core.package_identification Level 1 _identify(aubo_ros2_ws/src/visual_pose_estimation/debug_snapshots/20260202_175912) by extension 'ros'
[0.230s] colcon.colcon_core.package_identification Level 1 _identify(aubo_ros2_ws/src/visual_pose_estimation/debug_snapshots/20260202_175912) by extensions ['cmake', 'python']
[0.230s] colcon.colcon_core.package_identification Level 1 _identify(aubo_ros2_ws/src/visual_pose_estimation/debug_snapshots/20260202_175912) by extension 'cmake'
[0.230s] colcon.colcon_core.package_identification Level 1 _identify(aubo_ros2_ws/src/visual_pose_estimation/debug_snapshots/20260202_175912) by extension 'python'
[0.230s] colcon.colcon_core.package_identification Level 1 _identify(aubo_ros2_ws/src/visual_pose_estimation/debug_snapshots/20260202_175912) by extensions ['python_setup_py']
[0.230s] colcon.colcon_core.package_identification Level 1 _identify(aubo_ros2_ws/src/visual_pose_estimation/debug_snapshots/20260202_175912) by extension 'python_setup_py'
[0.230s] colcon.colcon_core.package_identification Level 1 _identify(aubo_ros2_ws/src/visual_pose_estimation/debug_snapshots/latest) by extensions ['ignore', 'ignore_ament_install']
[0.230s] colcon.colcon_core.package_identification Level 1 _identify(aubo_ros2_ws/src/visual_pose_estimation/debug_snapshots/latest) by extension 'ignore'
[0.230s] colcon.colcon_core.package_identification Level 1 _identify(aubo_ros2_ws/src/visual_pose_estimation/debug_snapshots/latest) by extension 'ignore_ament_install'
[0.230s] colcon.colcon_core.package_identification Level 1 _identify(aubo_ros2_ws/src/visual_pose_estimation/debug_snapshots/latest) by extensions ['colcon_pkg']
[0.230s] colcon.colcon_core.package_identification Level 1 _identify(aubo_ros2_ws/src/visual_pose_estimation/debug_snapshots/latest) by extension 'colcon_pkg'
[0.230s] colcon.colcon_core.package_identification Level 1 _identify(aubo_ros2_ws/src/visual_pose_estimation/debug_snapshots/latest) by extensions ['colcon_meta']
[0.230s] colcon.colcon_core.package_identification Level 1 _identify(aubo_ros2_ws/src/visual_pose_estimation/debug_snapshots/latest) by extension 'colcon_meta'
[0.230s] colcon.colcon_core.package_identification Level 1 _identify(aubo_ros2_ws/src/visual_pose_estimation/debug_snapshots/latest) by extensions ['ros']
[0.230s] colcon.colcon_core.package_identification Level 1 _identify(aubo_ros2_ws/src/visual_pose_estimation/debug_snapshots/latest) by extension 'ros'
[0.230s] colcon.colcon_core.package_identification Level 1 _identify(aubo_ros2_ws/src/visual_pose_estimation/debug_snapshots/latest) by extensions ['cmake', 'python']
[0.231s] colcon.colcon_core.package_identification Level 1 _identify(aubo_ros2_ws/src/visual_pose_estimation/debug_snapshots/latest) by extension 'cmake'
[0.231s] colcon.colcon_core.package_identification Level 1 _identify(aubo_ros2_ws/src/visual_pose_estimation/debug_snapshots/latest) by extension 'python'
[0.231s] colcon.colcon_core.package_identification Level 1 _identify(aubo_ros2_ws/src/visual_pose_estimation/debug_snapshots/latest) by extensions ['python_setup_py']
[0.231s] colcon.colcon_core.package_identification Level 1 _identify(aubo_ros2_ws/src/visual_pose_estimation/debug_snapshots/latest) by extension 'python_setup_py'
[0.231s] colcon.colcon_core.package_identification Level 1 _identify(aubo_ros2_ws/src/visual_pose_estimation/docs) by extensions ['ignore', 'ignore_ament_install']
[0.231s] colcon.colcon_core.package_identification Level 1 _identify(aubo_ros2_ws/src/visual_pose_estimation/docs) by extension 'ignore'
[0.231s] colcon.colcon_core.package_identification Level 1 _identify(aubo_ros2_ws/src/visual_pose_estimation/docs) by extension 'ignore_ament_install'
[0.231s] colcon.colcon_core.package_identification Level 1 _identify(aubo_ros2_ws/src/visual_pose_estimation/docs) by extensions ['colcon_pkg']
[0.231s] colcon.colcon_core.package_identification Level 1 _identify(aubo_ros2_ws/src/visual_pose_estimation/docs) by extension 'colcon_pkg'
[0.231s] colcon.colcon_core.package_identification Level 1 _identify(aubo_ros2_ws/src/visual_pose_estimation/docs) by extensions ['colcon_meta']
[0.231s] colcon.colcon_core.package_identification Level 1 _identify(aubo_ros2_ws/src/visual_pose_estimation/docs) by extension 'colcon_meta'
[0.231s] colcon.colcon_core.package_identification Level 1 _identify(aubo_ros2_ws/src/visual_pose_estimation/docs) by extensions ['ros']
[0.231s] colcon.colcon_core.package_identification Level 1 _identify(aubo_ros2_ws/src/visual_pose_estimation/docs) by extension 'ros'
[0.231s] colcon.colcon_core.package_identification Level 1 _identify(aubo_ros2_ws/src/visual_pose_estimation/docs) by extensions ['cmake', 'python']
[0.231s] colcon.colcon_core.package_identification Level 1 _identify(aubo_ros2_ws/src/visual_pose_estimation/docs) by extension 'cmake'
[0.231s] colcon.colcon_core.package_identification Level 1 _identify(aubo_ros2_ws/src/visual_pose_estimation/docs) by extension 'python'
[0.231s] colcon.colcon_core.package_identification Level 1 _identify(aubo_ros2_ws/src/visual_pose_estimation/docs) by extensions ['python_setup_py']
[0.231s] colcon.colcon_core.package_identification Level 1 _identify(aubo_ros2_ws/src/visual_pose_estimation/docs) by extension 'python_setup_py'
[0.231s] colcon.colcon_core.package_identification Level 1 _identify(aubo_ros2_ws/src/visual_pose_estimation/interface) by extensions ['ignore', 'ignore_ament_install']
[0.231s] colcon.colcon_core.package_identification Level 1 _identify(aubo_ros2_ws/src/visual_pose_estimation/interface) by extension 'ignore'
[0.231s] colcon.colcon_core.package_identification Level 1 _identify(aubo_ros2_ws/src/visual_pose_estimation/interface) by extension 'ignore_ament_install'
[0.231s] colcon.colcon_core.package_identification Level 1 _identify(aubo_ros2_ws/src/visual_pose_estimation/interface) by extensions ['colcon_pkg']
[0.231s] colcon.colcon_core.package_identification Level 1 _identify(aubo_ros2_ws/src/visual_pose_estimation/interface) by extension 'colcon_pkg'
[0.231s] colcon.colcon_core.package_identification Level 1 _identify(aubo_ros2_ws/src/visual_pose_estimation/interface) by extensions ['colcon_meta']
[0.231s] colcon.colcon_core.package_identification Level 1 _identify(aubo_ros2_ws/src/visual_pose_estimation/interface) by extension 'colcon_meta'
[0.231s] colcon.colcon_core.package_identification Level 1 _identify(aubo_ros2_ws/src/visual_pose_estimation/interface) by extensions ['ros']
[0.231s] colcon.colcon_core.package_identification Level 1 _identify(aubo_ros2_ws/src/visual_pose_estimation/interface) by extension 'ros'
[0.231s] colcon.colcon_core.package_identification DEBUG Package 'aubo_ros2_ws/src/visual_pose_estimation/interface' with type 'ros.ament_cmake' and name 'interface'
[0.231s] colcon.colcon_core.package_identification Level 1 _identify(aubo_ros2_ws/src/visual_pose_estimation/templates) by extensions ['ignore', 'ignore_ament_install']
[0.231s] colcon.colcon_core.package_identification Level 1 _identify(aubo_ros2_ws/src/visual_pose_estimation/templates) by extension 'ignore'
[0.231s] colcon.colcon_core.package_identification Level 1 _identify(aubo_ros2_ws/src/visual_pose_estimation/templates) by extension 'ignore_ament_install'
[0.231s] colcon.colcon_core.package_identification Level 1 _identify(aubo_ros2_ws/src/visual_pose_estimation/templates) by extensions ['colcon_pkg']
[0.231s] colcon.colcon_core.package_identification Level 1 _identify(aubo_ros2_ws/src/visual_pose_estimation/templates) by extension 'colcon_pkg'
[0.232s] colcon.colcon_core.package_identification Level 1 _identify(aubo_ros2_ws/src/visual_pose_estimation/templates) by extensions ['colcon_meta']
[0.232s] colcon.colcon_core.package_identification Level 1 _identify(aubo_ros2_ws/src/visual_pose_estimation/templates) by extension 'colcon_meta'
[0.232s] colcon.colcon_core.package_identification Level 1 _identify(aubo_ros2_ws/src/visual_pose_estimation/templates) by extensions ['ros']
[0.232s] colcon.colcon_core.package_identification Level 1 _identify(aubo_ros2_ws/src/visual_pose_estimation/templates) by extension 'ros'
[0.232s] colcon.colcon_core.package_identification Level 1 _identify(aubo_ros2_ws/src/visual_pose_estimation/templates) by extensions ['cmake', 'python']
[0.232s] colcon.colcon_core.package_identification Level 1 _identify(aubo_ros2_ws/src/visual_pose_estimation/templates) by extension 'cmake'
[0.232s] colcon.colcon_core.package_identification Level 1 _identify(aubo_ros2_ws/src/visual_pose_estimation/templates) by extension 'python'
[0.232s] colcon.colcon_core.package_identification Level 1 _identify(aubo_ros2_ws/src/visual_pose_estimation/templates) by extensions ['python_setup_py']
[0.232s] colcon.colcon_core.package_identification Level 1 _identify(aubo_ros2_ws/src/visual_pose_estimation/templates) by extension 'python_setup_py'
[0.232s] colcon.colcon_core.package_identification Level 1 _identify(aubo_ros2_ws/src/visual_pose_estimation/templates/1211242785) by extensions ['ignore', 'ignore_ament_install']
[0.232s] colcon.colcon_core.package_identification Level 1 _identify(aubo_ros2_ws/src/visual_pose_estimation/templates/1211242785) by extension 'ignore'
[0.232s] colcon.colcon_core.package_identification Level 1 _identify(aubo_ros2_ws/src/visual_pose_estimation/templates/1211242785) by extension 'ignore_ament_install'
[0.232s] colcon.colcon_core.package_identification Level 1 _identify(aubo_ros2_ws/src/visual_pose_estimation/templates/1211242785) by extensions ['colcon_pkg']
[0.232s] colcon.colcon_core.package_identification Level 1 _identify(aubo_ros2_ws/src/visual_pose_estimation/templates/1211242785) by extension 'colcon_pkg'
[0.232s] colcon.colcon_core.package_identification Level 1 _identify(aubo_ros2_ws/src/visual_pose_estimation/templates/1211242785) by extensions ['colcon_meta']
[0.232s] colcon.colcon_core.package_identification Level 1 _identify(aubo_ros2_ws/src/visual_pose_estimation/templates/1211242785) by extension 'colcon_meta'
[0.232s] colcon.colcon_core.package_identification Level 1 _identify(aubo_ros2_ws/src/visual_pose_estimation/templates/1211242785) by extensions ['ros']
[0.232s] colcon.colcon_core.package_identification Level 1 _identify(aubo_ros2_ws/src/visual_pose_estimation/templates/1211242785) by extension 'ros'
[0.232s] colcon.colcon_core.package_identification Level 1 _identify(aubo_ros2_ws/src/visual_pose_estimation/templates/1211242785) by extensions ['cmake', 'python']
[0.232s] colcon.colcon_core.package_identification Level 1 _identify(aubo_ros2_ws/src/visual_pose_estimation/templates/1211242785) by extension 'cmake'
[0.232s] colcon.colcon_core.package_identification Level 1 _identify(aubo_ros2_ws/src/visual_pose_estimation/templates/1211242785) by extension 'python'
[0.232s] colcon.colcon_core.package_identification Level 1 _identify(aubo_ros2_ws/src/visual_pose_estimation/templates/1211242785) by extensions ['python_setup_py']
[0.232s] colcon.colcon_core.package_identification Level 1 _identify(aubo_ros2_ws/src/visual_pose_estimation/templates/1211242785) by extension 'python_setup_py'
[0.232s] colcon.colcon_core.package_identification Level 1 _identify(aubo_ros2_ws/src/visual_pose_estimation/templates/1211242785/pose_1) by extensions ['ignore', 'ignore_ament_install']
[0.232s] colcon.colcon_core.package_identification Level 1 _identify(aubo_ros2_ws/src/visual_pose_estimation/templates/1211242785/pose_1) by extension 'ignore'
[0.232s] colcon.colcon_core.package_identification Level 1 _identify(aubo_ros2_ws/src/visual_pose_estimation/templates/1211242785/pose_1) by extension 'ignore_ament_install'
[0.232s] colcon.colcon_core.package_identification Level 1 _identify(aubo_ros2_ws/src/visual_pose_estimation/templates/1211242785/pose_1) by extensions ['colcon_pkg']
[0.232s] colcon.colcon_core.package_identification Level 1 _identify(aubo_ros2_ws/src/visual_pose_estimation/templates/1211242785/pose_1) by extension 'colcon_pkg'
[0.232s] colcon.colcon_core.package_identification Level 1 _identify(aubo_ros2_ws/src/visual_pose_estimation/templates/1211242785/pose_1) by extensions ['colcon_meta']
[0.232s] colcon.colcon_core.package_identification Level 1 _identify(aubo_ros2_ws/src/visual_pose_estimation/templates/1211242785/pose_1) by extension 'colcon_meta'
[0.232s] colcon.colcon_core.package_identification Level 1 _identify(aubo_ros2_ws/src/visual_pose_estimation/templates/1211242785/pose_1) by extensions ['ros']
[0.232s] colcon.colcon_core.package_identification Level 1 _identify(aubo_ros2_ws/src/visual_pose_estimation/templates/1211242785/pose_1) by extension 'ros'
[0.232s] colcon.colcon_core.package_identification Level 1 _identify(aubo_ros2_ws/src/visual_pose_estimation/templates/1211242785/pose_1) by extensions ['cmake', 'python']
[0.232s] colcon.colcon_core.package_identification Level 1 _identify(aubo_ros2_ws/src/visual_pose_estimation/templates/1211242785/pose_1) by extension 'cmake'
[0.232s] colcon.colcon_core.package_identification Level 1 _identify(aubo_ros2_ws/src/visual_pose_estimation/templates/1211242785/pose_1) by extension 'python'
[0.232s] colcon.colcon_core.package_identification Level 1 _identify(aubo_ros2_ws/src/visual_pose_estimation/templates/1211242785/pose_1) by extensions ['python_setup_py']
[0.232s] colcon.colcon_core.package_identification Level 1 _identify(aubo_ros2_ws/src/visual_pose_estimation/templates/1211242785/pose_1) by extension 'python_setup_py'
[0.232s] colcon.colcon_core.package_identification Level 1 _identify(aubo_ros2_ws/src/visual_pose_estimation/templates/1211242785/pose_1/debug) by extensions ['ignore', 'ignore_ament_install']
[0.232s] colcon.colcon_core.package_identification Level 1 _identify(aubo_ros2_ws/src/visual_pose_estimation/templates/1211242785/pose_1/debug) by extension 'ignore'
[0.232s] colcon.colcon_core.package_identification Level 1 _identify(aubo_ros2_ws/src/visual_pose_estimation/templates/1211242785/pose_1/debug) by extension 'ignore_ament_install'
[0.232s] colcon.colcon_core.package_identification Level 1 _identify(aubo_ros2_ws/src/visual_pose_estimation/templates/1211242785/pose_1/debug) by extensions ['colcon_pkg']
[0.232s] colcon.colcon_core.package_identification Level 1 _identify(aubo_ros2_ws/src/visual_pose_estimation/templates/1211242785/pose_1/debug) by extension 'colcon_pkg'
[0.232s] colcon.colcon_core.package_identification Level 1 _identify(aubo_ros2_ws/src/visual_pose_estimation/templates/1211242785/pose_1/debug) by extensions ['colcon_meta']
[0.232s] colcon.colcon_core.package_identification Level 1 _identify(aubo_ros2_ws/src/visual_pose_estimation/templates/1211242785/pose_1/debug) by extension 'colcon_meta'
[0.232s] colcon.colcon_core.package_identification Level 1 _identify(aubo_ros2_ws/src/visual_pose_estimation/templates/1211242785/pose_1/debug) by extensions ['ros']
[0.232s] colcon.colcon_core.package_identification Level 1 _identify(aubo_ros2_ws/src/visual_pose_estimation/templates/1211242785/pose_1/debug) by extension 'ros'
[0.232s] colcon.colcon_core.package_identification Level 1 _identify(aubo_ros2_ws/src/visual_pose_estimation/templates/1211242785/pose_1/debug) by extensions ['cmake', 'python']
[0.232s] colcon.colcon_core.package_identification Level 1 _identify(aubo_ros2_ws/src/visual_pose_estimation/templates/1211242785/pose_1/debug) by extension 'cmake'
[0.232s] colcon.colcon_core.package_identification Level 1 _identify(aubo_ros2_ws/src/visual_pose_estimation/templates/1211242785/pose_1/debug) by extension 'python'
[0.232s] colcon.colcon_core.package_identification Level 1 _identify(aubo_ros2_ws/src/visual_pose_estimation/templates/1211242785/pose_1/debug) by extensions ['python_setup_py']
[0.232s] colcon.colcon_core.package_identification Level 1 _identify(aubo_ros2_ws/src/visual_pose_estimation/templates/1211242785/pose_1/debug) by extension 'python_setup_py'
[0.233s] colcon.colcon_core.package_identification Level 1 _identify(aubo_ros2_ws/src/visual_pose_estimation/templates/1211242785/pose_2) by extensions ['ignore', 'ignore_ament_install']
[0.233s] colcon.colcon_core.package_identification Level 1 _identify(aubo_ros2_ws/src/visual_pose_estimation/templates/1211242785/pose_2) by extension 'ignore'
[0.233s] colcon.colcon_core.package_identification Level 1 _identify(aubo_ros2_ws/src/visual_pose_estimation/templates/1211242785/pose_2) by extension 'ignore_ament_install'
[0.233s] colcon.colcon_core.package_identification Level 1 _identify(aubo_ros2_ws/src/visual_pose_estimation/templates/1211242785/pose_2) by extensions ['colcon_pkg']
[0.233s] colcon.colcon_core.package_identification Level 1 _identify(aubo_ros2_ws/src/visual_pose_estimation/templates/1211242785/pose_2) by extension 'colcon_pkg'
[0.233s] colcon.colcon_core.package_identification Level 1 _identify(aubo_ros2_ws/src/visual_pose_estimation/templates/1211242785/pose_2) by extensions ['colcon_meta']
[0.233s] colcon.colcon_core.package_identification Level 1 _identify(aubo_ros2_ws/src/visual_pose_estimation/templates/1211242785/pose_2) by extension 'colcon_meta'
[0.233s] colcon.colcon_core.package_identification Level 1 _identify(aubo_ros2_ws/src/visual_pose_estimation/templates/1211242785/pose_2) by extensions ['ros']
[0.233s] colcon.colcon_core.package_identification Level 1 _identify(aubo_ros2_ws/src/visual_pose_estimation/templates/1211242785/pose_2) by extension 'ros'
[0.233s] colcon.colcon_core.package_identification Level 1 _identify(aubo_ros2_ws/src/visual_pose_estimation/templates/1211242785/pose_2) by extensions ['cmake', 'python']
[0.233s] colcon.colcon_core.package_identification Level 1 _identify(aubo_ros2_ws/src/visual_pose_estimation/templates/1211242785/pose_2) by extension 'cmake'
[0.233s] colcon.colcon_core.package_identification Level 1 _identify(aubo_ros2_ws/src/visual_pose_estimation/templates/1211242785/pose_2) by extension 'python'
[0.233s] colcon.colcon_core.package_identification Level 1 _identify(aubo_ros2_ws/src/visual_pose_estimation/templates/1211242785/pose_2) by extensions ['python_setup_py']
[0.233s] colcon.colcon_core.package_identification Level 1 _identify(aubo_ros2_ws/src/visual_pose_estimation/templates/1211242785/pose_2) by extension 'python_setup_py'
[0.233s] colcon.colcon_core.package_identification Level 1 _identify(aubo_ros2_ws/src/visual_pose_estimation/templates/1211242785/pose_2/debug) by extensions ['ignore', 'ignore_ament_install']
[0.233s] colcon.colcon_core.package_identification Level 1 _identify(aubo_ros2_ws/src/visual_pose_estimation/templates/1211242785/pose_2/debug) by extension 'ignore'
[0.233s] colcon.colcon_core.package_identification Level 1 _identify(aubo_ros2_ws/src/visual_pose_estimation/templates/1211242785/pose_2/debug) by extension 'ignore_ament_install'
[0.233s] colcon.colcon_core.package_identification Level 1 _identify(aubo_ros2_ws/src/visual_pose_estimation/templates/1211242785/pose_2/debug) by extensions ['colcon_pkg']
[0.233s] colcon.colcon_core.package_identification Level 1 _identify(aubo_ros2_ws/src/visual_pose_estimation/templates/1211242785/pose_2/debug) by extension 'colcon_pkg'
[0.233s] colcon.colcon_core.package_identification Level 1 _identify(aubo_ros2_ws/src/visual_pose_estimation/templates/1211242785/pose_2/debug) by extensions ['colcon_meta']
[0.233s] colcon.colcon_core.package_identification Level 1 _identify(aubo_ros2_ws/src/visual_pose_estimation/templates/1211242785/pose_2/debug) by extension 'colcon_meta'
[0.233s] colcon.colcon_core.package_identification Level 1 _identify(aubo_ros2_ws/src/visual_pose_estimation/templates/1211242785/pose_2/debug) by extensions ['ros']
[0.233s] colcon.colcon_core.package_identification Level 1 _identify(aubo_ros2_ws/src/visual_pose_estimation/templates/1211242785/pose_2/debug) by extension 'ros'
[0.233s] colcon.colcon_core.package_identification Level 1 _identify(aubo_ros2_ws/src/visual_pose_estimation/templates/1211242785/pose_2/debug) by extensions ['cmake', 'python']
[0.233s] colcon.colcon_core.package_identification Level 1 _identify(aubo_ros2_ws/src/visual_pose_estimation/templates/1211242785/pose_2/debug) by extension 'cmake'
[0.233s] colcon.colcon_core.package_identification Level 1 _identify(aubo_ros2_ws/src/visual_pose_estimation/templates/1211242785/pose_2/debug) by extension 'python'
[0.233s] colcon.colcon_core.package_identification Level 1 _identify(aubo_ros2_ws/src/visual_pose_estimation/templates/1211242785/pose_2/debug) by extensions ['python_setup_py']
[0.233s] colcon.colcon_core.package_identification Level 1 _identify(aubo_ros2_ws/src/visual_pose_estimation/templates/1211242785/pose_2/debug) by extension 'python_setup_py'
[0.233s] colcon.colcon_core.package_identification Level 1 _identify(aubo_ros2_ws/src/visual_pose_estimation/templates/1211242785/pose_3) by extensions ['ignore', 'ignore_ament_install']
[0.233s] colcon.colcon_core.package_identification Level 1 _identify(aubo_ros2_ws/src/visual_pose_estimation/templates/1211242785/pose_3) by extension 'ignore'
[0.233s] colcon.colcon_core.package_identification Level 1 _identify(aubo_ros2_ws/src/visual_pose_estimation/templates/1211242785/pose_3) by extension 'ignore_ament_install'
[0.233s] colcon.colcon_core.package_identification Level 1 _identify(aubo_ros2_ws/src/visual_pose_estimation/templates/1211242785/pose_3) by extensions ['colcon_pkg']
[0.233s] colcon.colcon_core.package_identification Level 1 _identify(aubo_ros2_ws/src/visual_pose_estimation/templates/1211242785/pose_3) by extension 'colcon_pkg'
[0.233s] colcon.colcon_core.package_identification Level 1 _identify(aubo_ros2_ws/src/visual_pose_estimation/templates/1211242785/pose_3) by extensions ['colcon_meta']
[0.233s] colcon.colcon_core.package_identification Level 1 _identify(aubo_ros2_ws/src/visual_pose_estimation/templates/1211242785/pose_3) by extension 'colcon_meta'
[0.233s] colcon.colcon_core.package_identification Level 1 _identify(aubo_ros2_ws/src/visual_pose_estimation/templates/1211242785/pose_3) by extensions ['ros']
[0.233s] colcon.colcon_core.package_identification Level 1 _identify(aubo_ros2_ws/src/visual_pose_estimation/templates/1211242785/pose_3) by extension 'ros'
[0.233s] colcon.colcon_core.package_identification Level 1 _identify(aubo_ros2_ws/src/visual_pose_estimation/templates/1211242785/pose_3) by extensions ['cmake', 'python']
[0.233s] colcon.colcon_core.package_identification Level 1 _identify(aubo_ros2_ws/src/visual_pose_estimation/templates/1211242785/pose_3) by extension 'cmake'
[0.233s] colcon.colcon_core.package_identification Level 1 _identify(aubo_ros2_ws/src/visual_pose_estimation/templates/1211242785/pose_3) by extension 'python'
[0.233s] colcon.colcon_core.package_identification Level 1 _identify(aubo_ros2_ws/src/visual_pose_estimation/templates/1211242785/pose_3) by extensions ['python_setup_py']
[0.233s] colcon.colcon_core.package_identification Level 1 _identify(aubo_ros2_ws/src/visual_pose_estimation/templates/1211242785/pose_3) by extension 'python_setup_py'
[0.233s] colcon.colcon_core.package_identification Level 1 _identify(aubo_ros2_ws/src/visual_pose_estimation/templates/1211242785/pose_3/debug) by extensions ['ignore', 'ignore_ament_install']
[0.233s] colcon.colcon_core.package_identification Level 1 _identify(aubo_ros2_ws/src/visual_pose_estimation/templates/1211242785/pose_3/debug) by extension 'ignore'
[0.233s] colcon.colcon_core.package_identification Level 1 _identify(aubo_ros2_ws/src/visual_pose_estimation/templates/1211242785/pose_3/debug) by extension 'ignore_ament_install'
[0.233s] colcon.colcon_core.package_identification Level 1 _identify(aubo_ros2_ws/src/visual_pose_estimation/templates/1211242785/pose_3/debug) by extensions ['colcon_pkg']
[0.233s] colcon.colcon_core.package_identification Level 1 _identify(aubo_ros2_ws/src/visual_pose_estimation/templates/1211242785/pose_3/debug) by extension 'colcon_pkg'
[0.233s] colcon.colcon_core.package_identification Level 1 _identify(aubo_ros2_ws/src/visual_pose_estimation/templates/1211242785/pose_3/debug) by extensions ['colcon_meta']
[0.233s] colcon.colcon_core.package_identification Level 1 _identify(aubo_ros2_ws/src/visual_pose_estimation/templates/1211242785/pose_3/debug) by extension 'colcon_meta'
[0.234s] colcon.colcon_core.package_identification Level 1 _identify(aubo_ros2_ws/src/visual_pose_estimation/templates/1211242785/pose_3/debug) by extensions ['ros']
[0.234s] colcon.colcon_core.package_identification Level 1 _identify(aubo_ros2_ws/src/visual_pose_estimation/templates/1211242785/pose_3/debug) by extension 'ros'
[0.234s] colcon.colcon_core.package_identification Level 1 _identify(aubo_ros2_ws/src/visual_pose_estimation/templates/1211242785/pose_3/debug) by extensions ['cmake', 'python']
[0.234s] colcon.colcon_core.package_identification Level 1 _identify(aubo_ros2_ws/src/visual_pose_estimation/templates/1211242785/pose_3/debug) by extension 'cmake'
[0.234s] colcon.colcon_core.package_identification Level 1 _identify(aubo_ros2_ws/src/visual_pose_estimation/templates/1211242785/pose_3/debug) by extension 'python'
[0.234s] colcon.colcon_core.package_identification Level 1 _identify(aubo_ros2_ws/src/visual_pose_estimation/templates/1211242785/pose_3/debug) by extensions ['python_setup_py']
[0.234s] colcon.colcon_core.package_identification Level 1 _identify(aubo_ros2_ws/src/visual_pose_estimation/templates/1211242785/pose_3/debug) by extension 'python_setup_py'
[0.234s] colcon.colcon_core.package_identification Level 1 _identify(aubo_ros2_ws/src/visual_pose_estimation/templates/1211242785/pose_4) by extensions ['ignore', 'ignore_ament_install']
[0.234s] colcon.colcon_core.package_identification Level 1 _identify(aubo_ros2_ws/src/visual_pose_estimation/templates/1211242785/pose_4) by extension 'ignore'
[0.234s] colcon.colcon_core.package_identification Level 1 _identify(aubo_ros2_ws/src/visual_pose_estimation/templates/1211242785/pose_4) by extension 'ignore_ament_install'
[0.234s] colcon.colcon_core.package_identification Level 1 _identify(aubo_ros2_ws/src/visual_pose_estimation/templates/1211242785/pose_4) by extensions ['colcon_pkg']
[0.234s] colcon.colcon_core.package_identification Level 1 _identify(aubo_ros2_ws/src/visual_pose_estimation/templates/1211242785/pose_4) by extension 'colcon_pkg'
[0.234s] colcon.colcon_core.package_identification Level 1 _identify(aubo_ros2_ws/src/visual_pose_estimation/templates/1211242785/pose_4) by extensions ['colcon_meta']
[0.234s] colcon.colcon_core.package_identification Level 1 _identify(aubo_ros2_ws/src/visual_pose_estimation/templates/1211242785/pose_4) by extension 'colcon_meta'
[0.234s] colcon.colcon_core.package_identification Level 1 _identify(aubo_ros2_ws/src/visual_pose_estimation/templates/1211242785/pose_4) by extensions ['ros']
[0.234s] colcon.colcon_core.package_identification Level 1 _identify(aubo_ros2_ws/src/visual_pose_estimation/templates/1211242785/pose_4) by extension 'ros'
[0.234s] colcon.colcon_core.package_identification Level 1 _identify(aubo_ros2_ws/src/visual_pose_estimation/templates/1211242785/pose_4) by extensions ['cmake', 'python']
[0.234s] colcon.colcon_core.package_identification Level 1 _identify(aubo_ros2_ws/src/visual_pose_estimation/templates/1211242785/pose_4) by extension 'cmake'
[0.234s] colcon.colcon_core.package_identification Level 1 _identify(aubo_ros2_ws/src/visual_pose_estimation/templates/1211242785/pose_4) by extension 'python'
[0.234s] colcon.colcon_core.package_identification Level 1 _identify(aubo_ros2_ws/src/visual_pose_estimation/templates/1211242785/pose_4) by extensions ['python_setup_py']
[0.234s] colcon.colcon_core.package_identification Level 1 _identify(aubo_ros2_ws/src/visual_pose_estimation/templates/1211242785/pose_4) by extension 'python_setup_py'
[0.234s] colcon.colcon_core.package_identification Level 1 _identify(aubo_ros2_ws/src/visual_pose_estimation/templates/1211242785/pose_4/debug) by extensions ['ignore', 'ignore_ament_install']
[0.234s] colcon.colcon_core.package_identification Level 1 _identify(aubo_ros2_ws/src/visual_pose_estimation/templates/1211242785/pose_4/debug) by extension 'ignore'
[0.234s] colcon.colcon_core.package_identification Level 1 _identify(aubo_ros2_ws/src/visual_pose_estimation/templates/1211242785/pose_4/debug) by extension 'ignore_ament_install'
[0.234s] colcon.colcon_core.package_identification Level 1 _identify(aubo_ros2_ws/src/visual_pose_estimation/templates/1211242785/pose_4/debug) by extensions ['colcon_pkg']
[0.234s] colcon.colcon_core.package_identification Level 1 _identify(aubo_ros2_ws/src/visual_pose_estimation/templates/1211242785/pose_4/debug) by extension 'colcon_pkg'
[0.234s] colcon.colcon_core.package_identification Level 1 _identify(aubo_ros2_ws/src/visual_pose_estimation/templates/1211242785/pose_4/debug) by extensions ['colcon_meta']
[0.234s] colcon.colcon_core.package_identification Level 1 _identify(aubo_ros2_ws/src/visual_pose_estimation/templates/1211242785/pose_4/debug) by extension 'colcon_meta'
[0.234s] colcon.colcon_core.package_identification Level 1 _identify(aubo_ros2_ws/src/visual_pose_estimation/templates/1211242785/pose_4/debug) by extensions ['ros']
[0.234s] colcon.colcon_core.package_identification Level 1 _identify(aubo_ros2_ws/src/visual_pose_estimation/templates/1211242785/pose_4/debug) by extension 'ros'
[0.234s] colcon.colcon_core.package_identification Level 1 _identify(aubo_ros2_ws/src/visual_pose_estimation/templates/1211242785/pose_4/debug) by extensions ['cmake', 'python']
[0.234s] colcon.colcon_core.package_identification Level 1 _identify(aubo_ros2_ws/src/visual_pose_estimation/templates/1211242785/pose_4/debug) by extension 'cmake'
[0.234s] colcon.colcon_core.package_identification Level 1 _identify(aubo_ros2_ws/src/visual_pose_estimation/templates/1211242785/pose_4/debug) by extension 'python'
[0.234s] colcon.colcon_core.package_identification Level 1 _identify(aubo_ros2_ws/src/visual_pose_estimation/templates/1211242785/pose_4/debug) by extensions ['python_setup_py']
[0.234s] colcon.colcon_core.package_identification Level 1 _identify(aubo_ros2_ws/src/visual_pose_estimation/templates/1211242785/pose_4/debug) by extension 'python_setup_py'
[0.234s] colcon.colcon_core.package_identification Level 1 _identify(aubo_ros2_ws/src/visual_pose_estimation/templates/1211242785/pose_5) by extensions ['ignore', 'ignore_ament_install']
[0.234s] colcon.colcon_core.package_identification Level 1 _identify(aubo_ros2_ws/src/visual_pose_estimation/templates/1211242785/pose_5) by extension 'ignore'
[0.234s] colcon.colcon_core.package_identification Level 1 _identify(aubo_ros2_ws/src/visual_pose_estimation/templates/1211242785/pose_5) by extension 'ignore_ament_install'
[0.234s] colcon.colcon_core.package_identification Level 1 _identify(aubo_ros2_ws/src/visual_pose_estimation/templates/1211242785/pose_5) by extensions ['colcon_pkg']
[0.234s] colcon.colcon_core.package_identification Level 1 _identify(aubo_ros2_ws/src/visual_pose_estimation/templates/1211242785/pose_5) by extension 'colcon_pkg'
[0.234s] colcon.colcon_core.package_identification Level 1 _identify(aubo_ros2_ws/src/visual_pose_estimation/templates/1211242785/pose_5) by extensions ['colcon_meta']
[0.234s] colcon.colcon_core.package_identification Level 1 _identify(aubo_ros2_ws/src/visual_pose_estimation/templates/1211242785/pose_5) by extension 'colcon_meta'
[0.234s] colcon.colcon_core.package_identification Level 1 _identify(aubo_ros2_ws/src/visual_pose_estimation/templates/1211242785/pose_5) by extensions ['ros']
[0.234s] colcon.colcon_core.package_identification Level 1 _identify(aubo_ros2_ws/src/visual_pose_estimation/templates/1211242785/pose_5) by extension 'ros'
[0.234s] colcon.colcon_core.package_identification Level 1 _identify(aubo_ros2_ws/src/visual_pose_estimation/templates/1211242785/pose_5) by extensions ['cmake', 'python']
[0.234s] colcon.colcon_core.package_identification Level 1 _identify(aubo_ros2_ws/src/visual_pose_estimation/templates/1211242785/pose_5) by extension 'cmake'
[0.234s] colcon.colcon_core.package_identification Level 1 _identify(aubo_ros2_ws/src/visual_pose_estimation/templates/1211242785/pose_5) by extension 'python'
[0.234s] colcon.colcon_core.package_identification Level 1 _identify(aubo_ros2_ws/src/visual_pose_estimation/templates/1211242785/pose_5) by extensions ['python_setup_py']
[0.234s] colcon.colcon_core.package_identification Level 1 _identify(aubo_ros2_ws/src/visual_pose_estimation/templates/1211242785/pose_5) by extension 'python_setup_py'
[0.235s] colcon.colcon_core.package_identification Level 1 _identify(aubo_ros2_ws/src/visual_pose_estimation/templates/1211242785/pose_5/debug) by extensions ['ignore', 'ignore_ament_install']
[0.235s] colcon.colcon_core.package_identification Level 1 _identify(aubo_ros2_ws/src/visual_pose_estimation/templates/1211242785/pose_5/debug) by extension 'ignore'
[0.235s] colcon.colcon_core.package_identification Level 1 _identify(aubo_ros2_ws/src/visual_pose_estimation/templates/1211242785/pose_5/debug) by extension 'ignore_ament_install'
[0.235s] colcon.colcon_core.package_identification Level 1 _identify(aubo_ros2_ws/src/visual_pose_estimation/templates/1211242785/pose_5/debug) by extensions ['colcon_pkg']
[0.235s] colcon.colcon_core.package_identification Level 1 _identify(aubo_ros2_ws/src/visual_pose_estimation/templates/1211242785/pose_5/debug) by extension 'colcon_pkg'
[0.235s] colcon.colcon_core.package_identification Level 1 _identify(aubo_ros2_ws/src/visual_pose_estimation/templates/1211242785/pose_5/debug) by extensions ['colcon_meta']
[0.235s] colcon.colcon_core.package_identification Level 1 _identify(aubo_ros2_ws/src/visual_pose_estimation/templates/1211242785/pose_5/debug) by extension 'colcon_meta'
[0.235s] colcon.colcon_core.package_identification Level 1 _identify(aubo_ros2_ws/src/visual_pose_estimation/templates/1211242785/pose_5/debug) by extensions ['ros']
[0.235s] colcon.colcon_core.package_identification Level 1 _identify(aubo_ros2_ws/src/visual_pose_estimation/templates/1211242785/pose_5/debug) by extension 'ros'
[0.235s] colcon.colcon_core.package_identification Level 1 _identify(aubo_ros2_ws/src/visual_pose_estimation/templates/1211242785/pose_5/debug) by extensions ['cmake', 'python']
[0.235s] colcon.colcon_core.package_identification Level 1 _identify(aubo_ros2_ws/src/visual_pose_estimation/templates/1211242785/pose_5/debug) by extension 'cmake'
[0.235s] colcon.colcon_core.package_identification Level 1 _identify(aubo_ros2_ws/src/visual_pose_estimation/templates/1211242785/pose_5/debug) by extension 'python'
[0.235s] colcon.colcon_core.package_identification Level 1 _identify(aubo_ros2_ws/src/visual_pose_estimation/templates/1211242785/pose_5/debug) by extensions ['python_setup_py']
[0.235s] colcon.colcon_core.package_identification Level 1 _identify(aubo_ros2_ws/src/visual_pose_estimation/templates/1211242785/pose_5/debug) by extension 'python_setup_py'
[0.235s] colcon.colcon_core.package_identification Level 1 _identify(aubo_ros2_ws/src/visual_pose_estimation/templates/1211242785/pose_6) by extensions ['ignore', 'ignore_ament_install']
[0.235s] colcon.colcon_core.package_identification Level 1 _identify(aubo_ros2_ws/src/visual_pose_estimation/templates/1211242785/pose_6) by extension 'ignore'
[0.235s] colcon.colcon_core.package_identification Level 1 _identify(aubo_ros2_ws/src/visual_pose_estimation/templates/1211242785/pose_6) by extension 'ignore_ament_install'
[0.235s] colcon.colcon_core.package_identification Level 1 _identify(aubo_ros2_ws/src/visual_pose_estimation/templates/1211242785/pose_6) by extensions ['colcon_pkg']
[0.235s] colcon.colcon_core.package_identification Level 1 _identify(aubo_ros2_ws/src/visual_pose_estimation/templates/1211242785/pose_6) by extension 'colcon_pkg'
[0.235s] colcon.colcon_core.package_identification Level 1 _identify(aubo_ros2_ws/src/visual_pose_estimation/templates/1211242785/pose_6) by extensions ['colcon_meta']
[0.235s] colcon.colcon_core.package_identification Level 1 _identify(aubo_ros2_ws/src/visual_pose_estimation/templates/1211242785/pose_6) by extension 'colcon_meta'
[0.235s] colcon.colcon_core.package_identification Level 1 _identify(aubo_ros2_ws/src/visual_pose_estimation/templates/1211242785/pose_6) by extensions ['ros']
[0.235s] colcon.colcon_core.package_identification Level 1 _identify(aubo_ros2_ws/src/visual_pose_estimation/templates/1211242785/pose_6) by extension 'ros'
[0.235s] colcon.colcon_core.package_identification Level 1 _identify(aubo_ros2_ws/src/visual_pose_estimation/templates/1211242785/pose_6) by extensions ['cmake', 'python']
[0.235s] colcon.colcon_core.package_identification Level 1 _identify(aubo_ros2_ws/src/visual_pose_estimation/templates/1211242785/pose_6) by extension 'cmake'
[0.235s] colcon.colcon_core.package_identification Level 1 _identify(aubo_ros2_ws/src/visual_pose_estimation/templates/1211242785/pose_6) by extension 'python'
[0.235s] colcon.colcon_core.package_identification Level 1 _identify(aubo_ros2_ws/src/visual_pose_estimation/templates/1211242785/pose_6) by extensions ['python_setup_py']
[0.235s] colcon.colcon_core.package_identification Level 1 _identify(aubo_ros2_ws/src/visual_pose_estimation/templates/1211242785/pose_6) by extension 'python_setup_py'
[0.235s] colcon.colcon_core.package_identification Level 1 _identify(aubo_ros2_ws/src/visual_pose_estimation/templates/1211242785/pose_6/debug) by extensions ['ignore', 'ignore_ament_install']
[0.235s] colcon.colcon_core.package_identification Level 1 _identify(aubo_ros2_ws/src/visual_pose_estimation/templates/1211242785/pose_6/debug) by extension 'ignore'
[0.235s] colcon.colcon_core.package_identification Level 1 _identify(aubo_ros2_ws/src/visual_pose_estimation/templates/1211242785/pose_6/debug) by extension 'ignore_ament_install'
[0.235s] colcon.colcon_core.package_identification Level 1 _identify(aubo_ros2_ws/src/visual_pose_estimation/templates/1211242785/pose_6/debug) by extensions ['colcon_pkg']
[0.235s] colcon.colcon_core.package_identification Level 1 _identify(aubo_ros2_ws/src/visual_pose_estimation/templates/1211242785/pose_6/debug) by extension 'colcon_pkg'
[0.235s] colcon.colcon_core.package_identification Level 1 _identify(aubo_ros2_ws/src/visual_pose_estimation/templates/1211242785/pose_6/debug) by extensions ['colcon_meta']
[0.235s] colcon.colcon_core.package_identification Level 1 _identify(aubo_ros2_ws/src/visual_pose_estimation/templates/1211242785/pose_6/debug) by extension 'colcon_meta'
[0.235s] colcon.colcon_core.package_identification Level 1 _identify(aubo_ros2_ws/src/visual_pose_estimation/templates/1211242785/pose_6/debug) by extensions ['ros']
[0.235s] colcon.colcon_core.package_identification Level 1 _identify(aubo_ros2_ws/src/visual_pose_estimation/templates/1211242785/pose_6/debug) by extension 'ros'
[0.235s] colcon.colcon_core.package_identification Level 1 _identify(aubo_ros2_ws/src/visual_pose_estimation/templates/1211242785/pose_6/debug) by extensions ['cmake', 'python']
[0.235s] colcon.colcon_core.package_identification Level 1 _identify(aubo_ros2_ws/src/visual_pose_estimation/templates/1211242785/pose_6/debug) by extension 'cmake'
[0.235s] colcon.colcon_core.package_identification Level 1 _identify(aubo_ros2_ws/src/visual_pose_estimation/templates/1211242785/pose_6/debug) by extension 'python'
[0.235s] colcon.colcon_core.package_identification Level 1 _identify(aubo_ros2_ws/src/visual_pose_estimation/templates/1211242785/pose_6/debug) by extensions ['python_setup_py']
[0.235s] colcon.colcon_core.package_identification Level 1 _identify(aubo_ros2_ws/src/visual_pose_estimation/templates/1211242785/pose_6/debug) by extension 'python_setup_py'
[0.235s] colcon.colcon_core.package_identification Level 1 _identify(aubo_ros2_ws/src/visual_pose_estimation/templates/2211242785) by extensions ['ignore', 'ignore_ament_install']
[0.235s] colcon.colcon_core.package_identification Level 1 _identify(aubo_ros2_ws/src/visual_pose_estimation/templates/2211242785) by extension 'ignore'
[0.235s] colcon.colcon_core.package_identification Level 1 _identify(aubo_ros2_ws/src/visual_pose_estimation/templates/2211242785) by extension 'ignore_ament_install'
[0.235s] colcon.colcon_core.package_identification Level 1 _identify(aubo_ros2_ws/src/visual_pose_estimation/templates/2211242785) by extensions ['colcon_pkg']
[0.235s] colcon.colcon_core.package_identification Level 1 _identify(aubo_ros2_ws/src/visual_pose_estimation/templates/2211242785) by extension 'colcon_pkg'
[0.235s] colcon.colcon_core.package_identification Level 1 _identify(aubo_ros2_ws/src/visual_pose_estimation/templates/2211242785) by extensions ['colcon_meta']
[0.235s] colcon.colcon_core.package_identification Level 1 _identify(aubo_ros2_ws/src/visual_pose_estimation/templates/2211242785) by extension 'colcon_meta'
[0.235s] colcon.colcon_core.package_identification Level 1 _identify(aubo_ros2_ws/src/visual_pose_estimation/templates/2211242785) by extensions ['ros']
[0.235s] colcon.colcon_core.package_identification Level 1 _identify(aubo_ros2_ws/src/visual_pose_estimation/templates/2211242785) by extension 'ros'
[0.235s] colcon.colcon_core.package_identification Level 1 _identify(aubo_ros2_ws/src/visual_pose_estimation/templates/2211242785) by extensions ['cmake', 'python']
[0.236s] colcon.colcon_core.package_identification Level 1 _identify(aubo_ros2_ws/src/visual_pose_estimation/templates/2211242785) by extension 'cmake'
[0.236s] colcon.colcon_core.package_identification Level 1 _identify(aubo_ros2_ws/src/visual_pose_estimation/templates/2211242785) by extension 'python'
[0.236s] colcon.colcon_core.package_identification Level 1 _identify(aubo_ros2_ws/src/visual_pose_estimation/templates/2211242785) by extensions ['python_setup_py']
[0.236s] colcon.colcon_core.package_identification Level 1 _identify(aubo_ros2_ws/src/visual_pose_estimation/templates/2211242785) by extension 'python_setup_py'
[0.236s] colcon.colcon_core.package_identification Level 1 _identify(aubo_ros2_ws/src/visual_pose_estimation/templates/2211242785/pose_1) by extensions ['ignore', 'ignore_ament_install']
[0.236s] colcon.colcon_core.package_identification Level 1 _identify(aubo_ros2_ws/src/visual_pose_estimation/templates/2211242785/pose_1) by extension 'ignore'
[0.236s] colcon.colcon_core.package_identification Level 1 _identify(aubo_ros2_ws/src/visual_pose_estimation/templates/2211242785/pose_1) by extension 'ignore_ament_install'
[0.236s] colcon.colcon_core.package_identification Level 1 _identify(aubo_ros2_ws/src/visual_pose_estimation/templates/2211242785/pose_1) by extensions ['colcon_pkg']
[0.236s] colcon.colcon_core.package_identification Level 1 _identify(aubo_ros2_ws/src/visual_pose_estimation/templates/2211242785/pose_1) by extension 'colcon_pkg'
[0.236s] colcon.colcon_core.package_identification Level 1 _identify(aubo_ros2_ws/src/visual_pose_estimation/templates/2211242785/pose_1) by extensions ['colcon_meta']
[0.236s] colcon.colcon_core.package_identification Level 1 _identify(aubo_ros2_ws/src/visual_pose_estimation/templates/2211242785/pose_1) by extension 'colcon_meta'
[0.236s] colcon.colcon_core.package_identification Level 1 _identify(aubo_ros2_ws/src/visual_pose_estimation/templates/2211242785/pose_1) by extensions ['ros']
[0.236s] colcon.colcon_core.package_identification Level 1 _identify(aubo_ros2_ws/src/visual_pose_estimation/templates/2211242785/pose_1) by extension 'ros'
[0.236s] colcon.colcon_core.package_identification Level 1 _identify(aubo_ros2_ws/src/visual_pose_estimation/templates/2211242785/pose_1) by extensions ['cmake', 'python']
[0.236s] colcon.colcon_core.package_identification Level 1 _identify(aubo_ros2_ws/src/visual_pose_estimation/templates/2211242785/pose_1) by extension 'cmake'
[0.236s] colcon.colcon_core.package_identification Level 1 _identify(aubo_ros2_ws/src/visual_pose_estimation/templates/2211242785/pose_1) by extension 'python'
[0.236s] colcon.colcon_core.package_identification Level 1 _identify(aubo_ros2_ws/src/visual_pose_estimation/templates/2211242785/pose_1) by extensions ['python_setup_py']
[0.236s] colcon.colcon_core.package_identification Level 1 _identify(aubo_ros2_ws/src/visual_pose_estimation/templates/2211242785/pose_1) by extension 'python_setup_py'
[0.236s] colcon.colcon_core.package_identification Level 1 _identify(aubo_ros2_ws/src/visual_pose_estimation/templates/2211242785/pose_1/debug) by extensions ['ignore', 'ignore_ament_install']
[0.236s] colcon.colcon_core.package_identification Level 1 _identify(aubo_ros2_ws/src/visual_pose_estimation/templates/2211242785/pose_1/debug) by extension 'ignore'
[0.236s] colcon.colcon_core.package_identification Level 1 _identify(aubo_ros2_ws/src/visual_pose_estimation/templates/2211242785/pose_1/debug) by extension 'ignore_ament_install'
[0.236s] colcon.colcon_core.package_identification Level 1 _identify(aubo_ros2_ws/src/visual_pose_estimation/templates/2211242785/pose_1/debug) by extensions ['colcon_pkg']
[0.236s] colcon.colcon_core.package_identification Level 1 _identify(aubo_ros2_ws/src/visual_pose_estimation/templates/2211242785/pose_1/debug) by extension 'colcon_pkg'
[0.236s] colcon.colcon_core.package_identification Level 1 _identify(aubo_ros2_ws/src/visual_pose_estimation/templates/2211242785/pose_1/debug) by extensions ['colcon_meta']
[0.236s] colcon.colcon_core.package_identification Level 1 _identify(aubo_ros2_ws/src/visual_pose_estimation/templates/2211242785/pose_1/debug) by extension 'colcon_meta'
[0.236s] colcon.colcon_core.package_identification Level 1 _identify(aubo_ros2_ws/src/visual_pose_estimation/templates/2211242785/pose_1/debug) by extensions ['ros']
[0.236s] colcon.colcon_core.package_identification Level 1 _identify(aubo_ros2_ws/src/visual_pose_estimation/templates/2211242785/pose_1/debug) by extension 'ros'
[0.236s] colcon.colcon_core.package_identification Level 1 _identify(aubo_ros2_ws/src/visual_pose_estimation/templates/2211242785/pose_1/debug) by extensions ['cmake', 'python']
[0.236s] colcon.colcon_core.package_identification Level 1 _identify(aubo_ros2_ws/src/visual_pose_estimation/templates/2211242785/pose_1/debug) by extension 'cmake'
[0.236s] colcon.colcon_core.package_identification Level 1 _identify(aubo_ros2_ws/src/visual_pose_estimation/templates/2211242785/pose_1/debug) by extension 'python'
[0.236s] colcon.colcon_core.package_identification Level 1 _identify(aubo_ros2_ws/src/visual_pose_estimation/templates/2211242785/pose_1/debug) by extensions ['python_setup_py']
[0.236s] colcon.colcon_core.package_identification Level 1 _identify(aubo_ros2_ws/src/visual_pose_estimation/templates/2211242785/pose_1/debug) by extension 'python_setup_py'
[0.236s] colcon.colcon_core.package_identification Level 1 _identify(aubo_ros2_ws/src/visual_pose_estimation/templates/2211242785/pose_2) by extensions ['ignore', 'ignore_ament_install']
[0.236s] colcon.colcon_core.package_identification Level 1 _identify(aubo_ros2_ws/src/visual_pose_estimation/templates/2211242785/pose_2) by extension 'ignore'
[0.236s] colcon.colcon_core.package_identification Level 1 _identify(aubo_ros2_ws/src/visual_pose_estimation/templates/2211242785/pose_2) by extension 'ignore_ament_install'
[0.236s] colcon.colcon_core.package_identification Level 1 _identify(aubo_ros2_ws/src/visual_pose_estimation/templates/2211242785/pose_2) by extensions ['colcon_pkg']
[0.236s] colcon.colcon_core.package_identification Level 1 _identify(aubo_ros2_ws/src/visual_pose_estimation/templates/2211242785/pose_2) by extension 'colcon_pkg'
[0.236s] colcon.colcon_core.package_identification Level 1 _identify(aubo_ros2_ws/src/visual_pose_estimation/templates/2211242785/pose_2) by extensions ['colcon_meta']
[0.236s] colcon.colcon_core.package_identification Level 1 _identify(aubo_ros2_ws/src/visual_pose_estimation/templates/2211242785/pose_2) by extension 'colcon_meta'
[0.236s] colcon.colcon_core.package_identification Level 1 _identify(aubo_ros2_ws/src/visual_pose_estimation/templates/2211242785/pose_2) by extensions ['ros']
[0.236s] colcon.colcon_core.package_identification Level 1 _identify(aubo_ros2_ws/src/visual_pose_estimation/templates/2211242785/pose_2) by extension 'ros'
[0.236s] colcon.colcon_core.package_identification Level 1 _identify(aubo_ros2_ws/src/visual_pose_estimation/templates/2211242785/pose_2) by extensions ['cmake', 'python']
[0.236s] colcon.colcon_core.package_identification Level 1 _identify(aubo_ros2_ws/src/visual_pose_estimation/templates/2211242785/pose_2) by extension 'cmake'
[0.236s] colcon.colcon_core.package_identification Level 1 _identify(aubo_ros2_ws/src/visual_pose_estimation/templates/2211242785/pose_2) by extension 'python'
[0.236s] colcon.colcon_core.package_identification Level 1 _identify(aubo_ros2_ws/src/visual_pose_estimation/templates/2211242785/pose_2) by extensions ['python_setup_py']
[0.236s] colcon.colcon_core.package_identification Level 1 _identify(aubo_ros2_ws/src/visual_pose_estimation/templates/2211242785/pose_2) by extension 'python_setup_py'
[0.236s] colcon.colcon_core.package_identification Level 1 _identify(aubo_ros2_ws/src/visual_pose_estimation/templates/2211242785/pose_2/debug) by extensions ['ignore', 'ignore_ament_install']
[0.236s] colcon.colcon_core.package_identification Level 1 _identify(aubo_ros2_ws/src/visual_pose_estimation/templates/2211242785/pose_2/debug) by extension 'ignore'
[0.236s] colcon.colcon_core.package_identification Level 1 _identify(aubo_ros2_ws/src/visual_pose_estimation/templates/2211242785/pose_2/debug) by extension 'ignore_ament_install'
[0.236s] colcon.colcon_core.package_identification Level 1 _identify(aubo_ros2_ws/src/visual_pose_estimation/templates/2211242785/pose_2/debug) by extensions ['colcon_pkg']
[0.236s] colcon.colcon_core.package_identification Level 1 _identify(aubo_ros2_ws/src/visual_pose_estimation/templates/2211242785/pose_2/debug) by extension 'colcon_pkg'
[0.236s] colcon.colcon_core.package_identification Level 1 _identify(aubo_ros2_ws/src/visual_pose_estimation/templates/2211242785/pose_2/debug) by extensions ['colcon_meta']
[0.236s] colcon.colcon_core.package_identification Level 1 _identify(aubo_ros2_ws/src/visual_pose_estimation/templates/2211242785/pose_2/debug) by extension 'colcon_meta'
[0.237s] colcon.colcon_core.package_identification Level 1 _identify(aubo_ros2_ws/src/visual_pose_estimation/templates/2211242785/pose_2/debug) by extensions ['ros']
[0.237s] colcon.colcon_core.package_identification Level 1 _identify(aubo_ros2_ws/src/visual_pose_estimation/templates/2211242785/pose_2/debug) by extension 'ros'
[0.237s] colcon.colcon_core.package_identification Level 1 _identify(aubo_ros2_ws/src/visual_pose_estimation/templates/2211242785/pose_2/debug) by extensions ['cmake', 'python']
[0.237s] colcon.colcon_core.package_identification Level 1 _identify(aubo_ros2_ws/src/visual_pose_estimation/templates/2211242785/pose_2/debug) by extension 'cmake'
[0.237s] colcon.colcon_core.package_identification Level 1 _identify(aubo_ros2_ws/src/visual_pose_estimation/templates/2211242785/pose_2/debug) by extension 'python'
[0.237s] colcon.colcon_core.package_identification Level 1 _identify(aubo_ros2_ws/src/visual_pose_estimation/templates/2211242785/pose_2/debug) by extensions ['python_setup_py']
[0.237s] colcon.colcon_core.package_identification Level 1 _identify(aubo_ros2_ws/src/visual_pose_estimation/templates/2211242785/pose_2/debug) by extension 'python_setup_py'
[0.237s] colcon.colcon_core.package_identification Level 1 _identify(aubo_ros2_ws/src/visual_pose_estimation/templates/2211242785/pose_3) by extensions ['ignore', 'ignore_ament_install']
[0.237s] colcon.colcon_core.package_identification Level 1 _identify(aubo_ros2_ws/src/visual_pose_estimation/templates/2211242785/pose_3) by extension 'ignore'
[0.237s] colcon.colcon_core.package_identification Level 1 _identify(aubo_ros2_ws/src/visual_pose_estimation/templates/2211242785/pose_3) by extension 'ignore_ament_install'
[0.237s] colcon.colcon_core.package_identification Level 1 _identify(aubo_ros2_ws/src/visual_pose_estimation/templates/2211242785/pose_3) by extensions ['colcon_pkg']
[0.237s] colcon.colcon_core.package_identification Level 1 _identify(aubo_ros2_ws/src/visual_pose_estimation/templates/2211242785/pose_3) by extension 'colcon_pkg'
[0.237s] colcon.colcon_core.package_identification Level 1 _identify(aubo_ros2_ws/src/visual_pose_estimation/templates/2211242785/pose_3) by extensions ['colcon_meta']
[0.237s] colcon.colcon_core.package_identification Level 1 _identify(aubo_ros2_ws/src/visual_pose_estimation/templates/2211242785/pose_3) by extension 'colcon_meta'
[0.237s] colcon.colcon_core.package_identification Level 1 _identify(aubo_ros2_ws/src/visual_pose_estimation/templates/2211242785/pose_3) by extensions ['ros']
[0.237s] colcon.colcon_core.package_identification Level 1 _identify(aubo_ros2_ws/src/visual_pose_estimation/templates/2211242785/pose_3) by extension 'ros'
[0.237s] colcon.colcon_core.package_identification Level 1 _identify(aubo_ros2_ws/src/visual_pose_estimation/templates/2211242785/pose_3) by extensions ['cmake', 'python']
[0.237s] colcon.colcon_core.package_identification Level 1 _identify(aubo_ros2_ws/src/visual_pose_estimation/templates/2211242785/pose_3) by extension 'cmake'
[0.237s] colcon.colcon_core.package_identification Level 1 _identify(aubo_ros2_ws/src/visual_pose_estimation/templates/2211242785/pose_3) by extension 'python'
[0.237s] colcon.colcon_core.package_identification Level 1 _identify(aubo_ros2_ws/src/visual_pose_estimation/templates/2211242785/pose_3) by extensions ['python_setup_py']
[0.237s] colcon.colcon_core.package_identification Level 1 _identify(aubo_ros2_ws/src/visual_pose_estimation/templates/2211242785/pose_3) by extension 'python_setup_py'
[0.237s] colcon.colcon_core.package_identification Level 1 _identify(aubo_ros2_ws/src/visual_pose_estimation/templates/2211242785/pose_3/debug) by extensions ['ignore', 'ignore_ament_install']
[0.237s] colcon.colcon_core.package_identification Level 1 _identify(aubo_ros2_ws/src/visual_pose_estimation/templates/2211242785/pose_3/debug) by extension 'ignore'
[0.237s] colcon.colcon_core.package_identification Level 1 _identify(aubo_ros2_ws/src/visual_pose_estimation/templates/2211242785/pose_3/debug) by extension 'ignore_ament_install'
[0.237s] colcon.colcon_core.package_identification Level 1 _identify(aubo_ros2_ws/src/visual_pose_estimation/templates/2211242785/pose_3/debug) by extensions ['colcon_pkg']
[0.237s] colcon.colcon_core.package_identification Level 1 _identify(aubo_ros2_ws/src/visual_pose_estimation/templates/2211242785/pose_3/debug) by extension 'colcon_pkg'
[0.237s] colcon.colcon_core.package_identification Level 1 _identify(aubo_ros2_ws/src/visual_pose_estimation/templates/2211242785/pose_3/debug) by extensions ['colcon_meta']
[0.237s] colcon.colcon_core.package_identification Level 1 _identify(aubo_ros2_ws/src/visual_pose_estimation/templates/2211242785/pose_3/debug) by extension 'colcon_meta'
[0.237s] colcon.colcon_core.package_identification Level 1 _identify(aubo_ros2_ws/src/visual_pose_estimation/templates/2211242785/pose_3/debug) by extensions ['ros']
[0.237s] colcon.colcon_core.package_identification Level 1 _identify(aubo_ros2_ws/src/visual_pose_estimation/templates/2211242785/pose_3/debug) by extension 'ros'
[0.237s] colcon.colcon_core.package_identification Level 1 _identify(aubo_ros2_ws/src/visual_pose_estimation/templates/2211242785/pose_3/debug) by extensions ['cmake', 'python']
[0.237s] colcon.colcon_core.package_identification Level 1 _identify(aubo_ros2_ws/src/visual_pose_estimation/templates/2211242785/pose_3/debug) by extension 'cmake'
[0.237s] colcon.colcon_core.package_identification Level 1 _identify(aubo_ros2_ws/src/visual_pose_estimation/templates/2211242785/pose_3/debug) by extension 'python'
[0.237s] colcon.colcon_core.package_identification Level 1 _identify(aubo_ros2_ws/src/visual_pose_estimation/templates/2211242785/pose_3/debug) by extensions ['python_setup_py']
[0.237s] colcon.colcon_core.package_identification Level 1 _identify(aubo_ros2_ws/src/visual_pose_estimation/templates/2211242785/pose_3/debug) by extension 'python_setup_py'
[0.237s] colcon.colcon_core.package_identification Level 1 _identify(aubo_ros2_ws/src/visual_pose_estimation/templates/2211242785/pose_4) by extensions ['ignore', 'ignore_ament_install']
[0.237s] colcon.colcon_core.package_identification Level 1 _identify(aubo_ros2_ws/src/visual_pose_estimation/templates/2211242785/pose_4) by extension 'ignore'
[0.237s] colcon.colcon_core.package_identification Level 1 _identify(aubo_ros2_ws/src/visual_pose_estimation/templates/2211242785/pose_4) by extension 'ignore_ament_install'
[0.237s] colcon.colcon_core.package_identification Level 1 _identify(aubo_ros2_ws/src/visual_pose_estimation/templates/2211242785/pose_4) by extensions ['colcon_pkg']
[0.237s] colcon.colcon_core.package_identification Level 1 _identify(aubo_ros2_ws/src/visual_pose_estimation/templates/2211242785/pose_4) by extension 'colcon_pkg'
[0.237s] colcon.colcon_core.package_identification Level 1 _identify(aubo_ros2_ws/src/visual_pose_estimation/templates/2211242785/pose_4) by extensions ['colcon_meta']
[0.237s] colcon.colcon_core.package_identification Level 1 _identify(aubo_ros2_ws/src/visual_pose_estimation/templates/2211242785/pose_4) by extension 'colcon_meta'
[0.237s] colcon.colcon_core.package_identification Level 1 _identify(aubo_ros2_ws/src/visual_pose_estimation/templates/2211242785/pose_4) by extensions ['ros']
[0.237s] colcon.colcon_core.package_identification Level 1 _identify(aubo_ros2_ws/src/visual_pose_estimation/templates/2211242785/pose_4) by extension 'ros'
[0.237s] colcon.colcon_core.package_identification Level 1 _identify(aubo_ros2_ws/src/visual_pose_estimation/templates/2211242785/pose_4) by extensions ['cmake', 'python']
[0.237s] colcon.colcon_core.package_identification Level 1 _identify(aubo_ros2_ws/src/visual_pose_estimation/templates/2211242785/pose_4) by extension 'cmake'
[0.237s] colcon.colcon_core.package_identification Level 1 _identify(aubo_ros2_ws/src/visual_pose_estimation/templates/2211242785/pose_4) by extension 'python'
[0.237s] colcon.colcon_core.package_identification Level 1 _identify(aubo_ros2_ws/src/visual_pose_estimation/templates/2211242785/pose_4) by extensions ['python_setup_py']
[0.237s] colcon.colcon_core.package_identification Level 1 _identify(aubo_ros2_ws/src/visual_pose_estimation/templates/2211242785/pose_4) by extension 'python_setup_py'
[0.237s] colcon.colcon_core.package_identification Level 1 _identify(aubo_ros2_ws/src/visual_pose_estimation/templates/2211242785/pose_4/debug) by extensions ['ignore', 'ignore_ament_install']
[0.238s] colcon.colcon_core.package_identification Level 1 _identify(aubo_ros2_ws/src/visual_pose_estimation/templates/2211242785/pose_4/debug) by extension 'ignore'
[0.238s] colcon.colcon_core.package_identification Level 1 _identify(aubo_ros2_ws/src/visual_pose_estimation/templates/2211242785/pose_4/debug) by extension 'ignore_ament_install'
[0.238s] colcon.colcon_core.package_identification Level 1 _identify(aubo_ros2_ws/src/visual_pose_estimation/templates/2211242785/pose_4/debug) by extensions ['colcon_pkg']
[0.238s] colcon.colcon_core.package_identification Level 1 _identify(aubo_ros2_ws/src/visual_pose_estimation/templates/2211242785/pose_4/debug) by extension 'colcon_pkg'
[0.238s] colcon.colcon_core.package_identification Level 1 _identify(aubo_ros2_ws/src/visual_pose_estimation/templates/2211242785/pose_4/debug) by extensions ['colcon_meta']
[0.238s] colcon.colcon_core.package_identification Level 1 _identify(aubo_ros2_ws/src/visual_pose_estimation/templates/2211242785/pose_4/debug) by extension 'colcon_meta'
[0.238s] colcon.colcon_core.package_identification Level 1 _identify(aubo_ros2_ws/src/visual_pose_estimation/templates/2211242785/pose_4/debug) by extensions ['ros']
[0.238s] colcon.colcon_core.package_identification Level 1 _identify(aubo_ros2_ws/src/visual_pose_estimation/templates/2211242785/pose_4/debug) by extension 'ros'
[0.238s] colcon.colcon_core.package_identification Level 1 _identify(aubo_ros2_ws/src/visual_pose_estimation/templates/2211242785/pose_4/debug) by extensions ['cmake', 'python']
[0.238s] colcon.colcon_core.package_identification Level 1 _identify(aubo_ros2_ws/src/visual_pose_estimation/templates/2211242785/pose_4/debug) by extension 'cmake'
[0.238s] colcon.colcon_core.package_identification Level 1 _identify(aubo_ros2_ws/src/visual_pose_estimation/templates/2211242785/pose_4/debug) by extension 'python'
[0.238s] colcon.colcon_core.package_identification Level 1 _identify(aubo_ros2_ws/src/visual_pose_estimation/templates/2211242785/pose_4/debug) by extensions ['python_setup_py']
[0.238s] colcon.colcon_core.package_identification Level 1 _identify(aubo_ros2_ws/src/visual_pose_estimation/templates/2211242785/pose_4/debug) by extension 'python_setup_py'
[0.238s] colcon.colcon_core.package_identification Level 1 _identify(aubo_ros2_ws/src/visual_pose_estimation/templates/2211242785/pose_5) by extensions ['ignore', 'ignore_ament_install']
[0.238s] colcon.colcon_core.package_identification Level 1 _identify(aubo_ros2_ws/src/visual_pose_estimation/templates/2211242785/pose_5) by extension 'ignore'
[0.238s] colcon.colcon_core.package_identification Level 1 _identify(aubo_ros2_ws/src/visual_pose_estimation/templates/2211242785/pose_5) by extension 'ignore_ament_install'
[0.238s] colcon.colcon_core.package_identification Level 1 _identify(aubo_ros2_ws/src/visual_pose_estimation/templates/2211242785/pose_5) by extensions ['colcon_pkg']
[0.238s] colcon.colcon_core.package_identification Level 1 _identify(aubo_ros2_ws/src/visual_pose_estimation/templates/2211242785/pose_5) by extension 'colcon_pkg'
[0.238s] colcon.colcon_core.package_identification Level 1 _identify(aubo_ros2_ws/src/visual_pose_estimation/templates/2211242785/pose_5) by extensions ['colcon_meta']
[0.238s] colcon.colcon_core.package_identification Level 1 _identify(aubo_ros2_ws/src/visual_pose_estimation/templates/2211242785/pose_5) by extension 'colcon_meta'
[0.238s] colcon.colcon_core.package_identification Level 1 _identify(aubo_ros2_ws/src/visual_pose_estimation/templates/2211242785/pose_5) by extensions ['ros']
[0.238s] colcon.colcon_core.package_identification Level 1 _identify(aubo_ros2_ws/src/visual_pose_estimation/templates/2211242785/pose_5) by extension 'ros'
[0.238s] colcon.colcon_core.package_identification Level 1 _identify(aubo_ros2_ws/src/visual_pose_estimation/templates/2211242785/pose_5) by extensions ['cmake', 'python']
[0.238s] colcon.colcon_core.package_identification Level 1 _identify(aubo_ros2_ws/src/visual_pose_estimation/templates/2211242785/pose_5) by extension 'cmake'
[0.238s] colcon.colcon_core.package_identification Level 1 _identify(aubo_ros2_ws/src/visual_pose_estimation/templates/2211242785/pose_5) by extension 'python'
[0.238s] colcon.colcon_core.package_identification Level 1 _identify(aubo_ros2_ws/src/visual_pose_estimation/templates/2211242785/pose_5) by extensions ['python_setup_py']
[0.238s] colcon.colcon_core.package_identification Level 1 _identify(aubo_ros2_ws/src/visual_pose_estimation/templates/2211242785/pose_5) by extension 'python_setup_py'
[0.238s] colcon.colcon_core.package_identification Level 1 _identify(aubo_ros2_ws/src/visual_pose_estimation/templates/2211242785/pose_5/debug) by extensions ['ignore', 'ignore_ament_install']
[0.238s] colcon.colcon_core.package_identification Level 1 _identify(aubo_ros2_ws/src/visual_pose_estimation/templates/2211242785/pose_5/debug) by extension 'ignore'
[0.238s] colcon.colcon_core.package_identification Level 1 _identify(aubo_ros2_ws/src/visual_pose_estimation/templates/2211242785/pose_5/debug) by extension 'ignore_ament_install'
[0.238s] colcon.colcon_core.package_identification Level 1 _identify(aubo_ros2_ws/src/visual_pose_estimation/templates/2211242785/pose_5/debug) by extensions ['colcon_pkg']
[0.238s] colcon.colcon_core.package_identification Level 1 _identify(aubo_ros2_ws/src/visual_pose_estimation/templates/2211242785/pose_5/debug) by extension 'colcon_pkg'
[0.238s] colcon.colcon_core.package_identification Level 1 _identify(aubo_ros2_ws/src/visual_pose_estimation/templates/2211242785/pose_5/debug) by extensions ['colcon_meta']
[0.238s] colcon.colcon_core.package_identification Level 1 _identify(aubo_ros2_ws/src/visual_pose_estimation/templates/2211242785/pose_5/debug) by extension 'colcon_meta'
[0.238s] colcon.colcon_core.package_identification Level 1 _identify(aubo_ros2_ws/src/visual_pose_estimation/templates/2211242785/pose_5/debug) by extensions ['ros']
[0.238s] colcon.colcon_core.package_identification Level 1 _identify(aubo_ros2_ws/src/visual_pose_estimation/templates/2211242785/pose_5/debug) by extension 'ros'
[0.238s] colcon.colcon_core.package_identification Level 1 _identify(aubo_ros2_ws/src/visual_pose_estimation/templates/2211242785/pose_5/debug) by extensions ['cmake', 'python']
[0.238s] colcon.colcon_core.package_identification Level 1 _identify(aubo_ros2_ws/src/visual_pose_estimation/templates/2211242785/pose_5/debug) by extension 'cmake'
[0.238s] colcon.colcon_core.package_identification Level 1 _identify(aubo_ros2_ws/src/visual_pose_estimation/templates/2211242785/pose_5/debug) by extension 'python'
[0.238s] colcon.colcon_core.package_identification Level 1 _identify(aubo_ros2_ws/src/visual_pose_estimation/templates/2211242785/pose_5/debug) by extensions ['python_setup_py']
[0.238s] colcon.colcon_core.package_identification Level 1 _identify(aubo_ros2_ws/src/visual_pose_estimation/templates/2211242785/pose_5/debug) by extension 'python_setup_py'
[0.238s] colcon.colcon_core.package_identification Level 1 _identify(aubo_ros2_ws/src/visual_pose_estimation/templates/3211242785) by extensions ['ignore', 'ignore_ament_install']
[0.238s] colcon.colcon_core.package_identification Level 1 _identify(aubo_ros2_ws/src/visual_pose_estimation/templates/3211242785) by extension 'ignore'
[0.238s] colcon.colcon_core.package_identification Level 1 _identify(aubo_ros2_ws/src/visual_pose_estimation/templates/3211242785) by extension 'ignore_ament_install'
[0.238s] colcon.colcon_core.package_identification Level 1 _identify(aubo_ros2_ws/src/visual_pose_estimation/templates/3211242785) by extensions ['colcon_pkg']
[0.238s] colcon.colcon_core.package_identification Level 1 _identify(aubo_ros2_ws/src/visual_pose_estimation/templates/3211242785) by extension 'colcon_pkg'
[0.238s] colcon.colcon_core.package_identification Level 1 _identify(aubo_ros2_ws/src/visual_pose_estimation/templates/3211242785) by extensions ['colcon_meta']
[0.238s] colcon.colcon_core.package_identification Level 1 _identify(aubo_ros2_ws/src/visual_pose_estimation/templates/3211242785) by extension 'colcon_meta'
[0.238s] colcon.colcon_core.package_identification Level 1 _identify(aubo_ros2_ws/src/visual_pose_estimation/templates/3211242785) by extensions ['ros']
[0.238s] colcon.colcon_core.package_identification Level 1 _identify(aubo_ros2_ws/src/visual_pose_estimation/templates/3211242785) by extension 'ros'
[0.238s] colcon.colcon_core.package_identification Level 1 _identify(aubo_ros2_ws/src/visual_pose_estimation/templates/3211242785) by extensions ['cmake', 'python']
[0.238s] colcon.colcon_core.package_identification Level 1 _identify(aubo_ros2_ws/src/visual_pose_estimation/templates/3211242785) by extension 'cmake'
[0.238s] colcon.colcon_core.package_identification Level 1 _identify(aubo_ros2_ws/src/visual_pose_estimation/templates/3211242785) by extension 'python'
[0.238s] colcon.colcon_core.package_identification Level 1 _identify(aubo_ros2_ws/src/visual_pose_estimation/templates/3211242785) by extensions ['python_setup_py']
[0.239s] colcon.colcon_core.package_identification Level 1 _identify(aubo_ros2_ws/src/visual_pose_estimation/templates/3211242785) by extension 'python_setup_py'
[0.239s] colcon.colcon_core.package_identification Level 1 _identify(aubo_ros2_ws/src/visual_pose_estimation/templates/3211242785/pose_2) by extensions ['ignore', 'ignore_ament_install']
[0.239s] colcon.colcon_core.package_identification Level 1 _identify(aubo_ros2_ws/src/visual_pose_estimation/templates/3211242785/pose_2) by extension 'ignore'
[0.239s] colcon.colcon_core.package_identification Level 1 _identify(aubo_ros2_ws/src/visual_pose_estimation/templates/3211242785/pose_2) by extension 'ignore_ament_install'
[0.239s] colcon.colcon_core.package_identification Level 1 _identify(aubo_ros2_ws/src/visual_pose_estimation/templates/3211242785/pose_2) by extensions ['colcon_pkg']
[0.239s] colcon.colcon_core.package_identification Level 1 _identify(aubo_ros2_ws/src/visual_pose_estimation/templates/3211242785/pose_2) by extension 'colcon_pkg'
[0.239s] colcon.colcon_core.package_identification Level 1 _identify(aubo_ros2_ws/src/visual_pose_estimation/templates/3211242785/pose_2) by extensions ['colcon_meta']
[0.239s] colcon.colcon_core.package_identification Level 1 _identify(aubo_ros2_ws/src/visual_pose_estimation/templates/3211242785/pose_2) by extension 'colcon_meta'
[0.239s] colcon.colcon_core.package_identification Level 1 _identify(aubo_ros2_ws/src/visual_pose_estimation/templates/3211242785/pose_2) by extensions ['ros']
[0.239s] colcon.colcon_core.package_identification Level 1 _identify(aubo_ros2_ws/src/visual_pose_estimation/templates/3211242785/pose_2) by extension 'ros'
[0.239s] colcon.colcon_core.package_identification Level 1 _identify(aubo_ros2_ws/src/visual_pose_estimation/templates/3211242785/pose_2) by extensions ['cmake', 'python']
[0.239s] colcon.colcon_core.package_identification Level 1 _identify(aubo_ros2_ws/src/visual_pose_estimation/templates/3211242785/pose_2) by extension 'cmake'
[0.239s] colcon.colcon_core.package_identification Level 1 _identify(aubo_ros2_ws/src/visual_pose_estimation/templates/3211242785/pose_2) by extension 'python'
[0.239s] colcon.colcon_core.package_identification Level 1 _identify(aubo_ros2_ws/src/visual_pose_estimation/templates/3211242785/pose_2) by extensions ['python_setup_py']
[0.239s] colcon.colcon_core.package_identification Level 1 _identify(aubo_ros2_ws/src/visual_pose_estimation/templates/3211242785/pose_2) by extension 'python_setup_py'
[0.239s] colcon.colcon_core.package_identification Level 1 _identify(aubo_ros2_ws/src/visual_pose_estimation/templates/3211242785/pose_3) by extensions ['ignore', 'ignore_ament_install']
[0.239s] colcon.colcon_core.package_identification Level 1 _identify(aubo_ros2_ws/src/visual_pose_estimation/templates/3211242785/pose_3) by extension 'ignore'
[0.239s] colcon.colcon_core.package_identification Level 1 _identify(aubo_ros2_ws/src/visual_pose_estimation/templates/3211242785/pose_3) by extension 'ignore_ament_install'
[0.239s] colcon.colcon_core.package_identification Level 1 _identify(aubo_ros2_ws/src/visual_pose_estimation/templates/3211242785/pose_3) by extensions ['colcon_pkg']
[0.239s] colcon.colcon_core.package_identification Level 1 _identify(aubo_ros2_ws/src/visual_pose_estimation/templates/3211242785/pose_3) by extension 'colcon_pkg'
[0.239s] colcon.colcon_core.package_identification Level 1 _identify(aubo_ros2_ws/src/visual_pose_estimation/templates/3211242785/pose_3) by extensions ['colcon_meta']
[0.239s] colcon.colcon_core.package_identification Level 1 _identify(aubo_ros2_ws/src/visual_pose_estimation/templates/3211242785/pose_3) by extension 'colcon_meta'
[0.239s] colcon.colcon_core.package_identification Level 1 _identify(aubo_ros2_ws/src/visual_pose_estimation/templates/3211242785/pose_3) by extensions ['ros']
[0.239s] colcon.colcon_core.package_identification Level 1 _identify(aubo_ros2_ws/src/visual_pose_estimation/templates/3211242785/pose_3) by extension 'ros'
[0.239s] colcon.colcon_core.package_identification Level 1 _identify(aubo_ros2_ws/src/visual_pose_estimation/templates/3211242785/pose_3) by extensions ['cmake', 'python']
[0.239s] colcon.colcon_core.package_identification Level 1 _identify(aubo_ros2_ws/src/visual_pose_estimation/templates/3211242785/pose_3) by extension 'cmake'
[0.239s] colcon.colcon_core.package_identification Level 1 _identify(aubo_ros2_ws/src/visual_pose_estimation/templates/3211242785/pose_3) by extension 'python'
[0.239s] colcon.colcon_core.package_identification Level 1 _identify(aubo_ros2_ws/src/visual_pose_estimation/templates/3211242785/pose_3) by extensions ['python_setup_py']
[0.239s] colcon.colcon_core.package_identification Level 1 _identify(aubo_ros2_ws/src/visual_pose_estimation/templates/3211242785/pose_3) by extension 'python_setup_py'
[0.239s] colcon.colcon_core.package_identification Level 1 _identify(aubo_ros2_ws/src/visual_pose_estimation/templates/3211242785/pose_4) by extensions ['ignore', 'ignore_ament_install']
[0.239s] colcon.colcon_core.package_identification Level 1 _identify(aubo_ros2_ws/src/visual_pose_estimation/templates/3211242785/pose_4) by extension 'ignore'
[0.239s] colcon.colcon_core.package_identification Level 1 _identify(aubo_ros2_ws/src/visual_pose_estimation/templates/3211242785/pose_4) by extension 'ignore_ament_install'
[0.239s] colcon.colcon_core.package_identification Level 1 _identify(aubo_ros2_ws/src/visual_pose_estimation/templates/3211242785/pose_4) by extensions ['colcon_pkg']
[0.239s] colcon.colcon_core.package_identification Level 1 _identify(aubo_ros2_ws/src/visual_pose_estimation/templates/3211242785/pose_4) by extension 'colcon_pkg'
[0.239s] colcon.colcon_core.package_identification Level 1 _identify(aubo_ros2_ws/src/visual_pose_estimation/templates/3211242785/pose_4) by extensions ['colcon_meta']
[0.239s] colcon.colcon_core.package_identification Level 1 _identify(aubo_ros2_ws/src/visual_pose_estimation/templates/3211242785/pose_4) by extension 'colcon_meta'
[0.239s] colcon.colcon_core.package_identification Level 1 _identify(aubo_ros2_ws/src/visual_pose_estimation/templates/3211242785/pose_4) by extensions ['ros']
[0.239s] colcon.colcon_core.package_identification Level 1 _identify(aubo_ros2_ws/src/visual_pose_estimation/templates/3211242785/pose_4) by extension 'ros'
[0.239s] colcon.colcon_core.package_identification Level 1 _identify(aubo_ros2_ws/src/visual_pose_estimation/templates/3211242785/pose_4) by extensions ['cmake', 'python']
[0.239s] colcon.colcon_core.package_identification Level 1 _identify(aubo_ros2_ws/src/visual_pose_estimation/templates/3211242785/pose_4) by extension 'cmake'
[0.239s] colcon.colcon_core.package_identification Level 1 _identify(aubo_ros2_ws/src/visual_pose_estimation/templates/3211242785/pose_4) by extension 'python'
[0.239s] colcon.colcon_core.package_identification Level 1 _identify(aubo_ros2_ws/src/visual_pose_estimation/templates/3211242785/pose_4) by extensions ['python_setup_py']
[0.239s] colcon.colcon_core.package_identification Level 1 _identify(aubo_ros2_ws/src/visual_pose_estimation/templates/3211242785/pose_4) by extension 'python_setup_py'
[0.239s] colcon.colcon_core.package_identification Level 1 _identify(aubo_ros2_ws/src/visual_pose_estimation/templates/3211242785/pose_5) by extensions ['ignore', 'ignore_ament_install']
[0.239s] colcon.colcon_core.package_identification Level 1 _identify(aubo_ros2_ws/src/visual_pose_estimation/templates/3211242785/pose_5) by extension 'ignore'
[0.239s] colcon.colcon_core.package_identification Level 1 _identify(aubo_ros2_ws/src/visual_pose_estimation/templates/3211242785/pose_5) by extension 'ignore_ament_install'
[0.239s] colcon.colcon_core.package_identification Level 1 _identify(aubo_ros2_ws/src/visual_pose_estimation/templates/3211242785/pose_5) by extensions ['colcon_pkg']
[0.239s] colcon.colcon_core.package_identification Level 1 _identify(aubo_ros2_ws/src/visual_pose_estimation/templates/3211242785/pose_5) by extension 'colcon_pkg'
[0.239s] colcon.colcon_core.package_identification Level 1 _identify(aubo_ros2_ws/src/visual_pose_estimation/templates/3211242785/pose_5) by extensions ['colcon_meta']
[0.239s] colcon.colcon_core.package_identification Level 1 _identify(aubo_ros2_ws/src/visual_pose_estimation/templates/3211242785/pose_5) by extension 'colcon_meta'
[0.240s] colcon.colcon_core.package_identification Level 1 _identify(aubo_ros2_ws/src/visual_pose_estimation/templates/3211242785/pose_5) by extensions ['ros']
[0.240s] colcon.colcon_core.package_identification Level 1 _identify(aubo_ros2_ws/src/visual_pose_estimation/templates/3211242785/pose_5) by extension 'ros'
[0.240s] colcon.colcon_core.package_identification Level 1 _identify(aubo_ros2_ws/src/visual_pose_estimation/templates/3211242785/pose_5) by extensions ['cmake', 'python']
[0.240s] colcon.colcon_core.package_identification Level 1 _identify(aubo_ros2_ws/src/visual_pose_estimation/templates/3211242785/pose_5) by extension 'cmake'
[0.240s] colcon.colcon_core.package_identification Level 1 _identify(aubo_ros2_ws/src/visual_pose_estimation/templates/3211242785/pose_5) by extension 'python'
[0.240s] colcon.colcon_core.package_identification Level 1 _identify(aubo_ros2_ws/src/visual_pose_estimation/templates/3211242785/pose_5) by extensions ['python_setup_py']
[0.240s] colcon.colcon_core.package_identification Level 1 _identify(aubo_ros2_ws/src/visual_pose_estimation/templates/3211242785/pose_5) by extension 'python_setup_py'
[0.240s] colcon.colcon_core.package_identification Level 1 _identify(aubo_ros2_ws/src/visual_pose_estimation/templates/3211242785/pose_6) by extensions ['ignore', 'ignore_ament_install']
[0.240s] colcon.colcon_core.package_identification Level 1 _identify(aubo_ros2_ws/src/visual_pose_estimation/templates/3211242785/pose_6) by extension 'ignore'
[0.240s] colcon.colcon_core.package_identification Level 1 _identify(aubo_ros2_ws/src/visual_pose_estimation/templates/3211242785/pose_6) by extension 'ignore_ament_install'
[0.240s] colcon.colcon_core.package_identification Level 1 _identify(aubo_ros2_ws/src/visual_pose_estimation/templates/3211242785/pose_6) by extensions ['colcon_pkg']
[0.240s] colcon.colcon_core.package_identification Level 1 _identify(aubo_ros2_ws/src/visual_pose_estimation/templates/3211242785/pose_6) by extension 'colcon_pkg'
[0.240s] colcon.colcon_core.package_identification Level 1 _identify(aubo_ros2_ws/src/visual_pose_estimation/templates/3211242785/pose_6) by extensions ['colcon_meta']
[0.240s] colcon.colcon_core.package_identification Level 1 _identify(aubo_ros2_ws/src/visual_pose_estimation/templates/3211242785/pose_6) by extension 'colcon_meta'
[0.240s] colcon.colcon_core.package_identification Level 1 _identify(aubo_ros2_ws/src/visual_pose_estimation/templates/3211242785/pose_6) by extensions ['ros']
[0.240s] colcon.colcon_core.package_identification Level 1 _identify(aubo_ros2_ws/src/visual_pose_estimation/templates/3211242785/pose_6) by extension 'ros'
[0.240s] colcon.colcon_core.package_identification Level 1 _identify(aubo_ros2_ws/src/visual_pose_estimation/templates/3211242785/pose_6) by extensions ['cmake', 'python']
[0.240s] colcon.colcon_core.package_identification Level 1 _identify(aubo_ros2_ws/src/visual_pose_estimation/templates/3211242785/pose_6) by extension 'cmake'
[0.240s] colcon.colcon_core.package_identification Level 1 _identify(aubo_ros2_ws/src/visual_pose_estimation/templates/3211242785/pose_6) by extension 'python'
[0.240s] colcon.colcon_core.package_identification Level 1 _identify(aubo_ros2_ws/src/visual_pose_estimation/templates/3211242785/pose_6) by extensions ['python_setup_py']
[0.240s] colcon.colcon_core.package_identification Level 1 _identify(aubo_ros2_ws/src/visual_pose_estimation/templates/3211242785/pose_6) by extension 'python_setup_py'
[0.240s] colcon.colcon_core.package_identification Level 1 _identify(aubo_ros2_ws/src/visual_pose_estimation/templates/55555555555555) by extensions ['ignore', 'ignore_ament_install']
[0.240s] colcon.colcon_core.package_identification Level 1 _identify(aubo_ros2_ws/src/visual_pose_estimation/templates/55555555555555) by extension 'ignore'
[0.240s] colcon.colcon_core.package_identification Level 1 _identify(aubo_ros2_ws/src/visual_pose_estimation/templates/55555555555555) by extension 'ignore_ament_install'
[0.240s] colcon.colcon_core.package_identification Level 1 _identify(aubo_ros2_ws/src/visual_pose_estimation/templates/55555555555555) by extensions ['colcon_pkg']
[0.240s] colcon.colcon_core.package_identification Level 1 _identify(aubo_ros2_ws/src/visual_pose_estimation/templates/55555555555555) by extension 'colcon_pkg'
[0.240s] colcon.colcon_core.package_identification Level 1 _identify(aubo_ros2_ws/src/visual_pose_estimation/templates/55555555555555) by extensions ['colcon_meta']
[0.240s] colcon.colcon_core.package_identification Level 1 _identify(aubo_ros2_ws/src/visual_pose_estimation/templates/55555555555555) by extension 'colcon_meta'
[0.240s] colcon.colcon_core.package_identification Level 1 _identify(aubo_ros2_ws/src/visual_pose_estimation/templates/55555555555555) by extensions ['ros']
[0.240s] colcon.colcon_core.package_identification Level 1 _identify(aubo_ros2_ws/src/visual_pose_estimation/templates/55555555555555) by extension 'ros'
[0.240s] colcon.colcon_core.package_identification Level 1 _identify(aubo_ros2_ws/src/visual_pose_estimation/templates/55555555555555) by extensions ['cmake', 'python']
[0.240s] colcon.colcon_core.package_identification Level 1 _identify(aubo_ros2_ws/src/visual_pose_estimation/templates/55555555555555) by extension 'cmake'
[0.240s] colcon.colcon_core.package_identification Level 1 _identify(aubo_ros2_ws/src/visual_pose_estimation/templates/55555555555555) by extension 'python'
[0.240s] colcon.colcon_core.package_identification Level 1 _identify(aubo_ros2_ws/src/visual_pose_estimation/templates/55555555555555) by extensions ['python_setup_py']
[0.240s] colcon.colcon_core.package_identification Level 1 _identify(aubo_ros2_ws/src/visual_pose_estimation/templates/55555555555555) by extension 'python_setup_py'
[0.240s] colcon.colcon_core.package_identification Level 1 _identify(aubo_ros2_ws/src/visual_pose_estimation/templates/55555555555555/pose_1) by extensions ['ignore', 'ignore_ament_install']
[0.240s] colcon.colcon_core.package_identification Level 1 _identify(aubo_ros2_ws/src/visual_pose_estimation/templates/55555555555555/pose_1) by extension 'ignore'
[0.240s] colcon.colcon_core.package_identification Level 1 _identify(aubo_ros2_ws/src/visual_pose_estimation/templates/55555555555555/pose_1) by extension 'ignore_ament_install'
[0.240s] colcon.colcon_core.package_identification Level 1 _identify(aubo_ros2_ws/src/visual_pose_estimation/templates/55555555555555/pose_1) by extensions ['colcon_pkg']
[0.240s] colcon.colcon_core.package_identification Level 1 _identify(aubo_ros2_ws/src/visual_pose_estimation/templates/55555555555555/pose_1) by extension 'colcon_pkg'
[0.240s] colcon.colcon_core.package_identification Level 1 _identify(aubo_ros2_ws/src/visual_pose_estimation/templates/55555555555555/pose_1) by extensions ['colcon_meta']
[0.240s] colcon.colcon_core.package_identification Level 1 _identify(aubo_ros2_ws/src/visual_pose_estimation/templates/55555555555555/pose_1) by extension 'colcon_meta'
[0.240s] colcon.colcon_core.package_identification Level 1 _identify(aubo_ros2_ws/src/visual_pose_estimation/templates/55555555555555/pose_1) by extensions ['ros']
[0.240s] colcon.colcon_core.package_identification Level 1 _identify(aubo_ros2_ws/src/visual_pose_estimation/templates/55555555555555/pose_1) by extension 'ros'
[0.240s] colcon.colcon_core.package_identification Level 1 _identify(aubo_ros2_ws/src/visual_pose_estimation/templates/55555555555555/pose_1) by extensions ['cmake', 'python']
[0.240s] colcon.colcon_core.package_identification Level 1 _identify(aubo_ros2_ws/src/visual_pose_estimation/templates/55555555555555/pose_1) by extension 'cmake'
[0.240s] colcon.colcon_core.package_identification Level 1 _identify(aubo_ros2_ws/src/visual_pose_estimation/templates/55555555555555/pose_1) by extension 'python'
[0.240s] colcon.colcon_core.package_identification Level 1 _identify(aubo_ros2_ws/src/visual_pose_estimation/templates/55555555555555/pose_1) by extensions ['python_setup_py']
[0.240s] colcon.colcon_core.package_identification Level 1 _identify(aubo_ros2_ws/src/visual_pose_estimation/templates/55555555555555/pose_1) by extension 'python_setup_py'
[0.240s] colcon.colcon_core.package_identification Level 1 _identify(aubo_ros2_ws/src/visual_pose_estimation/templates/55555555555555/pose_2) by extensions ['ignore', 'ignore_ament_install']
[0.240s] colcon.colcon_core.package_identification Level 1 _identify(aubo_ros2_ws/src/visual_pose_estimation/templates/55555555555555/pose_2) by extension 'ignore'
[0.240s] colcon.colcon_core.package_identification Level 1 _identify(aubo_ros2_ws/src/visual_pose_estimation/templates/55555555555555/pose_2) by extension 'ignore_ament_install'
[0.240s] colcon.colcon_core.package_identification Level 1 _identify(aubo_ros2_ws/src/visual_pose_estimation/templates/55555555555555/pose_2) by extensions ['colcon_pkg']
[0.241s] colcon.colcon_core.package_identification Level 1 _identify(aubo_ros2_ws/src/visual_pose_estimation/templates/55555555555555/pose_2) by extension 'colcon_pkg'
[0.241s] colcon.colcon_core.package_identification Level 1 _identify(aubo_ros2_ws/src/visual_pose_estimation/templates/55555555555555/pose_2) by extensions ['colcon_meta']
[0.241s] colcon.colcon_core.package_identification Level 1 _identify(aubo_ros2_ws/src/visual_pose_estimation/templates/55555555555555/pose_2) by extension 'colcon_meta'
[0.241s] colcon.colcon_core.package_identification Level 1 _identify(aubo_ros2_ws/src/visual_pose_estimation/templates/55555555555555/pose_2) by extensions ['ros']
[0.241s] colcon.colcon_core.package_identification Level 1 _identify(aubo_ros2_ws/src/visual_pose_estimation/templates/55555555555555/pose_2) by extension 'ros'
[0.241s] colcon.colcon_core.package_identification Level 1 _identify(aubo_ros2_ws/src/visual_pose_estimation/templates/55555555555555/pose_2) by extensions ['cmake', 'python']
[0.241s] colcon.colcon_core.package_identification Level 1 _identify(aubo_ros2_ws/src/visual_pose_estimation/templates/55555555555555/pose_2) by extension 'cmake'
[0.241s] colcon.colcon_core.package_identification Level 1 _identify(aubo_ros2_ws/src/visual_pose_estimation/templates/55555555555555/pose_2) by extension 'python'
[0.241s] colcon.colcon_core.package_identification Level 1 _identify(aubo_ros2_ws/src/visual_pose_estimation/templates/55555555555555/pose_2) by extensions ['python_setup_py']
[0.241s] colcon.colcon_core.package_identification Level 1 _identify(aubo_ros2_ws/src/visual_pose_estimation/templates/55555555555555/pose_2) by extension 'python_setup_py'
[0.241s] colcon.colcon_core.package_identification Level 1 _identify(aubo_ros2_ws/src/visual_pose_estimation/templates/55555555555555/pose_3) by extensions ['ignore', 'ignore_ament_install']
[0.241s] colcon.colcon_core.package_identification Level 1 _identify(aubo_ros2_ws/src/visual_pose_estimation/templates/55555555555555/pose_3) by extension 'ignore'
[0.241s] colcon.colcon_core.package_identification Level 1 _identify(aubo_ros2_ws/src/visual_pose_estimation/templates/55555555555555/pose_3) by extension 'ignore_ament_install'
[0.241s] colcon.colcon_core.package_identification Level 1 _identify(aubo_ros2_ws/src/visual_pose_estimation/templates/55555555555555/pose_3) by extensions ['colcon_pkg']
[0.241s] colcon.colcon_core.package_identification Level 1 _identify(aubo_ros2_ws/src/visual_pose_estimation/templates/55555555555555/pose_3) by extension 'colcon_pkg'
[0.241s] colcon.colcon_core.package_identification Level 1 _identify(aubo_ros2_ws/src/visual_pose_estimation/templates/55555555555555/pose_3) by extensions ['colcon_meta']
[0.241s] colcon.colcon_core.package_identification Level 1 _identify(aubo_ros2_ws/src/visual_pose_estimation/templates/55555555555555/pose_3) by extension 'colcon_meta'
[0.241s] colcon.colcon_core.package_identification Level 1 _identify(aubo_ros2_ws/src/visual_pose_estimation/templates/55555555555555/pose_3) by extensions ['ros']
[0.241s] colcon.colcon_core.package_identification Level 1 _identify(aubo_ros2_ws/src/visual_pose_estimation/templates/55555555555555/pose_3) by extension 'ros'
[0.241s] colcon.colcon_core.package_identification Level 1 _identify(aubo_ros2_ws/src/visual_pose_estimation/templates/55555555555555/pose_3) by extensions ['cmake', 'python']
[0.241s] colcon.colcon_core.package_identification Level 1 _identify(aubo_ros2_ws/src/visual_pose_estimation/templates/55555555555555/pose_3) by extension 'cmake'
[0.241s] colcon.colcon_core.package_identification Level 1 _identify(aubo_ros2_ws/src/visual_pose_estimation/templates/55555555555555/pose_3) by extension 'python'
[0.241s] colcon.colcon_core.package_identification Level 1 _identify(aubo_ros2_ws/src/visual_pose_estimation/templates/55555555555555/pose_3) by extensions ['python_setup_py']
[0.241s] colcon.colcon_core.package_identification Level 1 _identify(aubo_ros2_ws/src/visual_pose_estimation/templates/55555555555555/pose_3) by extension 'python_setup_py'
[0.241s] colcon.colcon_core.package_identification Level 1 _identify(aubo_ros2_ws/src/visual_pose_estimation/templates/55555555555555/pose_4) by extensions ['ignore', 'ignore_ament_install']
[0.241s] colcon.colcon_core.package_identification Level 1 _identify(aubo_ros2_ws/src/visual_pose_estimation/templates/55555555555555/pose_4) by extension 'ignore'
[0.241s] colcon.colcon_core.package_identification Level 1 _identify(aubo_ros2_ws/src/visual_pose_estimation/templates/55555555555555/pose_4) by extension 'ignore_ament_install'
[0.241s] colcon.colcon_core.package_identification Level 1 _identify(aubo_ros2_ws/src/visual_pose_estimation/templates/55555555555555/pose_4) by extensions ['colcon_pkg']
[0.241s] colcon.colcon_core.package_identification Level 1 _identify(aubo_ros2_ws/src/visual_pose_estimation/templates/55555555555555/pose_4) by extension 'colcon_pkg'
[0.241s] colcon.colcon_core.package_identification Level 1 _identify(aubo_ros2_ws/src/visual_pose_estimation/templates/55555555555555/pose_4) by extensions ['colcon_meta']
[0.241s] colcon.colcon_core.package_identification Level 1 _identify(aubo_ros2_ws/src/visual_pose_estimation/templates/55555555555555/pose_4) by extension 'colcon_meta'
[0.241s] colcon.colcon_core.package_identification Level 1 _identify(aubo_ros2_ws/src/visual_pose_estimation/templates/55555555555555/pose_4) by extensions ['ros']
[0.241s] colcon.colcon_core.package_identification Level 1 _identify(aubo_ros2_ws/src/visual_pose_estimation/templates/55555555555555/pose_4) by extension 'ros'
[0.241s] colcon.colcon_core.package_identification Level 1 _identify(aubo_ros2_ws/src/visual_pose_estimation/templates/55555555555555/pose_4) by extensions ['cmake', 'python']
[0.241s] colcon.colcon_core.package_identification Level 1 _identify(aubo_ros2_ws/src/visual_pose_estimation/templates/55555555555555/pose_4) by extension 'cmake'
[0.241s] colcon.colcon_core.package_identification Level 1 _identify(aubo_ros2_ws/src/visual_pose_estimation/templates/55555555555555/pose_4) by extension 'python'
[0.241s] colcon.colcon_core.package_identification Level 1 _identify(aubo_ros2_ws/src/visual_pose_estimation/templates/55555555555555/pose_4) by extensions ['python_setup_py']
[0.241s] colcon.colcon_core.package_identification Level 1 _identify(aubo_ros2_ws/src/visual_pose_estimation/templates/55555555555555/pose_4) by extension 'python_setup_py'
[0.241s] colcon.colcon_core.package_identification Level 1 _identify(aubo_ros2_ws/src/visual_pose_estimation/visual_pose_estimation) by extensions ['ignore', 'ignore_ament_install']
[0.241s] colcon.colcon_core.package_identification Level 1 _identify(aubo_ros2_ws/src/visual_pose_estimation/visual_pose_estimation) by extension 'ignore'
[0.241s] colcon.colcon_core.package_identification Level 1 _identify(aubo_ros2_ws/src/visual_pose_estimation/visual_pose_estimation) by extension 'ignore_ament_install'
[0.241s] colcon.colcon_core.package_identification Level 1 _identify(aubo_ros2_ws/src/visual_pose_estimation/visual_pose_estimation) by extensions ['colcon_pkg']
[0.241s] colcon.colcon_core.package_identification Level 1 _identify(aubo_ros2_ws/src/visual_pose_estimation/visual_pose_estimation) by extension 'colcon_pkg'
[0.241s] colcon.colcon_core.package_identification Level 1 _identify(aubo_ros2_ws/src/visual_pose_estimation/visual_pose_estimation) by extensions ['colcon_meta']
[0.241s] colcon.colcon_core.package_identification Level 1 _identify(aubo_ros2_ws/src/visual_pose_estimation/visual_pose_estimation) by extension 'colcon_meta'
[0.241s] colcon.colcon_core.package_identification Level 1 _identify(aubo_ros2_ws/src/visual_pose_estimation/visual_pose_estimation) by extensions ['ros']
[0.241s] colcon.colcon_core.package_identification Level 1 _identify(aubo_ros2_ws/src/visual_pose_estimation/visual_pose_estimation) by extension 'ros'
[0.242s] colcon.colcon_core.package_identification DEBUG Package 'aubo_ros2_ws/src/visual_pose_estimation/visual_pose_estimation' with type 'ros.ament_cmake' and name 'visual_pose_estimation'
[0.242s] colcon.colcon_core.package_identification Level 1 _identify(aubo_ros2_ws/src/visual_pose_estimation/visual_pose_estimation_python) by extensions ['ignore', 'ignore_ament_install']
[0.242s] colcon.colcon_core.package_identification Level 1 _identify(aubo_ros2_ws/src/visual_pose_estimation/visual_pose_estimation_python) by extension 'ignore'
[0.242s] colcon.colcon_core.package_identification Level 1 _identify(aubo_ros2_ws/src/visual_pose_estimation/visual_pose_estimation_python) by extension 'ignore_ament_install'
[0.242s] colcon.colcon_core.package_identification Level 1 _identify(aubo_ros2_ws/src/visual_pose_estimation/visual_pose_estimation_python) by extensions ['colcon_pkg']
[0.242s] colcon.colcon_core.package_identification Level 1 _identify(aubo_ros2_ws/src/visual_pose_estimation/visual_pose_estimation_python) by extension 'colcon_pkg'
[0.242s] colcon.colcon_core.package_identification Level 1 _identify(aubo_ros2_ws/src/visual_pose_estimation/visual_pose_estimation_python) by extensions ['colcon_meta']
[0.242s] colcon.colcon_core.package_identification Level 1 _identify(aubo_ros2_ws/src/visual_pose_estimation/visual_pose_estimation_python) by extension 'colcon_meta'
[0.242s] colcon.colcon_core.package_identification Level 1 _identify(aubo_ros2_ws/src/visual_pose_estimation/visual_pose_estimation_python) by extensions ['ros']
[0.242s] colcon.colcon_core.package_identification Level 1 _identify(aubo_ros2_ws/src/visual_pose_estimation/visual_pose_estimation_python) by extension 'ros'
[0.243s] colcon.colcon_core.package_identification DEBUG Package 'aubo_ros2_ws/src/visual_pose_estimation/visual_pose_estimation_python' with type 'ros.ament_python' and name 'visual_pose_estimation_python'
[0.243s] colcon.colcon_core.package_identification Level 1 _identify(build) by extensions ['ignore', 'ignore_ament_install']
[0.243s] colcon.colcon_core.package_identification Level 1 _identify(build) by extension 'ignore'
[0.243s] colcon.colcon_core.package_identification Level 1 _identify(build) ignored
[0.243s] colcon.colcon_core.package_identification Level 1 _identify(install) by extensions ['ignore', 'ignore_ament_install']
[0.243s] colcon.colcon_core.package_identification Level 1 _identify(install) by extension 'ignore'
[0.243s] colcon.colcon_core.package_identification Level 1 _identify(install) ignored
[0.243s] colcon.colcon_core.package_identification Level 1 _identify(log) by extensions ['ignore', 'ignore_ament_install']
[0.243s] colcon.colcon_core.package_identification Level 1 _identify(log) by extension 'ignore'
[0.243s] colcon.colcon_core.package_identification Level 1 _identify(log) ignored
[0.243s] colcon.colcon_core.package_identification Level 1 _identify(urdf4.2812) by extensions ['ignore', 'ignore_ament_install']
[0.243s] colcon.colcon_core.package_identification Level 1 _identify(urdf4.2812) by extension 'ignore'
[0.243s] colcon.colcon_core.package_identification Level 1 _identify(urdf4.2812) by extension 'ignore_ament_install'
[0.243s] colcon.colcon_core.package_identification Level 1 _identify(urdf4.2812) by extensions ['colcon_pkg']
[0.243s] colcon.colcon_core.package_identification Level 1 _identify(urdf4.2812) by extension 'colcon_pkg'
[0.243s] colcon.colcon_core.package_identification Level 1 _identify(urdf4.2812) by extensions ['colcon_meta']
[0.243s] colcon.colcon_core.package_identification Level 1 _identify(urdf4.2812) by extension 'colcon_meta'
[0.243s] colcon.colcon_core.package_identification Level 1 _identify(urdf4.2812) by extensions ['ros']
[0.243s] colcon.colcon_core.package_identification Level 1 _identify(urdf4.2812) by extension 'ros'
[0.244s] colcon.colcon_core.package_identification DEBUG Failed to parse potential ROS package manifest in'urdf4.2812': Error(s) in package 'urdf4.2812/package.xml':
Package name "咖啡机总装模型urdf4.2812" does not follow naming conventions
[0.244s] colcon.colcon_core.package_identification Level 1 _identify(urdf4.2812) by extensions ['cmake', 'python']
[0.244s] colcon.colcon_core.package_identification Level 1 _identify(urdf4.2812) by extension 'cmake'
[0.244s] colcon.colcon_core.package_identification Level 1 _identify(urdf4.2812) by extension 'python'
[0.244s] colcon.colcon_core.package_identification DEBUG Package 'urdf4.2812' with type 'cmake' and name 'urdf4.2812'
[0.245s] colcon.colcon_core.package_discovery Level 1 discover_packages(recursive) using defaults
[0.245s] colcon.colcon_core.package_discovery Level 1 discover_packages(ignore) discover
[0.245s] colcon.colcon_core.package_discovery Level 1 discover_packages(ignore) using defaults
[0.245s] colcon.colcon_core.package_discovery Level 1 discover_packages(path) discover
[0.245s] colcon.colcon_core.package_discovery Level 1 discover_packages(path) using defaults
[0.256s] colcon.colcon_core.package_selection INFO Skipping not selected package 'aubo_dashboard_msgs' in 'aubo_ros2_ws/src/aubo_ros2_driver/aubo_dashboard_msgs'
[0.256s] colcon.colcon_core.package_selection INFO Skipping not selected package 'aubo_description' in 'aubo_ros2_ws/src/aubo_ros2_driver/aubo_description'
[0.256s] colcon.colcon_core.package_selection INFO Skipping not selected package 'aubo_msgs' in 'aubo_ros2_ws/src/aubo_ros2_driver/aubo_msgs'
[0.256s] colcon.colcon_core.package_selection INFO Skipping not selected package 'aubo_robot_simulator_ros2' in 'aubo_ros2_ws/src/aubo_ros2_driver/aubo_robot_simulator_ros2'
[0.256s] colcon.colcon_core.package_selection INFO Skipping not selected package 'aubo_ros2_trajectory_action' in 'aubo_ros2_ws/src/aubo_ros2_driver/aubo_ros2_trajectory_action'
[0.256s] colcon.colcon_core.package_selection INFO Skipping not selected package 'coffee_latte_demo' in 'aubo_ros2_ws/src/coffee_latte_demo'
[0.256s] colcon.colcon_core.package_selection INFO Skipping not selected package 'demo_interface' in 'aubo_ros2_ws/src/aubo_ros2_driver/demo_interface'
[0.256s] colcon.colcon_core.package_selection INFO Skipping not selected package 'interface' in 'aubo_ros2_ws/src/visual_pose_estimation/interface'
[0.256s] colcon.colcon_core.package_selection INFO Skipping not selected package 'percipio_camera' in 'aubo_ros2_ws/src/camport_ros2/src/percipio_camera'
[0.256s] colcon.colcon_core.package_selection INFO Skipping not selected package 'percipio_camera_interface' in 'aubo_ros2_ws/src/camport_ros2/src/percipio_camera_interface'
[0.256s] colcon.colcon_core.package_selection INFO Skipping not selected package 'tool_changer_interface' in 'aubo_ros2_ws/src/tool_changer_interface'
[0.256s] colcon.colcon_core.package_selection INFO Skipping not selected package 'urdf4.2812' in 'urdf4.2812'
[0.256s] colcon.colcon_core.package_selection INFO Skipping not selected package 'aubo_demo' in 'aubo_ros2_ws/src/aubo_ros2_driver/aubo_demo'
[0.256s] colcon.colcon_core.package_selection INFO Skipping not selected package 'aubo_driver_ros2' in 'aubo_ros2_ws/src/aubo_ros2_driver/aubo_driver_ros2'
[0.256s] colcon.colcon_core.package_selection INFO Skipping not selected package 'aubo_ros2_web_dashboard' in 'aubo_ros2_ws/src/aubo_ros2_web_dashboard'
[0.256s] colcon.colcon_core.package_selection INFO Skipping not selected package 'demo_driver' in 'aubo_ros2_ws/src/aubo_ros2_driver/demo_driver'
[0.256s] colcon.colcon_core.package_selection INFO Skipping not selected package 'graspnet_ros2' in 'aubo_ros2_ws/src/graspnet_ros2'
[0.256s] colcon.colcon_core.package_selection INFO Skipping not selected package 'hand_eye_calibration' in 'aubo_ros2_ws/src/hand_eye_calibration'
[0.256s] colcon.colcon_core.package_selection INFO Skipping not selected package 'image_data_bridge' in 'aubo_ros2_ws/src/camport_ros2/src/image_data_bridge'
[0.256s] colcon.colcon_core.package_selection INFO Skipping not selected package 'tool_changer' in 'aubo_ros2_ws/src/tool_changer'
[0.256s] colcon.colcon_core.package_selection INFO Skipping not selected package 'visual_pose_estimation' in 'aubo_ros2_ws/src/visual_pose_estimation/visual_pose_estimation'
[0.256s] colcon.colcon_core.package_selection INFO Skipping not selected package 'visual_pose_estimation_python' in 'aubo_ros2_ws/src/visual_pose_estimation/visual_pose_estimation_python'
[0.256s] colcon.colcon_core.package_selection INFO Skipping not selected package 'aubo_moveit_config' in 'aubo_ros2_ws/src/aubo_ros2_driver/aubo_moveit_config'
[0.256s] colcon.colcon_core.package_discovery Level 1 discover_packages(prefix_path) check parameters
[0.256s] colcon.colcon_core.package_discovery Level 1 discover_packages(prefix_path) discover
[0.259s] colcon.colcon_installed_package_information.package_discovery DEBUG Found 25 installed packages in /home/mu/IVG2.0/aubo_ros2_ws/install
[0.260s] colcon.colcon_installed_package_information.package_discovery DEBUG Found 56 installed packages in /home/mu/ws_moveit/install
[0.261s] colcon.colcon_installed_package_information.package_discovery DEBUG Found 389 installed packages in /opt/ros/humble
[0.262s] colcon.colcon_core.package_discovery Level 1 discover_packages(prefix_path) using defaults
[0.285s] colcon.colcon_core.verb Level 5 set package 'vision_perception' build argument 'cmake_args' from command line to 'None'
[0.285s] colcon.colcon_core.verb Level 5 set package 'vision_perception' build argument 'cmake_target' from command line to 'None'
[0.285s] colcon.colcon_core.verb Level 5 set package 'vision_perception' build argument 'cmake_target_skip_unavailable' from command line to 'False'
[0.285s] colcon.colcon_core.verb Level 5 set package 'vision_perception' build argument 'cmake_clean_cache' from command line to 'False'
[0.285s] colcon.colcon_core.verb Level 5 set package 'vision_perception' build argument 'cmake_clean_first' from command line to 'False'
[0.286s] colcon.colcon_core.verb Level 5 set package 'vision_perception' build argument 'cmake_force_configure' from command line to 'False'
[0.286s] colcon.colcon_core.verb Level 5 set package 'vision_perception' build argument 'ament_cmake_args' from command line to 'None'
[0.286s] colcon.colcon_core.verb Level 5 set package 'vision_perception' build argument 'catkin_cmake_args' from command line to 'None'
[0.286s] colcon.colcon_core.verb Level 5 set package 'vision_perception' build argument 'catkin_skip_building_tests' from command line to 'False'
[0.286s] colcon.colcon_core.verb DEBUG Building package 'vision_perception' with the following arguments: {'ament_cmake_args': None, 'build_base': '/home/mu/IVG2.0/build/vision_perception', 'catkin_cmake_args': None, 'catkin_skip_building_tests': False, 'cmake_args': None, 'cmake_clean_cache': False, 'cmake_clean_first': False, 'cmake_force_configure': False, 'cmake_target': None, 'cmake_target_skip_unavailable': False, 'install_base': '/home/mu/IVG2.0/install/vision_perception', 'merge_install': False, 'path': '/home/mu/IVG2.0/aubo_ros2_ws/src/vision_perception', 'symlink_install': True, 'test_result_base': None}
[0.286s] colcon.colcon_core.executor INFO Executing jobs using 'parallel' executor
[0.287s] colcon.colcon_parallel_executor.executor.parallel DEBUG run_until_complete
[0.287s] colcon.colcon_ros.task.ament_python.build INFO Building ROS package in '/home/mu/IVG2.0/aubo_ros2_ws/src/vision_perception' with build type 'ament_python'
[0.287s] colcon.colcon_core.shell Level 1 create_environment_hook('vision_perception', 'ament_prefix_path')
[0.289s] colcon.colcon_core.plugin_system INFO Skipping extension 'colcon_core.shell.bat': Not used on non-Windows systems
[0.289s] colcon.colcon_core.shell INFO Creating environment hook '/home/mu/IVG2.0/install/vision_perception/share/vision_perception/hook/ament_prefix_path.ps1'
[0.290s] colcon.colcon_core.shell INFO Creating environment descriptor '/home/mu/IVG2.0/install/vision_perception/share/vision_perception/hook/ament_prefix_path.dsv'
[0.290s] colcon.colcon_core.shell INFO Creating environment hook '/home/mu/IVG2.0/install/vision_perception/share/vision_perception/hook/ament_prefix_path.sh'
[0.290s] colcon.colcon_core.shell INFO Skip shell extension 'powershell' for command environment: Not usable outside of PowerShell
[0.290s] colcon.colcon_core.shell DEBUG Skip shell extension 'dsv' for command environment
[0.458s] colcon.colcon_core.task.python.build INFO Building Python package in '/home/mu/IVG2.0/aubo_ros2_ws/src/vision_perception'
[0.458s] colcon.colcon_core.shell INFO Skip shell extension 'powershell' for command environment: Not usable outside of PowerShell
[0.458s] colcon.colcon_core.shell DEBUG Skip shell extension 'dsv' for command environment
[0.679s] colcon.colcon_core.event_handler.log_command DEBUG Invoking command in '/home/mu/IVG2.0/build/vision_perception': PYTHONPATH=/home/mu/IVG2.0/build/vision_perception/prefix_override:/usr/lib/python3/dist-packages/colcon_core/task/python/colcon_distutils_commands:/home/mu/IVG2.0/install/vision_perception/lib/python3.10/site-packages:${PYTHONPATH} /usr/bin/python3 -W ignore:setup.py install is deprecated -W ignore:easy_install command is deprecated setup.py develop --editable --build-directory /home/mu/IVG2.0/build/vision_perception/build --no-deps symlink_data
[0.997s] colcon.colcon_core.shell Level 1 create_environment_hook('vision_perception', 'pythonpath_develop')
[0.997s] colcon.colcon_core.shell INFO Creating environment hook '/home/mu/IVG2.0/build/vision_perception/share/vision_perception/hook/pythonpath_develop.ps1'
[0.997s] colcon.colcon_core.event_handler.log_command DEBUG Invoked command in '/home/mu/IVG2.0/build/vision_perception' returned '0': PYTHONPATH=/home/mu/IVG2.0/build/vision_perception/prefix_override:/usr/lib/python3/dist-packages/colcon_core/task/python/colcon_distutils_commands:/home/mu/IVG2.0/install/vision_perception/lib/python3.10/site-packages:${PYTHONPATH} /usr/bin/python3 -W ignore:setup.py install is deprecated -W ignore:easy_install command is deprecated setup.py develop --editable --build-directory /home/mu/IVG2.0/build/vision_perception/build --no-deps symlink_data
[0.998s] colcon.colcon_core.shell INFO Creating environment descriptor '/home/mu/IVG2.0/build/vision_perception/share/vision_perception/hook/pythonpath_develop.dsv'
[0.998s] colcon.colcon_core.shell INFO Creating environment hook '/home/mu/IVG2.0/build/vision_perception/share/vision_perception/hook/pythonpath_develop.sh'
[1.000s] colcon.colcon_core.environment Level 1 checking '/home/mu/IVG2.0/install/vision_perception' for CMake module files
[1.000s] colcon.colcon_core.environment Level 1 checking '/home/mu/IVG2.0/install/vision_perception' for CMake config files
[1.001s] colcon.colcon_core.environment Level 1 checking '/home/mu/IVG2.0/install/vision_perception/lib'
[1.001s] colcon.colcon_core.environment Level 1 checking '/home/mu/IVG2.0/install/vision_perception/bin'
[1.001s] colcon.colcon_core.environment Level 1 checking '/home/mu/IVG2.0/install/vision_perception/lib/pkgconfig/vision_perception.pc'
[1.001s] colcon.colcon_core.environment Level 1 checking '/home/mu/IVG2.0/install/vision_perception/lib/python3.10/site-packages'
[1.001s] colcon.colcon_core.shell Level 1 create_environment_hook('vision_perception', 'pythonpath')
[1.001s] colcon.colcon_core.shell INFO Creating environment hook '/home/mu/IVG2.0/install/vision_perception/share/vision_perception/hook/pythonpath.ps1'
[1.001s] colcon.colcon_core.shell INFO Creating environment descriptor '/home/mu/IVG2.0/install/vision_perception/share/vision_perception/hook/pythonpath.dsv'
[1.001s] colcon.colcon_core.shell INFO Creating environment hook '/home/mu/IVG2.0/install/vision_perception/share/vision_perception/hook/pythonpath.sh'
[1.002s] colcon.colcon_core.environment Level 1 checking '/home/mu/IVG2.0/install/vision_perception/bin'
[1.002s] colcon.colcon_core.environment Level 1 create_environment_scripts_only(vision_perception)
[1.002s] colcon.colcon_core.shell INFO Creating package script '/home/mu/IVG2.0/install/vision_perception/share/vision_perception/package.ps1'
[1.002s] colcon.colcon_core.shell INFO Creating package descriptor '/home/mu/IVG2.0/install/vision_perception/share/vision_perception/package.dsv'
[1.002s] colcon.colcon_core.shell INFO Creating package script '/home/mu/IVG2.0/install/vision_perception/share/vision_perception/package.sh'
[1.003s] colcon.colcon_core.shell INFO Creating package script '/home/mu/IVG2.0/install/vision_perception/share/vision_perception/package.bash'
[1.003s] colcon.colcon_core.shell INFO Creating package script '/home/mu/IVG2.0/install/vision_perception/share/vision_perception/package.zsh'
[1.003s] colcon.colcon_core.environment Level 1 create_file_with_runtime_dependencies(/home/mu/IVG2.0/install/vision_perception/share/colcon-core/packages/vision_perception)
[1.004s] colcon.colcon_parallel_executor.executor.parallel DEBUG closing loop
[1.004s] colcon.colcon_parallel_executor.executor.parallel DEBUG loop closed
[1.004s] colcon.colcon_parallel_executor.executor.parallel DEBUG run_until_complete finished with '0'
[1.004s] colcon.colcon_core.event_reactor DEBUG joining thread
[1.007s] colcon.colcon_core.plugin_system INFO Skipping extension 'colcon_notification.desktop_notification.terminal_notifier': Not used on non-Darwin systems
[1.007s] colcon.colcon_core.plugin_system INFO Skipping extension 'colcon_notification.desktop_notification.win32': Not used on non-Windows systems
[1.007s] colcon.colcon_notification.desktop_notification INFO Sending desktop notification using 'notify2'
[1.017s] colcon.colcon_core.event_reactor DEBUG joined thread
[1.017s] colcon.colcon_core.shell INFO Creating prefix script '/home/mu/IVG2.0/install/local_setup.ps1'
[1.017s] colcon.colcon_core.shell INFO Creating prefix util module '/home/mu/IVG2.0/install/_local_setup_util_ps1.py'
[1.018s] colcon.colcon_core.shell INFO Creating prefix chain script '/home/mu/IVG2.0/install/setup.ps1'
[1.020s] colcon.colcon_core.shell INFO Creating prefix script '/home/mu/IVG2.0/install/local_setup.sh'
[1.020s] colcon.colcon_core.shell INFO Creating prefix util module '/home/mu/IVG2.0/install/_local_setup_util_sh.py'
[1.020s] colcon.colcon_core.shell INFO Creating prefix chain script '/home/mu/IVG2.0/install/setup.sh'
[1.022s] colcon.colcon_core.shell INFO Creating prefix script '/home/mu/IVG2.0/install/local_setup.bash'
[1.022s] colcon.colcon_core.shell INFO Creating prefix chain script '/home/mu/IVG2.0/install/setup.bash'
[1.024s] colcon.colcon_core.shell INFO Creating prefix script '/home/mu/IVG2.0/install/local_setup.zsh'
[1.024s] colcon.colcon_core.shell INFO Creating prefix chain script '/home/mu/IVG2.0/install/setup.zsh'
