{
  "pose_index": 0,
  "pattern_size": {
    "width": 11,
    "height": 8
  },
  "square_size_mm": 20,
  "rvec": {
    "x": 0.012865073468435417,
    "y": 0.08678824325726031,
    "z": 0.015013711870159298
  },
  "tvec": {
    "x": -82.42973486836661,
    "y": 0.9904551641673187,
    "z": 491.14966983437404
  },
  "rotation_matrix": [
    [
      0.9961237549881108,
      -0.014435993756216462,
      0.08677019553197231
    ],
    [
      0.015551793871709206,
      0.9998046681911676,
      -0.012197014820075418
    ],
    [
      -0.08657717052293921,
      0.013499168397340286,
      0.996153685932458
    ]
  ],
  "transformation_matrix": [
    [
      0.9961237549881108,
      -0.014435993756216462,
      0.08677019553197231,
      -82.42973486836661
    ],
    [
      0.015551793871709206,
      0.9998046681911676,
      -0.012197014820075418,
      0.9904551641673187
    ],
    [
      -0.08657717052293921,
      0.013499168397340286,
      0.996153685932458,
      491.14966983437404
    ],
    [
      0.0,
      0.0,
      0.0,
      1.0
    ]
  ],
  "orientation": {
    "x": 0.0064304133709506515,
    "y": 0.04337979734449786,
    "z": 0.007504377941901804,
    "w": 0.9990097733645723
  }
}