{
  "pose_index": 0,
  "timestamp": 1768204217.9665148,
  "joint_position": {
    "rad": [
      0.06484464555978775,
      0.028143534436821938,
      1.445081114768982,
      -0.15535199642181396,
      1.6586602926254272,
      0.09153930842876434
    ],
    "deg": [
      3.7153245145975715,
      1.6125057438109893,
      82.7970489303228,
      -8.901013733901406,
      95.03423441337108,
      5.24481603251452
    ]
  },
  "cartesian_position": {
    "position": {
      "x": 0.4688040614128113,
      "y": -0.08304781466722488,
      "z": 0.4701710045337677
    },
    "orientation": {
      "x": -0.7158128619194031,
      "y": -0.6969093084335327,
      "z": -0.027966948226094246,
      "w": 0.033870089799165726
    }
  }
}