{
  "pose_index": 17,
  "pattern_size": {
    "width": 11,
    "height": 8
  },
  "square_size_mm": 20,
  "rvec": {
    "x": 0.014683385177778606,
    "y": 0.08434874116150899,
    "z": 0.015769473848565127
  },
  "tvec": {
    "x": -83.0692829827917,
    "y": 0.28697112637371275,
    "z": 490.76488321490774
  },
  "rotation_matrix": [
    [
      0.996320631484607,
      -0.015130690441474652,
      0.08435793670353903
    ],
    [
      0.0163684334642308,
      0.9997680075250248,
      -0.014000196976079137
    ],
    [
      -0.08412653365045464,
      0.015329492366227711,
      0.9963371582951992
    ]
  ],
  "transformation_matrix": [
    [
      0.996320631484607,
      -0.015130690441474652,
      0.08435793670353903,
      -83.0692829827917
    ],
    [
      0.0163684334642308,
      0.9997680075250248,
      -0.014000196976079137,
      0.28697112637371275
    ],
    [
      -0.08412653365045464,
      0.015329492366227711,
      0.9963371582951992,
      490.76488321490774
    ],
    [
      0.0,
      0.0,
      0.0,
      1.0
    ]
  ],
  "orientation": {
    "x": 0.007339374366780669,
    "y": 0.042161053548324404,
    "z": 0.007882247229809888,
    "w": 0.9990527760464949
  }
}