{
  "pose_index": 17,
  "timestamp": 1768204425.835392,
  "joint_position": {
    "rad": [
      0.06500691175460815,
      0.027766941115260124,
      1.4438227415084839,
      -0.1575528085231781,
      1.6574864387512207,
      0.0908643901348114
    ],
    "deg": [
      3.7246216827184284,
      1.5909285358926843,
      82.72494945344414,
      -9.02711097881089,
      94.96697754061397,
      5.206146062754847
    ]
  },
  "cartesian_position": {
    "position": {
      "x": 0.4688035249710083,
      "y": -0.08308281004428864,
      "z": 0.47035834193229675
    },
    "orientation": {
      "x": -0.7155585885047913,
      "y": -0.6972060799598694,
      "z": -0.027093740180134773,
      "w": 0.033845480531454086
    }
  }
}