{
  "header": {
    "stamp": {
      "sec": 1763457185,
      "nanosec": 438709883
    },
    "frame_id": "robot_base"
  },
  "is_online": true,
  "enable": false,
  "in_motion": false,
  "joint_position_deg": [90.045, 4.973, 13.11, 4.907, 71.482, 0.05],
  "joint_position_rad": [1.57158, 0.0867952, 0.228813, 0.0856433, 1.2476, 0.000872665],
  "cartesian_position": {
    "position": {
      "x": -18.338,
      "y": 521.563,
      "z": 444.952
    },
    "orientation": {
      "x": -0.715985,
      "y": -0.696921,
      "z": 0.0260839,
      "w": 0.0313929
    },
    "euler_orientation_rpy_deg": [-175.336, -0.367, 88.439],
    "euler_orientation_rpy_rad": [-3.06019, -0.00640536, 1.54355]
  }
}
