{
  "header": {
    "stamp": {
      "sec": 1763457265,
      "nanosec": 157394574
    },
    "frame_id": "robot_base"
  },
  "is_online": true,
  "enable": false,
  "in_motion": false,
  "joint_position_deg": [90.039, 27.517, 34.819, 6.599, 18.4, -1.774],
  "joint_position_rad": [1.57148, 0.480262, 0.607706, 0.115174, 0.321141, -0.0309621],
  "cartesian_position": {
    "position": {
      "x": -8.16,
      "y": 526.329,
      "z": 125.75
    },
    "orientation": {
      "x": -0.730452,
      "y": -0.677815,
      "z": -0.042187,
      "w": 0.0722976
    },
    "euler_orientation_rpy_deg": [-177.188, -9.186, 85.493],
    "euler_orientation_rpy_rad": [-3.09251, -0.160326, 1.49213]
  }
}
