{
  "header": {
    "stamp": {
      "sec": 1763457169,
      "nanosec": 741311295
    },
    "frame_id": "robot_base"
  },
  "is_online": true,
  "enable": false,
  "in_motion": false,
  "joint_position_deg": [90.045, 4.973, -0.513, 4.907, 86.864, 0.049],
  "joint_position_rad": [1.57158, 0.0867952, -0.00895354, 0.0856433, 1.51606, 0.000855211],
  "cartesian_position": {
    "position": {
      "x": -19.311,
      "y": 524.205,
      "z": 549.658
    },
    "orientation": {
      "x": -0.708441,
      "y": -0.704382,
      "z": 0.0383845,
      "w": 0.0220059
    },
    "euler_orientation_rpy_deg": [-175.108, 1.34, 89.728],
    "euler_orientation_rpy_rad": [-3.05621, 0.0233874, 1.56605]
  }
}
