{
  "header": {
    "stamp": {
      "sec": 1763457206,
      "nanosec": 332021564
    },
    "frame_id": "robot_base"
  },
  "is_online": true,
  "enable": false,
  "in_motion": false,
  "joint_position_deg": [90.045, 11.621, 22.885, 4.907, 54.169, 0.05],
  "joint_position_rad": [1.57158, 0.202825, 0.399419, 0.0856433, 0.945427, 0.000872665],
  "cartesian_position": {
    "position": {
      "x": -15.689,
      "y": 529.448,
      "z": 319.193
    },
    "orientation": {
      "x": -0.723872,
      "y": -0.688949,
      "z": 0.0166041,
      "w": 0.0328979
    },
    "euler_orientation_rpy_deg": [-175.956, -1.22, 87.125],
    "euler_orientation_rpy_rad": [-3.07101, -0.021293, 1.52062]
  }
}
