{
  "header": {
    "stamp": {
      "sec": 1763457220,
      "nanosec": 584327998
    },
    "frame_id": "robot_base"
  },
  "is_online": true,
  "enable": false,
  "in_motion": false,
  "joint_position_deg": [90.045, 11.621, 32.194, 4.907, 43.189, 0.05],
  "joint_position_rad": [1.57158, 0.202825, 0.561891, 0.0856433, 0.75379, 0.000872665],
  "cartesian_position": {
    "position": {
      "x": -13.223,
      "y": 496.683,
      "z": 259.183
    },
    "orientation": {
      "x": -0.727767,
      "y": -0.684665,
      "z": 0.00284887,
      "w": 0.039759
    },
    "euler_orientation_rpy_deg": [-176.454, -2.883, 86.415],
    "euler_orientation_rpy_rad": [-3.0797, -0.0503178, 1.50823]
  }
}
