{
  "header": {
    "stamp": {
      "sec": 1763259192,
      "nanosec": 435603388
    },
    "frame_id": "robot_base"
  },
  "is_online": true,
  "enable": true,
  "in_motion": false,
  "joint_position_deg": [
    90.045,
    4.963,
    -23.387,
    0.002,
    108.428,
    0.046
  ],
  "joint_position_rad": [
    1.571581724958294,
    0.08662069077647858,
    -0.40818015216391385,
    3.490658503988659e-05,
    1.8924256013524114,
    0.0008028514559173916
  ],
  "cartesian_position": {
    "position": {
      "x": 0,
      "y": 490.001,
      "z": 720.001
    },
    "orientation": {
      "x": -0.707106781078849,
      "y": -0.7071067802172607,
      "z": 3.702402446774694e-05,
      "w": -1.2341341494246656e-05
    },
    "euler_orientation_rpy_deg": [
      -179.998,
      0.004,
      90
    ],
    "euler_orientation_rpy_rad": [
      -3.1415577470047533,
      6.981317007977319e-05,
      1.5707963267948966
    ]
  }
}