{
  "header": {
    "stamp": {
      "sec": 1763259773,
      "nanosec": 9860744
    },
    "frame_id": "robot_base"
  },
  "is_online": true,
  "enable": true,
  "in_motion": false,
  "joint_position_deg": [
    83.357,
    53.991,
    14.621,
    0.003,
    21.392,
    -6.644
  ],
  "joint_position_rad": [
    1.454854104584913,
    0.9423207164442584,
    0.25518458993409093,
    5.235987755982989e-05,
    0.373360833586627,
    -0.11595967550250326
  ],
  "cartesian_position": {
    "position": {
      "x": 69.054,
      "y": 589.522,
      "z": -27.653
    },
    "orientation": {
      "x": -0.7071191221779985,
      "y": -0.7070944384180521,
      "z": 4.3195018294228216e-05,
      "w": -1.8511258347730517e-05
    },
    "euler_orientation_rpy_deg": [
      -179.998,
      0.005,
      89.998
    ],
    "euler_orientation_rpy_rad": [
      -3.1415577470047533,
      8.726646259971648e-05,
      1.5707614202098568
    ]
  }
}