{
  "header": {
    "stamp": {
      "sec": 1763259685,
      "nanosec": 711490462
    },
    "frame_id": "robot_base"
  },
  "is_online": true,
  "enable": true,
  "in_motion": false,
  "joint_position_deg": [
    97.149,
    48.022,
    22.983,
    0.008,
    19,
    7.143
  ],
  "joint_position_rad": [
    1.6955699150199712,
    0.838142013392717,
    0.40112902198585676,
    0.00013962634015954637,
    0.3316125578789226,
    0.12466886846995495
  ],
  "cartesian_position": {
    "position": {
      "x": -67.993,
      "y": 545.196,
      "z": -1.777
    },
    "orientation": {
      "x": -0.7071129515880371,
      "y": -0.7071006091695707,
      "z": 4.319485675138004e-05,
      "w": -1.85116352946705e-05
    },
    "euler_orientation_rpy_deg": [
      -179.998,
      0.005,
      89.999
    ],
    "euler_orientation_rpy_rad": [
      -3.1415577470047533,
      8.726646259971648e-05,
      1.5707788735023767
    ]
  }
}