{
  "header": {
    "stamp": {
      "sec": 1763259712,
      "nanosec": 710967297
    },
    "frame_id": "robot_base"
  },
  "is_online": true,
  "enable": true,
  "in_motion": false,
  "joint_position_deg": [
    97.149,
    50.987,
    22.017,
    0.008,
    17,
    7.142
  ],
  "joint_position_rad": [
    1.6955699150199712,
    0.8898910257143489,
    0.38426914141159146,
    0.00013962634015954637,
    0.29670597283903605,
    0.12465141517743501
  ],
  "cartesian_position": {
    "position": {
      "x": -67.993,
      "y": 545.196,
      "z": -24.584
    },
    "orientation": {
      "x": -0.7071129515880371,
      "y": -0.7071006091695707,
      "z": 4.319485675138004e-05,
      "w": -1.85116352946705e-05
    },
    "euler_orientation_rpy_deg": [
      -179.998,
      0.005,
      89.999
    ],
    "euler_orientation_rpy_rad": [
      -3.1415577470047533,
      8.726646259971648e-05,
      1.5707788735023767
    ]
  }
}