{
  "header": {
    "stamp": {
      "sec": 1762184711,
      "nanosec": 564408687
    },
    "frame_id": "robot_base"
  },
  "is_online": true,
  "enable": false,
  "in_motion": false,
  "joint_position_deg": [87.821, 58.897, 12.237, 0.007, 18.873, -39.344],
  "joint_position_rad": [1.53277, 1.02795, 0.213576, 0.000122173, 0.329396, -0.686682],
  "cartesian_position": {
    "position": {
      "x": 23.046,
      "y": 595.489,
      "z": -66.188
    },
    "orientation": {
      "x": -0.444956,
      "y": -0.895553,
      "z": 6.24229e-05,
      "w": -7.96286e-06
    },
    "euler_orientation_rpy_deg": [-179.994, 0.004, 127.159],
    "euler_orientation_rpy_rad": [-3.14149, 6.98132e-05, 2.21934]
  },
  "corner_index": 77
}
