{
  "header": {
    "stamp": {
      "sec": 1762185099,
      "nanosec": 844723245
    },
    "frame_id": "robot_base"
  },
  "is_online": true,
  "enable": false,
  "in_motion": false,
  "joint_position_deg": [81.9, 63.442, -0.349, 0.005, 26.917, -45.26],
  "joint_position_rad": [1.42942, 1.10727, -0.0060912, 8.72665e-05, 0.46979, -0.789936],
  "cartesian_position": {
    "position": {
      "x": 94.275,
      "y": 659.676,
      "z": -65.46
    },
    "orientation": {
      "x": -0.444987,
      "y": -0.895537,
      "z": 9.36348e-05,
      "w": -1.1941e-05
    },
    "euler_orientation_rpy_deg": [-179.991, 0.006, 127.155],
    "euler_orientation_rpy_rad": [-3.14144, 0.00010472, 2.21927]
  },
  "corner_index": 38
}
