{
  "header": {
    "stamp": {
      "sec": 1762184965,
      "nanosec": 91074640
    },
    "frame_id": "robot_base"
  },
  "is_online": true,
  "enable": false,
  "in_motion": false,
  "joint_position_deg": [88.671, 66.168, -7.168, 0.006, 31.009, -38.49],
  "joint_position_rad": [1.5476, 1.15485, -0.125105, 0.00010472, 0.541209, -0.671777],
  "cartesian_position": {
    "position": {
      "x": 16.631,
      "y": 700.641,
      "z": -65.456
    },
    "orientation": {
      "x": -0.444979,
      "y": -0.895541,
      "z": 8.19364e-05,
      "w": -8.00995e-06
    },
    "euler_orientation_rpy_deg": [-179.992, 0.005, 127.156],
    "euler_orientation_rpy_rad": [-3.14145, 8.72665e-05, 2.21929]
  },
  "corner_index": 0
}
