{
  "header": {
    "stamp": {
      "sec": 1762184874,
      "nanosec": 909941537
    },
    "frame_id": "robot_base"
  },
  "is_online": true,
  "enable": false,
  "in_motion": false,
  "joint_position_deg": [77.595, 66.97, -9.116, 0.003, 32.156, -49.563],
  "joint_position_rad": [1.35429, 1.16885, -0.159104, 5.23599e-05, 0.561228, -0.865038],
  "cartesian_position": {
    "position": {
      "x": 152.94,
      "y": 693.542,
      "z": -65.454
    },
    "orientation": {
      "x": -0.444979,
      "y": -0.895541,
      "z": 8.19364e-05,
      "w": -8.00995e-06
    },
    "euler_orientation_rpy_deg": [-179.992, 0.005, 127.156],
    "euler_orientation_rpy_rad": [-3.14145, 8.72665e-05, 2.21929]
  },
  "corner_index": 20
}
