{
  "header": {
    "stamp": {
      "sec": 1762185192,
      "nanosec": 379513913
    },
    "frame_id": "robot_base"
  },
  "is_online": true,
  "enable": false,
  "in_motion": false,
  "joint_position_deg": [74.077, 60.785, 6.682, 0.003, 22.545, -53.08],
  "joint_position_rad": [1.29289, 1.0609, 0.116623, 5.23599e-05, 0.393484, -0.926421],
  "cartesian_position": {
    "position": {
      "x": 172.711,
      "y": 603.986,
      "z": -65.463
    },
    "orientation": {
      "x": -0.444995,
      "y": -0.895533,
      "z": 0.00010145,
      "w": -8.05689e-06
    },
    "euler_orientation_rpy_deg": [-179.99, 0.006, 127.154],
    "euler_orientation_rpy_rad": [-3.14142, 0.00010472, 2.21926]
  },
  "corner_index": 87
}
