{
  "header": {
    "stamp": {
      "sec": 1762183192,
      "nanosec": 216990554
    },
    "frame_id": "robot_base"
  },
  "is_online": true,
  "enable": true,
  "in_motion": false,
  "joint_position_deg": [90.045, 4.963, -23.387, 0.002, 108.428, 0.047],
  "joint_position_rad": [1.57158, 0.0866207, -0.40818, 3.49066e-05, 1.89243, 0.000820305],
  "cartesian_position": {
    "position": {
      "x": -0.001,
      "y": 490.001,
      "z": 720.003
    },
    "orientation": {
      "x": -0.707113,
      "y": -0.707101,
      "z": 3.70241e-05,
      "w": -1.2341e-05
    },
    "euler_orientation_rpy_deg": [-179.998, 0.004, 89.999],
    "euler_orientation_rpy_rad": [-3.14156, 6.98132e-05, 1.57078]
  }
}
