[INFO] [launch]: All log files can be found below /home/mu/.ros/log/2026-09-09-15-38-10-985438-mu-MS-7E34-178307
[INFO] [launch]: Default logging verbosity is set to INFO
[INFO] [robot_state_publisher-1]: process started with pid [178346]
[INFO] [ros2_control_node-2]: process started with pid [178347]
[INFO] [spawner-3]: process started with pid [178348]
[INFO] [spawner-4]: process started with pid [178349]
[INFO] [spawner-5]: process started with pid [178350]
[INFO] [move_group-6]: process started with pid [178351]
[INFO] [rviz2-7]: process started with pid [178352]
[INFO] [component_container-8]: process started with pid [178353]
[INFO] [extrinsics_publisher-9]: process started with pid [178354]
[INFO] [peach_scene_perception_node-10]: process started with pid [178355]
[INFO] [peach_target_reconstruction_node-11]: process started with pid [178356]
[INFO] [peach_manipulation_node-12]: process started with pid [178357]
[INFO] [peach_observability-13]: process started with pid [178358]
[INFO] [peach_executor-14]: process started with pid [178359]
[INFO] [peach_lifecycle_manager-15]: process started with pid [178360]
[INFO] [ros2-16]: process started with pid [178361]
[robot_state_publisher-1] [INFO] [1788939491.396835824] [robot_state_publisher]: Robot initialized
[ros2_control_node-2] [INFO] [1788939491.405585092] [controller_manager]: Using Steady (Monotonic) clock for triggering controller manager cycles.
[ros2_control_node-2] [INFO] [1788939491.409812232] [controller_manager]: Subscribing to '/robot_description' topic for robot description.
[ros2_control_node-2] [INFO] [1788939491.412261312] [controller_manager]: update rate is 200 Hz
[ros2_control_node-2] [INFO] [1788939491.412278535] [controller_manager]: Overruns handling is : enabled
[ros2_control_node-2] [INFO] [1788939491.412280997] [controller_manager]: Spawning controller_manager RT thread with scheduler priority: 50
[ros2_control_node-2] [INFO] [1788939491.412318285] [controller_manager]: Successful set up FIFO RT scheduling policy with priority 50.
[peach_manipulation_node-12] [WARN] [1788939491.419450916] [rcl.logging_rosout]: Publisher already registered for node name: 'peach_manipulation_node'. If this is due to multiple nodes with the same name then all logs for the logger named 'peach_manipulation_node' will go out over the existing publisher. As soon as any node with that name is destructed it will unregister the publisher, preventing any further logs for that name from being published on the rosout topic.
[peach_manipulation_node-12] [WARN] [1788939491.420577170] [peach_manipulation_node]: scan.protected_zones 丢弃畸形盒: 盒#0 存在 min>=max 的轴（空盒/退化盒），已丢弃
[move_group-6] [INFO] [1788939491.423026308] [move_group.moveit.moveit.ros.rdf_loader]: Loaded robot model in 0.00236475 seconds
[move_group-6] [INFO] [1788939491.423092770] [move_group.moveit.moveit.core.robot_model]: Loading robot model 'aubo_e5'...
[move_group-6] [INFO] [1788939491.423100300] [move_group.moveit.moveit.core.robot_model]: No root/virtual joint specified in SRDF. Assuming fixed joint
[move_group-6] [INFO] [1788939491.456622209] [move_group.moveit.moveit.kinematics.kdl_kinematics_plugin]: Joint weights for group 'manipulator_e5': 1 1 1 1 1 1
[component_container-8] [INFO] [1788939491.550451952] [camera.camera_container]: Load Library: /home/mu/Desktop/aubo_e5_jazzy_ws/install/percipio_camera/lib/libpercipio_camera.so
[spawner-4] [INFO] [1788939491.622653837] [spawner_aubo_io_controller]: waiting for service /controller_manager/list_controllers to become available...
[component_container-8] [INFO] [1788939491.656785616] [camera.camera_container]: Found class: rclcpp_components::NodeFactoryTemplate<percipio_camera::PercipioCameraNodeDriver>
[component_container-8] [INFO] [1788939491.656812208] [camera.camera_container]: Instantiate class: rclcpp_components::NodeFactoryTemplate<percipio_camera::PercipioCameraNodeDriver>
[ros2-16] [WARN] [ros2bag]: Positional "topics" argument deprecated. Please use optional "--topics" argument instead.
[ros2-16] stdin is not a terminal device. Keyboard handling disabled.[INFO] [1788939491.689805890] [rosbag2_recorder]: Press SPACE for pausing/resuming
[ros2-16] [INFO] [1788939491.689920332] [rosbag2_recorder]: Event publisher thread: Started
[ros2-16] [INFO] [1788939491.691929151] [rosbag2_recorder]: Starting recording to '/home/mu/Desktop/aubo_e5_jazzy_ws/runs/mcap_20260909_153811'
[ros2-16] [INFO] [1788939491.692965682] [rosbag2_recorder]: Listening for topics...
[ros2-16] [INFO] [1788939491.692975862] [rosbag2_recorder]: Recording...
[ros2-16] [INFO] [1788939491.692993417] [rosbag2_recorder]: Topics discovery started.
[extrinsics_publisher-9] [INFO] [1788939491.764555390] [hand_eye_extrinsics_publisher]: Published active camera extrinsic from /home/mu/Desktop/aubo_e5_jazzy_ws/src/aubo_hand_eye_calibration/hand_eye/active.yaml
[peach_observability-13] [INFO] [1788939491.803582667] [peach_observability]: 手动调试操作面未启用（debug.enabled=false）
[peach_observability-13] [INFO] [1788939491.805375172] [peach_observability]: 桃子采摘 Web 控制台（只读监控）: http://127.0.0.1:8090
[move_group-6] [INFO] [1788939491.903129287] [move_group.moveit.moveit.ros.planning_scene_monitor]: Publishing maintained planning scene on 'monitored_planning_scene'
[move_group-6] [INFO] [1788939491.903385897] [move_group.moveit.moveit.ros.moveit_cpp]: Listening to 'joint_states' for joint states
[move_group-6] [INFO] [1788939491.904759726] [move_group.moveit.moveit.ros.current_state_monitor]: Listening to joint states on topic 'joint_states'
[move_group-6] [INFO] [1788939491.905652318] [move_group.moveit.moveit.ros.planning_scene_monitor]: Listening to '/attached_collision_object' for attached collision objects
[move_group-6] [INFO] [1788939491.905666765] [move_group.moveit.moveit.ros.planning_scene_monitor]: Stopping existing planning scene publisher.
[move_group-6] [INFO] [1788939491.905766969] [move_group.moveit.moveit.ros.planning_scene_monitor]: Stopped publishing maintained planning scene.
[move_group-6] [INFO] [1788939491.906196216] [move_group.moveit.moveit.ros.planning_scene_monitor]: Publishing maintained planning scene on 'monitored_planning_scene'
[move_group-6] [INFO] [1788939491.906242093] [move_group.moveit.moveit.ros.planning_scene_monitor]: Starting planning scene monitor
[move_group-6] [INFO] [1788939491.907788650] [move_group.moveit.moveit.ros.planning_scene_monitor]: Listening to '/planning_scene'
[move_group-6] [INFO] [1788939491.907802945] [move_group.moveit.moveit.ros.planning_scene_monitor]: Starting world geometry update monitor for collision objects, attached objects, octomap updates.
[move_group-6] [INFO] [1788939491.908183449] [move_group.moveit.moveit.ros.planning_scene_monitor]: Listening to 'collision_object'
[move_group-6] [INFO] [1788939491.908795406] [move_group.moveit.moveit.ros.planning_scene_monitor]: Listening to 'planning_scene_world' for planning scene world geometry
[component_container-8] [INFO] [1788939491.908797524] [camera.camera]: Init lib
[move_group-6] [WARN] [1788939491.909430613] [move_group.moveit.moveit.ros.occupancy_map_monitor]: Resolution not specified for Octomap. Assuming resolution = 0.1 instead
[move_group-6] [ERROR] [1788939491.909445263] [move_group.moveit.moveit.ros.occupancy_map_monitor]: No 3D sensor plugin(s) defined for octomap updates
[component_container-8] [INFO] [1788939491.913300628] [camera.camera]:      - lib version: 4.2.10
[component_container-8] [INFO] [1788939491.913449856] [camera.camera]: PercipioCameraNodeDriver::init, deivce sn :
[component_container-8] [INFO] [1788939491.913454384] [camera.camera]: PercipioCameraNodeDriver::init, deivce ip :169.254.10.110
[ros2_control_node-2] [INFO] [1788939491.918486066] [controller_manager]: Received robot description from topic.
[ros2_control_node-2] [INFO] [1788939491.918517302] [controller_manager]: Enforcing command limits is disabled. Command limits from URDF will be ignored.
[ros2_control_node-2] [INFO] [1788939491.921376777] [controller_manager]: Loading hardware 'AuboE5System' 
[ros2_control_node-2] [INFO] [1788939491.925918681] [controller_manager]: Loaded hardware 'AuboE5System' from plugin 'aubo_e5_hardware/AuboE5Hardware'
[ros2_control_node-2] [INFO] [1788939491.925997050] [controller_manager]: Initialize hardware 'AuboE5System' 
[ros2_control_node-2] [INFO] [1788939491.929020221] [AuboE5Hardware]: on_init OK (169.254.10.98:8899, rib_target=400, slowdown=300/350, batch=2..8, speed_guard=false)
[ros2_control_node-2] [INFO] [1788939491.929038274] [controller_manager]: Successful initialization of hardware 'AuboE5System'
[ros2_control_node-2] [INFO] [1788939491.929389489] [controller_manager]: Activating component 'AuboE5System'.
[ros2_control_node-2] [INFO] [1788939491.929396321] [resource_manager]: 'configure' hardware 'AuboE5System' 
[ros2_control_node-2] log4cplus: Just opened file: logfiles/trace_all.log
[peach_scene_perception_node-10] [INFO] [1788939491.939498162] [peach_scene_perception_node]: YOLO=/home/mu/Desktop/aubo_e5_jazzy_ws/install/peach_perception/share/peach_perception/model/best.pt
[peach_scene_perception_node-10] [INFO] [1788939491.939671797] [peach_scene_perception_node]: SAM=/home/mu/Desktop/aubo_e5_jazzy_ws/install/peach_perception/share/peach_perception/model/mobile_sam.pt
[peach_target_reconstruction_node-11] [INFO] [1788939491.944030560] [peach_target_reconstruction_node]: peach_target_reconstruction_node ready: base=base_link color=/camera/color/image_raw depth=/camera/depth/image_raw slop=0.05s depth_scale_unit=0.25 views(min/rec/max)=2/5/24 require_static=True auto_mode=True session_root=/home/mu/Desktop/aubo_e5_jazzy_ws/runs
[move_group-6] [INFO] [1788939492.030164796] [move_group.moveit.moveit.ros.planning_pipeline]: Successfully loaded planner 'OMPL'
[move_group-6] [INFO] [1788939492.031688602] [move_group]: Try loading adapter 'default_planning_request_adapters/ResolveConstraintFrames'
[move_group-6] [INFO] [1788939492.032252362] [move_group]: Loaded adapter 'default_planning_request_adapters/ResolveConstraintFrames'
[move_group-6] [INFO] [1788939492.032265267] [move_group]: Try loading adapter 'default_planning_request_adapters/ValidateWorkspaceBounds'
[move_group-6] [INFO] [1788939492.032374283] [move_group]: Loaded adapter 'default_planning_request_adapters/ValidateWorkspaceBounds'
[move_group-6] [INFO] [1788939492.032376841] [move_group]: Try loading adapter 'default_planning_request_adapters/CheckStartStateBounds'
[move_group-6] [INFO] [1788939492.032387693] [move_group]: Loaded adapter 'default_planning_request_adapters/CheckStartStateBounds'
[move_group-6] [INFO] [1788939492.032389372] [move_group]: Try loading adapter 'default_planning_request_adapters/CheckStartStateCollision'
[move_group-6] [INFO] [1788939492.032394250] [move_group]: Loaded adapter 'default_planning_request_adapters/CheckStartStateCollision'
[move_group-6] [INFO] [1788939492.033754636] [move_group]: Try loading adapter 'default_planning_response_adapters/AddTimeOptimalParameterization'
[move_group-6] [INFO] [1788939492.035042446] [move_group]: Loaded adapter 'default_planning_response_adapters/AddTimeOptimalParameterization'
[move_group-6] [INFO] [1788939492.035048451] [move_group]: Try loading adapter 'default_planning_response_adapters/AddRuckigTrajectorySmoothing'
[move_group-6] [INFO] [1788939492.035055879] [move_group]: Loaded adapter 'default_planning_response_adapters/AddRuckigTrajectorySmoothing'
[move_group-6] [INFO] [1788939492.035057367] [move_group]: Try loading adapter 'default_planning_response_adapters/ValidateSolution'
[move_group-6] [INFO] [1788939492.036164487] [move_group]: Loaded adapter 'default_planning_response_adapters/ValidateSolution'
[move_group-6] [INFO] [1788939492.036172445] [move_group]: Try loading adapter 'default_planning_response_adapters/DisplayMotionPath'
[move_group-6] [INFO] [1788939492.036469229] [move_group]: Loaded adapter 'default_planning_response_adapters/DisplayMotionPath'
[move_group-6] [INFO] [1788939492.038646900] [move_group.moveit.moveit.planners.pilz.joint_limits_aggregator]: Reading limits from namespace robot_description_planning
[move_group-6] [INFO] [1788939492.039992864] [move_group.moveit.moveit.planners.pilz.command_planner]: Available plugins: pilz_industrial_motion_planner/PlanningContextLoaderCIRC pilz_industrial_motion_planner/PlanningContextLoaderLIN pilz_industrial_motion_planner/PlanningContextLoaderPTP pilz_industrial_motion_planner/PlanningContextLoaderPolyline 
[move_group-6] [INFO] [1788939492.040001793] [move_group.moveit.moveit.planners.pilz.command_planner]: About to load: pilz_industrial_motion_planner/PlanningContextLoaderCIRC
[move_group-6] [INFO] [1788939492.040751658] [move_group.moveit.moveit.planners.pilz.command_planner]: Registered Algorithm [CIRC]
[move_group-6] [INFO] [1788939492.040758125] [move_group.moveit.moveit.planners.pilz.command_planner]: About to load: pilz_industrial_motion_planner/PlanningContextLoaderLIN
[move_group-6] [INFO] [1788939492.041256161] [move_group.moveit.moveit.planners.pilz.command_planner]: Registered Algorithm [LIN]
[move_group-6] [INFO] [1788939492.041261880] [move_group.moveit.moveit.planners.pilz.command_planner]: About to load: pilz_industrial_motion_planner/PlanningContextLoaderPTP
[move_group-6] [INFO] [1788939492.041693285] [move_group.moveit.moveit.planners.pilz.command_planner]: Registered Algorithm [PTP]
[move_group-6] [INFO] [1788939492.041698016] [move_group.moveit.moveit.planners.pilz.command_planner]: About to load: pilz_industrial_motion_planner/PlanningContextLoaderPolyline
[move_group-6] [INFO] [1788939492.042146231] [move_group.moveit.moveit.planners.pilz.command_planner]: Registered Algorithm [POLYLINE]
[move_group-6] [INFO] [1788939492.042151189] [move_group.moveit.moveit.ros.planning_pipeline]: Successfully loaded planner 'Pilz Industrial Motion Planner'
[move_group-6] [INFO] [1788939492.043540565] [move_group]: Try loading adapter 'default_planning_request_adapters/ResolveConstraintFrames'
[move_group-6] [INFO] [1788939492.043667216] [move_group]: Loaded adapter 'default_planning_request_adapters/ResolveConstraintFrames'
[move_group-6] [INFO] [1788939492.043669607] [move_group]: Try loading adapter 'default_planning_request_adapters/ValidateWorkspaceBounds'
[move_group-6] [INFO] [1788939492.043775507] [move_group]: Loaded adapter 'default_planning_request_adapters/ValidateWorkspaceBounds'
[move_group-6] [INFO] [1788939492.043778548] [move_group]: Try loading adapter 'default_planning_request_adapters/CheckStartStateBounds'
[move_group-6] [INFO] [1788939492.043786722] [move_group]: Loaded adapter 'default_planning_request_adapters/CheckStartStateBounds'
[move_group-6] [INFO] [1788939492.043788298] [move_group]: Try loading adapter 'default_planning_request_adapters/CheckStartStateCollision'
[move_group-6] [INFO] [1788939492.043793361] [move_group]: Loaded adapter 'default_planning_request_adapters/CheckStartStateCollision'
[ros2_control_node-2] [INFO] [1788939492.044688728] [AuboE5Hardware]: Real robot detected
[move_group-6] [INFO] [1788939492.045071462] [move_group]: Try loading adapter 'default_planning_response_adapters/ValidateSolution'
[move_group-6] [INFO] [1788939492.045580568] [move_group]: Loaded adapter 'default_planning_response_adapters/ValidateSolution'
[move_group-6] [INFO] [1788939492.045586840] [move_group]: Try loading adapter 'default_planning_response_adapters/DisplayMotionPath'
[move_group-6] [INFO] [1788939492.045776225] [move_group]: Loaded adapter 'default_planning_response_adapters/DisplayMotionPath'
[move_group-6] [INFO] [1788939492.063478460] [move_group.moveit.moveit.plugins.simple_controller_manager]: Added FollowJointTrajectory controller for aubo_passthrough_trajectory_controller
[move_group-6] [INFO] [1788939492.063610072] [move_group.moveit.moveit.plugins.simple_controller_manager]: Returned 1 controllers in list
[move_group-6] [INFO] [1788939492.063628445] [move_group.moveit.moveit.plugins.simple_controller_manager]: Returned 1 controllers in list
[move_group-6] [INFO] [1788939492.063942325] [move_group.moveit.moveit.ros.trajectory_execution_manager]: Trajectory execution is not managing controllers
[move_group-6] [INFO] [1788939492.063952093] [move_group]: MoveGroup debug mode is ON
[move_group-6] [INFO] [1788939492.078184017] [move_group.moveit.moveit.planners.pilz.move_group_sequence_action]: initialize move group sequence action
[move_group-6] [INFO] [1788939492.079684601] [move_group.moveit.moveit.planners.pilz.joint_limits_aggregator]: Reading limits from namespace robot_description_planning
[move_group-6] [INFO] [1788939492.079803866] [move_group.moveit.moveit.planners.pilz.joint_limits_aggregator]: Reading limits from namespace robot_description_planning
[move_group-6] [INFO] [1788939492.080234443] [move_group.moveit.moveit.ros.move_group.executable]: 
[move_group-6] 
[move_group-6] ********************************************************
[move_group-6] * MoveGroup using: 
[move_group-6] *     - apply_planning_scene_service
[move_group-6] *     - clear_octomap_service
[move_group-6] *     - ExecuteTaskSolution
[move_group-6] *     - get_group_urdf
[move_group-6] *     - load_geometry_from_file
[move_group-6] *     - CartesianPathService
[move_group-6] *     - execute_trajectory_action
[move_group-6] *     - get_planning_scene_service
[move_group-6] *     - kinematics_service
[move_group-6] *     - move_action
[move_group-6] *     - motion_plan_service
[move_group-6] *     - query_planners_service
[move_group-6] *     - state_validation_service
[move_group-6] *     - save_geometry_to_file
[move_group-6] *     - SequenceAction
[move_group-6] *     - SequenceService
[move_group-6] ********************************************************
[move_group-6] 
[move_group-6] [INFO] [1788939492.080260901] [move_group.moveit.moveit.ros.move_group.context]: MoveGroup context using pipeline ompl
[move_group-6] [INFO] [1788939492.080266291] [move_group.moveit.moveit.ros.move_group.context]: MoveGroup context initialization complete
[move_group-6] [96mLoading 'move_group/ApplyPlanningSceneService'...[0m
[move_group-6] [96mLoading 'move_group/ClearOctomapService'...[0m
[move_group-6] [96mLoading 'move_group/ExecuteTaskSolutionCapability'...[0m
[move_group-6] [96mLoading 'move_group/GetUrdfService'...[0m
[move_group-6] [96mLoading 'move_group/LoadGeometryFromFileService'...[0m
[move_group-6] [96mLoading 'move_group/MoveGroupCartesianPathService'...[0m
[move_group-6] [96mLoading 'move_group/MoveGroupExecuteTrajectoryAction'...[0m
[move_group-6] [96mLoading 'move_group/MoveGroupGetPlanningSceneService'...[0m
[move_group-6] [96mLoading 'move_group/MoveGroupKinematicsService'...[0m
[move_group-6] [96mLoading 'move_group/MoveGroupMoveAction'...[0m
[move_group-6] [96mLoading 'move_group/MoveGroupPlanService'...[0m
[move_group-6] [96mLoading 'move_group/MoveGroupQueryPlannersService'...[0m
[move_group-6] [96mLoading 'move_group/MoveGroupStateValidationService'...[0m
[move_group-6] [96mLoading 'move_group/SaveGeometryToFileService'...[0m
[move_group-6] [96mLoading 'pilz_industrial_motion_planner/MoveGroupSequenceAction'...[0m
[move_group-6] [96mLoading 'pilz_industrial_motion_planner/MoveGroupSequenceService'...[0m
[move_group-6] 
[move_group-6] [92mYou can start planning now![0m
[move_group-6] 
[ros2_control_node-2] [INFO] [1788939492.113080795] [AuboE5Hardware]: on_configure OK (dual login, push active)
[ros2_control_node-2] [INFO] [1788939492.113104714] [resource_manager]: Successful 'configure' of hardware 'AuboE5System'
[ros2_control_node-2] [INFO] [1788939492.113123362] [resource_manager]: 'activate' hardware 'AuboE5System' 
[ros2_control_node-2] [INFO] [1788939492.126524005] [AuboE5Hardware]: on_activate OK (TCP2CAN active, send + IO threads running)
[ros2_control_node-2] [INFO] [1788939492.126546487] [resource_manager]: Successful 'activate' of hardware 'AuboE5System'
[ros2_control_node-2] [INFO] [1788939492.126642061] [controller_manager]: Registering statistics for : AuboE5System
[ros2_control_node-2] [INFO] [1788939492.126664103] [AuboE5Hardware.ioLoop]: ioLoop started
[ros2_control_node-2] [INFO] [1788939492.126692765] [controller_manager]: Resource Manager has been successfully initialized. Starting Controller Manager services...
[ros2_control_node-2] [INFO] [1788939492.126710199] [AuboE5Hardware.sendLoop]: sendLoop started
[rviz2-7] [INFO] [1788939492.307612678] [rviz2]: Stereo is NOT SUPPORTED
[rviz2-7] [INFO] [1788939492.307666140] [rviz2]: OpenGl version: 4.6 (GLSL 4.6)
[rviz2-7] [INFO] [1788939492.410674103] [rviz2]: Stereo is NOT SUPPORTED
[ros2_control_node-2] [INFO] [1788939492.455980375] [controller_manager]: Loading controller : 'aubo_io_controller' of type 'aubo_e5_controllers/AuboIOController'
[ros2_control_node-2] [INFO] [1788939492.456024844] [controller_manager]: Loading controller 'aubo_io_controller'
[ros2_control_node-2] [INFO] [1788939492.459393048] [controller_manager]: Controller 'aubo_io_controller' node arguments: --ros-args --params-file /tmp/launch_params_nxd4edwk --params-file /home/mu/Desktop/aubo_e5_jazzy_ws/install/aubo_e5_bringup/share/aubo_e5_bringup/config/controllers.yaml 
[spawner-4] [INFO] [1788939492.468282604] [spawner_aubo_io_controller]: Loaded aubo_io_controller
[ros2_control_node-2] [INFO] [1788939492.474112501] [controller_manager]: Configuring controller: 'aubo_io_controller'
[ros2_control_node-2] [INFO] [1788939492.485575712] [controller_manager]: Activating controllers: [ aubo_io_controller ]
[ros2_control_node-2] [INFO] [1788939492.487614191] [controller_manager]: Successfully switched controllers!
[spawner-4] [INFO] [1788939492.494344634] [spawner_aubo_io_controller]: Configured and activated aubo_io_controller
[rviz2-7] Warning: class_loader.impl: SEVERE WARNING!!! A namespace collision has occurred with plugin factory for class rviz_default_plugins::displays::InteractiveMarkerDisplay. New factory will OVERWRITE existing one. This situation occurs when libraries containing plugins are directly linked against an executable (the one running right now generating this message). Please separate plugins out into their own library or just don't link against the library and use either class_loader::ClassLoader/MultiLibraryClassLoader to open.
[rviz2-7]          at line 321 in /opt/ros/jazzy/include/class_loader/class_loader/class_loader_core.hpp
[spawner-3] [INFO] [1788939492.586580196] [spawner_joint_state_broadcaster]: waiting for service /controller_manager/list_controllers to become available...
[peach_scene_perception_node-10] [INFO] [1788939492.624473666] [peach_scene_perception_node]: Subscribed color=/camera/color/image_raw depth=/camera/depth/image_raw info=/camera/color/camera_info slop=0.05s optical=camera_color_optical_frame output=base_link depth_scale_unit=0.25 gravity_mode=tf calib=percipio-640x480-chessboard|hand_eye:import_humble_20260128T114006
[peach_scene_perception_node-10] [INFO] [1788939492.624762220] [peach_scene_perception_node]: 目标身份记忆已启用：match_radius=0.06 m, max_targets=50, ema=0.3
[INFO] [spawner-4]: process has finished cleanly [pid 178349]
[ros2-16] [INFO] [1788939492.646035810] [rosbag2_recorder]: Subscribed to topic '/peach/perception/target_observations'
[ros2-16] [INFO] [1788939492.650215445] [rosbag2_recorder]: Subscribed to topic '/peach/reconstruction/status'
[ros2-16] [INFO] [1788939492.659117997] [rosbag2_recorder]: Subscribed to topic '/peach/reconstruction/shape_hypothesis'
[peach_manipulation_node-12] [WARN] [1788939492.668502977] [peach_manipulation_node]: scan.protected_zones 丢弃畸形盒: 盒#0 存在 min>=max 的轴（空盒/退化盒），已丢弃
[ros2-16] [INFO] [1788939492.676278454] [rosbag2_recorder]: Subscribed to topic '/peach/manipulation/grasp_hypothesis'
[peach_manipulation_node-12] [WARN] [1788939492.681069611] [rcl.logging_rosout]: Publisher already registered for node name: 'peach_manipulation_node'. If this is due to multiple nodes with the same name then all logs for the logger named 'peach_manipulation_node' will go out over the existing publisher. As soon as any node with that name is destructed it will unregister the publisher, preventing any further logs for that name from being published on the rosout topic.
[peach_manipulation_node-12] [INFO] [1788939492.686450440] [peach_manipulation_node.moveit.ros.rdf_loader]: Loaded robot model in 0.00237601 seconds
[peach_manipulation_node-12] [INFO] [1788939492.686483321] [peach_manipulation_node.moveit.core.robot_model]: Loading robot model 'aubo_e5'...
[peach_manipulation_node-12] [INFO] [1788939492.686492166] [peach_manipulation_node.moveit.core.robot_model]: No root/virtual joint specified in SRDF. Assuming fixed joint
[peach_manipulation_node-12] [INFO] [1788939492.718050202] [peach_manipulation_node.moveit.kinematics.kdl_kinematics_plugin]: Joint weights for group 'manipulator_e5': 1 1 1 1 1 1
[peach_manipulation_node-12] [INFO] [1788939492.726831375] [peach_manipulation_node.moveit.ros.move_group_interface]: Ready to take commands for planning group manipulator_e5.
[peach_manipulation_node-12] [INFO] [1788939492.726861851] [peach_manipulation_node]: 主动视觉靠近节点 ready: group=manipulator_e5 base=base_link tip=tcp camera=camera_depth_optical_frame execution=plan_only grasp=disabled
[peach_manipulation_node-12] [INFO] [1788939492.726875087] [peach_manipulation_node]: [IDLE] 已配置；activate 后才开放运动输出权限
[ros2-16] [INFO] [1788939492.734902249] [rosbag2_recorder]: Subscribed to topic '/peach_executor/state'
[ros2-16] [INFO] [1788939492.738250444] [rosbag2_recorder]: Subscribed to topic '/peach_executor/events'
[ros2-16] [INFO] [1788939492.739418041] [rosbag2_recorder]: Subscribed to topic '/peach_executor/scene_snapshot'
[ros2-16] [INFO] [1788939492.739429218] [rosbag2_recorder]: All requested topics are subscribed. Stopping discovery...
[ros2-16] [INFO] [1788939492.739431324] [rosbag2_recorder]: Topics discovery stopped.
[peach_executor-14] [INFO] [1788939492.778576684] [peach_executor]: task executor configured; will not auto-start harvest
[peach_scene_perception_node-10] [INFO] [1788939492.780394129] [peach_scene_perception_node]: perception Active：开始处理 RGB-D
[peach_target_reconstruction_node-11] [INFO] [1788939492.783196957] [peach_target_reconstruction_node]: reconstruction Active：开始积分
[peach_manipulation_node-12] [INFO] [1788939492.784257500] [peach_manipulation_node]: 节点已激活：运动输出权限开放
[peach_lifecycle_manager-15] [INFO] [1788939492.791917012] [peach_lifecycle_manager]: managed nodes Active（仍须显式 RunHarvest）
[ros2_control_node-2] [INFO] [1788939492.919088443] [controller_manager]: Loading controller : 'joint_state_broadcaster' of type 'joint_state_broadcaster/JointStateBroadcaster'
[ros2_control_node-2] [INFO] [1788939492.919121697] [controller_manager]: Loading controller 'joint_state_broadcaster'
[ros2_control_node-2] [INFO] [1788939492.920843190] [controller_manager]: Controller 'joint_state_broadcaster' node arguments: --ros-args --params-file /tmp/launch_params_nxd4edwk --params-file /home/mu/Desktop/aubo_e5_jazzy_ws/install/aubo_e5_bringup/share/aubo_e5_bringup/config/controllers.yaml 
[spawner-3] [INFO] [1788939492.933230538] [spawner_joint_state_broadcaster]: Loaded joint_state_broadcaster
[ros2_control_node-2] [INFO] [1788939492.933974569] [controller_manager]: Configuring controller: 'joint_state_broadcaster'
[ros2_control_node-2] [INFO] [1788939492.934016313] [joint_state_broadcaster]: 'joints' or 'interfaces' parameter is empty. All available state interfaces will be published
[ros2_control_node-2] [INFO] [1788939492.944089586] [controller_manager]: Activating controllers: [ joint_state_broadcaster ]
[ros2_control_node-2] [INFO] [1788939492.947546488] [controller_manager]: Successfully switched controllers!
[spawner-3] [INFO] [1788939492.953206779] [spawner_joint_state_broadcaster]: Configured and activated joint_state_broadcaster
[spawner-5] [INFO] [1788939493.031114797] [spawner_aubo_passthrough_trajectory_controller]: waiting for service /controller_manager/list_controllers to become available...
[INFO] [spawner-3]: process has finished cleanly [pid 178348]
[component_container-8] [WARN] [1788939495.150604165] [GIGE2_0]: Failed to load default parameters, some parameters cannot be loaded properly!
[component_container-8] [INFO] [1788939495.150955626] [percipio_device]: color stream: 
[component_container-8] [INFO] [1788939495.150961997] [percipio_device]:         yuyv 2560x1920 2560x1920
[component_container-8] [INFO] [1788939495.150963461] [percipio_device]:         yuyv 1920x1440 1920x1440
[component_container-8] [INFO] [1788939495.150964408] [percipio_device]:         yuyv 1280x960 1280x960
[component_container-8] [INFO] [1788939495.150965436] [percipio_device]:         yuyv 640x480 640x480
[component_container-8] [INFO] [1788939495.150966347] [percipio_device]:         CSI BAYER12GR_2560x1920 2560x1920
[component_container-8] [INFO] [1788939495.150977517] [percipio_device]: depth stream: 
[component_container-8] [INFO] [1788939495.150979095] [percipio_device]:         DEPTH16_640x480 640x480
[component_container-8] [INFO] [1788939495.150980082] [percipio_device]:         DEPTH16_1280x960 1280x960
[component_container-8] [INFO] [1788939495.150980998] [percipio_device]:         DEPTH16_320x240 320x240
[component_container-8] [INFO] [1788939495.150986606] [percipio_device]: left-IR stream: 
[component_container-8] [INFO] [1788939495.150987894] [percipio_device]:         mono8 1280x960 1280x960
[component_container-8] [INFO] [1788939495.150992795] [percipio_device]: right-IR stream: 
[component_container-8] [INFO] [1788939495.150993929] [percipio_device]:         mono8 1280x960 1280x960
[component_container-8] [INFO] [1788939495.151004635] [GIGE2_0]: Depth distortion calib data check ret: 0(0)
[component_container-8] [INFO] [1788939495.151014546] [camera.camera]: Serial number:  207000152740
[component_container-8] [INFO] [1788939495.151030839] [camera.camera]: Model name:     PS800-E1
[component_container-8] [INFO] [1788939495.151032550] [camera.camera]: Build hash:     model:AP03B04-019PS80X_X_X_F107_XXL15_DVP_DF64_FC6;rtl:R0.2.6_0_g26e2cbc085;kernel:R3.13.77-0-gc484756878;tycam:R3.6.49-86ae766a;gevcam:R3.13.77-0-gd613cccf
[component_container-8] [INFO] [1788939495.151034630] [camera.camera]: Config version: r3.16.0-93f90f979a45de38f604fe0b207cb8712a39e7db
[component_container-8] Tue Oct 8 08:46:25 UTC 2024
[component_container-8] [INFO] [1788939495.153040898] [percipio_camera_node]: color camera_info override loaded from /home/mu/Desktop/aubo_e5_jazzy_ws/install/percipio_camera/share/percipio_camera/config/color_camera_info.yaml (camera_name=camera_color)
[component_container-8] [INFO] [1788939495.154997286] [percipio_device]: Set stream mode(Depth): DEPTH16_640x480 640x480
[component_container-8] [INFO] [1788939495.155016286] [percipio_device]: Depth stream scale unit: 0.25
[component_container-8] [INFO] [1788939495.156055630] [percipio_device]: Set stream mode(Texture): yuyv 640x480 640x480
[component_container-8] [INFO] [1788939495.351041438] [percipio_device]: Device now work at continuous mode.
[INFO] [launch_ros.actions.load_composable_nodes]: Loaded node '/camera/camera' in container '/camera/camera_container'
[rviz2-7] [ERROR] [1788939495.578854866] [moveit_2359514462.moveit.ros.motion_planning_frame]: Action server: /recognize_objects not available
[rviz2-7] [INFO] [1788939495.587636768] [moveit_2359514462.moveit.ros.motion_planning_frame]: MoveGroup namespace changed: / -> . Reloading params.
[rviz2-7] [INFO] [1788939495.599081722] [rviz]: Subscribing to: /peach/reconstruction/tsdf_cloud
[rviz2-7] 
[rviz2-7] [INFO] [1788939495.599605231] [rviz]: Subscribing to: /peach/reconstruction/tsdf_cloud
[rviz2-7] 
[rviz2-7] [INFO] [1788939495.600067176] [rviz]: Subscribing to: /peach/reconstruction/tsdf_cloud
[rviz2-7] 
[rviz2-7] [INFO] [1788939495.600456705] [rviz]: Subscribing to: /peach/perception/single_cloud
[rviz2-7] 
[rviz2-7] [INFO] [1788939495.613296443] [rviz]: Subscribing to: /peach/reconstruction/tsdf_cloud
[rviz2-7] 
[rviz2-7] [INFO] [1788939495.613695605] [rviz]: Subscribing to: /peach/perception/single_cloud
[rviz2-7] 
[rviz2-7] [INFO] [1788939495.745128841] [rviz2]: Stereo is NOT SUPPORTED
[spawner-5] [INFO] [1788939495.815882283] [spawner_aubo_passthrough_trajectory_controller]: waiting for service /controller_manager/load_controller to become available...
[rviz2-7] [INFO] [1788939495.839106330] [moveit_2359514462.moveit.ros.rdf_loader]: Loaded robot model in 0.00283334 seconds
[rviz2-7] [INFO] [1788939495.839149438] [moveit_2359514462.moveit.core.robot_model]: Loading robot model 'aubo_e5'...
[rviz2-7] [INFO] [1788939495.839161374] [moveit_2359514462.moveit.core.robot_model]: No root/virtual joint specified in SRDF. Assuming fixed joint
[rviz2-7] [INFO] [1788939495.872075480] [moveit_2359514462.moveit.kinematics.kdl_kinematics_plugin]: Joint weights for group 'manipulator_e5': 1 1 1 1 1 1
[rviz2-7] [INFO] [1788939495.977899995] [moveit_2359514462.moveit.ros.planning_scene_monitor]: Publishing maintained planning scene on 'monitored_planning_scene'
[rviz2-7] [INFO] [1788939496.029392918] [moveit_2359514462.moveit.ros.planning_scene_monitor]: Starting planning scene monitor
[rviz2-7] [INFO] [1788939496.029953023] [moveit_2359514462.moveit.ros.planning_scene_monitor]: Listening to '/monitored_planning_scene'
[ros2_control_node-2] [INFO] [1788939496.066405040] [controller_manager]: Loading controller : 'aubo_passthrough_trajectory_controller' of type 'aubo_e5_controllers/AuboPassthroughTrajectoryController'
[ros2_control_node-2] [INFO] [1788939496.066458538] [controller_manager]: Loading controller 'aubo_passthrough_trajectory_controller'
[ros2_control_node-2] [INFO] [1788939496.066942273] [controller_manager]: Controller 'aubo_passthrough_trajectory_controller' node arguments: --ros-args --params-file /tmp/launch_params_nxd4edwk --params-file /home/mu/Desktop/aubo_e5_jazzy_ws/install/aubo_e5_bringup/share/aubo_e5_bringup/config/controllers.yaml 
[spawner-5] [INFO] [1788939496.078301456] [spawner_aubo_passthrough_trajectory_controller]: Loaded aubo_passthrough_trajectory_controller
[ros2_control_node-2] [INFO] [1788939496.079246947] [controller_manager]: Configuring controller: 'aubo_passthrough_trajectory_controller'
[ros2_control_node-2] [INFO] [1788939496.083208203] [controller_manager]: Activating controllers: [ aubo_passthrough_trajectory_controller ]
[ros2_control_node-2] [INFO] [1788939496.087532688] [controller_manager]: Successfully switched controllers!
[spawner-5] [INFO] [1788939496.093309721] [spawner_aubo_passthrough_trajectory_controller]: Configured and activated aubo_passthrough_trajectory_controller
[rviz2-7] [INFO] [1788939496.134808065] [interactive_marker_display_99625312548320]: Connected on namespace: /rviz_moveit_motion_planning_display/robot_interaction_interactive_marker_topic
[rviz2-7] [INFO] [1788939496.137459057] [moveit_2359514462.moveit.ros.motion_planning_frame]: group manipulator_e5
[rviz2-7] [INFO] [1788939496.137471914] [moveit_2359514462.moveit.ros.motion_planning_frame]: Constructing new MoveGroup connection for group 'manipulator_e5' in namespace ''
[rviz2-7] [INFO] [1788939496.142256010] [moveit_2359514462.moveit.ros.move_group_interface]: Ready to take commands for planning group manipulator_e5.
[rviz2-7] [INFO] [1788939496.143006393] [interactive_marker_display_99625312548320]: Sending request for interactive markers
[rviz2-7] [INFO] [1788939496.176062426] [interactive_marker_display_99625312548320]: Service response received for initialization
[peach_scene_perception_node-10] [INFO] [1788939496.197301543] [peach_scene_perception_node]: CameraInfo K fx=466.175 fy=465.557 cx=326.071 cy=244.789 640x480
[INFO] [spawner-5]: process has finished cleanly [pid 178350]
[ros2_control_node-2] 09/09/2026 15:38:11,930 [140685210547904] [INFO ] - log4cplus started.
[ros2_control_node-2] 09/09/2026 15:38:11,930 [140685210547904] [INFO ] - sdk log: Connect robot server success.
[ros2_control_node-2] 09/09/2026 15:38:11,966 [140685210547904] [INFO ] - sdk log: set dhparam success. type:0, DhParam:0.408000,0.376000,0.098500,0.121500,0.102500,0.094000
[ros2_control_node-2] 09/09/2026 15:38:11,966 [140685210547904] [INFO ] - sdk log: login  success.
[ros2_control_node-2] 09/09/2026 15:38:11,975 [140685210547904] [INFO ] - sdk log: enable joint6 360.
[ros2_control_node-2] 09/09/2026 15:38:11,975 [140685210547904] [INFO ] - sdk log: login completed, set joint6 retate 360 falg success. joint6Rot360Enable=1
[ros2_control_node-2] 09/09/2026 15:38:11,975 [140685210547904] [INFO ] - sdk log: Connect robot server success.
[ros2_control_node-2] 09/09/2026 15:38:12,010 [140685210547904] [INFO ] - sdk log: login  success.
[ros2_control_node-2] 09/09/2026 15:38:12,027 [140685210547904] [INFO ] - sdk log: enable joint6 360.
[ros2_control_node-2] 09/09/2026 15:38:12,027 [140685210547904] [INFO ] - sdk log: login completed, set joint6 retate 360 falg success. joint6Rot360Enable=1
[ros2_control_node-2] 09/09/2026 15:38:12,118 [140685210547904] [ERROR] - sdk log: Response return false. cmd Type:CommunicationType_EnterTcp2CanbusMode  errorCode:10023
[component_container-8] 1788939491913 (2026-09-09 15:38:11) Update interface list
[component_container-8] 1788939491913 (2026-09-09 15:38:11) Got 4 interface list
[component_container-8] 1788939491913 (2026-09-09 15:38:11) Found interface 0:
[component_container-8] 1788939491913 (2026-09-09 15:38:11)   name: Dpb
[component_container-8] 1788939491913 (2026-09-09 15:38:11)   id:   usb-dpb
[component_container-8] 1788939491913 (2026-09-09 15:38:11)   type: 0x2
[component_container-8] 1788939491913 (2026-09-09 15:38:11) Found interface 1:
[component_container-8] 1788939491913 (2026-09-09 15:38:11)   name: eth-fc:9d:05:6c:6f:a0
[component_container-8] 1788939491913 (2026-09-09 15:38:11)   id:   eth-fc:9d:05:6c:6f:a00b0afea9
[component_container-8] 1788939491913 (2026-09-09 15:38:11)   type: 0x4
[component_container-8] 1788939491913 (2026-09-09 15:38:11)     MAC: fc:9d:05:6c:6f:a0
[component_container-8] 1788939491913 (2026-09-09 15:38:11)     ip: 169.254.10.11
[component_container-8] 1788939491913 (2026-09-09 15:38:11)     netmask: 255.255.0.0
[component_container-8] 1788939491913 (2026-09-09 15:38:11)     gateway: 
[component_container-8] 1788939491913 (2026-09-09 15:38:11)     broadcast: 169.254.255.255
[component_container-8] 1788939491913 (2026-09-09 15:38:11) Found interface 2:
[component_container-8] 1788939491913 (2026-09-09 15:38:11)   name: eth-ec:3a:56:0c:7b:24
[component_container-8] 1788939491913 (2026-09-09 15:38:11)   id:   eth-ec:3a:56:0c:7b:245a02a8c0
[component_container-8] 1788939491913 (2026-09-09 15:38:11)   type: 0x4
[component_container-8] 1788939491913 (2026-09-09 15:38:11)     MAC: ec:3a:56:0c:7b:24
[component_container-8] 1788939491913 (2026-09-09 15:38:11)     ip: 192.168.2.90
[component_container-8] 1788939491913 (2026-09-09 15:38:11)     netmask: 255.255.255.0
[component_container-8] 1788939491913 (2026-09-09 15:38:11)     gateway: 
[component_container-8] 1788939491913 (2026-09-09 15:38:11)     broadcast: 192.168.2.255
[component_container-8] 1788939491913 (2026-09-09 15:38:11) Found interface 3:
[component_container-8] 1788939491913 (2026-09-09 15:38:11)   name: eth-3e:fb:c2:05:17:4a
[component_container-8] 1788939491913 (2026-09-09 15:38:11)   id:   eth-3e:fb:c2:05:17:4a010011ac
[component_container-8] 1788939491913 (2026-09-09 15:38:11)   type: 0x4
[component_container-8] 1788939491913 (2026-09-09 15:38:11)     MAC: 3e:fb:c2:05:17:4a
[component_container-8] 1788939491913 (2026-09-09 15:38:11)     ip: 172.17.0.1
[component_container-8] 1788939491913 (2026-09-09 15:38:11)     netmask: 255.255.0.0
[component_container-8] 1788939491913 (2026-09-09 15:38:11)     gateway: 
[component_container-8] 1788939491913 (2026-09-09 15:38:11)     broadcast: 172.17.255.255
[component_container-8] 1788939494934 (2026-09-09 15:38:14) *** Select 207000152740 on eth-fc:9d:05:6c:6f:a00b0afea9, ip 169.254.10.110
[component_container-8] 1788939495150 (2026-09-09 15:38:15) ===                       : entry count 5
[component_container-8] 1788939495150 (2026-09-09 15:38:15) ===                       : entry count 3
[component_container-8] 1788939495150 (2026-09-09 15:38:15) ===                       : entry count 1
[component_container-8] 1788939495150 (2026-09-09 15:38:15) ===                       : entry count 1
[peach_scene_perception_node-10] /home/mu/Desktop/aubo_e5_jazzy_ws/aubo_py3.12/lib/python3.12/site-packages/matplotlib/projections/__init__.py:63: UserWarning: Unable to import Axes3D. This may be due to multiple versions of Matplotlib being installed (e.g. as a system package and as a pip package). As a result, the 3D projection is not available.
[peach_scene_perception_node-10]   warnings.warn("Unable to import Axes3D. This may be due to multiple versions of "
[peach_scene_perception_node-10] [INFO] [1788939498.465417267] [peach_scene_perception_node]: 目标注册表在册 3 个目标（累计注册 3、累计命中 0）
[component_container-8] [INFO] [1788939501.516089695] [percipio_device]: fps = 2.43036
[component_container-8] [INFO] [1788939507.279853887] [percipio_device]: fps = 2.42718
[peach_scene_perception_node-10] [INFO] [1788939508.788979699] [peach_scene_perception_node]: 目标注册表在册 3 个目标（累计注册 3、累计命中 78）
[component_container-8] [INFO] [1788939513.046824084] [percipio_device]: fps = 2.43127
[component_container-8] [INFO] [1788939518.816957143] [percipio_device]: fps = 2.42583
[peach_scene_perception_node-10] [INFO] [1788939519.056953603] [peach_scene_perception_node]: 目标注册表在册 3 个目标（累计注册 3、累计命中 153）
[component_container-8] [INFO] [1788939524.586008334] [percipio_device]: fps = 2.42583
[peach_scene_perception_node-10] [INFO] [1788939529.365999467] [peach_scene_perception_node]: 目标注册表在册 3 个目标（累计注册 3、累计命中 228）
[component_container-8] [INFO] [1788939530.353187989] [percipio_device]: fps = 2.42628
[component_container-8] [INFO] [1788939536.121518291] [percipio_device]: fps = 2.42854
[peach_scene_perception_node-10] [INFO] [1788939539.371847574] [peach_scene_perception_node]: 目标注册表在册 3 个目标（累计注册 3、累计命中 297）
[component_container-8] [INFO] [1788939541.896715178] [percipio_device]: fps = 2.42537
[component_container-8] [INFO] [1788939547.656160778] [percipio_device]: fps = 2.43036
[peach_scene_perception_node-10] [INFO] [1788939549.640337993] [peach_scene_perception_node]: 目标注册表在册 3 个目标（累计注册 3、累计命中 369）
[component_container-8] [INFO] [1788939553.421701456] [percipio_device]: fps = 2.429
[component_container-8] [INFO] [1788939559.189911840] [percipio_device]: fps = 2.42854
[peach_scene_perception_node-10] [INFO] [1788939559.931737461] [peach_scene_perception_node]: 目标注册表在册 3 个目标（累计注册 3、累计命中 444）
[component_container-8] [INFO] [1788939564.964640962] [percipio_device]: fps = 2.42447
[peach_scene_perception_node-10] [INFO] [1788939570.174415838] [peach_scene_perception_node]: 目标注册表在册 3 个目标（累计注册 3、累计命中 519）
[component_container-8] [INFO] [1788939570.735608065] [percipio_device]: fps = 2.42447
[component_container-8] [INFO] [1788939576.498553819] [percipio_device]: fps = 2.42854
[peach_scene_perception_node-10] [INFO] [1788939580.459829544] [peach_scene_perception_node]: 目标注册表在册 3 个目标（累计注册 3、累计命中 594）
[component_container-8] [INFO] [1788939582.267540065] [percipio_device]: fps = 2.42809
[component_container-8] [INFO] [1788939588.033965923] [percipio_device]: fps = 2.42945
[peach_scene_perception_node-10] [INFO] [1788939590.761884031] [peach_scene_perception_node]: 目标注册表在册 3 个目标（累计注册 3、累计命中 669）
[component_container-8] [INFO] [1788939593.800139500] [percipio_device]: fps = 2.42673
[component_container-8] [INFO] [1788939599.569804162] [percipio_device]: fps = 2.42809
[peach_scene_perception_node-10] [INFO] [1788939601.122081286] [peach_scene_perception_node]: 目标注册表在册 3 个目标（累计注册 3、累计命中 744）
[component_container-8] [INFO] [1788939605.338149521] [percipio_device]: fps = 2.42583
[component_container-8] [INFO] [1788939611.110140656] [percipio_device]: fps = 2.42809
[peach_scene_perception_node-10] [INFO] [1788939611.349963792] [peach_scene_perception_node]: 目标注册表在册 3 个目标（累计注册 3、累计命中 819）
[component_container-8] [INFO] [1788939616.876643986] [percipio_device]: fps = 2.42718
[peach_scene_perception_node-10] [INFO] [1788939621.766012811] [peach_scene_perception_node]: 目标注册表在册 3 个目标（累计注册 3、累计命中 894）
[component_container-8] [INFO] [1788939622.644985977] [percipio_device]: fps = 2.42809
[component_container-8] [INFO] [1788939628.413203515] [percipio_device]: fps = 2.42537
[peach_scene_perception_node-10] [INFO] [1788939632.017482661] [peach_scene_perception_node]: 目标注册表在册 3 个目标（累计注册 3、累计命中 960）
[component_container-8] [INFO] [1788939634.177076812] [percipio_device]: fps = 2.42673
[component_container-8] [INFO] [1788939639.948303931] [percipio_device]: fps = 2.42583
[peach_scene_perception_node-10] [INFO] [1788939642.265441361] [peach_scene_perception_node]: 目标注册表在册 3 个目标（累计注册 3、累计命中 1035）
[component_container-8] [INFO] [1788939645.715628827] [percipio_device]: fps = 2.42809
[component_container-8] [INFO] [1788939651.487093536] [percipio_device]: fps = 2.42673
[peach_scene_perception_node-10] [INFO] [1788939652.388577788] [peach_scene_perception_node]: 目标注册表在册 3 个目标（累计注册 3、累计命中 1095）
[component_container-8] [INFO] [1788939657.253282793] [percipio_device]: fps = 2.42854
[peach_scene_perception_node-10] [INFO] [1788939662.442344241] [peach_scene_perception_node]: 目标注册表在册 3 个目标（累计注册 3、累计命中 1170）
[component_container-8] [INFO] [1788939663.020308003] [percipio_device]: fps = 2.42718
[component_container-8] [INFO] [1788939668.786388483] [percipio_device]: fps = 2.42673
[peach_scene_perception_node-10] [INFO] [1788939672.737310850] [peach_scene_perception_node]: 目标注册表在册 3 个目标（累计注册 3、累计命中 1245）
[component_container-8] [INFO] [1788939674.557440676] [percipio_device]: fps = 2.42583
[component_container-8] [INFO] [1788939680.331175841] [percipio_device]: fps = 2.42356
[peach_scene_perception_node-10] [INFO] [1788939682.814590489] [peach_scene_perception_node]: 目标注册表在册 3 个目标（累计注册 3、累计命中 1317）
[component_container-8] [INFO] [1788939686.097772584] [percipio_device]: fps = 2.42492
[component_container-8] [INFO] [1788939691.861135454] [percipio_device]: fps = 2.42718
[peach_scene_perception_node-10] [INFO] [1788939692.924875732] [peach_scene_perception_node]: 目标注册表在册 3 个目标（累计注册 3、累计命中 1392）
[component_container-8] [INFO] [1788939697.629199972] [percipio_device]: fps = 2.42809
[peach_scene_perception_node-10] [INFO] [1788939703.213910490] [peach_scene_perception_node]: 目标注册表在册 3 个目标（累计注册 3、累计命中 1467）
[component_container-8] [INFO] [1788939703.395525389] [percipio_device]: fps = 2.42809
[peach_target_reconstruction_node-11] [WARN] [1788939708.639836215] [peach_target_reconstruction_node]: 重建 worker 队列已满，拒绝新帧以保持积分顺序
[component_container-8] [INFO] [1788939709.165977283] [percipio_device]: fps = 2.42809
[peach_manipulation_node-12] [WARN] [1788939709.496360803] [peach_manipulation_node]: scan.protected_zones 丢弃畸形盒: 盒#0 存在 min>=max 的轴（空盒/退化盒），已丢弃
[peach_manipulation_node-12] [WARN] [1788939711.206783983] [peach_manipulation_node]: scan.protected_zones 丢弃畸形盒: 盒#0 存在 min>=max 的轴（空盒/退化盒），已丢弃
[peach_scene_perception_node-10] [INFO] [1788939713.231741536] [peach_scene_perception_node]: 目标注册表在册 3 个目标（累计注册 3、累计命中 1539）
[component_container-8] [INFO] [1788939714.936387034] [percipio_device]: fps = 2.42583
[component_container-8] [INFO] [1788939720.703495263] [percipio_device]: fps = 2.42809
[peach_scene_perception_node-10] [INFO] [1788939723.441056231] [peach_scene_perception_node]: 目标注册表在册 3 个目标（累计注册 3、累计命中 1614）
[peach_manipulation_node-12] [INFO] [1788939725.188034718] [peach_manipulation_node.moveit.ros.move_group_interface]: MoveGroup action client/server ready
[move_group-6] [INFO] [1788939725.188491182] [move_group.moveit.moveit.ros.move_group.move_action]: MoveGroupMoveAction: Received request
[peach_manipulation_node-12] [INFO] [1788939725.188697990] [peach_manipulation_node.moveit.ros.move_group_interface]: Planning request accepted
[move_group-6] [INFO] [1788939725.188767556] [move_group.moveit.moveit.ros.move_group.move_action]: executing..
[move_group-6] [INFO] [1788939725.192681249] [move_group.moveit.moveit.ros.move_group.move_action]: Planning request received for MoveGroup action. Forwarding to planning pipeline.
[move_group-6] [INFO] [1788939725.192704922] [move_group.moveit.moveit.ros.move_group.capability]: Using planning pipeline 'pilz_industrial_motion_planner'
[move_group-6] [INFO] [1788939725.192864283] [move_group]: Calling PlanningRequestAdapter 'ResolveConstraintFrames'
[move_group-6] [INFO] [1788939725.192885344] [move_group]: Calling PlanningRequestAdapter 'ValidateWorkspaceBounds'
[move_group-6] [WARN] [1788939725.192889433] [move_group.moveit.moveit.ros.validate_workspace_bounds]: It looks like the planning volume was not specified. Using default values.
[move_group-6] [INFO] [1788939725.192895943] [move_group]: Calling PlanningRequestAdapter 'CheckStartStateBounds'
[move_group-6] [INFO] [1788939725.192913592] [move_group]: Calling PlanningRequestAdapter 'CheckStartStateCollision'
[move_group-6] [INFO] [1788939725.193122632] [move_group.moveit.moveit.planners.pilz.trajectory_generator.ptp]: Initialized Point-to-Point Trajectory Generator.
[move_group-6] [INFO] [1788939725.193149063] [move_group]: Calling Planner 'Pilz Industrial Motion Planner'
[move_group-6] [INFO] [1788939725.193172270] [move_group.moveit.moveit.planners.pilz.trajectory_generator]: Generating PTP trajectory...
[move_group-6] [INFO] [1788939725.193228805] [move_group.moveit.moveit.planners.pilz.trajectory_generator.ptp]: Goal already reached, set one goal point explicitly.
[move_group-6] [INFO] [1788939725.193301242] [move_group]: Calling PlanningResponseAdapter 'ValidateSolution'
[move_group-6] [INFO] [1788939725.193364927] [move_group]: Calling PlanningResponseAdapter 'DisplayMotionPath'
[move_group-6] [INFO] [1788939725.193419710] [move_group.moveit.moveit.ros.move_group.move_action]: Motion plan was computed successfully.
[peach_manipulation_node-12] [INFO] [1788939725.193651776] [peach_manipulation_node.moveit.ros.move_group_interface]: Planning request complete!
[peach_manipulation_node-12] [INFO] [1788939725.194625057] [peach_manipulation_node.moveit.ros.move_group_interface]: time taken to generate plan: 8.7123e-05 seconds
[move_group-6] [INFO] [1788939725.195091834] [move_group.moveit.moveit.ros.move_group.clear_octomap_service]: Execution request received
[move_group-6] [INFO] [1788939725.195130447] [move_group.moveit.moveit.plugins.simple_controller_manager]: Returned 1 controllers in list
[move_group-6] [INFO] [1788939725.195144364] [move_group.moveit.moveit.plugins.simple_controller_manager]: Returned 1 controllers in list
[move_group-6] [INFO] [1788939725.195253899] [move_group.moveit.moveit.ros.trajectory_execution_manager]: Validating trajectory with allowed_start_tolerance 0.15
[peach_manipulation_node-12] [INFO] [1788939725.195266600] [peach_manipulation_node.moveit.ros.move_group_interface]: Execute request accepted
[move_group-6] [INFO] [1788939725.198053559] [move_group.moveit.moveit.ros.trajectory_execution_manager]: Starting trajectory execution ...
[move_group-6] [INFO] [1788939725.198106021] [move_group.moveit.moveit.plugins.simple_controller_manager]: Returned 1 controllers in list
[move_group-6] [INFO] [1788939725.198119777] [move_group.moveit.moveit.plugins.simple_controller_manager]: Returned 1 controllers in list
[move_group-6] [INFO] [1788939725.198337697] [moveit.simple_controller_manager.follow_joint_trajectory_controller_handle]: sending trajectory to aubo_passthrough_trajectory_controller
[ros2_control_node-2] [INFO] [1788939725.198563030] [aubo_passthrough_trajectory_controller]: Received new trajectory.
[ros2_control_node-2] [INFO] [1788939725.198664334] [aubo_passthrough_trajectory_controller]: Accepted new trajectory with 1 points.
[ros2_control_node-2] [INFO] [1788939725.198694911] [aubo_passthrough_trajectory_controller]: Effective goal time: 0 sec
[move_group-6] [INFO] [1788939725.198879700] [moveit.simple_controller_manager.follow_joint_trajectory_controller_handle]: aubo_passthrough_trajectory_controller started execution
[move_group-6] [INFO] [1788939725.198891898] [moveit.simple_controller_manager.follow_joint_trajectory_controller_handle]: Goal request accepted!
[ros2_control_node-2] [INFO] [1788939725.467424203] [aubo_passthrough_trajectory_controller]: Trajectory executed successfully (goal-hold confirmed in 0.264994 s).
[move_group-6] [INFO] [1788939725.499130463] [moveit.simple_controller_manager.follow_joint_trajectory_controller_handle]: Controller 'aubo_passthrough_trajectory_controller' successfully finished
[move_group-6] [INFO] [1788939725.512889982] [move_group.moveit.moveit.ros.trajectory_execution_manager]: Completed trajectory execution with status SUCCEEDED ...
[move_group-6] [INFO] [1788939725.512964802] [move_group.moveit.moveit.ros.move_group.clear_octomap_service]: Execution completed: SUCCEEDED
[peach_manipulation_node-12] [INFO] [1788939725.515517256] [peach_manipulation_node.moveit.ros.move_group_interface]: Execute request success!
[peach_manipulation_node-12] [INFO] [1788939725.516586981] [peach_manipulation_node.moveit.ros.current_state_monitor]: Listening to joint states on topic 'joint_states'
[component_container-8] [INFO] [1788939726.472657881] [percipio_device]: fps = 2.42628
[component_container-8] [INFO] [1788939732.236356854] [percipio_device]: fps = 2.429
[peach_scene_perception_node-10] [INFO] [1788939733.742592699] [peach_scene_perception_node]: 目标注册表在册 3 个目标（累计注册 3、累计命中 1689）
[component_container-8] [INFO] [1788939738.001238529] [percipio_device]: fps = 2.429
[peach_target_reconstruction_node-11] [INFO] [1788939742.267091388] [peach_target_reconstruction_node]: 已清空，回 IDLE
[peach_target_reconstruction_node-11] [INFO] [1788939743.342461709] [peach_target_reconstruction_node]: 自动开始：开始重建，绑定目标 target_1
[peach_manipulation_node-12] [INFO] [1788939743.344778497] [peach_manipulation_node]: [PLAN_OBSERVATION] 生成目标导向主动视点
[peach_manipulation_node-12] [INFO] [1788939743.344975145] [peach_manipulation_node]: [WAIT_FRAME] 当前位采帧，不环绕
[peach_target_reconstruction_node-11] [WARN] [1788939743.354325755] [peach_target_reconstruction_node]: 自动采帧跳过 [no_frame]：尚无同步 RGB-D 帧（确认相机/回放在线）
[peach_target_reconstruction_node-11] [INFO] [1788939743.377214768] [peach_target_reconstruction_node]: REFINING：几何二次拟合开始（kind=bag，1526 点）
[peach_target_reconstruction_node-11] [INFO] [1788939743.448572153] [peach_target_reconstruction_node]: REFINING 完成：cylinder status=ACCEPT final=False axis=[-0.5305, 0.1579, 0.8328] diameter=88.0mm
[peach_target_reconstruction_node-11] [INFO] [1788939743.448747306] [peach_target_reconstruction_node]: 已采第 1/5 视角，本帧 4196 点，有效深度占比 0.96，位姿=fk
[peach_target_reconstruction_node-11] [INFO] [1788939743.456674284] [peach_target_reconstruction_node]: 已采第 2/5 视角，本帧 4196 点，有效深度占比 0.96，位姿=fk
[component_container-8] [INFO] [1788939743.770578144] [percipio_device]: fps = 2.429
[peach_target_reconstruction_node-11] [WARN] [1788939744.619985376] [peach_target_reconstruction_node]: 自动采帧跳过 [stale_frame]：缓存帧龄期 2.69 s > max_frame_age_s=2.0（陈帧拒采）
[peach_manipulation_node-12] [INFO] [1788939744.753922457] [peach_manipulation_node]: 当前位已采重建帧，不环绕；基线未过再做最多两次最近短移
[peach_manipulation_node-12] [INFO] [1788939744.754064644] [peach_manipulation_node]: [MOVE_TO_VIEW] see_a-1_e0_r1 score=0.261087 travel=0.144204m
[peach_manipulation_node-12] [INFO] [1788939744.754246557] [peach_manipulation_node.moveit.ros.move_group_interface]: MoveGroup action client/server ready
[move_group-6] [INFO] [1788939744.754537848] [move_group.moveit.moveit.ros.move_group.move_action]: MoveGroupMoveAction: Received request
[move_group-6] [INFO] [1788939744.754653016] [move_group.moveit.moveit.ros.move_group.move_action]: executing..
[peach_scene_perception_node-10] [INFO] [1788939744.754845835] [peach_scene_perception_node]: 目标注册表在册 3 个目标（累计注册 3、累计命中 1746）
[peach_manipulation_node-12] [INFO] [1788939744.755072339] [peach_manipulation_node.moveit.ros.move_group_interface]: Planning request accepted
[move_group-6] [INFO] [1788939744.757623810] [move_group.moveit.moveit.ros.move_group.move_action]: Planning request received for MoveGroup action. Forwarding to planning pipeline.
[move_group-6] [INFO] [1788939744.757703991] [move_group.moveit.moveit.ros.move_group.capability]: Using planning pipeline 'pilz_industrial_motion_planner'
[move_group-6] [INFO] [1788939744.757826173] [move_group]: Calling PlanningRequestAdapter 'ResolveConstraintFrames'
[move_group-6] [INFO] [1788939744.757852270] [move_group]: Calling PlanningRequestAdapter 'ValidateWorkspaceBounds'
[move_group-6] [WARN] [1788939744.757855568] [move_group.moveit.moveit.ros.validate_workspace_bounds]: It looks like the planning volume was not specified. Using default values.
[move_group-6] [INFO] [1788939744.757862641] [move_group]: Calling PlanningRequestAdapter 'CheckStartStateBounds'
[move_group-6] [INFO] [1788939744.757873699] [move_group]: Calling PlanningRequestAdapter 'CheckStartStateCollision'
[move_group-6] [INFO] [1788939744.757995912] [move_group]: Calling Planner 'Pilz Industrial Motion Planner'
[move_group-6] [INFO] [1788939744.758008613] [move_group.moveit.moveit.planners.pilz.trajectory_generator]: Generating LIN trajectory...
[move_group-6] [INFO] [1788939744.758334975] [move_group.moveit.moveit.planners.pilz.trajectory_generator]: using default max_cartesian_speed: 0.250000
[move_group-6] [INFO] [1788939744.761583614] [move_group]: Calling PlanningResponseAdapter 'ValidateSolution'
[move_group-6] [INFO] [1788939744.763160570] [move_group]: Calling PlanningResponseAdapter 'DisplayMotionPath'
[move_group-6] [INFO] [1788939744.763296144] [move_group.moveit.moveit.ros.move_group.move_action]: Motion plan was computed successfully.
[peach_manipulation_node-12] [INFO] [1788939744.763436645] [peach_manipulation_node.moveit.ros.move_group_interface]: Planning request complete!
[peach_manipulation_node-12] [INFO] [1788939744.763845020] [peach_manipulation_node.moveit.ros.move_group_interface]: time taken to generate plan: 0.00350234 seconds
[move_group-6] [INFO] [1788939744.764184571] [move_group.moveit.moveit.ros.move_group.clear_octomap_service]: Execution request received
[peach_manipulation_node-12] [INFO] [1788939744.764208519] [peach_manipulation_node.moveit.ros.move_group_interface]: Execute request accepted
[move_group-6] [INFO] [1788939744.764215390] [move_group.moveit.moveit.plugins.simple_controller_manager]: Returned 1 controllers in list
[move_group-6] [INFO] [1788939744.764226688] [move_group.moveit.moveit.plugins.simple_controller_manager]: Returned 1 controllers in list
[move_group-6] [INFO] [1788939744.764265801] [move_group.moveit.moveit.ros.trajectory_execution_manager]: Validating trajectory with allowed_start_tolerance 0.15
[move_group-6] [INFO] [1788939744.767561105] [move_group.moveit.moveit.ros.trajectory_execution_manager]: Starting trajectory execution ...
[move_group-6] [INFO] [1788939744.767584495] [move_group.moveit.moveit.plugins.simple_controller_manager]: Returned 1 controllers in list
[move_group-6] [INFO] [1788939744.767596153] [move_group.moveit.moveit.plugins.simple_controller_manager]: Returned 1 controllers in list
[move_group-6] [INFO] [1788939744.767778284] [moveit.simple_controller_manager.follow_joint_trajectory_controller_handle]: sending trajectory to aubo_passthrough_trajectory_controller
[ros2_control_node-2] [INFO] [1788939744.768284289] [aubo_passthrough_trajectory_controller]: Received new trajectory.
[move_group-6] [INFO] [1788939744.769763905] [moveit.simple_controller_manager.follow_joint_trajectory_controller_handle]: aubo_passthrough_trajectory_controller started execution
[move_group-6] [INFO] [1788939744.769772715] [moveit.simple_controller_manager.follow_joint_trajectory_controller_handle]: Goal request accepted!
[ros2_control_node-2] [INFO] [1788939744.770049371] [aubo_passthrough_trajectory_controller]: Accepted new trajectory with 83 points.
[ros2_control_node-2] [INFO] [1788939744.770085311] [aubo_passthrough_trajectory_controller]: Effective goal time: 0 sec
[peach_target_reconstruction_node-11] [WARN] [1788939745.855381273] [peach_target_reconstruction_node]: 自动采帧跳过 [robot_not_static]：机器人未静止：���大关节速度 0.3635 rad/s > 0.03
[peach_target_reconstruction_node-11] [WARN] [1788939747.095011186] [peach_target_reconstruction_node]: 自动采帧跳过 [robot_not_static]：机器人未静止：最大关节速度 0.3695 rad/s > 0.03
[peach_target_reconstruction_node-11] [WARN] [1788939748.334100237] [peach_target_reconstruction_node]: 自动采帧跳过 [robot_not_static]：机器人未静止：最大关节速度 0.4016 rad/s > 0.03
[component_container-8] [INFO] [1788939749.544661524] [percipio_device]: fps = 2.42583
[peach_target_reconstruction_node-11] [WARN] [1788939749.569755424] [peach_target_reconstruction_node]: 自动采帧跳过 [robot_not_static]：机器人未静止：最大关节速度 0.4422 rad/s > 0.03
[peach_target_reconstruction_node-11] [WARN] [1788939750.812431518] [peach_target_reconstruction_node]: 自动采帧跳过 [robot_not_static]：机器人未静止：最大关节速度 0.4760 rad/s > 0.03
[peach_target_reconstruction_node-11] [WARN] [1788939752.032527033] [peach_target_reconstruction_node]: 自动采帧跳过 [robot_not_static]：机器人未静止：最大关节速度 0.5271 rad/s > 0.03
[ros2_control_node-2] [INFO] [1788939753.187558038] [aubo_passthrough_trajectory_controller]: Trajectory executed successfully (goal-hold confirmed in 8.415141 s).
[move_group-6] [INFO] [1788939753.220494113] [moveit.simple_controller_manager.follow_joint_trajectory_controller_handle]: Controller 'aubo_passthrough_trajectory_controller' successfully finished
[move_group-6] [INFO] [1788939753.232729265] [move_group.moveit.moveit.ros.trajectory_execution_manager]: Completed trajectory execution with status SUCCEEDED ...
[move_group-6] [INFO] [1788939753.232805644] [move_group.moveit.moveit.ros.move_group.clear_octomap_service]: Execution completed: SUCCEEDED
[peach_manipulation_node-12] [INFO] [1788939753.232951228] [peach_manipulation_node.moveit.ros.move_group_interface]: Execute request success!
[peach_manipulation_node-12] [INFO] [1788939753.233622890] [peach_manipulation_node]: [WAIT_FRAME] 等待到位后新鲜目标观测与重建帧
[peach_target_reconstruction_node-11] [INFO] [1788939753.298649646] [peach_target_reconstruction_node]: REFINING：几何二次拟合开始（kind=bag，2085 点）
[peach_target_reconstruction_node-11] [INFO] [1788939753.410598337] [peach_target_reconstruction_node]: REFINING 完成：cylinder status=ACCEPT final=False axis=[-0.6929, -0.1474, 0.7058] diameter=127.6mm
[peach_target_reconstruction_node-11] [INFO] [1788939753.410781528] [peach_target_reconstruction_node]: 已采第 3/5 视角，本帧 4228 点，有效深度占比 0.97，位姿=fk
[peach_target_reconstruction_node-11] [INFO] [1788939753.428911138] [peach_target_reconstruction_node]: REFINING：几何二次拟合开始（kind=bag，2085 点）
[peach_manipulation_node-12] [INFO] [1788939753.430470395] [peach_manipulation_node]: [FINALIZE] 等待重建精化几何（BuildTargetModel）
[peach_manipulation_node-12] [INFO] [1788939753.430512645] [peach_manipulation_node]: [PLAN_READY] observe_only 周期完成：仅观察与精化验证，未执行靠近/抓取/工具动作
[peach_target_reconstruction_node-11] [INFO] [1788939753.526225463] [peach_target_reconstruction_node]: REFINING 完成：cylinder status=ACCEPT final=True axis=[-0.6929, -0.1474, 0.7058] diameter=127.6mm
[peach_target_reconstruction_node-11] [INFO] [1788939753.526429324] [peach_target_reconstruction_node]: 局部重建完成：3 帧，12620 点（少于推荐 5 帧）；重叠 mean=1.8mm p95=7.3mm；TSDF 2085 点 / mesh 3485 顶点（累计积分 0.01s）；refit ACCEPT（袋模型 2 视）
[peach_manipulation_node-12] [INFO] [1788939753.590763660] [peach_manipulation_node]: [PLAN_OBSERVATION] 生成目标导向主动视点
[peach_manipulation_node-12] [INFO] [1788939753.590865929] [peach_manipulation_node]: [FINALIZE] 等待重建精化几何（BuildTargetModel）
[peach_manipulation_node-12] [INFO] [1788939753.590882007] [peach_manipulation_node]: 接触几何（核对方向） target=target_1 entry=[0.271 -0.745 0.594] axis=[-0.693 -0.147 0.706] travel=0.116m axis_angle_deg=23.71
[peach_manipulation_node-12] [INFO] [1788939753.590944286] [peach_manipulation_node]: [RECONFIRM] 抓取前再确认：等待新鲜观测复核身份/锚点漂移/摆动平息
[peach_manipulation_node-12] [INFO] [1788939753.784722599] [peach_manipulation_node]: [MTC_APPROACH_INSERT] 拍照位再最短路径到预抓取
[peach_manipulation_node-12] [INFO] [1788939753.784945044] [peach_manipulation_node.moveit.ros.move_group_interface]: MoveGroup action client/server ready
[peach_manipulation_node-12] [INFO] [1788939753.785224465] [peach_manipulation_node.moveit.ros.move_group_interface]: Planning request accepted
[move_group-6] [INFO] [1788939753.785111921] [move_group.moveit.moveit.ros.move_group.move_action]: MoveGroupMoveAction: Received request
[move_group-6] [INFO] [1788939753.785239668] [move_group.moveit.moveit.ros.move_group.move_action]: executing..
[move_group-6] [INFO] [1788939753.787561113] [move_group.moveit.moveit.ros.move_group.move_action]: Planning request received for MoveGroup action. Forwarding to planning pipeline.
[move_group-6] [INFO] [1788939753.787575858] [move_group.moveit.moveit.ros.move_group.capability]: Using planning pipeline 'pilz_industrial_motion_planner'
[move_group-6] [INFO] [1788939753.787640743] [move_group]: Calling PlanningRequestAdapter 'ResolveConstraintFrames'
[move_group-6] [INFO] [1788939753.787653588] [move_group]: Calling PlanningRequestAdapter 'ValidateWorkspaceBounds'
[move_group-6] [WARN] [1788939753.787656551] [move_group.moveit.moveit.ros.validate_workspace_bounds]: It looks like the planning volume was not specified. Using default values.
[move_group-6] [INFO] [1788939753.787663129] [move_group]: Calling PlanningRequestAdapter 'CheckStartStateBounds'
[move_group-6] [INFO] [1788939753.787672682] [move_group]: Calling PlanningRequestAdapter 'CheckStartStateCollision'
[move_group-6] [INFO] [1788939753.787754352] [move_group.moveit.moveit.planners.pilz.trajectory_generator.ptp]: Initialized Point-to-Point Trajectory Generator.
[move_group-6] [INFO] [1788939753.787769616] [move_group]: Calling Planner 'Pilz Industrial Motion Planner'
[move_group-6] [INFO] [1788939753.787776674] [move_group.moveit.moveit.planners.pilz.trajectory_generator]: Generating PTP trajectory...
[move_group-6] [INFO] [1788939753.787924101] [move_group]: Calling PlanningResponseAdapter 'ValidateSolution'
[move_group-6] [INFO] [1788939753.788626805] [move_group]: Calling PlanningResponseAdapter 'DisplayMotionPath'
[move_group-6] [INFO] [1788939753.788700100] [move_group.moveit.moveit.ros.move_group.move_action]: Motion plan was computed successfully.
[peach_manipulation_node-12] [INFO] [1788939753.788763601] [peach_manipulation_node.moveit.ros.move_group_interface]: Planning request complete!
[peach_manipulation_node-12] [INFO] [1788939753.789215228] [peach_manipulation_node.moveit.ros.move_group_interface]: time taken to generate plan: 0.000116057 seconds
[move_group-6] [INFO] [1788939753.789391125] [move_group.moveit.moveit.ros.move_group.clear_octomap_service]: Execution request received
[peach_manipulation_node-12] [INFO] [1788939753.789411338] [peach_manipulation_node.moveit.ros.move_group_interface]: Execute request accepted
[move_group-6] [INFO] [1788939753.789413529] [move_group.moveit.moveit.plugins.simple_controller_manager]: Returned 1 controllers in list
[move_group-6] [INFO] [1788939753.789422245] [move_group.moveit.moveit.plugins.simple_controller_manager]: Returned 1 controllers in list
[move_group-6] [INFO] [1788939753.789449958] [move_group.moveit.moveit.ros.trajectory_execution_manager]: Validating trajectory with allowed_start_tolerance 0.15
[move_group-6] [INFO] [1788939753.792716692] [move_group.moveit.moveit.ros.trajectory_execution_manager]: Starting trajectory execution ...
[move_group-6] [INFO] [1788939753.792759171] [move_group.moveit.moveit.plugins.simple_controller_manager]: Returned 1 controllers in list
[move_group-6] [INFO] [1788939753.792773941] [move_group.moveit.moveit.plugins.simple_controller_manager]: Returned 1 controllers in list
[move_group-6] [INFO] [1788939753.792936648] [moveit.simple_controller_manager.follow_joint_trajectory_controller_handle]: sending trajectory to aubo_passthrough_trajectory_controller
[ros2_control_node-2] [INFO] [1788939753.793159109] [aubo_passthrough_trajectory_controller]: Received new trajectory.
[ros2_control_node-2] [INFO] [1788939753.793222298] [aubo_passthrough_trajectory_controller]: Accepted new trajectory with 37 points.
[ros2_control_node-2] [INFO] [1788939753.793249750] [aubo_passthrough_trajectory_controller]: Effective goal time: 0 sec
[move_group-6] [INFO] [1788939753.793262133] [moveit.simple_controller_manager.follow_joint_trajectory_controller_handle]: aubo_passthrough_trajectory_controller started execution
[move_group-6] [INFO] [1788939753.793270083] [moveit.simple_controller_manager.follow_joint_trajectory_controller_handle]: Goal request accepted!
[peach_scene_perception_node-10] [INFO] [1788939755.017150907] [peach_scene_perception_node]: 目标注册表在册 3 个目标（累计注册 3、累计命中 1771）
[component_container-8] [INFO] [1788939755.316323341] [percipio_device]: fps = 2.42492
[ros2_control_node-2] [INFO] [1788939757.802507770] [aubo_passthrough_trajectory_controller]: Trajectory executed successfully (goal-hold confirmed in 4.005079 s).
[move_group-6] [INFO] [1788939757.843660328] [moveit.simple_controller_manager.follow_joint_trajectory_controller_handle]: Controller 'aubo_passthrough_trajectory_controller' successfully finished
[move_group-6] [INFO] [1788939757.857540836] [move_group.moveit.moveit.ros.trajectory_execution_manager]: Completed trajectory execution with status SUCCEEDED ...
[move_group-6] [INFO] [1788939757.857602037] [move_group.moveit.moveit.ros.move_group.clear_octomap_service]: Execution completed: SUCCEEDED
[peach_manipulation_node-12] [INFO] [1788939757.857780954] [peach_manipulation_node.moveit.ros.move_group_interface]: Execute request success!
[peach_manipulation_node-12] [INFO] [1788939757.862732391] [peach_manipulation_node]: 预抓取从拍照位出发: 已到达全局拍照位姿
[peach_manipulation_node-12] [INFO] [1788939757.862774886] [peach_manipulation_node]: 接近：距入口 0.527m 轴向 0.017m 侧向 0.527m 夹角 44.2° 扫角 88.2° 半径 0.527m 沿轴LIN 0.030m 原语 LIN-align+LIN
[peach_manipulation_node-12] [WARN] [1788939757.863014614] [rcl.logging_rosout]: Publisher already registered for node name: 'peach_manipulation_node'. If this is due to multiple nodes with the same name then all logs for the logger named 'peach_manipulation_node' will go out over the existing publisher. As soon as any node with that name is destructed it will unregister the publisher, preventing any further logs for that name from being published on the rosout topic.
[peach_manipulation_node-12] [INFO] [1788939757.873358982] [peach_manipulation_node.moveit.ros.rdf_loader]: Loaded robot model in 0.00128016 seconds
[peach_manipulation_node-12] [INFO] [1788939757.873380623] [peach_manipulation_node.moveit.core.robot_model]: Loading robot model 'aubo_e5'...
[peach_manipulation_node-12] [INFO] [1788939757.873385531] [peach_manipulation_node.moveit.core.robot_model]: No root/virtual joint specified in SRDF. Assuming fixed joint
[peach_manipulation_node-12] [INFO] [1788939757.910628567] [peach_manipulation_node.moveit.kinematics.kdl_kinematics_plugin]: Joint weights for group 'manipulator_e5': 1 1 1 1 1 1
[peach_manipulation_node-12] [WARN] [1788939757.916781415] [rcl.logging_rosout]: Publisher already registered for node name: 'peach_manipulation_node'. If this is due to multiple nodes with the same name then all logs for the logger named 'peach_manipulation_node' will go out over the existing publisher. As soon as any node with that name is destructed it will unregister the publisher, preventing any further logs for that name from being published on the rosout topic.
[peach_manipulation_node-12] [INFO] [1788939757.931593943] [peach_manipulation_node.moveit.planners.pilz.joint_limits_aggregator]: Reading limits from namespace robot_description_planning
[peach_manipulation_node-12] [INFO] [1788939757.932187175] [peach_manipulation_node.moveit.planners.pilz.command_planner]: Available plugins: pilz_industrial_motion_planner/PlanningContextLoaderCIRC pilz_industrial_motion_planner/PlanningContextLoaderLIN pilz_industrial_motion_planner/PlanningContextLoaderPTP pilz_industrial_motion_planner/PlanningContextLoaderPolyline 
[peach_manipulation_node-12] [INFO] [1788939757.932196325] [peach_manipulation_node.moveit.planners.pilz.command_planner]: About to load: pilz_industrial_motion_planner/PlanningContextLoaderCIRC
[peach_manipulation_node-12] [INFO] [1788939757.933044677] [peach_manipulation_node.moveit.planners.pilz.command_planner]: Registered Algorithm [CIRC]
[peach_manipulation_node-12] [INFO] [1788939757.933051020] [peach_manipulation_node.moveit.planners.pilz.command_planner]: About to load: pilz_industrial_motion_planner/PlanningContextLoaderLIN
[peach_manipulation_node-12] [INFO] [1788939757.933597082] [peach_manipulation_node.moveit.planners.pilz.command_planner]: Registered Algorithm [LIN]
[peach_manipulation_node-12] [INFO] [1788939757.933601976] [peach_manipulation_node.moveit.planners.pilz.command_planner]: About to load: pilz_industrial_motion_planner/PlanningContextLoaderPTP
[peach_manipulation_node-12] [INFO] [1788939757.934110256] [peach_manipulation_node.moveit.planners.pilz.command_planner]: Registered Algorithm [PTP]
[peach_manipulation_node-12] [INFO] [1788939757.934115001] [peach_manipulation_node.moveit.planners.pilz.command_planner]: About to load: pilz_industrial_motion_planner/PlanningContextLoaderPolyline
[peach_manipulation_node-12] [INFO] [1788939757.935173105] [peach_manipulation_node.moveit.planners.pilz.command_planner]: Registered Algorithm [POLYLINE]
[peach_manipulation_node-12] [INFO] [1788939757.935183596] [peach_manipulation_node.moveit.ros.planning_pipeline]: Successfully loaded planner 'Pilz Industrial Motion Planner'
[peach_manipulation_node-12] [INFO] [1788939757.936472025] [peach_manipulation_node]: Try loading adapter 'default_planning_request_adapters/ResolveConstraintFrames'
[peach_manipulation_node-12] [INFO] [1788939757.937065476] [peach_manipulation_node]: Loaded adapter 'default_planning_request_adapters/ResolveConstraintFrames'
[peach_manipulation_node-12] [INFO] [1788939757.937069099] [peach_manipulation_node]: Try loading adapter 'default_planning_request_adapters/ValidateWorkspaceBounds'
[peach_manipulation_node-12] [INFO] [1788939757.937110061] [peach_manipulation_node]: Loaded adapter 'default_planning_request_adapters/ValidateWorkspaceBounds'
[peach_manipulation_node-12] [INFO] [1788939757.937124126] [peach_manipulation_node]: Try loading adapter 'default_planning_request_adapters/CheckStartStateBounds'
[peach_manipulation_node-12] [INFO] [1788939757.937132679] [peach_manipulation_node]: Loaded adapter 'default_planning_request_adapters/CheckStartStateBounds'
[peach_manipulation_node-12] [INFO] [1788939757.937134753] [peach_manipulation_node]: Try loading adapter 'default_planning_request_adapters/CheckStartStateCollision'
[peach_manipulation_node-12] [INFO] [1788939757.937142008] [peach_manipulation_node]: Loaded adapter 'default_planning_request_adapters/CheckStartStateCollision'
[peach_manipulation_node-12] [INFO] [1788939757.938972101] [peach_manipulation_node]: Try loading adapter 'default_planning_response_adapters/ValidateSolution'
[peach_manipulation_node-12] [INFO] [1788939757.940296590] [peach_manipulation_node]: Loaded adapter 'default_planning_response_adapters/ValidateSolution'
[peach_manipulation_node-12] [INFO] [1788939757.940304522] [peach_manipulation_node]: Try loading adapter 'default_planning_response_adapters/DisplayMotionPath'
[peach_manipulation_node-12] [INFO] [1788939757.940709520] [peach_manipulation_node]: Loaded adapter 'default_planning_response_adapters/DisplayMotionPath'
[peach_manipulation_node-12] [INFO] [1788939757.942301731] [peach_manipulation_node.moveit.planners.pilz.joint_limits_aggregator]: Reading limits from namespace robot_description_planning
[peach_manipulation_node-12] [INFO] [1788939757.943170886] [peach_manipulation_node.moveit.planners.pilz.command_planner]: Available plugins: pilz_industrial_motion_planner/PlanningContextLoaderCIRC pilz_industrial_motion_planner/PlanningContextLoaderLIN pilz_industrial_motion_planner/PlanningContextLoaderPTP pilz_industrial_motion_planner/PlanningContextLoaderPolyline 
[peach_manipulation_node-12] [INFO] [1788939757.943180259] [peach_manipulation_node.moveit.planners.pilz.command_planner]: About to load: pilz_industrial_motion_planner/PlanningContextLoaderCIRC
[peach_manipulation_node-12] [INFO] [1788939757.943265308] [peach_manipulation_node.moveit.planners.pilz.command_planner]: Registered Algorithm [CIRC]
[peach_manipulation_node-12] [INFO] [1788939757.943269218] [peach_manipulation_node.moveit.planners.pilz.command_planner]: About to load: pilz_industrial_motion_planner/PlanningContextLoaderLIN
[peach_manipulation_node-12] [INFO] [1788939757.943348416] [peach_manipulation_node.moveit.planners.pilz.command_planner]: Registered Algorithm [LIN]
[peach_manipulation_node-12] [INFO] [1788939757.943352147] [peach_manipulation_node.moveit.planners.pilz.command_planner]: About to load: pilz_industrial_motion_planner/PlanningContextLoaderPTP
[peach_manipulation_node-12] [INFO] [1788939757.943432652] [peach_manipulation_node.moveit.planners.pilz.command_planner]: Registered Algorithm [PTP]
[peach_manipulation_node-12] [INFO] [1788939757.943436170] [peach_manipulation_node.moveit.planners.pilz.command_planner]: About to load: pilz_industrial_motion_planner/PlanningContextLoaderPolyline
[peach_manipulation_node-12] [INFO] [1788939757.943515849] [peach_manipulation_node.moveit.planners.pilz.command_planner]: Registered Algorithm [POLYLINE]
[peach_manipulation_node-12] [INFO] [1788939757.943519752] [peach_manipulation_node.moveit.ros.planning_pipeline]: Successfully loaded planner 'Pilz Industrial Motion Planner'
[peach_manipulation_node-12] [INFO] [1788939757.944746452] [peach_manipulation_node]: Try loading adapter 'default_planning_request_adapters/ResolveConstraintFrames'
[peach_manipulation_node-12] [INFO] [1788939757.944848344] [peach_manipulation_node]: Loaded adapter 'default_planning_request_adapters/ResolveConstraintFrames'
[peach_manipulation_node-12] [INFO] [1788939757.944850879] [peach_manipulation_node]: Try loading adapter 'default_planning_request_adapters/ValidateWorkspaceBounds'
[peach_manipulation_node-12] [INFO] [1788939757.945049545] [peach_manipulation_node]: Loaded adapter 'default_planning_request_adapters/ValidateWorkspaceBounds'
[peach_manipulation_node-12] [INFO] [1788939757.945053535] [peach_manipulation_node]: Try loading adapter 'default_planning_request_adapters/CheckStartStateBounds'
[peach_manipulation_node-12] [INFO] [1788939757.945060629] [peach_manipulation_node]: Loaded adapter 'default_planning_request_adapters/CheckStartStateBounds'
[peach_manipulation_node-12] [INFO] [1788939757.945062489] [peach_manipulation_node]: Try loading adapter 'default_planning_request_adapters/CheckStartStateCollision'
[peach_manipulation_node-12] [INFO] [1788939757.945067544] [peach_manipulation_node]: Loaded adapter 'default_planning_request_adapters/CheckStartStateCollision'
[peach_manipulation_node-12] [INFO] [1788939757.946858431] [peach_manipulation_node]: Try loading adapter 'default_planning_response_adapters/ValidateSolution'
[peach_manipulation_node-12] [INFO] [1788939757.947369402] [peach_manipulation_node]: Loaded adapter 'default_planning_response_adapters/ValidateSolution'
[peach_manipulation_node-12] [INFO] [1788939757.947377115] [peach_manipulation_node]: Try loading adapter 'default_planning_response_adapters/DisplayMotionPath'
[peach_manipulation_node-12] [INFO] [1788939757.948232212] [peach_manipulation_node]: Loaded adapter 'default_planning_response_adapters/DisplayMotionPath'
[peach_manipulation_node-12] [WARN] [1788939758.053525300] [rcl.logging_rosout]: Publisher already registered for node name: 'peach_manipulation_node'. If this is due to multiple nodes with the same name then all logs for the logger named 'peach_manipulation_node' will go out over the existing publisher. As soon as any node with that name is destructed it will unregister the publisher, preventing any further logs for that name from being published on the rosout topic.
[peach_manipulation_node-12] [INFO] [1788939758.061641124] [peach_manipulation_node]: Calling PlanningRequestAdapter 'ResolveConstraintFrames'
[peach_manipulation_node-12] [INFO] [1788939758.061736697] [peach_manipulation_node]: Calling PlanningRequestAdapter 'ValidateWorkspaceBounds'
[peach_manipulation_node-12] [WARN] [1788939758.061741112] [peach_manipulation_node.moveit.ros.validate_workspace_bounds]: It looks like the planning volume was not specified. Using default values.
[peach_manipulation_node-12] [INFO] [1788939758.061750920] [peach_manipulation_node]: Calling PlanningRequestAdapter 'CheckStartStateBounds'
[peach_manipulation_node-12] [INFO] [1788939758.061766920] [peach_manipulation_node]: Calling PlanningRequestAdapter 'CheckStartStateCollision'
[peach_manipulation_node-12] [INFO] [1788939758.061944025] [peach_manipulation_node]: Calling Planner 'Pilz Industrial Motion Planner'
[peach_manipulation_node-12] [INFO] [1788939758.061966474] [peach_manipulation_node.moveit.planners.pilz.trajectory_generator]: Generating LIN trajectory...
[peach_manipulation_node-12] [INFO] [1788939758.062212635] [peach_manipulation_node.moveit.planners.pilz.trajectory_generator]: using default max_cartesian_speed: 0.250000
[peach_manipulation_node-12] [INFO] [1788939758.065208996] [peach_manipulation_node]: Calling PlanningResponseAdapter 'ValidateSolution'
[peach_manipulation_node-12] [INFO] [1788939758.067579264] [peach_manipulation_node]: Calling PlanningResponseAdapter 'DisplayMotionPath'
[peach_manipulation_node-12] [INFO] [1788939758.067914902] [peach_manipulation_node]: Calling PlanningRequestAdapter 'ResolveConstraintFrames'
[peach_manipulation_node-12] [INFO] [1788939758.067947928] [peach_manipulation_node]: Calling PlanningRequestAdapter 'ValidateWorkspaceBounds'
[peach_manipulation_node-12] [WARN] [1788939758.067950196] [peach_manipulation_node.moveit.ros.validate_workspace_bounds]: It looks like the planning volume was not specified. Using default values.
[peach_manipulation_node-12] [INFO] [1788939758.067959318] [peach_manipulation_node]: Calling PlanningRequestAdapter 'CheckStartStateBounds'
[peach_manipulation_node-12] [INFO] [1788939758.067976425] [peach_manipulation_node]: Calling PlanningRequestAdapter 'CheckStartStateCollision'
[peach_manipulation_node-12] [INFO] [1788939758.068038627] [peach_manipulation_node]: Calling Planner 'Pilz Industrial Motion Planner'
[peach_manipulation_node-12] [INFO] [1788939758.068042879] [peach_manipulation_node.moveit.planners.pilz.trajectory_generator]: Generating LIN trajectory...
[peach_manipulation_node-12] [INFO] [1788939758.070507957] [peach_manipulation_node.moveit.planners.pilz.trajectory_generator]: using default max_cartesian_speed: 0.250000
[peach_manipulation_node-12] [ERROR] [1788939758.077114711] [peach_manipulation_node.pilz_trajectory_functions]: Joint velocity limit of foreArm_joint violated. Set the velocity scaling factor lower! Actual joint velocity is 8.89729, while the limit is 2.5964. 
[peach_manipulation_node-12] [ERROR] [1788939758.077141395] [peach_manipulation_node.pilz_trajectory_functions]: Inverse kinematics solution at 7.4s violates the joint velocity/acceleration/deceleration limits.
[peach_manipulation_node-12] [ERROR] [1788939758.077166280] [peach_manipulation_node.moveit.planners.pilz.trajectory_generator]: Failed to generate valid joint trajectory from the Cartesian path
[peach_manipulation_node-12] [ERROR] [1788939758.077202121] [peach_manipulation_node]: Planner 'Pilz Industrial Motion Planner' failed with error code PLANNING_FAILED
[peach_manipulation_node-12] [INFO] [1788939758.083326925] [peach_manipulation_node]: 直线/短弧接近失败（MTC planning failed: Failing stage(s):
[peach_manipulation_node-12] lin to on-axis pregrasp (0/1): ），改走绕保持球笛卡尔走廊
[peach_manipulation_node-12] [INFO] [1788939758.090419497] [peach_manipulation_node.moveit.ros.rdf_loader]: Loaded robot model in 0.0012253 seconds
[peach_manipulation_node-12] [INFO] [1788939758.090443639] [peach_manipulation_node.moveit.core.robot_model]: Loading robot model 'aubo_e5'...
[peach_manipulation_node-12] [INFO] [1788939758.090448620] [peach_manipulation_node.moveit.core.robot_model]: No root/virtual joint specified in SRDF. Assuming fixed joint
[peach_manipulation_node-12] [INFO] [1788939758.117917262] [peach_manipulation_node.moveit.kinematics.kdl_kinematics_plugin]: Joint weights for group 'manipulator_e5': 1 1 1 1 1 1
[peach_manipulation_node-12] [INFO] [1788939758.118010828] [peach_manipulation_node]: 绕保持球笛卡尔走廊（相位分离 dir=0）: 转移 4 段, 后撤 0.130 m, 对轴翻转 44°
[peach_manipulation_node-12] [INFO] [1788939758.131677424] [peach_manipulation_node.moveit.planners.pilz.joint_limits_aggregator]: Reading limits from namespace robot_description_planning
[peach_manipulation_node-12] [INFO] [1788939758.132074608] [peach_manipulation_node.moveit.planners.pilz.command_planner]: Available plugins: pilz_industrial_motion_planner/PlanningContextLoaderCIRC pilz_industrial_motion_planner/PlanningContextLoaderLIN pilz_industrial_motion_planner/PlanningContextLoaderPTP pilz_industrial_motion_planner/PlanningContextLoaderPolyline 
[peach_manipulation_node-12] [INFO] [1788939758.132083302] [peach_manipulation_node.moveit.planners.pilz.command_planner]: About to load: pilz_industrial_motion_planner/PlanningContextLoaderCIRC
[peach_manipulation_node-12] [INFO] [1788939758.132178330] [peach_manipulation_node.moveit.planners.pilz.command_planner]: Registered Algorithm [CIRC]
[peach_manipulation_node-12] [INFO] [1788939758.132182808] [peach_manipulation_node.moveit.planners.pilz.command_planner]: About to load: pilz_industrial_motion_planner/PlanningContextLoaderLIN
[peach_manipulation_node-12] [INFO] [1788939758.132267787] [peach_manipulation_node.moveit.planners.pilz.command_planner]: Registered Algorithm [LIN]
[peach_manipulation_node-12] [INFO] [1788939758.132271585] [peach_manipulation_node.moveit.planners.pilz.command_planner]: About to load: pilz_industrial_motion_planner/PlanningContextLoaderPTP
[peach_manipulation_node-12] [INFO] [1788939758.132355650] [peach_manipulation_node.moveit.planners.pilz.command_planner]: Registered Algorithm [PTP]
[peach_manipulation_node-12] [INFO] [1788939758.132359276] [peach_manipulation_node.moveit.planners.pilz.command_planner]: About to load: pilz_industrial_motion_planner/PlanningContextLoaderPolyline
[peach_manipulation_node-12] [INFO] [1788939758.132443768] [peach_manipulation_node.moveit.planners.pilz.command_planner]: Registered Algorithm [POLYLINE]
[peach_manipulation_node-12] [INFO] [1788939758.132447840] [peach_manipulation_node.moveit.ros.planning_pipeline]: Successfully loaded planner 'Pilz Industrial Motion Planner'
[peach_manipulation_node-12] [INFO] [1788939758.133694166] [peach_manipulation_node]: Try loading adapter 'default_planning_request_adapters/ResolveConstraintFrames'
[peach_manipulation_node-12] [INFO] [1788939758.133817458] [peach_manipulation_node]: Loaded adapter 'default_planning_request_adapters/ResolveConstraintFrames'
[peach_manipulation_node-12] [INFO] [1788939758.133820319] [peach_manipulation_node]: Try loading adapter 'default_planning_request_adapters/ValidateWorkspaceBounds'
[peach_manipulation_node-12] [INFO] [1788939758.133832716] [peach_manipulation_node]: Loaded adapter 'default_planning_request_adapters/ValidateWorkspaceBounds'
[peach_manipulation_node-12] [INFO] [1788939758.133834553] [peach_manipulation_node]: Try loading adapter 'default_planning_request_adapters/CheckStartStateBounds'
[peach_manipulation_node-12] [INFO] [1788939758.133842025] [peach_manipulation_node]: Loaded adapter 'default_planning_request_adapters/CheckStartStateBounds'
[peach_manipulation_node-12] [INFO] [1788939758.133843768] [peach_manipulation_node]: Try loading adapter 'default_planning_request_adapters/CheckStartStateCollision'
[peach_manipulation_node-12] [INFO] [1788939758.133849101] [peach_manipulation_node]: Loaded adapter 'default_planning_request_adapters/CheckStartStateCollision'
[peach_manipulation_node-12] [INFO] [1788939758.135102530] [peach_manipulation_node]: Try loading adapter 'default_planning_response_adapters/ValidateSolution'
[peach_manipulation_node-12] [INFO] [1788939758.135646850] [peach_manipulation_node]: Loaded adapter 'default_planning_response_adapters/ValidateSolution'
[peach_manipulation_node-12] [INFO] [1788939758.135655560] [peach_manipulation_node]: Try loading adapter 'default_planning_response_adapters/DisplayMotionPath'
[peach_manipulation_node-12] [INFO] [1788939758.135991173] [peach_manipulation_node]: Loaded adapter 'default_planning_response_adapters/DisplayMotionPath'
[peach_manipulation_node-12] [INFO] [1788939758.137646306] [peach_manipulation_node.moveit.planners.pilz.joint_limits_aggregator]: Reading limits from namespace robot_description_planning
[peach_manipulation_node-12] [INFO] [1788939758.137987326] [peach_manipulation_node.moveit.planners.pilz.command_planner]: Available plugins: pilz_industrial_motion_planner/PlanningContextLoaderCIRC pilz_industrial_motion_planner/PlanningContextLoaderLIN pilz_industrial_motion_planner/PlanningContextLoaderPTP pilz_industrial_motion_planner/PlanningContextLoaderPolyline 
[peach_manipulation_node-12] [INFO] [1788939758.137992930] [peach_manipulation_node.moveit.planners.pilz.command_planner]: About to load: pilz_industrial_motion_planner/PlanningContextLoaderCIRC
[peach_manipulation_node-12] [INFO] [1788939758.138074448] [peach_manipulation_node.moveit.planners.pilz.command_planner]: Registered Algorithm [CIRC]
[peach_manipulation_node-12] [INFO] [1788939758.138078600] [peach_manipulation_node.moveit.planners.pilz.command_planner]: About to load: pilz_industrial_motion_planner/PlanningContextLoaderLIN
[peach_manipulation_node-12] [INFO] [1788939758.138159838] [peach_manipulation_node.moveit.planners.pilz.command_planner]: Registered Algorithm [LIN]
[peach_manipulation_node-12] [INFO] [1788939758.138163660] [peach_manipulation_node.moveit.planners.pilz.command_planner]: About to load: pilz_industrial_motion_planner/PlanningContextLoaderPTP
[peach_manipulation_node-12] [INFO] [1788939758.138243892] [peach_manipulation_node.moveit.planners.pilz.command_planner]: Registered Algorithm [PTP]
[peach_manipulation_node-12] [INFO] [1788939758.138247316] [peach_manipulation_node.moveit.planners.pilz.command_planner]: About to load: pilz_industrial_motion_planner/PlanningContextLoaderPolyline
[peach_manipulation_node-12] [INFO] [1788939758.138326125] [peach_manipulation_node.moveit.planners.pilz.command_planner]: Registered Algorithm [POLYLINE]
[peach_manipulation_node-12] [INFO] [1788939758.138330045] [peach_manipulation_node.moveit.ros.planning_pipeline]: Successfully loaded planner 'Pilz Industrial Motion Planner'
[peach_manipulation_node-12] [INFO] [1788939758.139555846] [peach_manipulation_node]: Try loading adapter 'default_planning_request_adapters/ResolveConstraintFrames'
[peach_manipulation_node-12] [INFO] [1788939758.139660954] [peach_manipulation_node]: Loaded adapter 'default_planning_request_adapters/ResolveConstraintFrames'
[peach_manipulation_node-12] [INFO] [1788939758.139664945] [peach_manipulation_node]: Try loading adapter 'default_planning_request_adapters/ValidateWorkspaceBounds'
[peach_manipulation_node-12] [INFO] [1788939758.139674067] [peach_manipulation_node]: Loaded adapter 'default_planning_request_adapters/ValidateWorkspaceBounds'
[peach_manipulation_node-12] [INFO] [1788939758.139675796] [peach_manipulation_node]: Try loading adapter 'default_planning_request_adapters/CheckStartStateBounds'
[peach_manipulation_node-12] [INFO] [1788939758.139682625] [peach_manipulation_node]: Loaded adapter 'default_planning_request_adapters/CheckStartStateBounds'
[peach_manipulation_node-12] [INFO] [1788939758.139684440] [peach_manipulation_node]: Try loading adapter 'default_planning_request_adapters/CheckStartStateCollision'
[peach_manipulation_node-12] [INFO] [1788939758.139689213] [peach_manipulation_node]: Loaded adapter 'default_planning_request_adapters/CheckStartStateCollision'
[peach_manipulation_node-12] [INFO] [1788939758.140922254] [peach_manipulation_node]: Try loading adapter 'default_planning_response_adapters/ValidateSolution'
[peach_manipulation_node-12] [INFO] [1788939758.141297399] [peach_manipulation_node]: Loaded adapter 'default_planning_response_adapters/ValidateSolution'
[peach_manipulation_node-12] [INFO] [1788939758.141303772] [peach_manipulation_node]: Try loading adapter 'default_planning_response_adapters/DisplayMotionPath'
[peach_manipulation_node-12] [INFO] [1788939758.141563872] [peach_manipulation_node]: Loaded adapter 'default_planning_response_adapters/DisplayMotionPath'
[peach_manipulation_node-12] [INFO] [1788939758.143119087] [peach_manipulation_node.moveit.planners.pilz.joint_limits_aggregator]: Reading limits from namespace robot_description_planning
[peach_manipulation_node-12] [INFO] [1788939758.143442543] [peach_manipulation_node.moveit.planners.pilz.command_planner]: Available plugins: pilz_industrial_motion_planner/PlanningContextLoaderCIRC pilz_industrial_motion_planner/PlanningContextLoaderLIN pilz_industrial_motion_planner/PlanningContextLoaderPTP pilz_industrial_motion_planner/PlanningContextLoaderPolyline 
[peach_manipulation_node-12] [INFO] [1788939758.143448126] [peach_manipulation_node.moveit.planners.pilz.command_planner]: About to load: pilz_industrial_motion_planner/PlanningContextLoaderCIRC
[peach_manipulation_node-12] [INFO] [1788939758.143536745] [peach_manipulation_node.moveit.planners.pilz.command_planner]: Registered Algorithm [CIRC]
[peach_manipulation_node-12] [INFO] [1788939758.143540742] [peach_manipulation_node.moveit.planners.pilz.command_planner]: About to load: pilz_industrial_motion_planner/PlanningContextLoaderLIN
[peach_manipulation_node-12] [INFO] [1788939758.143618942] [peach_manipulation_node.moveit.planners.pilz.command_planner]: Registered Algorithm [LIN]
[peach_manipulation_node-12] [INFO] [1788939758.143622493] [peach_manipulation_node.moveit.planners.pilz.command_planner]: About to load: pilz_industrial_motion_planner/PlanningContextLoaderPTP
[peach_manipulation_node-12] [INFO] [1788939758.143699845] [peach_manipulation_node.moveit.planners.pilz.command_planner]: Registered Algorithm [PTP]
[peach_manipulation_node-12] [INFO] [1788939758.143703136] [peach_manipulation_node.moveit.planners.pilz.command_planner]: About to load: pilz_industrial_motion_planner/PlanningContextLoaderPolyline
[peach_manipulation_node-12] [INFO] [1788939758.143781533] [peach_manipulation_node.moveit.planners.pilz.command_planner]: Registered Algorithm [POLYLINE]
[peach_manipulation_node-12] [INFO] [1788939758.143785174] [peach_manipulation_node.moveit.ros.planning_pipeline]: Successfully loaded planner 'Pilz Industrial Motion Planner'
[peach_manipulation_node-12] [INFO] [1788939758.145005160] [peach_manipulation_node]: Try loading adapter 'default_planning_request_adapters/ResolveConstraintFrames'
[peach_manipulation_node-12] [INFO] [1788939758.145103387] [peach_manipulation_node]: Loaded adapter 'default_planning_request_adapters/ResolveConstraintFrames'
[peach_manipulation_node-12] [INFO] [1788939758.145105558] [peach_manipulation_node]: Try loading adapter 'default_planning_request_adapters/ValidateWorkspaceBounds'
[peach_manipulation_node-12] [INFO] [1788939758.145114838] [peach_manipulation_node]: Loaded adapter 'default_planning_request_adapters/ValidateWorkspaceBounds'
[peach_manipulation_node-12] [INFO] [1788939758.145116592] [peach_manipulation_node]: Try loading adapter 'default_planning_request_adapters/CheckStartStateBounds'
[peach_manipulation_node-12] [INFO] [1788939758.145123325] [peach_manipulation_node]: Loaded adapter 'default_planning_request_adapters/CheckStartStateBounds'
[peach_manipulation_node-12] [INFO] [1788939758.145125032] [peach_manipulation_node]: Try loading adapter 'default_planning_request_adapters/CheckStartStateCollision'
[peach_manipulation_node-12] [INFO] [1788939758.145129627] [peach_manipulation_node]: Loaded adapter 'default_planning_request_adapters/CheckStartStateCollision'
[peach_manipulation_node-12] [INFO] [1788939758.146350754] [peach_manipulation_node]: Try loading adapter 'default_planning_response_adapters/ValidateSolution'
[peach_manipulation_node-12] [INFO] [1788939758.146764067] [peach_manipulation_node]: Loaded adapter 'default_planning_response_adapters/ValidateSolution'
[peach_manipulation_node-12] [INFO] [1788939758.146770839] [peach_manipulation_node]: Try loading adapter 'default_planning_response_adapters/DisplayMotionPath'
[peach_manipulation_node-12] [INFO] [1788939758.147040355] [peach_manipulation_node]: Loaded adapter 'default_planning_response_adapters/DisplayMotionPath'
[peach_manipulation_node-12] [INFO] [1788939758.148653892] [peach_manipulation_node.moveit.planners.pilz.joint_limits_aggregator]: Reading limits from namespace robot_description_planning
[peach_manipulation_node-12] [INFO] [1788939758.148993447] [peach_manipulation_node.moveit.planners.pilz.command_planner]: Available plugins: pilz_industrial_motion_planner/PlanningContextLoaderCIRC pilz_industrial_motion_planner/PlanningContextLoaderLIN pilz_industrial_motion_planner/PlanningContextLoaderPTP pilz_industrial_motion_planner/PlanningContextLoaderPolyline 
[peach_manipulation_node-12] [INFO] [1788939758.148999658] [peach_manipulation_node.moveit.planners.pilz.command_planner]: About to load: pilz_industrial_motion_planner/PlanningContextLoaderCIRC
[peach_manipulation_node-12] [INFO] [1788939758.149081583] [peach_manipulation_node.moveit.planners.pilz.command_planner]: Registered Algorithm [CIRC]
[peach_manipulation_node-12] [INFO] [1788939758.149085757] [peach_manipulation_node.moveit.planners.pilz.command_planner]: About to load: pilz_industrial_motion_planner/PlanningContextLoaderLIN
[peach_manipulation_node-12] [INFO] [1788939758.149167583] [peach_manipulation_node.moveit.planners.pilz.command_planner]: Registered Algorithm [LIN]
[peach_manipulation_node-12] [INFO] [1788939758.149171203] [peach_manipulation_node.moveit.planners.pilz.command_planner]: About to load: pilz_industrial_motion_planner/PlanningContextLoaderPTP
[peach_manipulation_node-12] [INFO] [1788939758.149262700] [peach_manipulation_node.moveit.planners.pilz.command_planner]: Registered Algorithm [PTP]
[peach_manipulation_node-12] [INFO] [1788939758.149266496] [peach_manipulation_node.moveit.planners.pilz.command_planner]: About to load: pilz_industrial_motion_planner/PlanningContextLoaderPolyline
[peach_manipulation_node-12] [INFO] [1788939758.149345236] [peach_manipulation_node.moveit.planners.pilz.command_planner]: Registered Algorithm [POLYLINE]
[peach_manipulation_node-12] [INFO] [1788939758.149349463] [peach_manipulation_node.moveit.ros.planning_pipeline]: Successfully loaded planner 'Pilz Industrial Motion Planner'
[peach_manipulation_node-12] [INFO] [1788939758.150575443] [peach_manipulation_node]: Try loading adapter 'default_planning_request_adapters/ResolveConstraintFrames'
[peach_manipulation_node-12] [INFO] [1788939758.150679246] [peach_manipulation_node]: Loaded adapter 'default_planning_request_adapters/ResolveConstraintFrames'
[peach_manipulation_node-12] [INFO] [1788939758.150681691] [peach_manipulation_node]: Try loading adapter 'default_planning_request_adapters/ValidateWorkspaceBounds'
[peach_manipulation_node-12] [INFO] [1788939758.150692445] [peach_manipulation_node]: Loaded adapter 'default_planning_request_adapters/ValidateWorkspaceBounds'
[peach_manipulation_node-12] [INFO] [1788939758.150694408] [peach_manipulation_node]: Try loading adapter 'default_planning_request_adapters/CheckStartStateBounds'
[peach_manipulation_node-12] [INFO] [1788939758.150701087] [peach_manipulation_node]: Loaded adapter 'default_planning_request_adapters/CheckStartStateBounds'
[peach_manipulation_node-12] [INFO] [1788939758.150702634] [peach_manipulation_node]: Try loading adapter 'default_planning_request_adapters/CheckStartStateCollision'
[peach_manipulation_node-12] [INFO] [1788939758.150707211] [peach_manipulation_node]: Loaded adapter 'default_planning_request_adapters/CheckStartStateCollision'
[peach_manipulation_node-12] [INFO] [1788939758.151942875] [peach_manipulation_node]: Try loading adapter 'default_planning_response_adapters/ValidateSolution'
[peach_manipulation_node-12] [INFO] [1788939758.152367177] [peach_manipulation_node]: Loaded adapter 'default_planning_response_adapters/ValidateSolution'
[peach_manipulation_node-12] [INFO] [1788939758.152373369] [peach_manipulation_node]: Try loading adapter 'default_planning_response_adapters/DisplayMotionPath'
[peach_manipulation_node-12] [INFO] [1788939758.152625892] [peach_manipulation_node]: Loaded adapter 'default_planning_response_adapters/DisplayMotionPath'
[peach_manipulation_node-12] [INFO] [1788939758.154191177] [peach_manipulation_node.moveit.planners.pilz.joint_limits_aggregator]: Reading limits from namespace robot_description_planning
[peach_manipulation_node-12] [INFO] [1788939758.154518473] [peach_manipulation_node.moveit.planners.pilz.command_planner]: Available plugins: pilz_industrial_motion_planner/PlanningContextLoaderCIRC pilz_industrial_motion_planner/PlanningContextLoaderLIN pilz_industrial_motion_planner/PlanningContextLoaderPTP pilz_industrial_motion_planner/PlanningContextLoaderPolyline 
[peach_manipulation_node-12] [INFO] [1788939758.154524318] [peach_manipulation_node.moveit.planners.pilz.command_planner]: About to load: pilz_industrial_motion_planner/PlanningContextLoaderCIRC
[peach_manipulation_node-12] [INFO] [1788939758.154604895] [peach_manipulation_node.moveit.planners.pilz.command_planner]: Registered Algorithm [CIRC]
[peach_manipulation_node-12] [INFO] [1788939758.154609248] [peach_manipulation_node.moveit.planners.pilz.command_planner]: About to load: pilz_industrial_motion_planner/PlanningContextLoaderLIN
[peach_manipulation_node-12] [INFO] [1788939758.154687778] [peach_manipulation_node.moveit.planners.pilz.command_planner]: Registered Algorithm [LIN]
[peach_manipulation_node-12] [INFO] [1788939758.154691077] [peach_manipulation_node.moveit.planners.pilz.command_planner]: About to load: pilz_industrial_motion_planner/PlanningContextLoaderPTP
[peach_manipulation_node-12] [INFO] [1788939758.154768889] [peach_manipulation_node.moveit.planners.pilz.command_planner]: Registered Algorithm [PTP]
[peach_manipulation_node-12] [INFO] [1788939758.154772237] [peach_manipulation_node.moveit.planners.pilz.command_planner]: About to load: pilz_industrial_motion_planner/PlanningContextLoaderPolyline
[peach_manipulation_node-12] [INFO] [1788939758.154850443] [peach_manipulation_node.moveit.planners.pilz.command_planner]: Registered Algorithm [POLYLINE]
[peach_manipulation_node-12] [INFO] [1788939758.154854060] [peach_manipulation_node.moveit.ros.planning_pipeline]: Successfully loaded planner 'Pilz Industrial Motion Planner'
[peach_manipulation_node-12] [INFO] [1788939758.156078249] [peach_manipulation_node]: Try loading adapter 'default_planning_request_adapters/ResolveConstraintFrames'
[peach_manipulation_node-12] [INFO] [1788939758.156189208] [peach_manipulation_node]: Loaded adapter 'default_planning_request_adapters/ResolveConstraintFrames'
[peach_manipulation_node-12] [INFO] [1788939758.156193746] [peach_manipulation_node]: Try loading adapter 'default_planning_request_adapters/ValidateWorkspaceBounds'
[peach_manipulation_node-12] [INFO] [1788939758.156203835] [peach_manipulation_node]: Loaded adapter 'default_planning_request_adapters/ValidateWorkspaceBounds'
[peach_manipulation_node-12] [INFO] [1788939758.156205741] [peach_manipulation_node]: Try loading adapter 'default_planning_request_adapters/CheckStartStateBounds'
[peach_manipulation_node-12] [INFO] [1788939758.156212017] [peach_manipulation_node]: Loaded adapter 'default_planning_request_adapters/CheckStartStateBounds'
[peach_manipulation_node-12] [INFO] [1788939758.156213761] [peach_manipulation_node]: Try loading adapter 'default_planning_request_adapters/CheckStartStateCollision'
[peach_manipulation_node-12] [INFO] [1788939758.156218126] [peach_manipulation_node]: Loaded adapter 'default_planning_request_adapters/CheckStartStateCollision'
[peach_manipulation_node-12] [INFO] [1788939758.157438769] [peach_manipulation_node]: Try loading adapter 'default_planning_response_adapters/ValidateSolution'
[peach_manipulation_node-12] [INFO] [1788939758.157837709] [peach_manipulation_node]: Loaded adapter 'default_planning_response_adapters/ValidateSolution'
[peach_manipulation_node-12] [INFO] [1788939758.157849251] [peach_manipulation_node]: Try loading adapter 'default_planning_response_adapters/DisplayMotionPath'
[peach_manipulation_node-12] [INFO] [1788939758.158064647] [peach_manipulation_node]: Loaded adapter 'default_planning_response_adapters/DisplayMotionPath'
[peach_manipulation_node-12] [INFO] [1788939758.159635405] [peach_manipulation_node.moveit.planners.pilz.joint_limits_aggregator]: Reading limits from namespace robot_description_planning
[peach_manipulation_node-12] [INFO] [1788939758.159960844] [peach_manipulation_node.moveit.planners.pilz.command_planner]: Available plugins: pilz_industrial_motion_planner/PlanningContextLoaderCIRC pilz_industrial_motion_planner/PlanningContextLoaderLIN pilz_industrial_motion_planner/PlanningContextLoaderPTP pilz_industrial_motion_planner/PlanningContextLoaderPolyline 
[peach_manipulation_node-12] [INFO] [1788939758.159966373] [peach_manipulation_node.moveit.planners.pilz.command_planner]: About to load: pilz_industrial_motion_planner/PlanningContextLoaderCIRC
[peach_manipulation_node-12] [INFO] [1788939758.160047414] [peach_manipulation_node.moveit.planners.pilz.command_planner]: Registered Algorithm [CIRC]
[peach_manipulation_node-12] [INFO] [1788939758.160051207] [peach_manipulation_node.moveit.planners.pilz.command_planner]: About to load: pilz_industrial_motion_planner/PlanningContextLoaderLIN
[peach_manipulation_node-12] [INFO] [1788939758.160129595] [peach_manipulation_node.moveit.planners.pilz.command_planner]: Registered Algorithm [LIN]
[peach_manipulation_node-12] [INFO] [1788939758.160133146] [peach_manipulation_node.moveit.planners.pilz.command_planner]: About to load: pilz_industrial_motion_planner/PlanningContextLoaderPTP
[peach_manipulation_node-12] [INFO] [1788939758.160213487] [peach_manipulation_node.moveit.planners.pilz.command_planner]: Registered Algorithm [PTP]
[peach_manipulation_node-12] [INFO] [1788939758.160217234] [peach_manipulation_node.moveit.planners.pilz.command_planner]: About to load: pilz_industrial_motion_planner/PlanningContextLoaderPolyline
[peach_manipulation_node-12] [INFO] [1788939758.160295599] [peach_manipulation_node.moveit.planners.pilz.command_planner]: Registered Algorithm [POLYLINE]
[peach_manipulation_node-12] [INFO] [1788939758.160299386] [peach_manipulation_node.moveit.ros.planning_pipeline]: Successfully loaded planner 'Pilz Industrial Motion Planner'
[peach_manipulation_node-12] [INFO] [1788939758.161521271] [peach_manipulation_node]: Try loading adapter 'default_planning_request_adapters/ResolveConstraintFrames'
[peach_manipulation_node-12] [INFO] [1788939758.161620650] [peach_manipulation_node]: Loaded adapter 'default_planning_request_adapters/ResolveConstraintFrames'
[peach_manipulation_node-12] [INFO] [1788939758.161624350] [peach_manipulation_node]: Try loading adapter 'default_planning_request_adapters/ValidateWorkspaceBounds'
[peach_manipulation_node-12] [INFO] [1788939758.161633386] [peach_manipulation_node]: Loaded adapter 'default_planning_request_adapters/ValidateWorkspaceBounds'
[peach_manipulation_node-12] [INFO] [1788939758.161635082] [peach_manipulation_node]: Try loading adapter 'default_planning_request_adapters/CheckStartStateBounds'
[peach_manipulation_node-12] [INFO] [1788939758.161641758] [peach_manipulation_node]: Loaded adapter 'default_planning_request_adapters/CheckStartStateBounds'
[peach_manipulation_node-12] [INFO] [1788939758.161643315] [peach_manipulation_node]: Try loading adapter 'default_planning_request_adapters/CheckStartStateCollision'
[peach_manipulation_node-12] [INFO] [1788939758.161655288] [peach_manipulation_node]: Loaded adapter 'default_planning_request_adapters/CheckStartStateCollision'
[peach_manipulation_node-12] [INFO] [1788939758.162882195] [peach_manipulation_node]: Try loading adapter 'default_planning_response_adapters/ValidateSolution'
[peach_manipulation_node-12] [INFO] [1788939758.163345385] [peach_manipulation_node]: Loaded adapter 'default_planning_response_adapters/ValidateSolution'
[peach_manipulation_node-12] [INFO] [1788939758.163352416] [peach_manipulation_node]: Try loading adapter 'default_planning_response_adapters/DisplayMotionPath'
[peach_manipulation_node-12] [INFO] [1788939758.163609982] [peach_manipulation_node]: Loaded adapter 'default_planning_response_adapters/DisplayMotionPath'
[peach_manipulation_node-12] [WARN] [1788939758.263613578] [rcl.logging_rosout]: Publisher already registered for node name: 'peach_manipulation_node'. If this is due to multiple nodes with the same name then all logs for the logger named 'peach_manipulation_node' will go out over the existing publisher. As soon as any node with that name is destructed it will unregister the publisher, preventing any further logs for that name from being published on the rosout topic.
[peach_manipulation_node-12] [INFO] [1788939758.271873225] [peach_manipulation_node]: Calling PlanningRequestAdapter 'ResolveConstraintFrames'
[peach_manipulation_node-12] [INFO] [1788939758.271924330] [peach_manipulation_node]: Calling PlanningRequestAdapter 'ValidateWorkspaceBounds'
[peach_manipulation_node-12] [WARN] [1788939758.271926535] [peach_manipulation_node.moveit.ros.validate_workspace_bounds]: It looks like the planning volume was not specified. Using default values.
[peach_manipulation_node-12] [INFO] [1788939758.271933249] [peach_manipulation_node]: Calling PlanningRequestAdapter 'CheckStartStateBounds'
[peach_manipulation_node-12] [INFO] [1788939758.271939903] [peach_manipulation_node]: Calling PlanningRequestAdapter 'CheckStartStateCollision'
[peach_manipulation_node-12] [INFO] [1788939758.272015869] [peach_manipulation_node]: Calling Planner 'Pilz Industrial Motion Planner'
[peach_manipulation_node-12] [INFO] [1788939758.272020498] [peach_manipulation_node.moveit.planners.pilz.trajectory_generator]: Generating LIN trajectory...
[peach_manipulation_node-12] [INFO] [1788939758.272138175] [peach_manipulation_node.moveit.planners.pilz.trajectory_generator]: using default max_cartesian_speed: 0.250000
[peach_manipulation_node-12] [INFO] [1788939758.273431251] [peach_manipulation_node]: Calling PlanningResponseAdapter 'ValidateSolution'
[peach_manipulation_node-12] [INFO] [1788939758.274339722] [peach_manipulation_node]: Calling PlanningResponseAdapter 'DisplayMotionPath'
[peach_manipulation_node-12] [INFO] [1788939758.274477177] [peach_manipulation_node]: Calling PlanningRequestAdapter 'ResolveConstraintFrames'
[peach_manipulation_node-12] [INFO] [1788939758.274486742] [peach_manipulation_node]: Calling PlanningRequestAdapter 'ValidateWorkspaceBounds'
[peach_manipulation_node-12] [WARN] [1788939758.274487932] [peach_manipulation_node.moveit.ros.validate_workspace_bounds]: It looks like the planning volume was not specified. Using default values.
[peach_manipulation_node-12] [INFO] [1788939758.274492643] [peach_manipulation_node]: Calling PlanningRequestAdapter 'CheckStartStateBounds'
[peach_manipulation_node-12] [INFO] [1788939758.274499638] [peach_manipulation_node]: Calling PlanningRequestAdapter 'CheckStartStateCollision'
[peach_manipulation_node-12] [INFO] [1788939758.274528177] [peach_manipulation_node]: Calling Planner 'Pilz Industrial Motion Planner'
[peach_manipulation_node-12] [INFO] [1788939758.274530159] [peach_manipulation_node.moveit.planners.pilz.trajectory_generator]: Generating LIN trajectory...
[peach_manipulation_node-12] [INFO] [1788939758.274626549] [peach_manipulation_node.moveit.planners.pilz.trajectory_generator]: using default max_cartesian_speed: 0.250000
[peach_manipulation_node-12] [ERROR] [1788939758.274981539] [peach_manipulation_node.pilz_trajectory_functions]: Joint acceleration limit of wrist1_joint violated. Set the acceleration scaling factor lower! Actual joint acceleration is -4.27159, while the limit is 3. 
[peach_manipulation_node-12] [ERROR] [1788939758.274998207] [peach_manipulation_node.pilz_trajectory_functions]: Inverse kinematics solution at 1.5s violates the joint velocity/acceleration/deceleration limits.
[peach_manipulation_node-12] [ERROR] [1788939758.275010360] [peach_manipulation_node.moveit.planners.pilz.trajectory_generator]: Failed to generate valid joint trajectory from the Cartesian path
[peach_manipulation_node-12] [ERROR] [1788939758.275019846] [peach_manipulation_node]: Planner 'Pilz Industrial Motion Planner' failed with error code PLANNING_FAILED
[peach_manipulation_node-12] [WARN] [1788939758.278734661] [peach_manipulation_node]: 对轴正向旋转失败（MTC planning failed: Failing stage(s):
[peach_manipulation_node-12] corridor transfer 2 (0/1): ），试反向长弧
[peach_manipulation_node-12] [INFO] [1788939758.285280896] [peach_manipulation_node.moveit.ros.rdf_loader]: Loaded robot model in 0.00133519 seconds
[peach_manipulation_node-12] [INFO] [1788939758.285305935] [peach_manipulation_node.moveit.core.robot_model]: Loading robot model 'aubo_e5'...
[peach_manipulation_node-12] [INFO] [1788939758.285310913] [peach_manipulation_node.moveit.core.robot_model]: No root/virtual joint specified in SRDF. Assuming fixed joint
[peach_manipulation_node-12] [INFO] [1788939758.312142729] [peach_manipulation_node.moveit.kinematics.kdl_kinematics_plugin]: Joint weights for group 'manipulator_e5': 1 1 1 1 1 1
[peach_manipulation_node-12] [INFO] [1788939758.312255044] [peach_manipulation_node]: 绕保持球笛卡尔走廊（相位分离 dir=1）: 转移 4 段, 后撤 0.130 m, 对轴翻转 44°（反向长弧）
[peach_manipulation_node-12] [INFO] [1788939758.321573899] [peach_manipulation_node.moveit.planners.pilz.joint_limits_aggregator]: Reading limits from namespace robot_description_planning
[peach_manipulation_node-12] [INFO] [1788939758.321952811] [peach_manipulation_node.moveit.planners.pilz.command_planner]: Available plugins: pilz_industrial_motion_planner/PlanningContextLoaderCIRC pilz_industrial_motion_planner/PlanningContextLoaderLIN pilz_industrial_motion_planner/PlanningContextLoaderPTP pilz_industrial_motion_planner/PlanningContextLoaderPolyline 
[peach_manipulation_node-12] [INFO] [1788939758.321959964] [peach_manipulation_node.moveit.planners.pilz.command_planner]: About to load: pilz_industrial_motion_planner/PlanningContextLoaderCIRC
[peach_manipulation_node-12] [INFO] [1788939758.322054917] [peach_manipulation_node.moveit.planners.pilz.command_planner]: Registered Algorithm [CIRC]
[peach_manipulation_node-12] [INFO] [1788939758.322059002] [peach_manipulation_node.moveit.planners.pilz.command_planner]: About to load: pilz_industrial_motion_planner/PlanningContextLoaderLIN
[peach_manipulation_node-12] [INFO] [1788939758.322144441] [peach_manipulation_node.moveit.planners.pilz.command_planner]: Registered Algorithm [LIN]
[peach_manipulation_node-12] [INFO] [1788939758.322148459] [peach_manipulation_node.moveit.planners.pilz.command_planner]: About to load: pilz_industrial_motion_planner/PlanningContextLoaderPTP
[peach_manipulation_node-12] [INFO] [1788939758.322239574] [peach_manipulation_node.moveit.planners.pilz.command_planner]: Registered Algorithm [PTP]
[peach_manipulation_node-12] [INFO] [1788939758.322243260] [peach_manipulation_node.moveit.planners.pilz.command_planner]: About to load: pilz_industrial_motion_planner/PlanningContextLoaderPolyline
[peach_manipulation_node-12] [INFO] [1788939758.322326974] [peach_manipulation_node.moveit.planners.pilz.command_planner]: Registered Algorithm [POLYLINE]
[peach_manipulation_node-12] [INFO] [1788939758.322331305] [peach_manipulation_node.moveit.ros.planning_pipeline]: Successfully loaded planner 'Pilz Industrial Motion Planner'
[peach_manipulation_node-12] [INFO] [1788939758.323591224] [peach_manipulation_node]: Try loading adapter 'default_planning_request_adapters/ResolveConstraintFrames'
[peach_manipulation_node-12] [INFO] [1788939758.323716396] [peach_manipulation_node]: Loaded adapter 'default_planning_request_adapters/ResolveConstraintFrames'
[peach_manipulation_node-12] [INFO] [1788939758.323718910] [peach_manipulation_node]: Try loading adapter 'default_planning_request_adapters/ValidateWorkspaceBounds'
[peach_manipulation_node-12] [INFO] [1788939758.323731295] [peach_manipulation_node]: Loaded adapter 'default_planning_request_adapters/ValidateWorkspaceBounds'
[peach_manipulation_node-12] [INFO] [1788939758.323733371] [peach_manipulation_node]: Try loading adapter 'default_planning_request_adapters/CheckStartStateBounds'
[peach_manipulation_node-12] [INFO] [1788939758.323740924] [peach_manipulation_node]: Loaded adapter 'default_planning_request_adapters/CheckStartStateBounds'
[peach_manipulation_node-12] [INFO] [1788939758.323742456] [peach_manipulation_node]: Try loading adapter 'default_planning_request_adapters/CheckStartStateCollision'
[peach_manipulation_node-12] [INFO] [1788939758.323747474] [peach_manipulation_node]: Loaded adapter 'default_planning_request_adapters/CheckStartStateCollision'
[peach_manipulation_node-12] [INFO] [1788939758.324976491] [peach_manipulation_node]: Try loading adapter 'default_planning_response_adapters/ValidateSolution'
[peach_manipulation_node-12] [INFO] [1788939758.325390010] [peach_manipulation_node]: Loaded adapter 'default_planning_response_adapters/ValidateSolution'
[peach_manipulation_node-12] [INFO] [1788939758.325395803] [peach_manipulation_node]: Try loading adapter 'default_planning_response_adapters/DisplayMotionPath'
[peach_manipulation_node-12] [INFO] [1788939758.325630018] [peach_manipulation_node]: Loaded adapter 'default_planning_response_adapters/DisplayMotionPath'
[peach_manipulation_node-12] [INFO] [1788939758.327182293] [peach_manipulation_node.moveit.planners.pilz.joint_limits_aggregator]: Reading limits from namespace robot_description_planning
[peach_manipulation_node-12] [INFO] [1788939758.327515557] [peach_manipulation_node.moveit.planners.pilz.command_planner]: Available plugins: pilz_industrial_motion_planner/PlanningContextLoaderCIRC pilz_industrial_motion_planner/PlanningContextLoaderLIN pilz_industrial_motion_planner/PlanningContextLoaderPTP pilz_industrial_motion_planner/PlanningContextLoaderPolyline 
[peach_manipulation_node-12] [INFO] [1788939758.327521386] [peach_manipulation_node.moveit.planners.pilz.command_planner]: About to load: pilz_industrial_motion_planner/PlanningContextLoaderCIRC
[peach_manipulation_node-12] [INFO] [1788939758.327604682] [peach_manipulation_node.moveit.planners.pilz.command_planner]: Registered Algorithm [CIRC]
[peach_manipulation_node-12] [INFO] [1788939758.327608697] [peach_manipulation_node.moveit.planners.pilz.command_planner]: About to load: pilz_industrial_motion_planner/PlanningContextLoaderLIN
[peach_manipulation_node-12] [INFO] [1788939758.327687708] [peach_manipulation_node.moveit.planners.pilz.command_planner]: Registered Algorithm [LIN]
[peach_manipulation_node-12] [INFO] [1788939758.327691245] [peach_manipulation_node.moveit.planners.pilz.command_planner]: About to load: pilz_industrial_motion_planner/PlanningContextLoaderPTP
[peach_manipulation_node-12] [INFO] [1788939758.327769913] [peach_manipulation_node.moveit.planners.pilz.command_planner]: Registered Algorithm [PTP]
[peach_manipulation_node-12] [INFO] [1788939758.327773585] [peach_manipulation_node.moveit.planners.pilz.command_planner]: About to load: pilz_industrial_motion_planner/PlanningContextLoaderPolyline
[peach_manipulation_node-12] [INFO] [1788939758.327852373] [peach_manipulation_node.moveit.planners.pilz.command_planner]: Registered Algorithm [POLYLINE]
[peach_manipulation_node-12] [INFO] [1788939758.327856012] [peach_manipulation_node.moveit.ros.planning_pipeline]: Successfully loaded planner 'Pilz Industrial Motion Planner'
[peach_manipulation_node-12] [INFO] [1788939758.329085910] [peach_manipulation_node]: Try loading adapter 'default_planning_request_adapters/ResolveConstraintFrames'
[peach_manipulation_node-12] [INFO] [1788939758.329194560] [peach_manipulation_node]: Loaded adapter 'default_planning_request_adapters/ResolveConstraintFrames'
[peach_manipulation_node-12] [INFO] [1788939758.329197437] [peach_manipulation_node]: Try loading adapter 'default_planning_request_adapters/ValidateWorkspaceBounds'
[peach_manipulation_node-12] [INFO] [1788939758.329207365] [peach_manipulation_node]: Loaded adapter 'default_planning_request_adapters/ValidateWorkspaceBounds'
[peach_manipulation_node-12] [INFO] [1788939758.329209441] [peach_manipulation_node]: Try loading adapter 'default_planning_request_adapters/CheckStartStateBounds'
[peach_manipulation_node-12] [INFO] [1788939758.329216160] [peach_manipulation_node]: Loaded adapter 'default_planning_request_adapters/CheckStartStateBounds'
[peach_manipulation_node-12] [INFO] [1788939758.329217866] [peach_manipulation_node]: Try loading adapter 'default_planning_request_adapters/CheckStartStateCollision'
[peach_manipulation_node-12] [INFO] [1788939758.329222703] [peach_manipulation_node]: Loaded adapter 'default_planning_request_adapters/CheckStartStateCollision'
[peach_manipulation_node-12] [INFO] [1788939758.330445864] [peach_manipulation_node]: Try loading adapter 'default_planning_response_adapters/ValidateSolution'
[peach_manipulation_node-12] [INFO] [1788939758.330775904] [peach_manipulation_node]: Loaded adapter 'default_planning_response_adapters/ValidateSolution'
[peach_manipulation_node-12] [INFO] [1788939758.330781559] [peach_manipulation_node]: Try loading adapter 'default_planning_response_adapters/DisplayMotionPath'
[peach_manipulation_node-12] [INFO] [1788939758.330952969] [peach_manipulation_node]: Loaded adapter 'default_planning_response_adapters/DisplayMotionPath'
[peach_manipulation_node-12] [INFO] [1788939758.332457544] [peach_manipulation_node.moveit.planners.pilz.joint_limits_aggregator]: Reading limits from namespace robot_description_planning
[peach_manipulation_node-12] [INFO] [1788939758.332780768] [peach_manipulation_node.moveit.planners.pilz.command_planner]: Available plugins: pilz_industrial_motion_planner/PlanningContextLoaderCIRC pilz_industrial_motion_planner/PlanningContextLoaderLIN pilz_industrial_motion_planner/PlanningContextLoaderPTP pilz_industrial_motion_planner/PlanningContextLoaderPolyline 
[peach_manipulation_node-12] [INFO] [1788939758.332786253] [peach_manipulation_node.moveit.planners.pilz.command_planner]: About to load: pilz_industrial_motion_planner/PlanningContextLoaderCIRC
[peach_manipulation_node-12] [INFO] [1788939758.332878920] [peach_manipulation_node.moveit.planners.pilz.command_planner]: Registered Algorithm [CIRC]
[peach_manipulation_node-12] [INFO] [1788939758.332882752] [peach_manipulation_node.moveit.planners.pilz.command_planner]: About to load: pilz_industrial_motion_planner/PlanningContextLoaderLIN
[peach_manipulation_node-12] [INFO] [1788939758.332962778] [peach_manipulation_node.moveit.planners.pilz.command_planner]: Registered Algorithm [LIN]
[peach_manipulation_node-12] [INFO] [1788939758.332966199] [peach_manipulation_node.moveit.planners.pilz.command_planner]: About to load: pilz_industrial_motion_planner/PlanningContextLoaderPTP
[peach_manipulation_node-12] [INFO] [1788939758.333044363] [peach_manipulation_node.moveit.planners.pilz.command_planner]: Registered Algorithm [PTP]
[peach_manipulation_node-12] [INFO] [1788939758.333047844] [peach_manipulation_node.moveit.planners.pilz.command_planner]: About to load: pilz_industrial_motion_planner/PlanningContextLoaderPolyline
[peach_manipulation_node-12] [INFO] [1788939758.333126782] [peach_manipulation_node.moveit.planners.pilz.command_planner]: Registered Algorithm [POLYLINE]
[peach_manipulation_node-12] [INFO] [1788939758.333130725] [peach_manipulation_node.moveit.ros.planning_pipeline]: Successfully loaded planner 'Pilz Industrial Motion Planner'
[peach_manipulation_node-12] [INFO] [1788939758.334353127] [peach_manipulation_node]: Try loading adapter 'default_planning_request_adapters/ResolveConstraintFrames'
[peach_manipulation_node-12] [INFO] [1788939758.334451993] [peach_manipulation_node]: Loaded adapter 'default_planning_request_adapters/ResolveConstraintFrames'
[peach_manipulation_node-12] [INFO] [1788939758.334454337] [peach_manipulation_node]: Try loading adapter 'default_planning_request_adapters/ValidateWorkspaceBounds'
[peach_manipulation_node-12] [INFO] [1788939758.334463988] [peach_manipulation_node]: Loaded adapter 'default_planning_request_adapters/ValidateWorkspaceBounds'
[peach_manipulation_node-12] [INFO] [1788939758.334465771] [peach_manipulation_node]: Try loading adapter 'default_planning_request_adapters/CheckStartStateBounds'
[peach_manipulation_node-12] [INFO] [1788939758.334472140] [peach_manipulation_node]: Loaded adapter 'default_planning_request_adapters/CheckStartStateBounds'
[peach_manipulation_node-12] [INFO] [1788939758.334473662] [peach_manipulation_node]: Try loading adapter 'default_planning_request_adapters/CheckStartStateCollision'
[peach_manipulation_node-12] [INFO] [1788939758.334478521] [peach_manipulation_node]: Loaded adapter 'default_planning_request_adapters/CheckStartStateCollision'
[peach_manipulation_node-12] [INFO] [1788939758.335693051] [peach_manipulation_node]: Try loading adapter 'default_planning_response_adapters/ValidateSolution'
[peach_manipulation_node-12] [INFO] [1788939758.335995256] [peach_manipulation_node]: Loaded adapter 'default_planning_response_adapters/ValidateSolution'
[peach_manipulation_node-12] [INFO] [1788939758.336000523] [peach_manipulation_node]: Try loading adapter 'default_planning_response_adapters/DisplayMotionPath'
[peach_manipulation_node-12] [INFO] [1788939758.336165829] [peach_manipulation_node]: Loaded adapter 'default_planning_response_adapters/DisplayMotionPath'
[peach_manipulation_node-12] [INFO] [1788939758.337659583] [peach_manipulation_node.moveit.planners.pilz.joint_limits_aggregator]: Reading limits from namespace robot_description_planning
[peach_manipulation_node-12] [INFO] [1788939758.337984714] [peach_manipulation_node.moveit.planners.pilz.command_planner]: Available plugins: pilz_industrial_motion_planner/PlanningContextLoaderCIRC pilz_industrial_motion_planner/PlanningContextLoaderLIN pilz_industrial_motion_planner/PlanningContextLoaderPTP pilz_industrial_motion_planner/PlanningContextLoaderPolyline 
[peach_manipulation_node-12] [INFO] [1788939758.337990454] [peach_manipulation_node.moveit.planners.pilz.command_planner]: About to load: pilz_industrial_motion_planner/PlanningContextLoaderCIRC
[peach_manipulation_node-12] [INFO] [1788939758.338075227] [peach_manipulation_node.moveit.planners.pilz.command_planner]: Registered Algorithm [CIRC]
[peach_manipulation_node-12] [INFO] [1788939758.338079230] [peach_manipulation_node.moveit.planners.pilz.command_planner]: About to load: pilz_industrial_motion_planner/PlanningContextLoaderLIN
[peach_manipulation_node-12] [INFO] [1788939758.338160673] [peach_manipulation_node.moveit.planners.pilz.command_planner]: Registered Algorithm [LIN]
[peach_manipulation_node-12] [INFO] [1788939758.338164634] [peach_manipulation_node.moveit.planners.pilz.command_planner]: About to load: pilz_industrial_motion_planner/PlanningContextLoaderPTP
[peach_manipulation_node-12] [INFO] [1788939758.338255009] [peach_manipulation_node.moveit.planners.pilz.command_planner]: Registered Algorithm [PTP]
[peach_manipulation_node-12] [INFO] [1788939758.338259048] [peach_manipulation_node.moveit.planners.pilz.command_planner]: About to load: pilz_industrial_motion_planner/PlanningContextLoaderPolyline
[peach_manipulation_node-12] [INFO] [1788939758.338338920] [peach_manipulation_node.moveit.planners.pilz.command_planner]: Registered Algorithm [POLYLINE]
[peach_manipulation_node-12] [INFO] [1788939758.338343133] [peach_manipulation_node.moveit.ros.planning_pipeline]: Successfully loaded planner 'Pilz Industrial Motion Planner'
[peach_manipulation_node-12] [INFO] [1788939758.339579253] [peach_manipulation_node]: Try loading adapter 'default_planning_request_adapters/ResolveConstraintFrames'
[peach_manipulation_node-12] [INFO] [1788939758.339682326] [peach_manipulation_node]: Loaded adapter 'default_planning_request_adapters/ResolveConstraintFrames'
[peach_manipulation_node-12] [INFO] [1788939758.339684958] [peach_manipulation_node]: Try loading adapter 'default_planning_request_adapters/ValidateWorkspaceBounds'
[peach_manipulation_node-12] [INFO] [1788939758.339695123] [peach_manipulation_node]: Loaded adapter 'default_planning_request_adapters/ValidateWorkspaceBounds'
[peach_manipulation_node-12] [INFO] [1788939758.339696839] [peach_manipulation_node]: Try loading adapter 'default_planning_request_adapters/CheckStartStateBounds'
[peach_manipulation_node-12] [INFO] [1788939758.339703671] [peach_manipulation_node]: Loaded adapter 'default_planning_request_adapters/CheckStartStateBounds'
[peach_manipulation_node-12] [INFO] [1788939758.339705297] [peach_manipulation_node]: Try loading adapter 'default_planning_request_adapters/CheckStartStateCollision'
[peach_manipulation_node-12] [INFO] [1788939758.339710418] [peach_manipulation_node]: Loaded adapter 'default_planning_request_adapters/CheckStartStateCollision'
[peach_manipulation_node-12] [INFO] [1788939758.340928509] [peach_manipulation_node]: Try loading adapter 'default_planning_response_adapters/ValidateSolution'
[peach_manipulation_node-12] [INFO] [1788939758.341260802] [peach_manipulation_node]: Loaded adapter 'default_planning_response_adapters/ValidateSolution'
[peach_manipulation_node-12] [INFO] [1788939758.341267196] [peach_manipulation_node]: Try loading adapter 'default_planning_response_adapters/DisplayMotionPath'
[peach_manipulation_node-12] [INFO] [1788939758.341442495] [peach_manipulation_node]: Loaded adapter 'default_planning_response_adapters/DisplayMotionPath'
[peach_manipulation_node-12] [INFO] [1788939758.342955967] [peach_manipulation_node.moveit.planners.pilz.joint_limits_aggregator]: Reading limits from namespace robot_description_planning
[peach_manipulation_node-12] [INFO] [1788939758.343285378] [peach_manipulation_node.moveit.planners.pilz.command_planner]: Available plugins: pilz_industrial_motion_planner/PlanningContextLoaderCIRC pilz_industrial_motion_planner/PlanningContextLoaderLIN pilz_industrial_motion_planner/PlanningContextLoaderPTP pilz_industrial_motion_planner/PlanningContextLoaderPolyline 
[peach_manipulation_node-12] [INFO] [1788939758.343291231] [peach_manipulation_node.moveit.planners.pilz.command_planner]: About to load: pilz_industrial_motion_planner/PlanningContextLoaderCIRC
[peach_manipulation_node-12] [INFO] [1788939758.343372659] [peach_manipulation_node.moveit.planners.pilz.command_planner]: Registered Algorithm [CIRC]
[peach_manipulation_node-12] [INFO] [1788939758.343377207] [peach_manipulation_node.moveit.planners.pilz.command_planner]: About to load: pilz_industrial_motion_planner/PlanningContextLoaderLIN
[peach_manipulation_node-12] [INFO] [1788939758.343459203] [peach_manipulation_node.moveit.planners.pilz.command_planner]: Registered Algorithm [LIN]
[peach_manipulation_node-12] [INFO] [1788939758.343462714] [peach_manipulation_node.moveit.planners.pilz.command_planner]: About to load: pilz_industrial_motion_planner/PlanningContextLoaderPTP
[peach_manipulation_node-12] [INFO] [1788939758.343540338] [peach_manipulation_node.moveit.planners.pilz.command_planner]: Registered Algorithm [PTP]
[peach_manipulation_node-12] [INFO] [1788939758.343543788] [peach_manipulation_node.moveit.planners.pilz.command_planner]: About to load: pilz_industrial_motion_planner/PlanningContextLoaderPolyline
[peach_manipulation_node-12] [INFO] [1788939758.343623971] [peach_manipulation_node.moveit.planners.pilz.command_planner]: Registered Algorithm [POLYLINE]
[peach_manipulation_node-12] [INFO] [1788939758.343627794] [peach_manipulation_node.moveit.ros.planning_pipeline]: Successfully loaded planner 'Pilz Industrial Motion Planner'
[peach_manipulation_node-12] [INFO] [1788939758.344849964] [peach_manipulation_node]: Try loading adapter 'default_planning_request_adapters/ResolveConstraintFrames'
[peach_manipulation_node-12] [INFO] [1788939758.344956582] [peach_manipulation_node]: Loaded adapter 'default_planning_request_adapters/ResolveConstraintFrames'
[peach_manipulation_node-12] [INFO] [1788939758.344958715] [peach_manipulation_node]: Try loading adapter 'default_planning_request_adapters/ValidateWorkspaceBounds'
[peach_manipulation_node-12] [INFO] [1788939758.344967921] [peach_manipulation_node]: Loaded adapter 'default_planning_request_adapters/ValidateWorkspaceBounds'
[peach_manipulation_node-12] [INFO] [1788939758.344969647] [peach_manipulation_node]: Try loading adapter 'default_planning_request_adapters/CheckStartStateBounds'
[peach_manipulation_node-12] [INFO] [1788939758.344976117] [peach_manipulation_node]: Loaded adapter 'default_planning_request_adapters/CheckStartStateBounds'
[peach_manipulation_node-12] [INFO] [1788939758.344977697] [peach_manipulation_node]: Try loading adapter 'default_planning_request_adapters/CheckStartStateCollision'
[peach_manipulation_node-12] [INFO] [1788939758.344983801] [peach_manipulation_node]: Loaded adapter 'default_planning_request_adapters/CheckStartStateCollision'
[peach_manipulation_node-12] [INFO] [1788939758.346206446] [peach_manipulation_node]: Try loading adapter 'default_planning_response_adapters/ValidateSolution'
[peach_manipulation_node-12] [INFO] [1788939758.346528060] [peach_manipulation_node]: Loaded adapter 'default_planning_response_adapters/ValidateSolution'
[peach_manipulation_node-12] [INFO] [1788939758.346533888] [peach_manipulation_node]: Try loading adapter 'default_planning_response_adapters/DisplayMotionPath'
[peach_manipulation_node-12] [INFO] [1788939758.346703996] [peach_manipulation_node]: Loaded adapter 'default_planning_response_adapters/DisplayMotionPath'
[peach_manipulation_node-12] [INFO] [1788939758.348219808] [peach_manipulation_node.moveit.planners.pilz.joint_limits_aggregator]: Reading limits from namespace robot_description_planning
[peach_manipulation_node-12] [INFO] [1788939758.348551484] [peach_manipulation_node.moveit.planners.pilz.command_planner]: Available plugins: pilz_industrial_motion_planner/PlanningContextLoaderCIRC pilz_industrial_motion_planner/PlanningContextLoaderLIN pilz_industrial_motion_planner/PlanningContextLoaderPTP pilz_industrial_motion_planner/PlanningContextLoaderPolyline 
[peach_manipulation_node-12] [INFO] [1788939758.348556941] [peach_manipulation_node.moveit.planners.pilz.command_planner]: About to load: pilz_industrial_motion_planner/PlanningContextLoaderCIRC
[peach_manipulation_node-12] [INFO] [1788939758.348639191] [peach_manipulation_node.moveit.planners.pilz.command_planner]: Registered Algorithm [CIRC]
[peach_manipulation_node-12] [INFO] [1788939758.348643082] [peach_manipulation_node.moveit.planners.pilz.command_planner]: About to load: pilz_industrial_motion_planner/PlanningContextLoaderLIN
[peach_manipulation_node-12] [INFO] [1788939758.348721438] [peach_manipulation_node.moveit.planners.pilz.command_planner]: Registered Algorithm [LIN]
[peach_manipulation_node-12] [INFO] [1788939758.348724825] [peach_manipulation_node.moveit.planners.pilz.command_planner]: About to load: pilz_industrial_motion_planner/PlanningContextLoaderPTP
[peach_manipulation_node-12] [INFO] [1788939758.348803565] [peach_manipulation_node.moveit.planners.pilz.command_planner]: Registered Algorithm [PTP]
[peach_manipulation_node-12] [INFO] [1788939758.348807336] [peach_manipulation_node.moveit.planners.pilz.command_planner]: About to load: pilz_industrial_motion_planner/PlanningContextLoaderPolyline
[peach_manipulation_node-12] [INFO] [1788939758.348886848] [peach_manipulation_node.moveit.planners.pilz.command_planner]: Registered Algorithm [POLYLINE]
[peach_manipulation_node-12] [INFO] [1788939758.348890711] [peach_manipulation_node.moveit.ros.planning_pipeline]: Successfully loaded planner 'Pilz Industrial Motion Planner'
[peach_manipulation_node-12] [INFO] [1788939758.350127554] [peach_manipulation_node]: Try loading adapter 'default_planning_request_adapters/ResolveConstraintFrames'
[peach_manipulation_node-12] [INFO] [1788939758.350229170] [peach_manipulation_node]: Loaded adapter 'default_planning_request_adapters/ResolveConstraintFrames'
[peach_manipulation_node-12] [INFO] [1788939758.350231666] [peach_manipulation_node]: Try loading adapter 'default_planning_request_adapters/ValidateWorkspaceBounds'
[peach_manipulation_node-12] [INFO] [1788939758.350242220] [peach_manipulation_node]: Loaded adapter 'default_planning_request_adapters/ValidateWorkspaceBounds'
[peach_manipulation_node-12] [INFO] [1788939758.350244212] [peach_manipulation_node]: Try loading adapter 'default_planning_request_adapters/CheckStartStateBounds'
[peach_manipulation_node-12] [INFO] [1788939758.350250983] [peach_manipulation_node]: Loaded adapter 'default_planning_request_adapters/CheckStartStateBounds'
[peach_manipulation_node-12] [INFO] [1788939758.350252544] [peach_manipulation_node]: Try loading adapter 'default_planning_request_adapters/CheckStartStateCollision'
[peach_manipulation_node-12] [INFO] [1788939758.350264211] [peach_manipulation_node]: Loaded adapter 'default_planning_request_adapters/CheckStartStateCollision'
[peach_manipulation_node-12] [INFO] [1788939758.351492868] [peach_manipulation_node]: Try loading adapter 'default_planning_response_adapters/ValidateSolution'
[peach_manipulation_node-12] [INFO] [1788939758.351858095] [peach_manipulation_node]: Loaded adapter 'default_planning_response_adapters/ValidateSolution'
[peach_manipulation_node-12] [INFO] [1788939758.351865016] [peach_manipulation_node]: Try loading adapter 'default_planning_response_adapters/DisplayMotionPath'
[peach_manipulation_node-12] [INFO] [1788939758.352038137] [peach_manipulation_node]: Loaded adapter 'default_planning_response_adapters/DisplayMotionPath'
[peach_manipulation_node-12] [WARN] [1788939758.463148004] [rcl.logging_rosout]: Publisher already registered for node name: 'peach_manipulation_node'. If this is due to multiple nodes with the same name then all logs for the logger named 'peach_manipulation_node' will go out over the existing publisher. As soon as any node with that name is destructed it will unregister the publisher, preventing any further logs for that name from being published on the rosout topic.
[peach_manipulation_node-12] [INFO] [1788939758.550861394] [peach_manipulation_node]: Calling PlanningRequestAdapter 'ResolveConstraintFrames'
[peach_manipulation_node-12] [INFO] [1788939758.550920991] [peach_manipulation_node]: Calling PlanningRequestAdapter 'ValidateWorkspaceBounds'
[peach_manipulation_node-12] [WARN] [1788939758.550923678] [peach_manipulation_node.moveit.ros.validate_workspace_bounds]: It looks like the planning volume was not specified. Using default values.
[peach_manipulation_node-12] [INFO] [1788939758.550933001] [peach_manipulation_node]: Calling PlanningRequestAdapter 'CheckStartStateBounds'
[peach_manipulation_node-12] [INFO] [1788939758.550953279] [peach_manipulation_node]: Calling PlanningRequestAdapter 'CheckStartStateCollision'
[peach_manipulation_node-12] [INFO] [1788939758.551045101] [peach_manipulation_node]: Calling Planner 'Pilz Industrial Motion Planner'
[peach_manipulation_node-12] [INFO] [1788939758.551050242] [peach_manipulation_node.moveit.planners.pilz.trajectory_generator]: Generating LIN trajectory...
[peach_manipulation_node-12] [INFO] [1788939758.551198443] [peach_manipulation_node.moveit.planners.pilz.trajectory_generator]: using default max_cartesian_speed: 0.250000
[peach_manipulation_node-12] [INFO] [1788939758.552892429] [peach_manipulation_node]: Calling PlanningResponseAdapter 'ValidateSolution'
[peach_manipulation_node-12] [INFO] [1788939758.554047198] [peach_manipulation_node]: Calling PlanningResponseAdapter 'DisplayMotionPath'
[peach_manipulation_node-12] [INFO] [1788939758.554388397] [peach_manipulation_node]: Calling PlanningRequestAdapter 'ResolveConstraintFrames'
[peach_manipulation_node-12] [INFO] [1788939758.554419461] [peach_manipulation_node]: Calling PlanningRequestAdapter 'ValidateWorkspaceBounds'
[peach_manipulation_node-12] [WARN] [1788939758.554421429] [peach_manipulation_node.moveit.ros.validate_workspace_bounds]: It looks like the planning volume was not specified. Using default values.
[peach_manipulation_node-12] [INFO] [1788939758.554431089] [peach_manipulation_node]: Calling PlanningRequestAdapter 'CheckStartStateBounds'
[peach_manipulation_node-12] [INFO] [1788939758.554452238] [peach_manipulation_node]: Calling PlanningRequestAdapter 'CheckStartStateCollision'
[peach_manipulation_node-12] [INFO] [1788939758.554509154] [peach_manipulation_node]: Calling Planner 'Pilz Industrial Motion Planner'
[peach_manipulation_node-12] [INFO] [1788939758.554512421] [peach_manipulation_node.moveit.planners.pilz.trajectory_generator]: Generating LIN trajectory...
[peach_manipulation_node-12] [INFO] [1788939758.554655075] [peach_manipulation_node.moveit.planners.pilz.trajectory_generator]: using default max_cartesian_speed: 0.250000
[peach_manipulation_node-12] [ERROR] [1788939758.555082028] [peach_manipulation_node.pilz_trajectory_functions]: Joint acceleration limit of wrist1_joint violated. Set the acceleration scaling factor lower! Actual joint acceleration is -4.27159, while the limit is 3. 
[peach_manipulation_node-12] [ERROR] [1788939758.555098250] [peach_manipulation_node.pilz_trajectory_functions]: Inverse kinematics solution at 1.5s violates the joint velocity/acceleration/deceleration limits.
[peach_manipulation_node-12] [ERROR] [1788939758.555117513] [peach_manipulation_node.moveit.planners.pilz.trajectory_generator]: Failed to generate valid joint trajectory from the Cartesian path
[peach_manipulation_node-12] [ERROR] [1788939758.555141865] [peach_manipulation_node]: Planner 'Pilz Industrial Motion Planner' failed with error code PLANNING_FAILED
[peach_manipulation_node-12] [INFO] [1788939758.559057498] [peach_manipulation_node]: [FAILED] 到预抓取失败: MTC planning failed: Failing stage(s):
[peach_manipulation_node-12] corridor transfer 2 (0/1): 
[peach_manipulation_node-12] [INFO] [1788939758.559086204] [peach_manipulation_node]: [FAILED] 到预抓取失败: MTC planning failed: Failing stage(s):
[peach_manipulation_node-12] corridor transfer 2 (0/1): 
[peach_manipulation_node-12] [INFO] [1788939758.606360332] [peach_manipulation_node.moveit.ros.move_group_interface]: MoveGroup action client/server ready
[move_group-6] [INFO] [1788939758.606550799] [move_group.moveit.moveit.ros.move_group.move_action]: MoveGroupMoveAction: Received request
[peach_manipulation_node-12] [INFO] [1788939758.606691359] [peach_manipulation_node.moveit.ros.move_group_interface]: Planning request accepted
[move_group-6] [INFO] [1788939758.606760671] [move_group.moveit.moveit.ros.move_group.move_action]: executing..
[move_group-6] [INFO] [1788939758.608350596] [move_group.moveit.moveit.ros.move_group.move_action]: Planning request received for MoveGroup action. Forwarding to planning pipeline.
[move_group-6] [INFO] [1788939758.608370534] [move_group.moveit.moveit.ros.move_group.capability]: Using planning pipeline 'pilz_industrial_motion_planner'
[move_group-6] [INFO] [1788939758.608417572] [move_group]: Calling PlanningRequestAdapter 'ResolveConstraintFrames'
[move_group-6] [INFO] [1788939758.608426643] [move_group]: Calling PlanningRequestAdapter 'ValidateWorkspaceBounds'
[move_group-6] [WARN] [1788939758.608428630] [move_group.moveit.moveit.ros.validate_workspace_bounds]: It looks like the planning volume was not specified. Using default values.
[move_group-6] [INFO] [1788939758.608433610] [move_group]: Calling PlanningRequestAdapter 'CheckStartStateBounds'
[move_group-6] [INFO] [1788939758.608440264] [move_group]: Calling PlanningRequestAdapter 'CheckStartStateCollision'
[move_group-6] [INFO] [1788939758.608512190] [move_group.moveit.moveit.planners.pilz.trajectory_generator.ptp]: Initialized Point-to-Point Trajectory Generator.
[move_group-6] [INFO] [1788939758.608523797] [move_group]: Calling Planner 'Pilz Industrial Motion Planner'
[move_group-6] [INFO] [1788939758.608529069] [move_group.moveit.moveit.planners.pilz.trajectory_generator]: Generating PTP trajectory...
[move_group-6] [INFO] [1788939758.608547239] [move_group.moveit.moveit.planners.pilz.trajectory_generator.ptp]: Goal already reached, set one goal point explicitly.
[move_group-6] [INFO] [1788939758.608571582] [move_group]: Calling PlanningResponseAdapter 'ValidateSolution'
[move_group-6] [INFO] [1788939758.608609563] [move_group]: Calling PlanningResponseAdapter 'DisplayMotionPath'
[move_group-6] [INFO] [1788939758.608639212] [move_group.moveit.moveit.ros.move_group.move_action]: Motion plan was computed successfully.
[peach_manipulation_node-12] [INFO] [1788939758.608684662] [peach_manipulation_node.moveit.ros.move_group_interface]: Planning request complete!
[peach_manipulation_node-12] [INFO] [1788939758.608726402] [peach_manipulation_node.moveit.ros.move_group_interface]: time taken to generate plan: 2.6137e-05 seconds
[peach_manipulation_node-12] [INFO] [1788939758.608903926] [peach_manipulation_node.moveit.ros.move_group_interface]: Execute request accepted
[move_group-6] [INFO] [1788939758.608910095] [move_group.moveit.moveit.ros.move_group.clear_octomap_service]: Execution request received
[move_group-6] [INFO] [1788939758.608929668] [move_group.moveit.moveit.plugins.simple_controller_manager]: Returned 1 controllers in list
[move_group-6] [INFO] [1788939758.608938753] [move_group.moveit.moveit.plugins.simple_controller_manager]: Returned 1 controllers in list
[move_group-6] [INFO] [1788939758.608963258] [move_group.moveit.moveit.ros.trajectory_execution_manager]: Validating trajectory with allowed_start_tolerance 0.15
[move_group-6] [INFO] [1788939758.612829465] [move_group.moveit.moveit.ros.trajectory_execution_manager]: Starting trajectory execution ...
[move_group-6] [INFO] [1788939758.612876512] [move_group.moveit.moveit.plugins.simple_controller_manager]: Returned 1 controllers in list
[move_group-6] [INFO] [1788939758.612891424] [move_group.moveit.moveit.plugins.simple_controller_manager]: Returned 1 controllers in list
[move_group-6] [INFO] [1788939758.613069302] [moveit.simple_controller_manager.follow_joint_trajectory_controller_handle]: sending trajectory to aubo_passthrough_trajectory_controller
[ros2_control_node-2] [INFO] [1788939758.613277567] [aubo_passthrough_trajectory_controller]: Received new trajectory.
[ros2_control_node-2] [INFO] [1788939758.613334455] [aubo_passthrough_trajectory_controller]: Accepted new trajectory with 1 points.
[ros2_control_node-2] [INFO] [1788939758.613355332] [aubo_passthrough_trajectory_controller]: Effective goal time: 0 sec
[move_group-6] [INFO] [1788939758.613375075] [moveit.simple_controller_manager.follow_joint_trajectory_controller_handle]: aubo_passthrough_trajectory_controller started execution
[move_group-6] [INFO] [1788939758.613384346] [moveit.simple_controller_manager.follow_joint_trajectory_controller_handle]: Goal request accepted!
[ros2_control_node-2] [INFO] [1788939758.882418361] [aubo_passthrough_trajectory_controller]: Trajectory executed successfully (goal-hold confirmed in 0.265002 s).
[move_group-6] [INFO] [1788939758.913681961] [moveit.simple_controller_manager.follow_joint_trajectory_controller_handle]: Controller 'aubo_passthrough_trajectory_controller' successfully finished
[move_group-6] [INFO] [1788939758.927618738] [move_group.moveit.moveit.ros.trajectory_execution_manager]: Completed trajectory execution with status SUCCEEDED ...
[move_group-6] [INFO] [1788939758.927684110] [move_group.moveit.moveit.ros.move_group.clear_octomap_service]: Execution completed: SUCCEEDED
[peach_manipulation_node-12] [INFO] [1788939758.927952042] [peach_manipulation_node.moveit.ros.move_group_interface]: Execute request success!
[component_container-8] [INFO] [1788939761.083968812] [percipio_device]: fps = 2.42583
[peach_manipulation_node-12]   0  - ←   0 →   -  0 / task pipeline
[peach_manipulation_node-12]     1  - ←   1 →   -  1 / current robot state
[peach_manipulation_node-12]     -  1 →   0 →   -  0 / approach to pregrasp
[peach_manipulation_node-12]       -  0 →   1 →   -  0 / lin align tool z
[peach_manipulation_node-12]       -  0 →   0 →   -  0 / lin to on-axis pregrasp
[peach_manipulation_node-12] Failing stage(s):
[peach_manipulation_node-12] lin to on-axis pregrasp (0/1): 
[peach_manipulation_node-12]   0  - ←   0 →   -  0 / task pipeline
[peach_manipulation_node-12]     1  - ←   1 →   -  1 / current robot state
[peach_manipulation_node-12]     -  1 →   0 →   -  0 / cartesian corridor
[peach_manipulation_node-12]       -  0 →   1 →   -  0 / corridor transfer 1
[peach_manipulation_node-12]       -  0 →   0 →   -  0 / corridor transfer 2
[peach_manipulation_node-12]       -  0 →   0 →   -  0 / corridor transfer 3
[peach_manipulation_node-12]       -  0 →   0 →   -  0 / corridor transfer 4
[peach_manipulation_node-12]       -  0 →   0 →   -  0 / corridor align in place
[peach_manipulation_node-12]       -  0 →   0 →   -  0 / lin to on-axis pregrasp
[peach_manipulation_node-12] Failing stage(s):
[peach_manipulation_node-12] corridor transfer 2 (0/1): 
[peach_manipulation_node-12]   0  - ←   0 →   -  0 / task pipeline
[peach_manipulation_node-12]     1  - ←   1 →   -  1 / current robot state
[peach_manipulation_node-12]     -  1 →   0 →   -  0 / cartesian corridor
[peach_manipulation_node-12]       -  0 →   1 →   -  0 / corridor transfer 1
[peach_manipulation_node-12]       -  0 →   0 →   -  0 / corridor transfer 2
[peach_manipulation_node-12]       -  0 →   0 →   -  0 / corridor transfer 3
[peach_manipulation_node-12]       -  0 →   0 →   -  0 / corridor transfer 4
[peach_manipulation_node-12]       -  0 →   0 →   -  0 / corridor align in place
[peach_manipulation_node-12]       -  0 →   0 →   -  0 / lin to on-axis pregrasp
[peach_manipulation_node-12] Failing stage(s):
[peach_manipulation_node-12] corridor transfer 2 (0/1): 
[peach_target_reconstruction_node-11] [INFO] [1788939762.809461819] [peach_target_reconstruction_node]: 跟随计划切换重建目标: target_1 -> （空）（放弃 READY 会话）
[peach_scene_perception_node-10] [INFO] [1788939765.355455879] [peach_scene_perception_node]: 目标注册表在册 3 个目标（累计注册 3、累计命中 1805）
[peach_target_reconstruction_node-11] [INFO] [1788939766.417046724] [peach_target_reconstruction_node]: 已清空，回 IDLE
[peach_target_reconstruction_node-11] [INFO] [1788939766.419436349] [peach_target_reconstruction_node]: 自动开始：开始重建，绑定目标 target_2
[peach_manipulation_node-12] [WARN] [1788939766.419803597] [peach_manipulation_node]: 忽略非当前目标的 grasp_decision: expected=target_1 actual=target_2
[peach_manipulation_node-12] [INFO] [1788939766.421286665] [peach_manipulation_node]: [PLAN_OBSERVATION] 生成目标导向主动视点
[peach_manipulation_node-12] [INFO] [1788939766.421497795] [peach_manipulation_node]: [WAIT_FRAME] 当前位采帧，不环绕
[peach_target_reconstruction_node-11] [WARN] [1788939766.456081853] [peach_target_reconstruction_node]: 自动采帧跳过 [missing_mask]：缺少所选 target_id 的同时间戳掩膜
[peach_target_reconstruction_node-11] [INFO] [1788939766.564255334] [peach_target_reconstruction_node]: REFINING：几何二次拟合开始（kind=bag，710 点）
[peach_target_reconstruction_node-11] [INFO] [1788939766.687441459] [peach_target_reconstruction_node]: REFINING 完成：cylinder status=ACCEPT final=False axis=[0.2274, -0.209, 0.9511] diameter=75.7mm
[peach_target_reconstruction_node-11] [INFO] [1788939766.687626703] [peach_target_reconstruction_node]: 已采第 1/5 视角，本帧 2680 点，有效深度占比 0.92，位姿=fk
[peach_manipulation_node-12] [INFO] [1788939766.689785455] [peach_manipulation_node]: 当前位已采重建帧，不环绕；基线未过再做最多两次最近短移
[peach_manipulation_node-12] [INFO] [1788939766.689940024] [peach_manipulation_node]: [MOVE_TO_VIEW] see_a-1_e0_r1 score=0.287389 travel=0.148454m
[peach_manipulation_node-12] [INFO] [1788939766.690099287] [peach_manipulation_node.moveit.ros.move_group_interface]: MoveGroup action client/server ready
[move_group-6] [INFO] [1788939766.690271849] [move_group.moveit.moveit.ros.move_group.move_action]: MoveGroupMoveAction: Received request
[move_group-6] [INFO] [1788939766.690476638] [move_group.moveit.moveit.ros.move_group.move_action]: executing..
[peach_manipulation_node-12] [INFO] [1788939766.690554768] [peach_manipulation_node.moveit.ros.move_group_interface]: Planning request accepted
[move_group-6] [INFO] [1788939766.692613484] [move_group.moveit.moveit.ros.move_group.move_action]: Planning request received for MoveGroup action. Forwarding to planning pipeline.
[move_group-6] [INFO] [1788939766.692637314] [move_group.moveit.moveit.ros.move_group.capability]: Using planning pipeline 'pilz_industrial_motion_planner'
[move_group-6] [INFO] [1788939766.692703560] [move_group]: Calling PlanningRequestAdapter 'ResolveConstraintFrames'
[move_group-6] [INFO] [1788939766.692717627] [move_group]: Calling PlanningRequestAdapter 'ValidateWorkspaceBounds'
[move_group-6] [WARN] [1788939766.692720696] [move_group.moveit.moveit.ros.validate_workspace_bounds]: It looks like the planning volume was not specified. Using default values.
[move_group-6] [INFO] [1788939766.692727538] [move_group]: Calling PlanningRequestAdapter 'CheckStartStateBounds'
[move_group-6] [INFO] [1788939766.692737490] [move_group]: Calling PlanningRequestAdapter 'CheckStartStateCollision'
[move_group-6] [INFO] [1788939766.692830672] [move_group]: Calling Planner 'Pilz Industrial Motion Planner'
[move_group-6] [INFO] [1788939766.692839104] [move_group.moveit.moveit.planners.pilz.trajectory_generator]: Generating LIN trajectory...
[move_group-6] [INFO] [1788939766.693028025] [move_group.moveit.moveit.planners.pilz.trajectory_generator]: using default max_cartesian_speed: 0.250000
[move_group-6] [INFO] [1788939766.695639166] [move_group]: Calling PlanningResponseAdapter 'ValidateSolution'
[move_group-6] [INFO] [1788939766.696831982] [move_group]: Calling PlanningResponseAdapter 'DisplayMotionPath'
[move_group-6] [INFO] [1788939766.696934218] [move_group.moveit.moveit.ros.move_group.move_action]: Motion plan was computed successfully.
[peach_manipulation_node-12] [INFO] [1788939766.697084191] [peach_manipulation_node.moveit.ros.move_group_interface]: Planning request complete!
[peach_manipulation_node-12] [INFO] [1788939766.697679044] [peach_manipulation_node.moveit.ros.move_group_interface]: time taken to generate plan: 0.00274093 seconds
[move_group-6] [INFO] [1788939766.698090037] [move_group.moveit.moveit.ros.move_group.clear_octomap_service]: Execution request received
[peach_manipulation_node-12] [INFO] [1788939766.698099779] [peach_manipulation_node.moveit.ros.move_group_interface]: Execute request accepted
[move_group-6] [INFO] [1788939766.698116452] [move_group.moveit.moveit.plugins.simple_controller_manager]: Returned 1 controllers in list
[move_group-6] [INFO] [1788939766.698126609] [move_group.moveit.moveit.plugins.simple_controller_manager]: Returned 1 controllers in list
[move_group-6] [INFO] [1788939766.698164175] [move_group.moveit.moveit.ros.trajectory_execution_manager]: Validating trajectory with allowed_start_tolerance 0.15
[move_group-6] [INFO] [1788939766.702769067] [move_group.moveit.moveit.ros.trajectory_execution_manager]: Starting trajectory execution ...
[move_group-6] [INFO] [1788939766.702807129] [move_group.moveit.moveit.plugins.simple_controller_manager]: Returned 1 controllers in list
[move_group-6] [INFO] [1788939766.702818697] [move_group.moveit.moveit.plugins.simple_controller_manager]: Returned 1 controllers in list
[move_group-6] [INFO] [1788939766.702989140] [moveit.simple_controller_manager.follow_joint_trajectory_controller_handle]: sending trajectory to aubo_passthrough_trajectory_controller
[ros2_control_node-2] [INFO] [1788939766.703161007] [aubo_passthrough_trajectory_controller]: Received new trajectory.
[ros2_control_node-2] [INFO] [1788939766.703221731] [aubo_passthrough_trajectory_controller]: Accepted new trajectory with 73 points.
[ros2_control_node-2] [INFO] [1788939766.703253475] [aubo_passthrough_trajectory_controller]: Effective goal time: 0 sec
[move_group-6] [INFO] [1788939766.703309088] [moveit.simple_controller_manager.follow_joint_trajectory_controller_handle]: aubo_passthrough_trajectory_controller started execution
[move_group-6] [INFO] [1788939766.703322821] [moveit.simple_controller_manager.follow_joint_trajectory_controller_handle]: Goal request accepted!
[component_container-8] [INFO] [1788939766.847161141] [percipio_device]: fps = 2.42945
[peach_target_reconstruction_node-11] [WARN] [1788939767.693352343] [peach_target_reconstruction_node]: 自动采帧跳过 [robot_not_static]：机器人未静止：最大关节速度 0.3878 rad/s > 0.03
[peach_target_reconstruction_node-11] [WARN] [1788939768.930298908] [peach_target_reconstruction_node]: 自动采帧跳过 [robot_not_static]：机器人未静止：最大关节速度 0.3971 rad/s > 0.03
[peach_target_reconstruction_node-11] [WARN] [1788939770.169750833] [peach_target_reconstruction_node]: 自动采帧跳过 [robot_not_static]：机器人未静止：最大关节速度 0.4272 rad/s > 0.03
[peach_target_reconstruction_node-11] [WARN] [1788939771.399941149] [peach_target_reconstruction_node]: 自动采帧跳过 [robot_not_static]：机器人未静止：最大关节速度 0.4976 rad/s > 0.03
[component_container-8] [INFO] [1788939772.613555449] [percipio_device]: fps = 2.429
[peach_target_reconstruction_node-11] [WARN] [1788939772.632910628] [peach_target_reconstruction_node]: 自动采帧跳过 [robot_not_static]：机器人未静止：最大关节速度 0.5773 rad/s > 0.03
[peach_target_reconstruction_node-11] [WARN] [1788939773.888862612] [peach_target_reconstruction_node]: 自动采帧跳过 [robot_not_static]：机器人未静止：最大关节速度 0.1281 rad/s > 0.03
[peach_target_reconstruction_node-11] [INFO] [1788939774.314935310] [peach_target_reconstruction_node]: 已采第 2/5 视角，本帧 2378 点，有效深度占比 0.88，位姿=fk
[peach_target_reconstruction_node-11] [INFO] [1788939774.327120415] [peach_target_reconstruction_node]: REFINING：几何二次拟合开始（kind=bag，1012 点）
[ros2_control_node-2] [INFO] [1788939774.372414740] [aubo_passthrough_trajectory_controller]: Trajectory executed successfully (goal-hold confirmed in 7.664997 s).
[move_group-6] [INFO] [1788939774.403780850] [moveit.simple_controller_manager.follow_joint_trajectory_controller_handle]: Controller 'aubo_passthrough_trajectory_controller' successfully finished
[move_group-6] [INFO] [1788939774.417834603] [move_group.moveit.moveit.ros.trajectory_execution_manager]: Completed trajectory execution with status SUCCEEDED ...
[move_group-6] [INFO] [1788939774.417903047] [move_group.moveit.moveit.ros.move_group.clear_octomap_service]: Execution completed: SUCCEEDED
[peach_manipulation_node-12] [INFO] [1788939774.421014587] [peach_manipulation_node.moveit.ros.move_group_interface]: Execute request success!
[peach_manipulation_node-12] [INFO] [1788939774.422183950] [peach_manipulation_node]: [WAIT_FRAME] 等待到位后新鲜目标观测与重建帧
[peach_target_reconstruction_node-11] [INFO] [1788939774.427226654] [peach_target_reconstruction_node]: REFINING 完成：cylinder status=ACCEPT final=True axis=[0.1469, -0.215, 0.9655] diameter=81.5mm
[peach_target_reconstruction_node-11] [INFO] [1788939774.429893596] [peach_target_reconstruction_node]: 局部重建完成：2 帧，5058 点（少于推荐 5 帧）���重叠 mean=4.0mm p95=9.2mm；TSDF 1012 点 / mesh 1845 顶点（累计积分 0.01s）；refit ACCEPT（袋模型 2 视）
[peach_manipulation_node-12] [INFO] [1788939774.808538370] [peach_manipulation_node]: [FINALIZE] 等待重建精化几何（BuildTargetModel）
[peach_manipulation_node-12] [INFO] [1788939774.808583125] [peach_manipulation_node]: [PLAN_READY] observe_only 周期完成：仅观察与精化验证，未执行靠近/抓取/工具动作
[peach_manipulation_node-12] [INFO] [1788939774.833595796] [peach_manipulation_node]: [PLAN_OBSERVATION] 生成目标导向主动视点
[peach_manipulation_node-12] [INFO] [1788939774.833708354] [peach_manipulation_node]: [FINALIZE] 等待重建精化几何（BuildTargetModel）
[peach_manipulation_node-12] [INFO] [1788939774.833722320] [peach_manipulation_node]: 接触几何（核对方向） target=target_2 entry=[0.515 -0.760 0.613] axis=[0.147 -0.215 0.966] travel=0.062m axis_angle_deg=12.58
[peach_manipulation_node-12] [INFO] [1788939774.833756999] [peach_manipulation_node]: [RECONFIRM] 抓取前再确认：等待新鲜观测复核身份/锚点漂移/摆动平息
[peach_manipulation_node-12] [INFO] [1788939775.202688383] [peach_manipulation_node]: [MTC_APPROACH_INSERT] 拍照位再最短路径到预抓取
[peach_manipulation_node-12] [INFO] [1788939775.202904446] [peach_manipulation_node.moveit.ros.move_group_interface]: MoveGroup action client/server ready
[move_group-6] [INFO] [1788939775.203094681] [move_group.moveit.moveit.ros.move_group.move_action]: MoveGroupMoveAction: Received request
[move_group-6] [INFO] [1788939775.203319787] [move_group.moveit.moveit.ros.move_group.move_action]: executing..
[peach_manipulation_node-12] [INFO] [1788939775.203803316] [peach_manipulation_node.moveit.ros.move_group_interface]: Planning request accepted
[move_group-6] [INFO] [1788939775.207810298] [move_group.moveit.moveit.ros.move_group.move_action]: Planning request received for MoveGroup action. Forwarding to planning pipeline.
[move_group-6] [INFO] [1788939775.207839310] [move_group.moveit.moveit.ros.move_group.capability]: Using planning pipeline 'pilz_industrial_motion_planner'
[move_group-6] [INFO] [1788939775.207894916] [move_group]: Calling PlanningRequestAdapter 'ResolveConstraintFrames'
[move_group-6] [INFO] [1788939775.207907834] [move_group]: Calling PlanningRequestAdapter 'ValidateWorkspaceBounds'
[move_group-6] [WARN] [1788939775.207911066] [move_group.moveit.moveit.ros.validate_workspace_bounds]: It looks like the planning volume was not specified. Using default values.
[move_group-6] [INFO] [1788939775.207917919] [move_group]: Calling PlanningRequestAdapter 'CheckStartStateBounds'
[move_group-6] [INFO] [1788939775.207926635] [move_group]: Calling PlanningRequestAdapter 'CheckStartStateCollision'
[move_group-6] [INFO] [1788939775.208012173] [move_group.moveit.moveit.planners.pilz.trajectory_generator.ptp]: Initialized Point-to-Point Trajectory Generator.
[move_group-6] [INFO] [1788939775.208027707] [move_group]: Calling Planner 'Pilz Industrial Motion Planner'
[move_group-6] [INFO] [1788939775.208034788] [move_group.moveit.moveit.planners.pilz.trajectory_generator]: Generating PTP trajectory...
[move_group-6] [INFO] [1788939775.208144115] [move_group]: Calling PlanningResponseAdapter 'ValidateSolution'
[move_group-6] [INFO] [1788939775.208911244] [move_group]: Calling PlanningResponseAdapter 'DisplayMotionPath'
[move_group-6] [INFO] [1788939775.208978294] [move_group.moveit.moveit.ros.move_group.move_action]: Motion plan was computed successfully.
[peach_manipulation_node-12] [INFO] [1788939775.209167986] [peach_manipulation_node.moveit.ros.move_group_interface]: Planning request complete!
[peach_manipulation_node-12] [INFO] [1788939775.209389254] [peach_manipulation_node.moveit.ros.move_group_interface]: time taken to generate plan: 8.0082e-05 seconds
[move_group-6] [INFO] [1788939775.209648428] [move_group.moveit.moveit.ros.move_group.clear_octomap_service]: Execution request received
[move_group-6] [INFO] [1788939775.209670793] [move_group.moveit.moveit.plugins.simple_controller_manager]: Returned 1 controllers in list
[move_group-6] [INFO] [1788939775.209679610] [move_group.moveit.moveit.plugins.simple_controller_manager]: Returned 1 controllers in list
[peach_manipulation_node-12] [INFO] [1788939775.209650696] [peach_manipulation_node.moveit.ros.move_group_interface]: Execute request accepted
[move_group-6] [INFO] [1788939775.209706272] [move_group.moveit.moveit.ros.trajectory_execution_manager]: Validating trajectory with allowed_start_tolerance 0.15
[move_group-6] [INFO] [1788939775.212687435] [move_group.moveit.moveit.ros.trajectory_execution_manager]: Starting trajectory execution ...
[move_group-6] [INFO] [1788939775.212726562] [move_group.moveit.moveit.plugins.simple_controller_manager]: Returned 1 controllers in list
[move_group-6] [INFO] [1788939775.212742104] [move_group.moveit.moveit.plugins.simple_controller_manager]: Returned 1 controllers in list
[move_group-6] [INFO] [1788939775.212951712] [moveit.simple_controller_manager.follow_joint_trajectory_controller_handle]: sending trajectory to aubo_passthrough_trajectory_controller
[ros2_control_node-2] [INFO] [1788939775.213103277] [aubo_passthrough_trajectory_controller]: Received new trajectory.
[ros2_control_node-2] [INFO] [1788939775.213162633] [aubo_passthrough_trajectory_controller]: Accepted new trajectory with 36 points.
[ros2_control_node-2] [INFO] [1788939775.213187864] [aubo_passthrough_trajectory_controller]: Effective goal time: 0 sec
[move_group-6] [INFO] [1788939775.213206994] [moveit.simple_controller_manager.follow_joint_trajectory_controller_handle]: aubo_passthrough_trajectory_controller started execution
[move_group-6] [INFO] [1788939775.213213925] [moveit.simple_controller_manager.follow_joint_trajectory_controller_handle]: Goal request accepted!
[peach_scene_perception_node-10] [INFO] [1788939775.611862964] [peach_scene_perception_node]: 目标注册表在册 3 个目标（累计注册 3、累计命中 1832）
[component_container-8] [INFO] [1788939778.383761275] [percipio_device]: fps = 2.42628
[ros2_control_node-2] [INFO] [1788939779.002419547] [aubo_passthrough_trajectory_controller]: Trajectory executed successfully (goal-hold confirmed in 3.785005 s).
[move_group-6] [INFO] [1788939779.013545312] [moveit.simple_controller_manager.follow_joint_trajectory_controller_handle]: Controller 'aubo_passthrough_trajectory_controller' successfully finished
[move_group-6] [INFO] [1788939779.027497075] [move_group.moveit.moveit.ros.trajectory_execution_manager]: Completed trajectory execution with status SUCCEEDED ...
[move_group-6] [INFO] [1788939779.027597021] [move_group.moveit.moveit.ros.move_group.clear_octomap_service]: Execution completed: SUCCEEDED
[peach_manipulation_node-12] [INFO] [1788939779.027914153] [peach_manipulation_node.moveit.ros.move_group_interface]: Execute request success!
[peach_manipulation_node-12] [INFO] [1788939779.032553782] [peach_manipulation_node]: 预抓取从拍照位出发: 已到达全局拍照位姿
[peach_manipulation_node-12] [INFO] [1788939779.032598160] [peach_manipulation_node]: 接近：距入口 0.578m 轴向 0.053m 侧向 0.575m 夹角 16.3° 扫角 84.8° 半径 0.578m 沿轴LIN 0.030m 原语 LIN
[peach_manipulation_node-12] [INFO] [1788939779.039173420] [peach_manipulation_node.moveit.ros.rdf_loader]: Loaded robot model in 0.00152282 seconds
[peach_manipulation_node-12] [INFO] [1788939779.039200220] [peach_manipulation_node.moveit.core.robot_model]: Loading robot model 'aubo_e5'...
[peach_manipulation_node-12] [INFO] [1788939779.039204884] [peach_manipulation_node.moveit.core.robot_model]: No root/virtual joint specified in SRDF. Assuming fixed joint
[peach_manipulation_node-12] [INFO] [1788939779.065642567] [peach_manipulation_node.moveit.kinematics.kdl_kinematics_plugin]: Joint weights for group 'manipulator_e5': 1 1 1 1 1 1
[peach_manipulation_node-12] [INFO] [1788939779.075337761] [peach_manipulation_node.moveit.planners.pilz.joint_limits_aggregator]: Reading limits from namespace robot_description_planning
[peach_manipulation_node-12] [INFO] [1788939779.075723257] [peach_manipulation_node.moveit.planners.pilz.command_planner]: Available plugins: pilz_industrial_motion_planner/PlanningContextLoaderCIRC pilz_industrial_motion_planner/PlanningContextLoaderLIN pilz_industrial_motion_planner/PlanningContextLoaderPTP pilz_industrial_motion_planner/PlanningContextLoaderPolyline 
[peach_manipulation_node-12] [INFO] [1788939779.075731709] [peach_manipulation_node.moveit.planners.pilz.command_planner]: About to load: pilz_industrial_motion_planner/PlanningContextLoaderCIRC
[peach_manipulation_node-12] [INFO] [1788939779.075826047] [peach_manipulation_node.moveit.planners.pilz.command_planner]: Registered Algorithm [CIRC]
[peach_manipulation_node-12] [INFO] [1788939779.075830475] [peach_manipulation_node.moveit.planners.pilz.command_planner]: About to load: pilz_industrial_motion_planner/PlanningContextLoaderLIN
[peach_manipulation_node-12] [INFO] [1788939779.075915501] [peach_manipulation_node.moveit.planners.pilz.command_planner]: Registered Algorithm [LIN]
[peach_manipulation_node-12] [INFO] [1788939779.075919225] [peach_manipulation_node.moveit.planners.pilz.command_planner]: About to load: pilz_industrial_motion_planner/PlanningContextLoaderPTP
[peach_manipulation_node-12] [INFO] [1788939779.076004052] [peach_manipulation_node.moveit.planners.pilz.command_planner]: Registered Algorithm [PTP]
[peach_manipulation_node-12] [INFO] [1788939779.076007815] [peach_manipulation_node.moveit.planners.pilz.command_planner]: About to load: pilz_industrial_motion_planner/PlanningContextLoaderPolyline
[peach_manipulation_node-12] [INFO] [1788939779.076109240] [peach_manipulation_node.moveit.planners.pilz.command_planner]: Registered Algorithm [POLYLINE]
[peach_manipulation_node-12] [INFO] [1788939779.076114379] [peach_manipulation_node.moveit.ros.planning_pipeline]: Successfully loaded planner 'Pilz Industrial Motion Planner'
[peach_manipulation_node-12] [INFO] [1788939779.077410352] [peach_manipulation_node]: Try loading adapter 'default_planning_request_adapters/ResolveConstraintFrames'
[peach_manipulation_node-12] [INFO] [1788939779.077536326] [peach_manipulation_node]: Loaded adapter 'default_planning_request_adapters/ResolveConstraintFrames'
[peach_manipulation_node-12] [INFO] [1788939779.077540350] [peach_manipulation_node]: Try loading adapter 'default_planning_request_adapters/ValidateWorkspaceBounds'
[peach_manipulation_node-12] [INFO] [1788939779.077551733] [peach_manipulation_node]: Loaded adapter 'default_planning_request_adapters/ValidateWorkspaceBounds'
[peach_manipulation_node-12] [INFO] [1788939779.077553662] [peach_manipulation_node]: Try loading adapter 'default_planning_request_adapters/CheckStartStateBounds'
[peach_manipulation_node-12] [INFO] [1788939779.077561111] [peach_manipulation_node]: Loaded adapter 'default_planning_request_adapters/CheckStartStateBounds'
[peach_manipulation_node-12] [INFO] [1788939779.077562939] [peach_manipulation_node]: Try loading adapter 'default_planning_request_adapters/CheckStartStateCollision'
[peach_manipulation_node-12] [INFO] [1788939779.077568091] [peach_manipulation_node]: Loaded adapter 'default_planning_request_adapters/CheckStartStateCollision'
[peach_manipulation_node-12] [INFO] [1788939779.078796481] [peach_manipulation_node]: Try loading adapter 'default_planning_response_adapters/ValidateSolution'
[peach_manipulation_node-12] [INFO] [1788939779.079162775] [peach_manipulation_node]: Loaded adapter 'default_planning_response_adapters/ValidateSolution'
[peach_manipulation_node-12] [INFO] [1788939779.079168886] [peach_manipulation_node]: Try loading adapter 'default_planning_response_adapters/DisplayMotionPath'
[peach_manipulation_node-12] [INFO] [1788939779.079414243] [peach_manipulation_node]: Loaded adapter 'default_planning_response_adapters/DisplayMotionPath'
[peach_manipulation_node-12] [WARN] [1788939779.171340329] [rcl.logging_rosout]: Publisher already registered for node name: 'peach_manipulation_node'. If this is due to multiple nodes with the same name then all logs for the logger named 'peach_manipulation_node' will go out over the existing publisher. As soon as any node with that name is destructed it will unregister the publisher, preventing any further logs for that name from being published on the rosout topic.
[peach_manipulation_node-12] [INFO] [1788939779.178199077] [peach_manipulation_node]: Calling PlanningRequestAdapter 'ResolveConstraintFrames'
[peach_manipulation_node-12] [INFO] [1788939779.178264630] [peach_manipulation_node]: Calling PlanningRequestAdapter 'ValidateWorkspaceBounds'
[peach_manipulation_node-12] [WARN] [1788939779.178267378] [peach_manipulation_node.moveit.ros.validate_workspace_bounds]: It looks like the planning volume was not specified. Using default values.
[peach_manipulation_node-12] [INFO] [1788939779.178277462] [peach_manipulation_node]: Calling PlanningRequestAdapter 'CheckStartStateBounds'
[peach_manipulation_node-12] [INFO] [1788939779.178290203] [peach_manipulation_node]: Calling PlanningRequestAdapter 'CheckStartStateCollision'
[peach_manipulation_node-12] [INFO] [1788939779.178390805] [peach_manipulation_node]: Calling Planner 'Pilz Industrial Motion Planner'
[peach_manipulation_node-12] [INFO] [1788939779.178395982] [peach_manipulation_node.moveit.planners.pilz.trajectory_generator]: Generating LIN trajectory...
[peach_manipulation_node-12] [INFO] [1788939779.178613724] [peach_manipulation_node.moveit.planners.pilz.trajectory_generator]: using default max_cartesian_speed: 0.250000
[peach_manipulation_node-12] [ERROR] [1788939779.184336631] [peach_manipulation_node.pilz_trajectory_functions]: Joint velocity limit of foreArm_joint violated. Set the velocity scaling factor lower! Actual joint velocity is 8.66364, while the limit is 2.5964. 
[peach_manipulation_node-12] [ERROR] [1788939779.184350064] [peach_manipulation_node.pilz_trajectory_functions]: Inverse kinematics solution at 8.1s violates the joint velocity/acceleration/deceleration limits.
[peach_manipulation_node-12] [ERROR] [1788939779.184376108] [peach_manipulation_node.moveit.planners.pilz.trajectory_generator]: Failed to generate valid joint trajectory from the Cartesian path
[peach_manipulation_node-12] [ERROR] [1788939779.184407214] [peach_manipulation_node]: Planner 'Pilz Industrial Motion Planner' failed with error code PLANNING_FAILED
[peach_manipulation_node-12] [INFO] [1788939779.187791794] [peach_manipulation_node]: 直线/短弧接近失败（MTC planning failed: Failing stage(s):
[peach_manipulation_node-12] lin to on-axis pregrasp (0/1): ），改走绕保持球笛卡尔走廊
[peach_manipulation_node-12] [INFO] [1788939779.194047329] [peach_manipulation_node.moveit.ros.rdf_loader]: Loaded robot model in 0.00126882 seconds
[peach_manipulation_node-12] [INFO] [1788939779.194070130] [peach_manipulation_node.moveit.core.robot_model]: Loading robot model 'aubo_e5'...
[peach_manipulation_node-12] [INFO] [1788939779.194075118] [peach_manipulation_node.moveit.core.robot_model]: No root/virtual joint specified in SRDF. Assuming fixed joint
[peach_manipulation_node-12] [INFO] [1788939779.221125466] [peach_manipulation_node.moveit.kinematics.kdl_kinematics_plugin]: Joint weights for group 'manipulator_e5': 1 1 1 1 1 1
[peach_manipulation_node-12] [INFO] [1788939779.221234228] [peach_manipulation_node]: 绕保持球笛卡尔走廊（相位分离 dir=0）: 转移 4 段, 后撤 0.130 m, 对轴翻转 16°
[peach_manipulation_node-12] [INFO] [1788939779.232174078] [peach_manipulation_node.moveit.planners.pilz.joint_limits_aggregator]: Reading limits from namespace robot_description_planning
[peach_manipulation_node-12] [INFO] [1788939779.232556610] [peach_manipulation_node.moveit.planners.pilz.command_planner]: Available plugins: pilz_industrial_motion_planner/PlanningContextLoaderCIRC pilz_industrial_motion_planner/PlanningContextLoaderLIN pilz_industrial_motion_planner/PlanningContextLoaderPTP pilz_industrial_motion_planner/PlanningContextLoaderPolyline 
[peach_manipulation_node-12] [INFO] [1788939779.232563524] [peach_manipulation_node.moveit.planners.pilz.command_planner]: About to load: pilz_industrial_motion_planner/PlanningContextLoaderCIRC
[peach_manipulation_node-12] [INFO] [1788939779.232657731] [peach_manipulation_node.moveit.planners.pilz.command_planner]: Registered Algorithm [CIRC]
[peach_manipulation_node-12] [INFO] [1788939779.232662351] [peach_manipulation_node.moveit.planners.pilz.command_planner]: About to load: pilz_industrial_motion_planner/PlanningContextLoaderLIN
[peach_manipulation_node-12] [INFO] [1788939779.232749552] [peach_manipulation_node.moveit.planners.pilz.command_planner]: Registered Algorithm [LIN]
[peach_manipulation_node-12] [INFO] [1788939779.232753706] [peach_manipulation_node.moveit.planners.pilz.command_planner]: About to load: pilz_industrial_motion_planner/PlanningContextLoaderPTP
[peach_manipulation_node-12] [INFO] [1788939779.232838020] [peach_manipulation_node.moveit.planners.pilz.command_planner]: Registered Algorithm [PTP]
[peach_manipulation_node-12] [INFO] [1788939779.232841698] [peach_manipulation_node.moveit.planners.pilz.command_planner]: About to load: pilz_industrial_motion_planner/PlanningContextLoaderPolyline
[peach_manipulation_node-12] [INFO] [1788939779.232925451] [peach_manipulation_node.moveit.planners.pilz.command_planner]: Registered Algorithm [POLYLINE]
[peach_manipulation_node-12] [INFO] [1788939779.232929766] [peach_manipulation_node.moveit.ros.planning_pipeline]: Successfully loaded planner 'Pilz Industrial Motion Planner'
[peach_manipulation_node-12] [INFO] [1788939779.234185301] [peach_manipulation_node]: Try loading adapter 'default_planning_request_adapters/ResolveConstraintFrames'
[peach_manipulation_node-12] [INFO] [1788939779.234307948] [peach_manipulation_node]: Loaded adapter 'default_planning_request_adapters/ResolveConstraintFrames'
[peach_manipulation_node-12] [INFO] [1788939779.234310355] [peach_manipulation_node]: Try loading adapter 'default_planning_request_adapters/ValidateWorkspaceBounds'
[peach_manipulation_node-12] [INFO] [1788939779.234321629] [peach_manipulation_node]: Loaded adapter 'default_planning_request_adapters/ValidateWorkspaceBounds'
[peach_manipulation_node-12] [INFO] [1788939779.234323385] [peach_manipulation_node]: Try loading adapter 'default_planning_request_adapters/CheckStartStateBounds'
[peach_manipulation_node-12] [INFO] [1788939779.234329955] [peach_manipulation_node]: Loaded adapter 'default_planning_request_adapters/CheckStartStateBounds'
[peach_manipulation_node-12] [INFO] [1788939779.234331660] [peach_manipulation_node]: Try loading adapter 'default_planning_request_adapters/CheckStartStateCollision'
[peach_manipulation_node-12] [INFO] [1788939779.234336641] [peach_manipulation_node]: Loaded adapter 'default_planning_request_adapters/CheckStartStateCollision'
[peach_manipulation_node-12] [INFO] [1788939779.235560669] [peach_manipulation_node]: Try loading adapter 'default_planning_response_adapters/ValidateSolution'
[peach_manipulation_node-12] [INFO] [1788939779.235971621] [peach_manipulation_node]: Loaded adapter 'default_planning_response_adapters/ValidateSolution'
[peach_manipulation_node-12] [INFO] [1788939779.235978193] [peach_manipulation_node]: Try loading adapter 'default_planning_response_adapters/DisplayMotionPath'
[peach_manipulation_node-12] [INFO] [1788939779.236207861] [peach_manipulation_node]: Loaded adapter 'default_planning_response_adapters/DisplayMotionPath'
[peach_manipulation_node-12] [INFO] [1788939779.237754053] [peach_manipulation_node.moveit.planners.pilz.joint_limits_aggregator]: Reading limits from namespace robot_description_planning
[peach_manipulation_node-12] [INFO] [1788939779.238087109] [peach_manipulation_node.moveit.planners.pilz.command_planner]: Available plugins: pilz_industrial_motion_planner/PlanningContextLoaderCIRC pilz_industrial_motion_planner/PlanningContextLoaderLIN pilz_industrial_motion_planner/PlanningContextLoaderPTP pilz_industrial_motion_planner/PlanningContextLoaderPolyline 
[peach_manipulation_node-12] [INFO] [1788939779.238093150] [peach_manipulation_node.moveit.planners.pilz.command_planner]: About to load: pilz_industrial_motion_planner/PlanningContextLoaderCIRC
[peach_manipulation_node-12] [INFO] [1788939779.238178662] [peach_manipulation_node.moveit.planners.pilz.command_planner]: Registered Algorithm [CIRC]
[peach_manipulation_node-12] [INFO] [1788939779.238182716] [peach_manipulation_node.moveit.planners.pilz.command_planner]: About to load: pilz_industrial_motion_planner/PlanningContextLoaderLIN
[peach_manipulation_node-12] [INFO] [1788939779.238261935] [peach_manipulation_node.moveit.planners.pilz.command_planner]: Registered Algorithm [LIN]
[peach_manipulation_node-12] [INFO] [1788939779.238265709] [peach_manipulation_node.moveit.planners.pilz.command_planner]: About to load: pilz_industrial_motion_planner/PlanningContextLoaderPTP
[peach_manipulation_node-12] [INFO] [1788939779.238344631] [peach_manipulation_node.moveit.planners.pilz.command_planner]: Registered Algorithm [PTP]
[peach_manipulation_node-12] [INFO] [1788939779.238348130] [peach_manipulation_node.moveit.planners.pilz.command_planner]: About to load: pilz_industrial_motion_planner/PlanningContextLoaderPolyline
[peach_manipulation_node-12] [INFO] [1788939779.238427359] [peach_manipulation_node.moveit.planners.pilz.command_planner]: Registered Algorithm [POLYLINE]
[peach_manipulation_node-12] [INFO] [1788939779.238431224] [peach_manipulation_node.moveit.ros.planning_pipeline]: Successfully loaded planner 'Pilz Industrial Motion Planner'
[peach_manipulation_node-12] [INFO] [1788939779.239668001] [peach_manipulation_node]: Try loading adapter 'default_planning_request_adapters/ResolveConstraintFrames'
[peach_manipulation_node-12] [INFO] [1788939779.239782205] [peach_manipulation_node]: Loaded adapter 'default_planning_request_adapters/ResolveConstraintFrames'
[peach_manipulation_node-12] [INFO] [1788939779.239784567] [peach_manipulation_node]: Try loading adapter 'default_planning_request_adapters/ValidateWorkspaceBounds'
[peach_manipulation_node-12] [INFO] [1788939779.239796013] [peach_manipulation_node]: Loaded adapter 'default_planning_request_adapters/ValidateWorkspaceBounds'
[peach_manipulation_node-12] [INFO] [1788939779.239798061] [peach_manipulation_node]: Try loading adapter 'default_planning_request_adapters/CheckStartStateBounds'
[peach_manipulation_node-12] [INFO] [1788939779.239805095] [peach_manipulation_node]: Loaded adapter 'default_planning_request_adapters/CheckStartStateBounds'
[peach_manipulation_node-12] [INFO] [1788939779.239806825] [peach_manipulation_node]: Try loading adapter 'default_planning_request_adapters/CheckStartStateCollision'
[peach_manipulation_node-12] [INFO] [1788939779.239811635] [peach_manipulation_node]: Loaded adapter 'default_planning_request_adapters/CheckStartStateCollision'
[peach_manipulation_node-12] [INFO] [1788939779.241046784] [peach_manipulation_node]: Try loading adapter 'default_planning_response_adapters/ValidateSolution'
[peach_manipulation_node-12] [INFO] [1788939779.241493407] [peach_manipulation_node]: Loaded adapter 'default_planning_response_adapters/ValidateSolution'
[peach_manipulation_node-12] [INFO] [1788939779.241499922] [peach_manipulation_node]: Try loading adapter 'default_planning_response_adapters/DisplayMotionPath'
[peach_manipulation_node-12] [INFO] [1788939779.241715427] [peach_manipulation_node]: Loaded adapter 'default_planning_response_adapters/DisplayMotionPath'
[peach_manipulation_node-12] [INFO] [1788939779.243235973] [peach_manipulation_node.moveit.planners.pilz.joint_limits_aggregator]: Reading limits from namespace robot_description_planning
[peach_manipulation_node-12] [INFO] [1788939779.243567711] [peach_manipulation_node.moveit.planners.pilz.command_planner]: Available plugins: pilz_industrial_motion_planner/PlanningContextLoaderCIRC pilz_industrial_motion_planner/PlanningContextLoaderLIN pilz_industrial_motion_planner/PlanningContextLoaderPTP pilz_industrial_motion_planner/PlanningContextLoaderPolyline 
[peach_manipulation_node-12] [INFO] [1788939779.243575536] [peach_manipulation_node.moveit.planners.pilz.command_planner]: About to load: pilz_industrial_motion_planner/PlanningContextLoaderCIRC
[peach_manipulation_node-12] [INFO] [1788939779.243669853] [peach_manipulation_node.moveit.planners.pilz.command_planner]: Registered Algorithm [CIRC]
[peach_manipulation_node-12] [INFO] [1788939779.243674160] [peach_manipulation_node.moveit.planners.pilz.command_planner]: About to load: pilz_industrial_motion_planner/PlanningContextLoaderLIN
[peach_manipulation_node-12] [INFO] [1788939779.243753058] [peach_manipulation_node.moveit.planners.pilz.command_planner]: Registered Algorithm [LIN]
[peach_manipulation_node-12] [INFO] [1788939779.243756327] [peach_manipulation_node.moveit.planners.pilz.command_planner]: About to load: pilz_industrial_motion_planner/PlanningContextLoaderPTP
[peach_manipulation_node-12] [INFO] [1788939779.243835143] [peach_manipulation_node.moveit.planners.pilz.command_planner]: Registered Algorithm [PTP]
[peach_manipulation_node-12] [INFO] [1788939779.243838859] [peach_manipulation_node.moveit.planners.pilz.command_planner]: About to load: pilz_industrial_motion_planner/PlanningContextLoaderPolyline
[peach_manipulation_node-12] [INFO] [1788939779.243919198] [peach_manipulation_node.moveit.planners.pilz.command_planner]: Registered Algorithm [POLYLINE]
[peach_manipulation_node-12] [INFO] [1788939779.243922938] [peach_manipulation_node.moveit.ros.planning_pipeline]: Successfully loaded planner 'Pilz Industrial Motion Planner'
[peach_manipulation_node-12] [INFO] [1788939779.245146975] [peach_manipulation_node]: Try loading adapter 'default_planning_request_adapters/ResolveConstraintFrames'
[peach_manipulation_node-12] [INFO] [1788939779.245252509] [peach_manipulation_node]: Loaded adapter 'default_planning_request_adapters/ResolveConstraintFrames'
[peach_manipulation_node-12] [INFO] [1788939779.245254650] [peach_manipulation_node]: Try loading adapter 'default_planning_request_adapters/ValidateWorkspaceBounds'
[peach_manipulation_node-12] [INFO] [1788939779.245264354] [peach_manipulation_node]: Loaded adapter 'default_planning_request_adapters/ValidateWorkspaceBounds'
[peach_manipulation_node-12] [INFO] [1788939779.245266112] [peach_manipulation_node]: Try loading adapter 'default_planning_request_adapters/CheckStartStateBounds'
[peach_manipulation_node-12] [INFO] [1788939779.245273040] [peach_manipulation_node]: Loaded adapter 'default_planning_request_adapters/CheckStartStateBounds'
[peach_manipulation_node-12] [INFO] [1788939779.245274673] [peach_manipulation_node]: Try loading adapter 'default_planning_request_adapters/CheckStartStateCollision'
[peach_manipulation_node-12] [INFO] [1788939779.245279607] [peach_manipulation_node]: Loaded adapter 'default_planning_request_adapters/CheckStartStateCollision'
[peach_manipulation_node-12] [INFO] [1788939779.246504862] [peach_manipulation_node]: Try loading adapter 'default_planning_response_adapters/ValidateSolution'
[peach_manipulation_node-12] [INFO] [1788939779.246813040] [peach_manipulation_node]: Loaded adapter 'default_planning_response_adapters/ValidateSolution'
[peach_manipulation_node-12] [INFO] [1788939779.246818725] [peach_manipulation_node]: Try loading adapter 'default_planning_response_adapters/DisplayMotionPath'
[peach_manipulation_node-12] [INFO] [1788939779.246982872] [peach_manipulation_node]: Loaded adapter 'default_planning_response_adapters/DisplayMotionPath'
[peach_manipulation_node-12] [INFO] [1788939779.248476114] [peach_manipulation_node.moveit.planners.pilz.joint_limits_aggregator]: Reading limits from namespace robot_description_planning
[peach_manipulation_node-12] [INFO] [1788939779.248801105] [peach_manipulation_node.moveit.planners.pilz.command_planner]: Available plugins: pilz_industrial_motion_planner/PlanningContextLoaderCIRC pilz_industrial_motion_planner/PlanningContextLoaderLIN pilz_industrial_motion_planner/PlanningContextLoaderPTP pilz_industrial_motion_planner/PlanningContextLoaderPolyline 
[peach_manipulation_node-12] [INFO] [1788939779.248808636] [peach_manipulation_node.moveit.planners.pilz.command_planner]: About to load: pilz_industrial_motion_planner/PlanningContextLoaderCIRC
[peach_manipulation_node-12] [INFO] [1788939779.248889990] [peach_manipulation_node.moveit.planners.pilz.command_planner]: Registered Algorithm [CIRC]
[peach_manipulation_node-12] [INFO] [1788939779.248893631] [peach_manipulation_node.moveit.planners.pilz.command_planner]: About to load: pilz_industrial_motion_planner/PlanningContextLoaderLIN
[peach_manipulation_node-12] [INFO] [1788939779.248972965] [peach_manipulation_node.moveit.planners.pilz.command_planner]: Registered Algorithm [LIN]
[peach_manipulation_node-12] [INFO] [1788939779.248976290] [peach_manipulation_node.moveit.planners.pilz.command_planner]: About to load: pilz_industrial_motion_planner/PlanningContextLoaderPTP
[peach_manipulation_node-12] [INFO] [1788939779.249064120] [peach_manipulation_node.moveit.planners.pilz.command_planner]: Registered Algorithm [PTP]
[peach_manipulation_node-12] [INFO] [1788939779.249068129] [peach_manipulation_node.moveit.planners.pilz.command_planner]: About to load: pilz_industrial_motion_planner/PlanningContextLoaderPolyline
[peach_manipulation_node-12] [INFO] [1788939779.249147263] [peach_manipulation_node.moveit.planners.pilz.command_planner]: Registered Algorithm [POLYLINE]
[peach_manipulation_node-12] [INFO] [1788939779.249151276] [peach_manipulation_node.moveit.ros.planning_pipeline]: Successfully loaded planner 'Pilz Industrial Motion Planner'
[peach_manipulation_node-12] [INFO] [1788939779.250379992] [peach_manipulation_node]: Try loading adapter 'default_planning_request_adapters/ResolveConstraintFrames'
[peach_manipulation_node-12] [INFO] [1788939779.250482460] [peach_manipulation_node]: Loaded adapter 'default_planning_request_adapters/ResolveConstraintFrames'
[peach_manipulation_node-12] [INFO] [1788939779.250485077] [peach_manipulation_node]: Try loading adapter 'default_planning_request_adapters/ValidateWorkspaceBounds'
[peach_manipulation_node-12] [INFO] [1788939779.250494706] [peach_manipulation_node]: Loaded adapter 'default_planning_request_adapters/ValidateWorkspaceBounds'
[peach_manipulation_node-12] [INFO] [1788939779.250496632] [peach_manipulation_node]: Try loading adapter 'default_planning_request_adapters/CheckStartStateBounds'
[peach_manipulation_node-12] [INFO] [1788939779.250503275] [peach_manipulation_node]: Loaded adapter 'default_planning_request_adapters/CheckStartStateBounds'
[peach_manipulation_node-12] [INFO] [1788939779.250505053] [peach_manipulation_node]: Try loading adapter 'default_planning_request_adapters/CheckStartStateCollision'
[peach_manipulation_node-12] [INFO] [1788939779.250509595] [peach_manipulation_node]: Loaded adapter 'default_planning_request_adapters/CheckStartStateCollision'
[peach_manipulation_node-12] [INFO] [1788939779.251728489] [peach_manipulation_node]: Try loading adapter 'default_planning_response_adapters/ValidateSolution'
[peach_manipulation_node-12] [INFO] [1788939779.252062737] [peach_manipulation_node]: Loaded adapter 'default_planning_response_adapters/ValidateSolution'
[peach_manipulation_node-12] [INFO] [1788939779.252068638] [peach_manipulation_node]: Try loading adapter 'default_planning_response_adapters/DisplayMotionPath'
[peach_manipulation_node-12] [INFO] [1788939779.252241701] [peach_manipulation_node]: Loaded adapter 'default_planning_response_adapters/DisplayMotionPath'
[peach_manipulation_node-12] [INFO] [1788939779.253734128] [peach_manipulation_node.moveit.planners.pilz.joint_limits_aggregator]: Reading limits from namespace robot_description_planning
[peach_manipulation_node-12] [INFO] [1788939779.254059499] [peach_manipulation_node.moveit.planners.pilz.command_planner]: Available plugins: pilz_industrial_motion_planner/PlanningContextLoaderCIRC pilz_industrial_motion_planner/PlanningContextLoaderLIN pilz_industrial_motion_planner/PlanningContextLoaderPTP pilz_industrial_motion_planner/PlanningContextLoaderPolyline 
[peach_manipulation_node-12] [INFO] [1788939779.254066892] [peach_manipulation_node.moveit.planners.pilz.command_planner]: About to load: pilz_industrial_motion_planner/PlanningContextLoaderCIRC
[peach_manipulation_node-12] [INFO] [1788939779.254148785] [peach_manipulation_node.moveit.planners.pilz.command_planner]: Registered Algorithm [CIRC]
[peach_manipulation_node-12] [INFO] [1788939779.254153434] [peach_manipulation_node.moveit.planners.pilz.command_planner]: About to load: pilz_industrial_motion_planner/PlanningContextLoaderLIN
[peach_manipulation_node-12] [INFO] [1788939779.254236118] [peach_manipulation_node.moveit.planners.pilz.command_planner]: Registered Algorithm [LIN]
[peach_manipulation_node-12] [INFO] [1788939779.254239738] [peach_manipulation_node.moveit.planners.pilz.command_planner]: About to load: pilz_industrial_motion_planner/PlanningContextLoaderPTP
[peach_manipulation_node-12] [INFO] [1788939779.254317832] [peach_manipulation_node.moveit.planners.pilz.command_planner]: Registered Algorithm [PTP]
[peach_manipulation_node-12] [INFO] [1788939779.254321530] [peach_manipulation_node.moveit.planners.pilz.command_planner]: About to load: pilz_industrial_motion_planner/PlanningContextLoaderPolyline
[peach_manipulation_node-12] [INFO] [1788939779.254400681] [peach_manipulation_node.moveit.planners.pilz.command_planner]: Registered Algorithm [POLYLINE]
[peach_manipulation_node-12] [INFO] [1788939779.254404187] [peach_manipulation_node.moveit.ros.planning_pipeline]: Successfully loaded planner 'Pilz Industrial Motion Planner'
[peach_manipulation_node-12] [INFO] [1788939779.255621833] [peach_manipulation_node]: Try loading adapter 'default_planning_request_adapters/ResolveConstraintFrames'
[peach_manipulation_node-12] [INFO] [1788939779.255734016] [peach_manipulation_node]: Loaded adapter 'default_planning_request_adapters/ResolveConstraintFrames'
[peach_manipulation_node-12] [INFO] [1788939779.255736444] [peach_manipulation_node]: Try loading adapter 'default_planning_request_adapters/ValidateWorkspaceBounds'
[peach_manipulation_node-12] [INFO] [1788939779.255745639] [peach_manipulation_node]: Loaded adapter 'default_planning_request_adapters/ValidateWorkspaceBounds'
[peach_manipulation_node-12] [INFO] [1788939779.255747444] [peach_manipulation_node]: Try loading adapter 'default_planning_request_adapters/CheckStartStateBounds'
[peach_manipulation_node-12] [INFO] [1788939779.255753920] [peach_manipulation_node]: Loaded adapter 'default_planning_request_adapters/CheckStartStateBounds'
[peach_manipulation_node-12] [INFO] [1788939779.255755602] [peach_manipulation_node]: Try loading adapter 'default_planning_request_adapters/CheckStartStateCollision'
[peach_manipulation_node-12] [INFO] [1788939779.255760095] [peach_manipulation_node]: Loaded adapter 'default_planning_request_adapters/CheckStartStateCollision'
[peach_manipulation_node-12] [INFO] [1788939779.256978733] [peach_manipulation_node]: Try loading adapter 'default_planning_response_adapters/ValidateSolution'
[peach_manipulation_node-12] [INFO] [1788939779.257291838] [peach_manipulation_node]: Loaded adapter 'default_planning_response_adapters/ValidateSolution'
[peach_manipulation_node-12] [INFO] [1788939779.257297822] [peach_manipulation_node]: Try loading adapter 'default_planning_response_adapters/DisplayMotionPath'
[peach_manipulation_node-12] [INFO] [1788939779.257461831] [peach_manipulation_node]: Loaded adapter 'default_planning_response_adapters/DisplayMotionPath'
[peach_manipulation_node-12] [INFO] [1788939779.259013654] [peach_manipulation_node.moveit.planners.pilz.joint_limits_aggregator]: Reading limits from namespace robot_description_planning
[peach_manipulation_node-12] [INFO] [1788939779.259357662] [peach_manipulation_node.moveit.planners.pilz.command_planner]: Available plugins: pilz_industrial_motion_planner/PlanningContextLoaderCIRC pilz_industrial_motion_planner/PlanningContextLoaderLIN pilz_industrial_motion_planner/PlanningContextLoaderPTP pilz_industrial_motion_planner/PlanningContextLoaderPolyline 
[peach_manipulation_node-12] [INFO] [1788939779.259365765] [peach_manipulation_node.moveit.planners.pilz.command_planner]: About to load: pilz_industrial_motion_planner/PlanningContextLoaderCIRC
[peach_manipulation_node-12] [INFO] [1788939779.259447208] [peach_manipulation_node.moveit.planners.pilz.command_planner]: Registered Algorithm [CIRC]
[peach_manipulation_node-12] [INFO] [1788939779.259451187] [peach_manipulation_node.moveit.planners.pilz.command_planner]: About to load: pilz_industrial_motion_planner/PlanningContextLoaderLIN
[peach_manipulation_node-12] [INFO] [1788939779.259529244] [peach_manipulation_node.moveit.planners.pilz.command_planner]: Registered Algorithm [LIN]
[peach_manipulation_node-12] [INFO] [1788939779.259533089] [peach_manipulation_node.moveit.planners.pilz.command_planner]: About to load: pilz_industrial_motion_planner/PlanningContextLoaderPTP
[peach_manipulation_node-12] [INFO] [1788939779.259611415] [peach_manipulation_node.moveit.planners.pilz.command_planner]: Registered Algorithm [PTP]
[peach_manipulation_node-12] [INFO] [1788939779.259614700] [peach_manipulation_node.moveit.planners.pilz.command_planner]: About to load: pilz_industrial_motion_planner/PlanningContextLoaderPolyline
[peach_manipulation_node-12] [INFO] [1788939779.259694260] [peach_manipulation_node.moveit.planners.pilz.command_planner]: Registered Algorithm [POLYLINE]
[peach_manipulation_node-12] [INFO] [1788939779.259697655] [peach_manipulation_node.moveit.ros.planning_pipeline]: Successfully loaded planner 'Pilz Industrial Motion Planner'
[peach_manipulation_node-12] [INFO] [1788939779.260927266] [peach_manipulation_node]: Try loading adapter 'default_planning_request_adapters/ResolveConstraintFrames'
[peach_manipulation_node-12] [INFO] [1788939779.261028153] [peach_manipulation_node]: Loaded adapter 'default_planning_request_adapters/ResolveConstraintFrames'
[peach_manipulation_node-12] [INFO] [1788939779.261030652] [peach_manipulation_node]: Try loading adapter 'default_planning_request_adapters/ValidateWorkspaceBounds'
[peach_manipulation_node-12] [INFO] [1788939779.261040557] [peach_manipulation_node]: Loaded adapter 'default_planning_request_adapters/ValidateWorkspaceBounds'
[peach_manipulation_node-12] [INFO] [1788939779.261042393] [peach_manipulation_node]: Try loading adapter 'default_planning_request_adapters/CheckStartStateBounds'
[peach_manipulation_node-12] [INFO] [1788939779.261048949] [peach_manipulation_node]: Loaded adapter 'default_planning_request_adapters/CheckStartStateBounds'
[peach_manipulation_node-12] [INFO] [1788939779.261050636] [peach_manipulation_node]: Try loading adapter 'default_planning_request_adapters/CheckStartStateCollision'
[peach_manipulation_node-12] [INFO] [1788939779.261062441] [peach_manipulation_node]: Loaded adapter 'default_planning_request_adapters/CheckStartStateCollision'
[peach_manipulation_node-12] [INFO] [1788939779.262282144] [peach_manipulation_node]: Try loading adapter 'default_planning_response_adapters/ValidateSolution'
[peach_manipulation_node-12] [INFO] [1788939779.262593494] [peach_manipulation_node]: Loaded adapter 'default_planning_response_adapters/ValidateSolution'
[peach_manipulation_node-12] [INFO] [1788939779.262599083] [peach_manipulation_node]: Try loading adapter 'default_planning_response_adapters/DisplayMotionPath'
[peach_manipulation_node-12] [INFO] [1788939779.262778920] [peach_manipulation_node]: Loaded adapter 'default_planning_response_adapters/DisplayMotionPath'
[peach_manipulation_node-12] [WARN] [1788939779.362067076] [rcl.logging_rosout]: Publisher already registered for node name: 'peach_manipulation_node'. If this is due to multiple nodes with the same name then all logs for the logger named 'peach_manipulation_node' will go out over the existing publisher. As soon as any node with that name is destructed it will unregister the publisher, preventing any further logs for that name from being published on the rosout topic.
[peach_manipulation_node-12] [INFO] [1788939779.368908852] [peach_manipulation_node]: Calling PlanningRequestAdapter 'ResolveConstraintFrames'
[peach_manipulation_node-12] [INFO] [1788939779.368964379] [peach_manipulation_node]: Calling PlanningRequestAdapter 'ValidateWorkspaceBounds'
[peach_manipulation_node-12] [WARN] [1788939779.368967153] [peach_manipulation_node.moveit.ros.validate_workspace_bounds]: It looks like the planning volume was not specified. Using default values.
[peach_manipulation_node-12] [INFO] [1788939779.368976483] [peach_manipulation_node]: Calling PlanningRequestAdapter 'CheckStartStateBounds'
[peach_manipulation_node-12] [INFO] [1788939779.368985324] [peach_manipulation_node]: Calling PlanningRequestAdapter 'CheckStartStateCollision'
[peach_manipulation_node-12] [INFO] [1788939779.369078143] [peach_manipulation_node]: Calling Planner 'Pilz Industrial Motion Planner'
[peach_manipulation_node-12] [INFO] [1788939779.369083615] [peach_manipulation_node.moveit.planners.pilz.trajectory_generator]: Generating LIN trajectory...
[peach_manipulation_node-12] [INFO] [1788939779.369259968] [peach_manipulation_node.moveit.planners.pilz.trajectory_generator]: using default max_cartesian_speed: 0.250000
[peach_manipulation_node-12] [INFO] [1788939779.370757214] [peach_manipulation_node]: Calling PlanningResponseAdapter 'ValidateSolution'
[peach_manipulation_node-12] [INFO] [1788939779.371733673] [peach_manipulation_node]: Calling PlanningResponseAdapter 'DisplayMotionPath'
[peach_manipulation_node-12] [INFO] [1788939779.371980899] [peach_manipulation_node]: Calling PlanningRequestAdapter 'ResolveConstraintFrames'
[peach_manipulation_node-12] [INFO] [1788939779.372018172] [peach_manipulation_node]: Calling PlanningRequestAdapter 'ValidateWorkspaceBounds'
[peach_manipulation_node-12] [WARN] [1788939779.372020230] [peach_manipulation_node.moveit.ros.validate_workspace_bounds]: It looks like the planning volume was not specified. Using default values.
[peach_manipulation_node-12] [INFO] [1788939779.372029128] [peach_manipulation_node]: Calling PlanningRequestAdapter 'CheckStartStateBounds'
[peach_manipulation_node-12] [INFO] [1788939779.372040541] [peach_manipulation_node]: Calling PlanningRequestAdapter 'CheckStartStateCollision'
[peach_manipulation_node-12] [INFO] [1788939779.372105568] [peach_manipulation_node]: Calling Planner 'Pilz Industrial Motion Planner'
[peach_manipulation_node-12] [INFO] [1788939779.372109279] [peach_manipulation_node.moveit.planners.pilz.trajectory_generator]: Generating LIN trajectory...
[peach_manipulation_node-12] [INFO] [1788939779.372249133] [peach_manipulation_node.moveit.planners.pilz.trajectory_generator]: using default max_cartesian_speed: 0.250000
[peach_manipulation_node-12] [ERROR] [1788939779.372756689] [peach_manipulation_node.pilz_trajectory_functions]: Joint acceleration limit of wrist1_joint violated. Set the acceleration scaling factor lower! Actual joint acceleration is -5.16648, while the limit is 3. 
[peach_manipulation_node-12] [ERROR] [1788939779.372771023] [peach_manipulation_node.pilz_trajectory_functions]: Inverse kinematics solution at 1.7s violates the joint velocity/acceleration/deceleration limits.
[peach_manipulation_node-12] [ERROR] [1788939779.372790189] [peach_manipulation_node.moveit.planners.pilz.trajectory_generator]: Failed to generate valid joint trajectory from the Cartesian path
[peach_manipulation_node-12] [ERROR] [1788939779.372811999] [peach_manipulation_node]: Planner 'Pilz Industrial Motion Planner' failed with error code PLANNING_FAILED
[peach_manipulation_node-12] [WARN] [1788939779.376228724] [peach_manipulation_node]: 对轴正向旋转失败（MTC planning failed: Failing stage(s):
[peach_manipulation_node-12] corridor transfer 2 (0/1): ），试反向长弧
[peach_manipulation_node-12] [INFO] [1788939779.381970560] [peach_manipulation_node.moveit.ros.rdf_loader]: Loaded robot model in 0.00130993 seconds
[peach_manipulation_node-12] [INFO] [1788939779.381994523] [peach_manipulation_node.moveit.core.robot_model]: Loading robot model 'aubo_e5'...
[peach_manipulation_node-12] [INFO] [1788939779.381999931] [peach_manipulation_node.moveit.core.robot_model]: No root/virtual joint specified in SRDF. Assuming fixed joint
[peach_manipulation_node-12] [INFO] [1788939779.408106462] [peach_manipulation_node.moveit.kinematics.kdl_kinematics_plugin]: Joint weights for group 'manipulator_e5': 1 1 1 1 1 1
[peach_manipulation_node-12] [INFO] [1788939779.408211861] [peach_manipulation_node]: 绕保持球笛卡尔走廊（相位分离 dir=1）: 转移 4 段, 后撤 0.130 m, 对轴翻转 16°（反向长弧）
[peach_manipulation_node-12] [INFO] [1788939779.417687367] [peach_manipulation_node.moveit.planners.pilz.joint_limits_aggregator]: Reading limits from namespace robot_description_planning
[peach_manipulation_node-12] [INFO] [1788939779.418073811] [peach_manipulation_node.moveit.planners.pilz.command_planner]: Available plugins: pilz_industrial_motion_planner/PlanningContextLoaderCIRC pilz_industrial_motion_planner/PlanningContextLoaderLIN pilz_industrial_motion_planner/PlanningContextLoaderPTP pilz_industrial_motion_planner/PlanningContextLoaderPolyline 
[peach_manipulation_node-12] [INFO] [1788939779.418080893] [peach_manipulation_node.moveit.planners.pilz.command_planner]: About to load: pilz_industrial_motion_planner/PlanningContextLoaderCIRC
[peach_manipulation_node-12] [INFO] [1788939779.418178093] [peach_manipulation_node.moveit.planners.pilz.command_planner]: Registered Algorithm [CIRC]
[peach_manipulation_node-12] [INFO] [1788939779.418182557] [peach_manipulation_node.moveit.planners.pilz.command_planner]: About to load: pilz_industrial_motion_planner/PlanningContextLoaderLIN
[peach_manipulation_node-12] [INFO] [1788939779.418269349] [peach_manipulation_node.moveit.planners.pilz.command_planner]: Registered Algorithm [LIN]
[peach_manipulation_node-12] [INFO] [1788939779.418273059] [peach_manipulation_node.moveit.planners.pilz.command_planner]: About to load: pilz_industrial_motion_planner/PlanningContextLoaderPTP
[peach_manipulation_node-12] [INFO] [1788939779.418357800] [peach_manipulation_node.moveit.planners.pilz.command_planner]: Registered Algorithm [PTP]
[peach_manipulation_node-12] [INFO] [1788939779.418361371] [peach_manipulation_node.moveit.planners.pilz.command_planner]: About to load: pilz_industrial_motion_planner/PlanningContextLoaderPolyline
[peach_manipulation_node-12] [INFO] [1788939779.418445032] [peach_manipulation_node.moveit.planners.pilz.command_planner]: Registered Algorithm [POLYLINE]
[peach_manipulation_node-12] [INFO] [1788939779.418449370] [peach_manipulation_node.moveit.ros.planning_pipeline]: Successfully loaded planner 'Pilz Industrial Motion Planner'
[peach_manipulation_node-12] [INFO] [1788939779.419696474] [peach_manipulation_node]: Try loading adapter 'default_planning_request_adapters/ResolveConstraintFrames'
[peach_manipulation_node-12] [INFO] [1788939779.419825771] [peach_manipulation_node]: Loaded adapter 'default_planning_request_adapters/ResolveConstraintFrames'
[peach_manipulation_node-12] [INFO] [1788939779.419828481] [peach_manipulation_node]: Try loading adapter 'default_planning_request_adapters/ValidateWorkspaceBounds'
[peach_manipulation_node-12] [INFO] [1788939779.419842724] [peach_manipulation_node]: Loaded adapter 'default_planning_request_adapters/ValidateWorkspaceBounds'
[peach_manipulation_node-12] [INFO] [1788939779.419844595] [peach_manipulation_node]: Try loading adapter 'default_planning_request_adapters/CheckStartStateBounds'
[peach_manipulation_node-12] [INFO] [1788939779.419852679] [peach_manipulation_node]: Loaded adapter 'default_planning_request_adapters/CheckStartStateBounds'
[peach_manipulation_node-12] [INFO] [1788939779.419854430] [peach_manipulation_node]: Try loading adapter 'default_planning_request_adapters/CheckStartStateCollision'
[peach_manipulation_node-12] [INFO] [1788939779.419860033] [peach_manipulation_node]: Loaded adapter 'default_planning_request_adapters/CheckStartStateCollision'
[peach_manipulation_node-12] [INFO] [1788939779.421084569] [peach_manipulation_node]: Try loading adapter 'default_planning_response_adapters/ValidateSolution'
[peach_manipulation_node-12] [INFO] [1788939779.421514327] [peach_manipulation_node]: Loaded adapter 'default_planning_response_adapters/ValidateSolution'
[peach_manipulation_node-12] [INFO] [1788939779.421520609] [peach_manipulation_node]: Try loading adapter 'default_planning_response_adapters/DisplayMotionPath'
[peach_manipulation_node-12] [INFO] [1788939779.421743476] [peach_manipulation_node]: Loaded adapter 'default_planning_response_adapters/DisplayMotionPath'
[peach_manipulation_node-12] [INFO] [1788939779.423318348] [peach_manipulation_node.moveit.planners.pilz.joint_limits_aggregator]: Reading limits from namespace robot_description_planning
[peach_manipulation_node-12] [INFO] [1788939779.423655465] [peach_manipulation_node.moveit.planners.pilz.command_planner]: Available plugins: pilz_industrial_motion_planner/PlanningContextLoaderCIRC pilz_industrial_motion_planner/PlanningContextLoaderLIN pilz_industrial_motion_planner/PlanningContextLoaderPTP pilz_industrial_motion_planner/PlanningContextLoaderPolyline 
[peach_manipulation_node-12] [INFO] [1788939779.423662850] [peach_manipulation_node.moveit.planners.pilz.command_planner]: About to load: pilz_industrial_motion_planner/PlanningContextLoaderCIRC
[peach_manipulation_node-12] [INFO] [1788939779.423744185] [peach_manipulation_node.moveit.planners.pilz.command_planner]: Registered Algorithm [CIRC]
[peach_manipulation_node-12] [INFO] [1788939779.423748094] [peach_manipulation_node.moveit.planners.pilz.command_planner]: About to load: pilz_industrial_motion_planner/PlanningContextLoaderLIN
[peach_manipulation_node-12] [INFO] [1788939779.423827596] [peach_manipulation_node.moveit.planners.pilz.command_planner]: Registered Algorithm [LIN]
[peach_manipulation_node-12] [INFO] [1788939779.423831104] [peach_manipulation_node.moveit.planners.pilz.command_planner]: About to load: pilz_industrial_motion_planner/PlanningContextLoaderPTP
[peach_manipulation_node-12] [INFO] [1788939779.423909999] [peach_manipulation_node.moveit.planners.pilz.command_planner]: Registered Algorithm [PTP]
[peach_manipulation_node-12] [INFO] [1788939779.423913392] [peach_manipulation_node.moveit.planners.pilz.command_planner]: About to load: pilz_industrial_motion_planner/PlanningContextLoaderPolyline
[peach_manipulation_node-12] [INFO] [1788939779.423992465] [peach_manipulation_node.moveit.planners.pilz.command_planner]: Registered Algorithm [POLYLINE]
[peach_manipulation_node-12] [INFO] [1788939779.423996162] [peach_manipulation_node.moveit.ros.planning_pipeline]: Successfully loaded planner 'Pilz Industrial Motion Planner'
[peach_manipulation_node-12] [INFO] [1788939779.425218386] [peach_manipulation_node]: Try loading adapter 'default_planning_request_adapters/ResolveConstraintFrames'
[peach_manipulation_node-12] [INFO] [1788939779.425326666] [peach_manipulation_node]: Loaded adapter 'default_planning_request_adapters/ResolveConstraintFrames'
[peach_manipulation_node-12] [INFO] [1788939779.425329362] [peach_manipulation_node]: Try loading adapter 'default_planning_request_adapters/ValidateWorkspaceBounds'
[peach_manipulation_node-12] [INFO] [1788939779.425338719] [peach_manipulation_node]: Loaded adapter 'default_planning_request_adapters/ValidateWorkspaceBounds'
[peach_manipulation_node-12] [INFO] [1788939779.425340498] [peach_manipulation_node]: Try loading adapter 'default_planning_request_adapters/CheckStartStateBounds'
[peach_manipulation_node-12] [INFO] [1788939779.425346871] [peach_manipulation_node]: Loaded adapter 'default_planning_request_adapters/CheckStartStateBounds'
[peach_manipulation_node-12] [INFO] [1788939779.425348366] [peach_manipulation_node]: Try loading adapter 'default_planning_request_adapters/CheckStartStateCollision'
[peach_manipulation_node-12] [INFO] [1788939779.425353277] [peach_manipulation_node]: Loaded adapter 'default_planning_request_adapters/CheckStartStateCollision'
[peach_manipulation_node-12] [INFO] [1788939779.426574809] [peach_manipulation_node]: Try loading adapter 'default_planning_response_adapters/ValidateSolution'
[peach_manipulation_node-12] [INFO] [1788939779.426867628] [peach_manipulation_node]: Loaded adapter 'default_planning_response_adapters/ValidateSolution'
[peach_manipulation_node-12] [INFO] [1788939779.426872631] [peach_manipulation_node]: Try loading adapter 'default_planning_response_adapters/DisplayMotionPath'
[peach_manipulation_node-12] [INFO] [1788939779.427033739] [peach_manipulation_node]: Loaded adapter 'default_planning_response_adapters/DisplayMotionPath'
[peach_manipulation_node-12] [INFO] [1788939779.428529433] [peach_manipulation_node.moveit.planners.pilz.joint_limits_aggregator]: Reading limits from namespace robot_description_planning
[peach_manipulation_node-12] [INFO] [1788939779.428865616] [peach_manipulation_node.moveit.planners.pilz.command_planner]: Available plugins: pilz_industrial_motion_planner/PlanningContextLoaderCIRC pilz_industrial_motion_planner/PlanningContextLoaderLIN pilz_industrial_motion_planner/PlanningContextLoaderPTP pilz_industrial_motion_planner/PlanningContextLoaderPolyline 
[peach_manipulation_node-12] [INFO] [1788939779.428871476] [peach_manipulation_node.moveit.planners.pilz.command_planner]: About to load: pilz_industrial_motion_planner/PlanningContextLoaderCIRC
[peach_manipulation_node-12] [INFO] [1788939779.428964856] [peach_manipulation_node.moveit.planners.pilz.command_planner]: Registered Algorithm [CIRC]
[peach_manipulation_node-12] [INFO] [1788939779.428969035] [peach_manipulation_node.moveit.planners.pilz.command_planner]: About to load: pilz_industrial_motion_planner/PlanningContextLoaderLIN
[peach_manipulation_node-12] [INFO] [1788939779.429048694] [peach_manipulation_node.moveit.planners.pilz.command_planner]: Registered Algorithm [LIN]
[peach_manipulation_node-12] [INFO] [1788939779.429052335] [peach_manipulation_node.moveit.planners.pilz.command_planner]: About to load: pilz_industrial_motion_planner/PlanningContextLoaderPTP
[peach_manipulation_node-12] [INFO] [1788939779.429131819] [peach_manipulation_node.moveit.planners.pilz.command_planner]: Registered Algorithm [PTP]
[peach_manipulation_node-12] [INFO] [1788939779.429135062] [peach_manipulation_node.moveit.planners.pilz.command_planner]: About to load: pilz_industrial_motion_planner/PlanningContextLoaderPolyline
[peach_manipulation_node-12] [INFO] [1788939779.429218532] [peach_manipulation_node.moveit.planners.pilz.command_planner]: Registered Algorithm [POLYLINE]
[peach_manipulation_node-12] [INFO] [1788939779.429222606] [peach_manipulation_node.moveit.ros.planning_pipeline]: Successfully loaded planner 'Pilz Industrial Motion Planner'
[peach_manipulation_node-12] [INFO] [1788939779.430456245] [peach_manipulation_node]: Try loading adapter 'default_planning_request_adapters/ResolveConstraintFrames'
[peach_manipulation_node-12] [INFO] [1788939779.430564878] [peach_manipulation_node]: Loaded adapter 'default_planning_request_adapters/ResolveConstraintFrames'
[peach_manipulation_node-12] [INFO] [1788939779.430567290] [peach_manipulation_node]: Try loading adapter 'default_planning_request_adapters/ValidateWorkspaceBounds'
[peach_manipulation_node-12] [INFO] [1788939779.430577487] [peach_manipulation_node]: Loaded adapter 'default_planning_request_adapters/ValidateWorkspaceBounds'
[peach_manipulation_node-12] [INFO] [1788939779.430579319] [peach_manipulation_node]: Try loading adapter 'default_planning_request_adapters/CheckStartStateBounds'
[peach_manipulation_node-12] [INFO] [1788939779.430586201] [peach_manipulation_node]: Loaded adapter 'default_planning_request_adapters/CheckStartStateBounds'
[peach_manipulation_node-12] [INFO] [1788939779.430587949] [peach_manipulation_node]: Try loading adapter 'default_planning_request_adapters/CheckStartStateCollision'
[peach_manipulation_node-12] [INFO] [1788939779.430593434] [peach_manipulation_node]: Loaded adapter 'default_planning_request_adapters/CheckStartStateCollision'
[peach_manipulation_node-12] [INFO] [1788939779.431814680] [peach_manipulation_node]: Try loading adapter 'default_planning_response_adapters/ValidateSolution'
[peach_manipulation_node-12] [INFO] [1788939779.432176853] [peach_manipulation_node]: Loaded adapter 'default_planning_response_adapters/ValidateSolution'
[peach_manipulation_node-12] [INFO] [1788939779.432183831] [peach_manipulation_node]: Try loading adapter 'default_planning_response_adapters/DisplayMotionPath'
[peach_manipulation_node-12] [INFO] [1788939779.432356574] [peach_manipulation_node]: Loaded adapter 'default_planning_response_adapters/DisplayMotionPath'
[peach_manipulation_node-12] [INFO] [1788939779.433857056] [peach_manipulation_node.moveit.planners.pilz.joint_limits_aggregator]: Reading limits from namespace robot_description_planning
[peach_manipulation_node-12] [INFO] [1788939779.434189544] [peach_manipulation_node.moveit.planners.pilz.command_planner]: Available plugins: pilz_industrial_motion_planner/PlanningContextLoaderCIRC pilz_industrial_motion_planner/PlanningContextLoaderLIN pilz_industrial_motion_planner/PlanningContextLoaderPTP pilz_industrial_motion_planner/PlanningContextLoaderPolyline 
[peach_manipulation_node-12] [INFO] [1788939779.434196696] [peach_manipulation_node.moveit.planners.pilz.command_planner]: About to load: pilz_industrial_motion_planner/PlanningContextLoaderCIRC
[peach_manipulation_node-12] [INFO] [1788939779.434278050] [peach_manipulation_node.moveit.planners.pilz.command_planner]: Registered Algorithm [CIRC]
[peach_manipulation_node-12] [INFO] [1788939779.434282068] [peach_manipulation_node.moveit.planners.pilz.command_planner]: About to load: pilz_industrial_motion_planner/PlanningContextLoaderLIN
[peach_manipulation_node-12] [INFO] [1788939779.434360685] [peach_manipulation_node.moveit.planners.pilz.command_planner]: Registered Algorithm [LIN]
[peach_manipulation_node-12] [INFO] [1788939779.434364486] [peach_manipulation_node.moveit.planners.pilz.command_planner]: About to load: pilz_industrial_motion_planner/PlanningContextLoaderPTP
[peach_manipulation_node-12] [INFO] [1788939779.434451468] [peach_manipulation_node.moveit.planners.pilz.command_planner]: Registered Algorithm [PTP]
[peach_manipulation_node-12] [INFO] [1788939779.434455012] [peach_manipulation_node.moveit.planners.pilz.command_planner]: About to load: pilz_industrial_motion_planner/PlanningContextLoaderPolyline
[peach_manipulation_node-12] [INFO] [1788939779.434534661] [peach_manipulation_node.moveit.planners.pilz.command_planner]: Registered Algorithm [POLYLINE]
[peach_manipulation_node-12] [INFO] [1788939779.434538364] [peach_manipulation_node.moveit.ros.planning_pipeline]: Successfully loaded planner 'Pilz Industrial Motion Planner'
[peach_manipulation_node-12] [INFO] [1788939779.435763538] [peach_manipulation_node]: Try loading adapter 'default_planning_request_adapters/ResolveConstraintFrames'
[peach_manipulation_node-12] [INFO] [1788939779.435870187] [peach_manipulation_node]: Loaded adapter 'default_planning_request_adapters/ResolveConstraintFrames'
[peach_manipulation_node-12] [INFO] [1788939779.435874272] [peach_manipulation_node]: Try loading adapter 'default_planning_request_adapters/ValidateWorkspaceBounds'
[peach_manipulation_node-12] [INFO] [1788939779.435883618] [peach_manipulation_node]: Loaded adapter 'default_planning_request_adapters/ValidateWorkspaceBounds'
[peach_manipulation_node-12] [INFO] [1788939779.435885407] [peach_manipulation_node]: Try loading adapter 'default_planning_request_adapters/CheckStartStateBounds'
[peach_manipulation_node-12] [INFO] [1788939779.435891957] [peach_manipulation_node]: Loaded adapter 'default_planning_request_adapters/CheckStartStateBounds'
[peach_manipulation_node-12] [INFO] [1788939779.435893740] [peach_manipulation_node]: Try loading adapter 'default_planning_request_adapters/CheckStartStateCollision'
[peach_manipulation_node-12] [INFO] [1788939779.435899050] [peach_manipulation_node]: Loaded adapter 'default_planning_request_adapters/CheckStartStateCollision'
[peach_manipulation_node-12] [INFO] [1788939779.437123202] [peach_manipulation_node]: Try loading adapter 'default_planning_response_adapters/ValidateSolution'
[peach_manipulation_node-12] [INFO] [1788939779.437419506] [peach_manipulation_node]: Loaded adapter 'default_planning_response_adapters/ValidateSolution'
[peach_manipulation_node-12] [INFO] [1788939779.437424688] [peach_manipulation_node]: Try loading adapter 'default_planning_response_adapters/DisplayMotionPath'
[peach_manipulation_node-12] [INFO] [1788939779.437611724] [peach_manipulation_node]: Loaded adapter 'default_planning_response_adapters/DisplayMotionPath'
[peach_manipulation_node-12] [INFO] [1788939779.439101273] [peach_manipulation_node.moveit.planners.pilz.joint_limits_aggregator]: Reading limits from namespace robot_description_planning
[peach_manipulation_node-12] [INFO] [1788939779.439431350] [peach_manipulation_node.moveit.planners.pilz.command_planner]: Available plugins: pilz_industrial_motion_planner/PlanningContextLoaderCIRC pilz_industrial_motion_planner/PlanningContextLoaderLIN pilz_industrial_motion_planner/PlanningContextLoaderPTP pilz_industrial_motion_planner/PlanningContextLoaderPolyline 
[peach_manipulation_node-12] [INFO] [1788939779.439438374] [peach_manipulation_node.moveit.planners.pilz.command_planner]: About to load: pilz_industrial_motion_planner/PlanningContextLoaderCIRC
[peach_manipulation_node-12] [INFO] [1788939779.439520291] [peach_manipulation_node.moveit.planners.pilz.command_planner]: Registered Algorithm [CIRC]
[peach_manipulation_node-12] [INFO] [1788939779.439524465] [peach_manipulation_node.moveit.planners.pilz.command_planner]: About to load: pilz_industrial_motion_planner/PlanningContextLoaderLIN
[peach_manipulation_node-12] [INFO] [1788939779.439605027] [peach_manipulation_node.moveit.planners.pilz.command_planner]: Registered Algorithm [LIN]
[peach_manipulation_node-12] [INFO] [1788939779.439609152] [peach_manipulation_node.moveit.planners.pilz.command_planner]: About to load: pilz_industrial_motion_planner/PlanningContextLoaderPTP
[peach_manipulation_node-12] [INFO] [1788939779.439688875] [peach_manipulation_node.moveit.planners.pilz.command_planner]: Registered Algorithm [PTP]
[peach_manipulation_node-12] [INFO] [1788939779.439692129] [peach_manipulation_node.moveit.planners.pilz.command_planner]: About to load: pilz_industrial_motion_planner/PlanningContextLoaderPolyline
[peach_manipulation_node-12] [INFO] [1788939779.439771584] [peach_manipulation_node.moveit.planners.pilz.command_planner]: Registered Algorithm [POLYLINE]
[peach_manipulation_node-12] [INFO] [1788939779.439775708] [peach_manipulation_node.moveit.ros.planning_pipeline]: Successfully loaded planner 'Pilz Industrial Motion Planner'
[peach_manipulation_node-12] [INFO] [1788939779.441001947] [peach_manipulation_node]: Try loading adapter 'default_planning_request_adapters/ResolveConstraintFrames'
[peach_manipulation_node-12] [INFO] [1788939779.441113654] [peach_manipulation_node]: Loaded adapter 'default_planning_request_adapters/ResolveConstraintFrames'
[peach_manipulation_node-12] [INFO] [1788939779.441117873] [peach_manipulation_node]: Try loading adapter 'default_planning_request_adapters/ValidateWorkspaceBounds'
[peach_manipulation_node-12] [INFO] [1788939779.441127413] [peach_manipulation_node]: Loaded adapter 'default_planning_request_adapters/ValidateWorkspaceBounds'
[peach_manipulation_node-12] [INFO] [1788939779.441129210] [peach_manipulation_node]: Try loading adapter 'default_planning_request_adapters/CheckStartStateBounds'
[peach_manipulation_node-12] [INFO] [1788939779.441135276] [peach_manipulation_node]: Loaded adapter 'default_planning_request_adapters/CheckStartStateBounds'
[peach_manipulation_node-12] [INFO] [1788939779.441137046] [peach_manipulation_node]: Try loading adapter 'default_planning_request_adapters/CheckStartStateCollision'
[peach_manipulation_node-12] [INFO] [1788939779.441141758] [peach_manipulation_node]: Loaded adapter 'default_planning_request_adapters/CheckStartStateCollision'
[peach_manipulation_node-12] [INFO] [1788939779.442371351] [peach_manipulation_node]: Try loading adapter 'default_planning_response_adapters/ValidateSolution'
[peach_manipulation_node-12] [INFO] [1788939779.442676546] [peach_manipulation_node]: Loaded adapter 'default_planning_response_adapters/ValidateSolution'
[peach_manipulation_node-12] [INFO] [1788939779.442681772] [peach_manipulation_node]: Try loading adapter 'default_planning_response_adapters/DisplayMotionPath'
[peach_manipulation_node-12] [INFO] [1788939779.442846791] [peach_manipulation_node]: Loaded adapter 'default_planning_response_adapters/DisplayMotionPath'
[peach_manipulation_node-12] [INFO] [1788939779.444348005] [peach_manipulation_node.moveit.planners.pilz.joint_limits_aggregator]: Reading limits from namespace robot_description_planning
[peach_manipulation_node-12] [INFO] [1788939779.444678102] [peach_manipulation_node.moveit.planners.pilz.command_planner]: Available plugins: pilz_industrial_motion_planner/PlanningContextLoaderCIRC pilz_industrial_motion_planner/PlanningContextLoaderLIN pilz_industrial_motion_planner/PlanningContextLoaderPTP pilz_industrial_motion_planner/PlanningContextLoaderPolyline 
[peach_manipulation_node-12] [INFO] [1788939779.444684108] [peach_manipulation_node.moveit.planners.pilz.command_planner]: About to load: pilz_industrial_motion_planner/PlanningContextLoaderCIRC
[peach_manipulation_node-12] [INFO] [1788939779.444767661] [peach_manipulation_node.moveit.planners.pilz.command_planner]: Registered Algorithm [CIRC]
[peach_manipulation_node-12] [INFO] [1788939779.444771511] [peach_manipulation_node.moveit.planners.pilz.command_planner]: About to load: pilz_industrial_motion_planner/PlanningContextLoaderLIN
[peach_manipulation_node-12] [INFO] [1788939779.444852269] [peach_manipulation_node.moveit.planners.pilz.command_planner]: Registered Algorithm [LIN]
[peach_manipulation_node-12] [INFO] [1788939779.444856008] [peach_manipulation_node.moveit.planners.pilz.command_planner]: About to load: pilz_industrial_motion_planner/PlanningContextLoaderPTP
[peach_manipulation_node-12] [INFO] [1788939779.444935560] [peach_manipulation_node.moveit.planners.pilz.command_planner]: Registered Algorithm [PTP]
[peach_manipulation_node-12] [INFO] [1788939779.444939310] [peach_manipulation_node.moveit.planners.pilz.command_planner]: About to load: pilz_industrial_motion_planner/PlanningContextLoaderPolyline
[peach_manipulation_node-12] [INFO] [1788939779.445018817] [peach_manipulation_node.moveit.planners.pilz.command_planner]: Registered Algorithm [POLYLINE]
[peach_manipulation_node-12] [INFO] [1788939779.445023047] [peach_manipulation_node.moveit.ros.planning_pipeline]: Successfully loaded planner 'Pilz Industrial Motion Planner'
[peach_manipulation_node-12] [INFO] [1788939779.447381202] [peach_manipulation_node]: Try loading adapter 'default_planning_request_adapters/ResolveConstraintFrames'
[peach_manipulation_node-12] [INFO] [1788939779.447506463] [peach_manipulation_node]: Loaded adapter 'default_planning_request_adapters/ResolveConstraintFrames'
[peach_manipulation_node-12] [INFO] [1788939779.447509250] [peach_manipulation_node]: Try loading adapter 'default_planning_request_adapters/ValidateWorkspaceBounds'
[peach_manipulation_node-12] [INFO] [1788939779.447521365] [peach_manipulation_node]: Loaded adapter 'default_planning_request_adapters/ValidateWorkspaceBounds'
[peach_manipulation_node-12] [INFO] [1788939779.447523309] [peach_manipulation_node]: Try loading adapter 'default_planning_request_adapters/CheckStartStateBounds'
[peach_manipulation_node-12] [INFO] [1788939779.447530282] [peach_manipulation_node]: Loaded adapter 'default_planning_request_adapters/CheckStartStateBounds'
[peach_manipulation_node-12] [INFO] [1788939779.447531950] [peach_manipulation_node]: Try loading adapter 'default_planning_request_adapters/CheckStartStateCollision'
[peach_manipulation_node-12] [INFO] [1788939779.447548375] [peach_manipulation_node]: Loaded adapter 'default_planning_request_adapters/CheckStartStateCollision'
[peach_manipulation_node-12] [INFO] [1788939779.448787446] [peach_manipulation_node]: Try loading adapter 'default_planning_response_adapters/ValidateSolution'
[peach_manipulation_node-12] [INFO] [1788939779.449185389] [peach_manipulation_node]: Loaded adapter 'default_planning_response_adapters/ValidateSolution'
[peach_manipulation_node-12] [INFO] [1788939779.449191165] [peach_manipulation_node]: Try loading adapter 'default_planning_response_adapters/DisplayMotionPath'
[peach_manipulation_node-12] [INFO] [1788939779.449550487] [peach_manipulation_node]: Loaded adapter 'default_planning_response_adapters/DisplayMotionPath'
[peach_manipulation_node-12] [WARN] [1788939779.547408245] [rcl.logging_rosout]: Publisher already registered for node name: 'peach_manipulation_node'. If this is due to multiple nodes with the same name then all logs for the logger named 'peach_manipulation_node' will go out over the existing publisher. As soon as any node with that name is destructed it will unregister the publisher, preventing any further logs for that name from being published on the rosout topic.
[peach_manipulation_node-12] [INFO] [1788939779.636868013] [peach_manipulation_node]: Calling PlanningRequestAdapter 'ResolveConstraintFrames'
[peach_manipulation_node-12] [INFO] [1788939779.636987666] [peach_manipulation_node]: Calling PlanningRequestAdapter 'ValidateWorkspaceBounds'
[peach_manipulation_node-12] [WARN] [1788939779.636990481] [peach_manipulation_node.moveit.ros.validate_workspace_bounds]: It looks like the planning volume was not specified. Using default values.
[peach_manipulation_node-12] [INFO] [1788939779.636999423] [peach_manipulation_node]: Calling PlanningRequestAdapter 'CheckStartStateBounds'
[peach_manipulation_node-12] [INFO] [1788939779.637018688] [peach_manipulation_node]: Calling PlanningRequestAdapter 'CheckStartStateCollision'
[peach_manipulation_node-12] [INFO] [1788939779.637113982] [peach_manipulation_node]: Calling Planner 'Pilz Industrial Motion Planner'
[peach_manipulation_node-12] [INFO] [1788939779.637130679] [peach_manipulation_node.moveit.planners.pilz.trajectory_generator]: Generating LIN trajectory...
[peach_manipulation_node-12] [INFO] [1788939779.637290216] [peach_manipulation_node.moveit.planners.pilz.trajectory_generator]: using default max_cartesian_speed: 0.250000
[peach_manipulation_node-12] [INFO] [1788939779.638812845] [peach_manipulation_node]: Calling PlanningResponseAdapter 'ValidateSolution'
[peach_manipulation_node-12] [INFO] [1788939779.639808767] [peach_manipulation_node]: Calling PlanningResponseAdapter 'DisplayMotionPath'
[peach_manipulation_node-12] [INFO] [1788939779.640056593] [peach_manipulation_node]: Calling PlanningRequestAdapter 'ResolveConstraintFrames'
[peach_manipulation_node-12] [INFO] [1788939779.640088468] [peach_manipulation_node]: Calling PlanningRequestAdapter 'ValidateWorkspaceBounds'
[peach_manipulation_node-12] [WARN] [1788939779.640090617] [peach_manipulation_node.moveit.ros.validate_workspace_bounds]: It looks like the planning volume was not specified. Using default values.
[peach_manipulation_node-12] [INFO] [1788939779.640098850] [peach_manipulation_node]: Calling PlanningRequestAdapter 'CheckStartStateBounds'
[peach_manipulation_node-12] [INFO] [1788939779.640110694] [peach_manipulation_node]: Calling PlanningRequestAdapter 'CheckStartStateCollision'
[peach_manipulation_node-12] [INFO] [1788939779.640179539] [peach_manipulation_node]: Calling Planner 'Pilz Industrial Motion Planner'
[peach_manipulation_node-12] [INFO] [1788939779.640183213] [peach_manipulation_node.moveit.planners.pilz.trajectory_generator]: Generating LIN trajectory...
[peach_manipulation_node-12] [INFO] [1788939779.640283820] [peach_manipulation_node.moveit.planners.pilz.trajectory_generator]: using default max_cartesian_speed: 0.250000
[peach_manipulation_node-12] [ERROR] [1788939779.640686129] [peach_manipulation_node.pilz_trajectory_functions]: Joint acceleration limit of wrist1_joint violated. Set the acceleration scaling factor lower! Actual joint acceleration is -5.16649, while the limit is 3. 
[peach_manipulation_node-12] [ERROR] [1788939779.640702957] [peach_manipulation_node.pilz_trajectory_functions]: Inverse kinematics solution at 1.7s violates the joint velocity/acceleration/deceleration limits.
[peach_manipulation_node-12] [ERROR] [1788939779.640717597] [peach_manipulation_node.moveit.planners.pilz.trajectory_generator]: Failed to generate valid joint trajectory from the Cartesian path
[peach_manipulation_node-12] [ERROR] [1788939779.640729262] [peach_manipulation_node]: Planner 'Pilz Industrial Motion Planner' failed with error code PLANNING_FAILED
[peach_manipulation_node-12] [INFO] [1788939779.645658018] [peach_manipulation_node]: [FAILED] 到预抓取失败: MTC planning failed: Failing stage(s):
[peach_manipulation_node-12] corridor transfer 2 (0/1): 
[peach_manipulation_node-12] [INFO] [1788939779.645689723] [peach_manipulation_node]: [FAILED] 到预抓取失败: MTC planning failed: Failing stage(s):
[peach_manipulation_node-12] corridor transfer 2 (0/1): 
[peach_manipulation_node-12] [INFO] [1788939779.841518702] [peach_manipulation_node.moveit.ros.move_group_interface]: MoveGroup action client/server ready
[move_group-6] [INFO] [1788939779.841746005] [move_group.moveit.moveit.ros.move_group.move_action]: MoveGroupMoveAction: Received request
[move_group-6] [INFO] [1788939779.841842643] [move_group.moveit.moveit.ros.move_group.move_action]: executing..
[peach_manipulation_node-12] [INFO] [1788939779.842046573] [peach_manipulation_node.moveit.ros.move_group_interface]: Planning request accepted
[move_group-6] [INFO] [1788939779.842595796] [move_group.moveit.moveit.ros.move_group.move_action]: Planning request received for MoveGroup action. Forwarding to planning pipeline.
[move_group-6] [INFO] [1788939779.842609979] [move_group.moveit.moveit.ros.move_group.capability]: Using planning pipeline 'pilz_industrial_motion_planner'
[move_group-6] [INFO] [1788939779.842671732] [move_group]: Calling PlanningRequestAdapter 'ResolveConstraintFrames'
[move_group-6] [INFO] [1788939779.842684628] [move_group]: Calling PlanningRequestAdapter 'ValidateWorkspaceBounds'
[move_group-6] [WARN] [1788939779.842687750] [move_group.moveit.moveit.ros.validate_workspace_bounds]: It looks like the planning volume was not specified. Using default values.
[move_group-6] [INFO] [1788939779.842694265] [move_group]: Calling PlanningRequestAdapter 'CheckStartStateBounds'
[move_group-6] [INFO] [1788939779.842703768] [move_group]: Calling PlanningRequestAdapter 'CheckStartStateCollision'
[move_group-6] [INFO] [1788939779.842789359] [move_group.moveit.moveit.planners.pilz.trajectory_generator.ptp]: Initialized Point-to-Point Trajectory Generator.
[move_group-6] [INFO] [1788939779.842803617] [move_group]: Calling Planner 'Pilz Industrial Motion Planner'
[move_group-6] [INFO] [1788939779.842810610] [move_group.moveit.moveit.planners.pilz.trajectory_generator]: Generating PTP trajectory...
[move_group-6] [INFO] [1788939779.842832835] [move_group.moveit.moveit.planners.pilz.trajectory_generator.ptp]: Goal already reached, set one goal point explicitly.
[move_group-6] [INFO] [1788939779.842861970] [move_group]: Calling PlanningResponseAdapter 'ValidateSolution'
[move_group-6] [INFO] [1788939779.842933729] [move_group]: Calling PlanningResponseAdapter 'DisplayMotionPath'
[move_group-6] [INFO] [1788939779.842982689] [move_group.moveit.moveit.ros.move_group.move_action]: Motion plan was computed successfully.
[peach_manipulation_node-12] [INFO] [1788939779.843125609] [peach_manipulation_node.moveit.ros.move_group_interface]: Planning request complete!
[peach_manipulation_node-12] [INFO] [1788939779.843710849] [peach_manipulation_node.moveit.ros.move_group_interface]: time taken to generate plan: 3.0614e-05 seconds
[peach_manipulation_node-12] [INFO] [1788939779.843904237] [peach_manipulation_node.moveit.ros.move_group_interface]: Execute request accepted
[move_group-6] [INFO] [1788939779.844013785] [move_group.moveit.moveit.ros.move_group.clear_octomap_service]: Execution request received
[move_group-6] [INFO] [1788939779.844033757] [move_group.moveit.moveit.plugins.simple_controller_manager]: Returned 1 controllers in list
[move_group-6] [INFO] [1788939779.844043109] [move_group.moveit.moveit.plugins.simple_controller_manager]: Returned 1 controllers in list
[move_group-6] [INFO] [1788939779.844070045] [move_group.moveit.moveit.ros.trajectory_execution_manager]: Validating trajectory with allowed_start_tolerance 0.15
[move_group-6] [INFO] [1788939779.847785595] [move_group.moveit.moveit.ros.trajectory_execution_manager]: Starting trajectory execution ...
[move_group-6] [INFO] [1788939779.847821873] [move_group.moveit.moveit.plugins.simple_controller_manager]: Returned 1 controllers in list
[move_group-6] [INFO] [1788939779.847834125] [move_group.moveit.moveit.plugins.simple_controller_manager]: Returned 1 controllers in list
[move_group-6] [INFO] [1788939779.848028408] [moveit.simple_controller_manager.follow_joint_trajectory_controller_handle]: sending trajectory to aubo_passthrough_trajectory_controller
[ros2_control_node-2] [INFO] [1788939779.848255367] [aubo_passthrough_trajectory_controller]: Received new trajectory.
[ros2_control_node-2] [INFO] [1788939779.848308241] [aubo_passthrough_trajectory_controller]: Accepted new trajectory with 1 points.
[ros2_control_node-2] [INFO] [1788939779.848324971] [aubo_passthrough_trajectory_controller]: Effective goal time: 0 sec
[move_group-6] [INFO] [1788939779.848562553] [moveit.simple_controller_manager.follow_joint_trajectory_controller_handle]: aubo_passthrough_trajectory_controller started execution
[move_group-6] [INFO] [1788939779.848573054] [moveit.simple_controller_manager.follow_joint_trajectory_controller_handle]: Goal request accepted!
[ros2_control_node-2] [INFO] [1788939780.122418900] [aubo_passthrough_trajectory_controller]: Trajectory executed successfully (goal-hold confirmed in 0.270003 s).
[move_group-6] [INFO] [1788939780.148572848] [moveit.simple_controller_manager.follow_joint_trajectory_controller_handle]: Controller 'aubo_passthrough_trajectory_controller' successfully finished
[move_group-6] [INFO] [1788939780.163178861] [move_group.moveit.moveit.ros.trajectory_execution_manager]: Completed trajectory execution with status SUCCEEDED ...
[move_group-6] [INFO] [1788939780.163260993] [move_group.moveit.moveit.ros.move_group.clear_octomap_service]: Execution completed: SUCCEEDED
[peach_manipulation_node-12] [INFO] [1788939780.163898741] [peach_manipulation_node.moveit.ros.move_group_interface]: Execute request success!
[peach_manipulation_node-12]   0  - ←   0 →   -  0 / task pipeline
[peach_manipulation_node-12]     1  - ←   1 →   -  1 / current robot state
[peach_manipulation_node-12]     -  1 →   0 →   -  0 / approach to pregrasp
[peach_manipulation_node-12]       -  0 →   0 →   -  0 / lin to on-axis pregrasp
[peach_manipulation_node-12] Failing stage(s):
[peach_manipulation_node-12] lin to on-axis pregrasp (0/1): 
[peach_manipulation_node-12]   0  - ←   0 →   -  0 / task pipeline
[peach_manipulation_node-12]     1  - ←   1 →   -  1 / current robot state
[peach_manipulation_node-12]     -  1 →   0 →   -  0 / cartesian corridor
[peach_manipulation_node-12]       -  0 →   1 →   -  0 / corridor transfer 1
[peach_manipulation_node-12]       -  0 →   0 →   -  0 / corridor transfer 2
[peach_manipulation_node-12]       -  0 →   0 →   -  0 / corridor transfer 3
[peach_manipulation_node-12]       -  0 →   0 →   -  0 / corridor transfer 4
[peach_manipulation_node-12]       -  0 →   0 →   -  0 / corridor align in place
[peach_manipulation_node-12]       -  0 →   0 →   -  0 / lin to on-axis pregrasp
[peach_manipulation_node-12] Failing stage(s):
[peach_manipulation_node-12] corridor transfer 2 (0/1): 
[peach_manipulation_node-12]   0  - ←   0 →   -  0 / task pipeline
[peach_manipulation_node-12]     1  - ←   1 →   -  1 / current robot state
[peach_manipulation_node-12]     -  1 →   0 →   -  0 / cartesian corridor
[peach_manipulation_node-12]       -  0 →   1 →   -  0 / corridor transfer 1
[peach_manipulation_node-12]       -  0 →   0 →   -  0 / corridor transfer 2
[peach_manipulation_node-12]       -  0 →   0 →   -  0 / corridor transfer 3
[peach_manipulation_node-12]       -  0 →   0 →   -  0 / corridor transfer 4
[peach_manipulation_node-12]       -  0 →   0 →   -  0 / corridor align in place
[peach_manipulation_node-12]       -  0 →   0 →   -  0 / lin to on-axis pregrasp
[peach_manipulation_node-12] Failing stage(s):
[peach_manipulation_node-12] corridor transfer 2 (0/1): 
[peach_target_reconstruction_node-11] [INFO] [1788939782.201269619] [peach_target_reconstruction_node]: 跟随计划切换重建目标: target_2 -> （空）（放弃 READY 会话）
[component_container-8] [INFO] [1788939784.152256690] [percipio_device]: fps = 2.42764
[peach_scene_perception_node-10] [INFO] [1788939785.906803202] [peach_scene_perception_node]: 目标注册表在册 3 个目标（累计注册 3、累计命中 1857）
[peach_manipulation_node-12] [INFO] [1788939787.645124602] [peach_manipulation_node.moveit.ros.move_group_interface]: MoveGroup action client/server ready
[move_group-6] [INFO] [1788939787.645317644] [move_group.moveit.moveit.ros.move_group.move_action]: MoveGroupMoveAction: Received request
[move_group-6] [INFO] [1788939787.645595823] [move_group.moveit.moveit.ros.move_group.move_action]: executing..
[peach_manipulation_node-12] [INFO] [1788939787.645648658] [peach_manipulation_node.moveit.ros.move_group_interface]: Planning request accepted
[move_group-6] [INFO] [1788939787.647652344] [move_group.moveit.moveit.ros.move_group.move_action]: Planning request received for MoveGroup action. Forwarding to planning pipeline.
[move_group-6] [INFO] [1788939787.647675151] [move_group.moveit.moveit.ros.move_group.capability]: Using planning pipeline 'pilz_industrial_motion_planner'
[move_group-6] [INFO] [1788939787.647737238] [move_group]: Calling PlanningRequestAdapter 'ResolveConstraintFrames'
[move_group-6] [INFO] [1788939787.647749350] [move_group]: Calling PlanningRequestAdapter 'ValidateWorkspaceBounds'
[move_group-6] [WARN] [1788939787.647751371] [move_group.moveit.moveit.ros.validate_workspace_bounds]: It looks like the planning volume was not specified. Using default values.
[move_group-6] [INFO] [1788939787.647756621] [move_group]: Calling PlanningRequestAdapter 'CheckStartStateBounds'
[move_group-6] [INFO] [1788939787.647764268] [move_group]: Calling PlanningRequestAdapter 'CheckStartStateCollision'
[move_group-6] [INFO] [1788939787.647919783] [move_group.moveit.moveit.planners.pilz.trajectory_generator.ptp]: Initialized Point-to-Point Trajectory Generator.
[move_group-6] [INFO] [1788939787.647933612] [move_group]: Calling Planner 'Pilz Industrial Motion Planner'
[move_group-6] [INFO] [1788939787.647939539] [move_group.moveit.moveit.planners.pilz.trajectory_generator]: Generating PTP trajectory...
[move_group-6] [INFO] [1788939787.647959765] [move_group.moveit.moveit.planners.pilz.trajectory_generator.ptp]: Goal already reached, set one goal point explicitly.
[move_group-6] [INFO] [1788939787.647985065] [move_group]: Calling PlanningResponseAdapter 'ValidateSolution'
[move_group-6] [INFO] [1788939787.648025004] [move_group]: Calling PlanningResponseAdapter 'DisplayMotionPath'
[move_group-6] [INFO] [1788939787.648052333] [move_group.moveit.moveit.ros.move_group.move_action]: Motion plan was computed successfully.
[peach_manipulation_node-12] [INFO] [1788939787.648311861] [peach_manipulation_node.moveit.ros.move_group_interface]: Planning request complete!
[peach_manipulation_node-12] [INFO] [1788939787.648391858] [peach_manipulation_node.moveit.ros.move_group_interface]: time taken to generate plan: 2.9371e-05 seconds
[move_group-6] [INFO] [1788939787.648779853] [move_group.moveit.moveit.ros.move_group.clear_octomap_service]: Execution request received
[move_group-6] [INFO] [1788939787.648805427] [move_group.moveit.moveit.plugins.simple_controller_manager]: Returned 1 controllers in list
[move_group-6] [INFO] [1788939787.648817256] [move_group.moveit.moveit.plugins.simple_controller_manager]: Returned 1 controllers in list
[move_group-6] [INFO] [1788939787.648852449] [move_group.moveit.moveit.ros.trajectory_execution_manager]: Validating trajectory with allowed_start_tolerance 0.15
[peach_manipulation_node-12] [INFO] [1788939787.648963179] [peach_manipulation_node.moveit.ros.move_group_interface]: Execute request accepted
[move_group-6] [INFO] [1788939787.652645715] [move_group.moveit.moveit.ros.trajectory_execution_manager]: Starting trajectory execution ...
[move_group-6] [INFO] [1788939787.652676936] [move_group.moveit.moveit.plugins.simple_controller_manager]: Returned 1 controllers in list
[move_group-6] [INFO] [1788939787.652690780] [move_group.moveit.moveit.plugins.simple_controller_manager]: Returned 1 controllers in list
[move_group-6] [INFO] [1788939787.652857463] [moveit.simple_controller_manager.follow_joint_trajectory_controller_handle]: sending trajectory to aubo_passthrough_trajectory_controller
[ros2_control_node-2] [INFO] [1788939787.653025799] [aubo_passthrough_trajectory_controller]: Received new trajectory.
[ros2_control_node-2] [INFO] [1788939787.653073991] [aubo_passthrough_trajectory_controller]: Accepted new trajectory with 1 points.
[ros2_control_node-2] [INFO] [1788939787.653091635] [aubo_passthrough_trajectory_controller]: Effective goal time: 0 sec
[move_group-6] [INFO] [1788939787.653120145] [moveit.simple_controller_manager.follow_joint_trajectory_controller_handle]: aubo_passthrough_trajectory_controller started execution
[move_group-6] [INFO] [1788939787.653125876] [moveit.simple_controller_manager.follow_joint_trajectory_controller_handle]: Goal request accepted!
[ros2_control_node-2] [INFO] [1788939787.917430977] [aubo_passthrough_trajectory_controller]: Trajectory executed successfully (goal-hold confirmed in 0.259996 s).
[move_group-6] [INFO] [1788939787.953349743] [moveit.simple_controller_manager.follow_joint_trajectory_controller_handle]: Controller 'aubo_passthrough_trajectory_controller' successfully finished
[move_group-6] [INFO] [1788939787.967658891] [move_group.moveit.moveit.ros.trajectory_execution_manager]: Completed trajectory execution with status SUCCEEDED ...
[move_group-6] [INFO] [1788939787.967805801] [move_group.moveit.moveit.ros.move_group.clear_octomap_service]: Execution completed: SUCCEEDED
[peach_manipulation_node-12] [INFO] [1788939787.968080079] [peach_manipulation_node.moveit.ros.move_group_interface]: Execute request success!
[component_container-8] [INFO] [1788939789.920090731] [percipio_device]: fps = 2.42718
[component_container-8] [INFO] [1788939795.693346115] [percipio_device]: fps = 2.42537
[peach_scene_perception_node-10] [INFO] [1788939795.908946363] [peach_scene_perception_node]: 目标注册表在册 3 个目标（累计注册 3、累计命中 1878）
[component_container-8] [INFO] [1788939801.456395712] [percipio_device]: fps = 2.429
[peach_scene_perception_node-10] [INFO] [1788939806.091379215] [peach_scene_perception_node]: 目标注册表在册 3 个目标（累计注册 3、累计命中 1898）
[component_container-8] [INFO] [1788939807.224999539] [percipio_device]: fps = 2.42628
[component_container-8] [INFO] [1788939812.992761899] [percipio_device]: fps = 2.42583
[peach_scene_perception_node-10] [INFO] [1788939816.400627119] [peach_scene_perception_node]: 目标注册表在册 3 个目标（累计注册 3、累计命中 1923）
[component_container-8] [INFO] [1788939818.760235950] [percipio_device]: fps = 2.42673
