{
  "header": {
    "stamp": {
      "sec": 1763297347,
      "nanosec": 87791448
    },
    "frame_id": "robot_base"
  },
  "is_online": true,
  "enable": true,
  "in_motion": false,
  "joint_position_deg": [95.256, 50.009, 31.112, 0.015, 8.883, -13.332],
  "joint_position_rad": [1.66253, 0.872822, 0.543007, 0.000261799, 0.155038, -0.232687],
  "cartesian_position": {
    "position": {
      "x": -44.098,
      "y": 483.548,
      "z": -39.327
    },
    "orientation": {
      "x": -0.583733,
      "y": -0.811946,
      "z": 4.16328e-05,
      "w": -1.30602e-05
    },
    "euler_orientation_rpy_deg": [-179.997, 0.004, 108.573],
    "euler_orientation_rpy_rad": [-3.14154, 6.98132e-05, 1.89496]
  }
}
