{
  "header": {
    "stamp": {
      "sec": 1763297518,
      "nanosec": 676439550
    },
    "frame_id": "robot_base"
  },
  "is_online": true,
  "enable": true,
  "in_motion": false,
  "joint_position_deg": [77.074, 52.566, 29.014, 0.005, 8.426, -31.505],
  "joint_position_rad": [1.3452, 0.91745, 0.50639, 8.72665e-05, 0.147061, -0.549866],
  "cartesian_position": {
    "position": {
      "x": 110.85,
      "y": 481.249,
      "z": -54.855
    },
    "orientation": {
      "x": -0.583725,
      "y": -0.811951,
      "z": 4.16327e-05,
      "w": -1.30605e-05
    },
    "euler_orientation_rpy_deg": [-179.997, 0.004, 108.574],
    "euler_orientation_rpy_rad": [-3.14154, 6.98132e-05, 1.89497]
  }
}
