{
  "header": {
    "stamp": {
      "sec": 1763297470,
      "nanosec": 79494547
    },
    "frame_id": "robot_base"
  },
  "is_online": true,
  "enable": true,
  "in_motion": false,
  "joint_position_deg": [77.074, 49.898, 30.039, 0.004, 10.069, -31.504],
  "joint_position_rad": [1.3452, 0.870884, 0.524279, 6.98132e-05, 0.175737, -0.549849],
  "cartesian_position": {
    "position": {
      "x": 110.851,
      "y": 481.249,
      "z": -36.27
    },
    "orientation": {
      "x": -0.583725,
      "y": -0.811951,
      "z": 4.16327e-05,
      "w": -1.30605e-05
    },
    "euler_orientation_rpy_deg": [-179.997, 0.004, 108.574],
    "euler_orientation_rpy_rad": [-3.14154, 6.98132e-05, 1.89497]
  }
}
