{
  "header": {
    "stamp": {
      "sec": 1763297389,
      "nanosec": 15680510
    },
    "frame_id": "robot_base"
  },
  "is_online": true,
  "enable": true,
  "in_motion": false,
  "joint_position_deg": [95.256, 48.04, 31.81, 0.013, 10.155, -13.33],
  "joint_position_rad": [1.66253, 0.838456, 0.555189, 0.000226893, 0.177238, -0.232652],
  "cartesian_position": {
    "position": {
      "x": -44.098,
      "y": 483.548,
      "z": -25.801
    },
    "orientation": {
      "x": -0.583733,
      "y": -0.811946,
      "z": 4.16328e-05,
      "w": -1.30602e-05
    },
    "euler_orientation_rpy_deg": [-179.997, 0.004, 108.573],
    "euler_orientation_rpy_rad": [-3.14154, 6.98132e-05, 1.89496]
  }
}
