{
  "feature_parameters" : 
  {
    "crop_height" : 620,
    "crop_width" : 620,
    "crop_x" : 1139,
    "crop_y" : 965,
    "final_valve_center_x" : 420.5,
    "final_valve_center_y" : 463.5,
    "final_workpiece_radius" : 309.5343017578125,
    "rotation_angle_deg" : 0,
    "rotation_angle_rad" : 0,
    "standardized_angle_deg" : 54.236683738716877,
    "standardized_angle_rad" : 0.9466087066034774,
    "valve_area" : 14926,
    "valve_center_x" : 1559.5,
    "valve_center_y" : 1428.5,
    "valve_radius" : 107.9005126953125,
    "workpiece_area" : 57533,
    "workpiece_center_x_original" : 1448.7913818359375,
    "workpiece_center_y_original" : 1274.7913818359375,
    "workpiece_radius_original" : 309.5343017578125
  },
  "original_grasp_pose" : 
  {
    "cartesian_position" : 
    {
      "orientation" : 
      {
        "w" : 1.3060201297857801e-05,
        "x" : 0.58373305800848585,
        "y" : 0.81194591931284765,
        "z" : -4.1632804137260859e-05
      },
      "position" : 
      {
        "x" : -44.097999999999999,
        "y" : 483.548,
        "z" : -39.326999999999998
      }
    }
  },
  "original_preparation_pose" : 
  {
    "cartesian_position" : 
    {
      "orientation" : 
      {
        "w" : 1.3060201297857801e-05,
        "x" : 0.58373305800848585,
        "y" : 0.81194591931284765,
        "z" : -4.1632804137260859e-05
      },
      "position" : 
      {
        "x" : -44.097999999999999,
        "y" : 483.548,
        "z" : -25.800999999999998
      }
    }
  },
  "rotation_angle_deg" : 0,
  "rotation_angle_rad" : 0,
  "standardized_grasp_pose" : 
  {
    "cartesian_position" : 
    {
      "orientation" : 
      {
        "w" : 1.3060201297857842e-05,
        "x" : 0.58373305800848585,
        "y" : 0.81194591931284765,
        "z" : -4.1632804137260608e-05
      },
      "position" : 
      {
        "x" : -44.097999999999992,
        "y" : 483.548,
        "z" : -39.327000000000112
      }
    }
  },
  "standardized_preparation_pose" : 
  {
    "cartesian_position" : 
    {
      "orientation" : 
      {
        "w" : 1.3060201297857842e-05,
        "x" : 0.58373305800848585,
        "y" : 0.81194591931284765,
        "z" : -4.1632804137260608e-05
      },
      "position" : 
      {
        "x" : -44.097999999999992,
        "y" : 483.548,
        "z" : -25.801000000000045
      }
    }
  }
}