{
  "header": {
    "stamp": {
      "sec": 1763260133,
      "nanosec": 525568521
    },
    "frame_id": "robot_base"
  },
  "is_online": true,
  "enable": true,
  "in_motion": false,
  "joint_position_deg": [
    96.54,
    50.194,
    30.547,
    0.028,
    9.256,
    105.952
  ],
  "joint_position_rad": [
    1.6849408598753257,
    0.8760505647460337,
    0.5331457266067079,
    0.0004886921905584122,
    0.16154767556459515,
    1.849211249073032
  ],
  "cartesian_position": {
    "position": {
      "x": -55.354,
      "y": 486.147,
      "z": -39.607
    },
    "orientation": {
      "x": -0.9966087231468193,
      "y": 0.08228639600598196,
      "z": 4.276717469481419e-05,
      "w": 1.2287473122628843e-05
    },
    "euler_orientation_rpy_deg": [
      -179.999,
      0.005,
      -9.44
    ],
    "euler_orientation_rpy_rad": [
      -3.141575200297273,
      8.726646259971648e-05,
      -0.1647590813882647
    ]
  }
}