{
  "header": {
    "stamp": {
      "sec": 1763260182,
      "nanosec": 468509904
    },
    "frame_id": "robot_base"
  },
  "is_online": true,
  "enable": false,
  "in_motion": false,
  "joint_position_deg": [
    80.51,
    57.597,
    16.658,
    0.019,
    15.744,
    89.931
  ],
  "joint_position_rad": [
    1.4051645807806348,
    1.005257289271174,
    0.2907369467972154,
    0.0003316125578789226,
    0.27478463743398723,
    1.5695920496110205
  ],
  "cartesian_position": {
    "position": {
      "x": 94.15,
      "y": 560.937,
      "z": -67.602
    },
    "orientation": {
      "x": -0.9966094411931411,
      "y": 0.08227769895106235,
      "z": 4.2767281921617106e-05,
      "w": 1.2287099908155875e-05
    },
    "euler_orientation_rpy_deg": [
      -179.999,
      0.005,
      -9.439
    ],
    "euler_orientation_rpy_rad": [
      -3.141575200297273,
      8.726646259971648e-05,
      -0.16474162809574477
    ]
  }
}