{
  "feature_parameters" : 
  {
    "crop_height" : 670,
    "crop_width" : 670,
    "crop_x" : 937,
    "crop_y" : 879,
    "final_valve_center_x" : 551.102294921875,
    "final_valve_center_y" : 334.6214599609375,
    "final_workpiece_radius" : 334.94970703125,
    "rotation_angle_deg" : 49.203062765389753,
    "rotation_angle_rad" : 0.85875544732147746,
    "valve_area" : 13950,
    "valve_center_x" : 1413.4835205078125,
    "valve_center_y" : 1377.3486328125,
    "valve_radius" : 105.92424011230469,
    "workpiece_area" : 56272,
    "workpiece_center_x_original" : 1272.5,
    "workpiece_center_y_original" : 1214,
    "workpiece_radius_original" : 334.94970703125
  },
  "original_grasp_pose" : 
  {
    "cartesian_position" : 
    {
      "orientation" : 
      {
        "w" : -1.2287473122628843e-05,
        "x" : 0.99660872314681925,
        "y" : -0.082286396005981963,
        "z" : -4.2767174694814189e-05
      },
      "position" : 
      {
        "x" : -55.353999999999999,
        "y" : 486.14699999999999,
        "z" : -39.606999999999999
      }
    }
  },
  "original_preparation_pose" : 
  {
    "cartesian_position" : 
    {
      "orientation" : 
      {
        "w" : -1.2287099908155877e-05,
        "x" : 0.9966094411931411,
        "y" : -0.08227769895106235,
        "z" : -4.2767281921617106e-05
      },
      "position" : 
      {
        "x" : -55.353000000000002,
        "y" : 486.14699999999999,
        "z" : -27.114999999999998
      }
    }
  },
  "rotation_angle_deg" : 49.203062765389753,
  "rotation_angle_rad" : 0.85875544732147746,
  "standardized_grasp_pose" : 
  {
    "cartesian_position" : 
    {
      "orientation" : 
      {
        "w" : 0.0018704850741158886,
        "x" : 0.87188582434933459,
        "y" : -0.48970334370283852,
        "z" : -0.0014985828400019344
      },
      "position" : 
      {
        "x" : -77.857427099334842,
        "y" : 522.2307249298625,
        "z" : -39.371102894736055
      }
    }
  },
  "standardized_preparation_pose" : 
  {
    "cartesian_position" : 
    {
      "orientation" : 
      {
        "w" : 0.0018704725858353223,
        "x" : 0.87189009778231863,
        "y" : -0.48969573504419778,
        "z" : -0.0014985996687326107
      },
      "position" : 
      {
        "x" : -77.828420312254337,
        "y" : 522.76782433058838,
        "z" : -26.877137022428315
      }
    }
  }
}