{
  "pose_index": 10,
  "pattern_size": {
    "width": 11,
    "height": 8
  },
  "square_size_mm": 20,
  "rvec": {
    "x": 0.11267642184733147,
    "y": -0.3805518814699853,
    "z": 0.04862272207908816
  },
  "tvec": {
    "x": -155.170738220306,
    "y": 19.762205754994486,
    "z": 423.7618536076653
  },
  "rotation_matrix": [
    [
      0.9273833271110675,
      -0.0684928907750714,
      -0.3677891903110815
    ],
    [
      0.026181924276807975,
      0.9925697198756644,
      -0.11882700882841606
    ],
    [
      0.3731952189371808,
      0.10056875806739941,
      0.9222858848877665
    ]
  ],
  "transformation_matrix": [
    [
      0.9273833271110675,
      -0.0684928907750714,
      -0.3677891903110815,
      -155.170738220306
    ],
    [
      0.026181924276807975,
      0.9925697198756644,
      -0.11882700882841606,
      19.762205754994486
    ],
    [
      0.3731952189371808,
      0.10056875806739941,
      0.9222858848877665,
      423.7618536076653
    ],
    [
      0.0,
      0.0,
      0.0,
      1.0
    ]
  ],
  "orientation": {
    "x": 0.0559636541597233,
    "y": -0.18901091759262903,
    "z": 0.024149730335112488,
    "w": 0.9800814930242406
  }
}