{
  "pose_index": 10,
  "timestamp": 1768204343.9352455,
  "joint_position": {
    "rad": [
      0.38298723101615906,
      -0.17660436034202576,
      1.189462423324585,
      -0.44225046038627625,
      1.2687855958938599,
      0.41426709294319153
    ],
    "deg": [
      21.943551944627774,
      -10.118684491205647,
      68.151176745902,
      -25.33908486785123,
      72.69605975170937,
      23.735756016798685
    ]
  },
  "cartesian_position": {
    "position": {
      "x": 0.5366337895393372,
      "y": 0.055066268891096115,
      "z": 0.4652521014213562
    },
    "orientation": {
      "x": 0.6925026178359985,
      "y": 0.6959940791130066,
      "z": -0.16482409834861755,
      "w": 0.09415601938962936
    }
  }
}