{
  "header": {
    "stamp": {
      "sec": 1762347877,
      "nanosec": 669080412
    },
    "frame_id": "robot_base"
  },
  "is_online": true,
  "enable": true,
  "in_motion": false,
  "joint_position_deg": [91.953, 51.213, 27.041, 0.01, 11.75, -40.637],
  "joint_position_rad": [1.60488, 0.893835, 0.471954, 0.000174533, 0.205076, -0.709249],
  "cartesian_position": {
    "position": {
      "x": -17.082,
      "y": 512.141,
      "z": -39.955
    },
    "orientation": {
      "x": -0.402108,
      "y": -0.915592,
      "z": 3.89783e-05,
      "w": -1.9439e-06
    },
    "euler_orientation_rpy_deg": [-179.996, 0.002, 132.58],
    "euler_orientation_rpy_rad": [-3.14152, 3.49066e-05, 2.31396]
  }
}
