{
  "header": {
    "stamp": {
      "sec": 1762347885,
      "nanosec": 113562516
    },
    "frame_id": "robot_base"
  },
  "is_online": true,
  "enable": true,
  "in_motion": false,
  "joint_position_deg": [91.953, 49.425, 27.688, 0.01, 12.891, -40.636],
  "joint_position_rad": [1.60488, 0.862629, 0.483247, 0.000174533, 0.22499, -0.709232],
  "cartesian_position": {
    "position": {
      "x": -17.082,
      "y": 512.141,
      "z": -27.096
    },
    "orientation": {
      "x": -0.402116,
      "y": -0.915589,
      "z": 4.69683e-05,
      "w": 1.56556e-06
    },
    "euler_orientation_rpy_deg": [-179.995, 0.002, 132.579],
    "euler_orientation_rpy_rad": [-3.14151, 3.49066e-05, 2.31394]
  }
}
