{
  "feature_parameters" : 
  {
    "crop_height" : 595,
    "crop_width" : 595,
    "crop_x" : 1341,
    "crop_y" : 826,
    "final_valve_center_x" : 477.90304565429688,
    "final_valve_center_y" : 297.5,
    "final_workpiece_radius" : 297.06658935546875,
    "rotation_angle_deg" : 68.198590513648185,
    "rotation_angle_rad" : 1.1902899496825317,
    "valve_area" : 13797,
    "valve_center_x" : 1705.5,
    "valve_center_y" : 1291,
    "valve_radius" : 106.65023040771484,
    "workpiece_area" : 57995,
    "workpiece_center_x_original" : 1638.5,
    "workpiece_center_y_original" : 1123.5,
    "workpiece_radius_original" : 297.06658935546875
  },
  "original_grasp_pose" : 
  {
    "cartesian_position" : 
    {
      "orientation" : 
      {
        "w" : 1.9438998712035088e-06,
        "x" : 0.40210797335763171,
        "y" : 0.91559206066415211,
        "z" : -3.897829741742461e-05
      },
      "position" : 
      {
        "x" : -17.082000000000001,
        "y" : 512.14099999999996,
        "z" : -39.954999999999998
      }
    }
  },
  "original_preparation_pose" : 
  {
    "cartesian_position" : 
    {
      "orientation" : 
      {
        "w" : -1.5655601159238107e-06,
        "x" : 0.40211602977517291,
        "y" : 0.91558893220409332,
        "z" : -4.6968303477825445e-05
      },
      "position" : 
      {
        "x" : -17.082000000000001,
        "y" : 512.14099999999996,
        "z" : -27.096
      }
    }
  },
  "rotation_angle_deg" : 68.198590513648185,
  "rotation_angle_rad" : 1.1902899496825317,
  "standardized_grasp_pose" : 
  {
    "cartesian_position" : 
    {
      "orientation" : 
      {
        "w" : -0.00077262864108895658,
        "x" : 0.84627203550111363,
        "y" : 0.53274163588726298,
        "z" : -0.0030028453153465779
      },
      "position" : 
      {
        "x" : -24.895341040363242,
        "y" : 557.98881904344569,
        "z" : -39.767337211980703
      }
    }
  },
  "standardized_preparation_pose" : 
  {
    "cartesian_position" : 
    {
      "orientation" : 
      {
        "w" : -0.00077998921562582007,
        "x" : 0.8462768326310558,
        "y" : 0.53273472829821422,
        "z" : -0.0030075024056355881
      },
      "position" : 
      {
        "x" : -24.993054358833508,
        "y" : 557.88744339107507,
        "z" : -26.908256550406918
      }
    }
  }
}