{
  "pose_index": 1,
  "pattern_size": {
    "width": 11,
    "height": 8
  },
  "square_size_mm": 20,
  "rvec": {
    "x": 0.25315401640810087,
    "y": -0.3113163559251628,
    "z": 0.7104436015916914
  },
  "tvec": {
    "x": -9.677663072916687,
    "y": -121.29747899213372,
    "z": 271.69168370102324
  },
  "rotation_matrix": [
    [
      0.7154991147189634,
      -0.6714657594002568,
      -0.19285940679525115
    ],
    [
      0.5969311616657201,
      0.7310238489782075,
      -0.3305712033095151
    ],
    [
      0.3629520699331985,
      0.12139961358308961,
      0.9238657525599069
    ]
  ],
  "transformation_matrix": [
    [
      0.7154991147189634,
      -0.6714657594002568,
      -0.19285940679525115,
      -9.677663072916687
    ],
    [
      0.5969311616657201,
      0.7310238489782075,
      -0.3305712033095151,
      -121.29747899213372
    ],
    [
      0.3629520699331985,
      0.12139961358308961,
      0.9238657525599069,
      271.69168370102324
    ],
    [
      0.0,
      0.0,
      0.0,
      1.0
    ]
  ],
  "orientation": {
    "x": 0.12309499703567271,
    "y": -0.15137617191894598,
    "z": 0.34544999235154716,
    "w": 0.917930922817327
  }
}