{
  "pose_index": 1,
  "timestamp": 1768204229.219907,
  "joint_position": {
    "rad": [
      0.34309884905815125,
      0.007825814187526703,
      1.7580984830856323,
      -0.0692010149359703,
      1.272314190864563,
      -0.29632166028022766
    ],
    "deg": [
      19.658116006828145,
      0.44838612419888146,
      100.73162304915888,
      -3.9649260938528714,
      72.89823335114174,
      -16.977980512366408
    ]
  },
  "cartesian_position": {
    "position": {
      "x": 0.46829667687416077,
      "y": 0.008915304206311703,
      "z": 0.3270585834980011
    },
    "orientation": {
      "x": 0.42414167523384094,
      "y": 0.8850396871566772,
      "z": -0.19058193266391754,
      "w": 0.02206990122795105
    }
  }
}