{
  "header": {
    "stamp": {
      "sec": 1763260122,
      "nanosec": 754256513
    },
    "frame_id": "robot_base"
  },
  "is_online": true,
  "enable": true,
  "in_motion": false,
  "joint_position_deg": [
    96.54,
    48.387,
    31.192,
    0.024,
    10.419,
    105.955
  ],
  "joint_position_rad": [
    1.6849408598753257,
    0.8445124651624962,
    0.5444031002820713,
    0.0004188790204786391,
    0.1818458547652892,
    1.8492636089505916
  ],
  "cartesian_position": {
    "position": {
      "x": -55.353,
      "y": 486.147,
      "z": -27.115
    },
    "orientation": {
      "x": -0.9966094411931411,
      "y": 0.08227769895106235,
      "z": 4.2767281921617106e-05,
      "w": 1.2287099908155875e-05
    },
    "euler_orientation_rpy_deg": [
      -179.999,
      0.005,
      -9.439
    ],
    "euler_orientation_rpy_rad": [
      -3.141575200297273,
      8.726646259971648e-05,
      -0.16474162809574477
    ]
  }
}