{
  "pose_index": 13,
  "pattern_size": {
    "width": 11,
    "height": 8
  },
  "square_size_mm": 20,
  "rvec": {
    "x": 0.057257988251017286,
    "y": 0.39986993552463673,
    "z": 0.016560952637665122
  },
  "tvec": {
    "x": -47.482700176146984,
    "y": -18.940920191678597,
    "z": 548.6214581869352
  },
  "rotation_matrix": [
    [
      0.9209997763634753,
      -0.004820688134241212,
      0.3895332757343598
    ],
    [
      0.02740627363727024,
      0.9982476928392913,
      -0.052444636583267056
    ],
    [
      -0.38859787454867467,
      0.058977154110250805,
      0.9195180189584694
    ]
  ],
  "transformation_matrix": [
    [
      0.9209997763634753,
      -0.004820688134241212,
      0.3895332757343598,
      -47.482700176146984
    ],
    [
      0.02740627363727024,
      0.9982476928392913,
      -0.052444636583267056,
      -18.940920191678597
    ],
    [
      -0.38859787454867467,
      0.058977154110250805,
      0.9195180189584694,
      548.6214581869352
    ],
    [
      0.0,
      0.0,
      0.0,
      1.0
    ]
  ],
  "orientation": {
    "x": 0.028434418253740188,
    "y": 0.19857611734379496,
    "z": 0.008224198375872654,
    "w": 0.9796383884068187
  }
}