{
  "pose_index": 13,
  "timestamp": 1768204379.7615478,
  "joint_position": {
    "rad": [
      -0.26090943813323975,
      -0.11397335678339005,
      1.282073974609375,
      -0.32131925225257874,
      1.9425033330917358,
      -0.2638302445411682
    ],
    "deg": [
      -14.949009640164297,
      -6.530192320626981,
      73.45742776867985,
      -18.410237030372233,
      111.2972426762516,
      -15.116359520113365
    ]
  },
  "cartesian_position": {
    "position": {
      "x": 0.4656483829021454,
      "y": -0.21474480628967285,
      "z": 0.4676133692264557
    },
    "orientation": {
      "x": -0.7016324996948242,
      "y": -0.6845226287841797,
      "z": -0.1237080916762352,
      "w": 0.15439215302467346
    }
  }
}