{
  "header": {
    "stamp": {
      "sec": 1762184114,
      "nanosec": 873652826
    },
    "frame_id": "robot_base"
  },
  "is_online": true,
  "enable": false,
  "in_motion": false,
  "joint_position_deg": [104.413, 55.186, 24.354, 0.023, 10.469, 14.4],
  "joint_position_rad": [1.82235, 0.963177, 0.425057, 0.000401426, 0.182719, 0.251327],
  "cartesian_position": {
    "position": {
      "x": -129.156,
      "y": 504.08,
      "z": -66.198
    },
    "orientation": {
      "x": -0.707168,
      "y": -0.707045,
      "z": 7.40524e-05,
      "w": -4.93589e-05
    },
    "euler_orientation_rpy_deg": [-179.998, 0.01, 89.99],
    "euler_orientation_rpy_rad": [-3.14156, 0.000174533, 1.57062]
  },
  "corner_index": 10
}
