{
  "header": {
    "stamp": {
      "sec": 1762183878,
      "nanosec": 340294952
    },
    "frame_id": "robot_base"
  },
  "is_online": true,
  "enable": false,
  "in_motion": false,
  "joint_position_deg": [93.866, 54.857, 25.614, 0.015, 9.537, 3.857],
  "joint_position_rad": [1.63827, 0.957435, 0.447049, 0.000261799, 0.166452, 0.0673173],
  "cartesian_position": {
    "position": {
      "x": -34.142,
      "y": 510.935,
      "z": -66.19
    },
    "orientation": {
      "x": -0.707144,
      "y": -0.70707,
      "z": 5.55377e-05,
      "w": -3.08504e-05
    },
    "euler_orientation_rpy_deg": [-179.998, 0.007, 89.994],
    "euler_orientation_rpy_rad": [-3.14156, 0.000122173, 1.57069]
  },
  "corner_index": 49
}
