{
  "header": {
    "stamp": {
      "sec": 1762183725,
      "nanosec": 837867531
    },
    "frame_id": "robot_base"
  },
  "is_online": true,
  "enable": false,
  "in_motion": false,
  "joint_position_deg": [83.932, 54.705, 26.211, 0.009, 9.09, -6.073],
  "joint_position_rad": [1.46489, 0.954782, 0.457468, 0.00015708, 0.15865, -0.105994],
  "cartesian_position": {
    "position": {
      "x": 54.097,
      "y": 505.228,
      "z": -66.184
    },
    "orientation": {
      "x": -0.707131,
      "y": -0.707082,
      "z": 4.31953e-05,
      "w": -1.85105e-05
    },
    "euler_orientation_rpy_deg": [-179.998, 0.005, 89.996],
    "euler_orientation_rpy_rad": [-3.14156, 8.72665e-05, 1.57073]
  },
  "corner_index": 77
}
