{
  "header": {
    "stamp": {
      "sec": 1762183598,
      "nanosec": 286795211
    },
    "frame_id": "robot_base"
  },
  "is_online": true,
  "enable": false,
  "in_motion": false,
  "joint_position_deg": [91.307, 52.722, 36.093, 0.092, 1.188, 1.218],
  "joint_position_rad": [1.59361, 0.920172, 0.629942, 0.0016057, 0.0207345, 0.0212581],
  "cartesian_position": {
    "position": {
      "x": -9.645,
      "y": 439.544,
      "z": -66.182
    },
    "orientation": {
      "x": -0.707125,
      "y": -0.707088,
      "z": 3.70243e-05,
      "w": -1.23404e-05
    },
    "euler_orientation_rpy_deg": [-179.998, 0.004, 89.997],
    "euler_orientation_rpy_rad": [-3.14156, 6.98132e-05, 1.57074]
  },
  "corner_index": 12
}