{
  "header": {
    "stamp": {
      "sec": 1762183966,
      "nanosec": 227789423
    },
    "frame_id": "robot_base"
  },
  "is_online": true,
  "enable": false,
  "in_motion": false,
  "joint_position_deg": [96.825, 58.846, 12.388, 0.009, 18.774, 6.823],
  "joint_position_rad": [1.68992, 1.02706, 0.216211, 0.00015708, 0.327668, 0.119084],
  "cartesian_position": {
    "position": {
      "x": -70.339,
      "y": 590.861,
      "z": -66.193
    },
    "orientation": {
      "x": -0.707144,
      "y": -0.70707,
      "z": 6.17086e-05,
      "w": -3.70208e-05
    },
    "euler_orientation_rpy_deg": [-179.998, 0.008, 89.994],
    "euler_orientation_rpy_rad": [-3.14156, 0.000139626, 1.57069]
  },
  "corner_index": 87
}
