{
  "pose_index": 3,
  "pattern_size": {
    "width": 11,
    "height": 8
  },
  "square_size_mm": 20,
  "rvec": {
    "x": -0.05271394927930212,
    "y": 0.5521708953314226,
    "z": -0.6937106015859626
  },
  "tvec": {
    "x": 47.2351615441261,
    "y": 65.91855109302202,
    "z": 562.6611990778008
  },
  "rotation_matrix": [
    [
      0.6321072528638499,
      0.5924080016839625,
      0.4994929232909422
    ],
    [
      -0.6196511642259873,
      0.773490913106545,
      -0.13320751485926655
    ],
    [
      -0.4652664350136332,
      -0.22530993516136275,
      0.8560155241391871
    ]
  ],
  "transformation_matrix": [
    [
      0.6321072528638499,
      0.5924080016839625,
      0.4994929232909422,
      47.2351615441261
    ],
    [
      -0.6196511642259873,
      0.773490913106545,
      -0.13320751485926655,
      65.91855109302202
    ],
    [
      -0.4652664350136332,
      -0.22530993516136275,
      0.8560155241391871,
      562.6611990778008
    ],
    [
      0.0,
      0.0,
      0.0,
      1.0
    ]
  ],
  "orientation": {
    "x": -0.02549909615122586,
    "y": 0.26709929619127976,
    "z": -0.33556570078331605,
    "w": 0.9029969116931661
  }
}