{
  "pose_index": 3,
  "timestamp": 1768204254.3713486,
  "joint_position": {
    "rad": [
      -0.16513201594352722,
      0.15933002531528473,
      1.6242390871047974,
      0.086902916431427,
      2.0800139904022217,
      0.6368503570556641
    ],
    "deg": [
      -9.461367576051131,
      9.128938000278378,
      93.06204461128658,
      4.979170338898861,
      119.17602297821223,
      36.48883764068908
    ]
  },
  "cartesian_position": {
    "position": {
      "x": 0.40726056694984436,
      "y": -0.14458896219730377,
      "z": 0.48015692830085754
    },
    "orientation": {
      "x": -0.883880078792572,
      "y": -0.38370710611343384,
      "z": -0.2103670984506607,
      "w": 0.1651381403207779
    }
  }
}