{
  "header": {
    "stamp": {
      "sec": 1763457823,
      "nanosec": 425963680
    },
    "frame_id": "robot_base"
  },
  "is_online": true,
  "enable": false,
  "in_motion": false,
  "joint_position_deg": [27.187, 49.678, -6.857, 6.933, 47.13, -63.163],
  "joint_position_rad": [0.474503, 0.867045, -0.119677, 0.121004, 0.822574, -1.1024],
  "cartesian_position": {
    "position": {
      "x": 636.797,
      "y": 349.109,
      "z": 125.743
    },
    "orientation": {
      "x": -0.732813,
      "y": -0.678984,
      "z": -0.0141047,
      "w": 0.0420285
    },
    "euler_orientation_rpy_deg": [-177.56, -4.459, 85.538],
    "euler_orientation_rpy_rad": [-3.09901, -0.0778242, 1.49292]
  }
}
