{
  "header": {
    "stamp": {
      "sec": 1763457802,
      "nanosec": 548540015
    },
    "frame_id": "robot_base"
  },
  "is_online": true,
  "enable": false,
  "in_motion": false,
  "joint_position_deg": [36.79, 50.92, -9.226, 6.744, 47.4, -53.374],
  "joint_position_rad": [0.642107, 0.888722, -0.161024, 0.117705, 0.827286, -0.931552],
  "cartesian_position": {
    "position": {
      "x": 581.354,
      "y": 458.645,
      "z": 125.743
    },
    "orientation": {
      "x": -0.732796,
      "y": -0.679004,
      "z": -0.0141032,
      "w": 0.0420166
    },
    "euler_orientation_rpy_deg": [-177.561, -4.458, 85.541],
    "euler_orientation_rpy_rad": [-3.09902, -0.0778068, 1.49297]
  }
}
