{
  "header": {
    "stamp": {
      "sec": 1763457863,
      "nanosec": 467608377
    },
    "frame_id": "robot_base"
  },
  "is_online": true,
  "enable": false,
  "in_motion": false,
  "joint_position_deg": [7.577, 61.026, -28.616, 5.669, 59.176, -81.032],
  "joint_position_rad": [0.132244, 1.0651, -0.499443, 0.0989427, 1.03282, -1.41428],
  "cartesian_position": {
    "position": {
      "x": 799.082,
      "y": 125.235,
      "z": 125.741
    },
    "orientation": {
      "x": -0.732801,
      "y": -0.678997,
      "z": -0.0140976,
      "w": 0.0420229
    },
    "euler_orientation_rpy_deg": [-177.56, -4.458, 85.54],
    "euler_orientation_rpy_rad": [-3.09901, -0.0778068, 1.49295]
  }
}
