{
  "header": {
    "stamp": {
      "sec": 1763457891,
      "nanosec": 12977359
    },
    "frame_id": "robot_base"
  },
  "is_online": true,
  "enable": false,
  "in_motion": false,
  "joint_position_deg": [-2.067, 86.177, -77.415, 4.577, 83.517, -88.31],
  "joint_position_rad": [-0.036076, 1.50407, -1.35115, 0.0798837, 1.45765, -1.5413],
  "cartesian_position": {
    "position": {
      "x": 903.082,
      "y": -15.07,
      "z": 125.741
    },
    "orientation": {
      "x": -0.732803,
      "y": -0.678998,
      "z": -0.0140779,
      "w": 0.0419928
    },
    "euler_orientation_rpy_deg": [-177.561, -4.454, 85.54],
    "euler_orientation_rpy_rad": [-3.09902, -0.077737, 1.49295]
  }
}
