{
  "header": {
    "stamp": {
      "sec": 1763457746,
      "nanosec": 791630920
    },
    "frame_id": "robot_base"
  },
  "is_online": true,
  "enable": false,
  "in_motion": false,
  "joint_position_deg": [52.869, 38.398, 14.847, 14.184, 31.296, -44.637],
  "joint_position_rad": [0.922738, 0.670172, 0.259129, 0.247558, 0.546218, -0.779063],
  "cartesian_position": {
    "position": {
      "x": 361.284,
      "y": 524.157,
      "z": 125.747
    },
    "orientation": {
      "x": -0.730452,
      "y": -0.677816,
      "z": -0.0421747,
      "w": 0.0722981
    },
    "euler_orientation_rpy_deg": [-177.187, -9.185, 85.493],
    "euler_orientation_rpy_rad": [-3.0925, -0.160308, 1.49213]
  }
}
