{
  "pose_index": 18,
  "pattern_size": {
    "width": 11,
    "height": 8
  },
  "square_size_mm": 20,
  "rvec": {
    "x": -0.33444710782216835,
    "y": 0.0487340342008037,
    "z": -0.00027247091249984817
  },
  "tvec": {
    "x": -152.4421661242531,
    "y": 70.72544936894381,
    "z": 513.0103849133532
  },
  "rotation_matrix": [
    [
      0.9988237212670604,
      -0.007804883899864106,
      0.0478566361284542
    ],
    [
      -0.0083395100400717,
      0.9446028885867553,
      0.3281094869793456
    ],
    [
      -0.04776637317730088,
      -0.3281226396652134,
      0.943426683390193
    ]
  ],
  "transformation_matrix": [
    [
      0.9988237212670604,
      -0.007804883899864106,
      0.0478566361284542,
      -152.4421661242531
    ],
    [
      -0.0083395100400717,
      0.9446028885867553,
      0.3281094869793456,
      70.72544936894381
    ],
    [
      -0.04776637317730088,
      -0.3281226396652134,
      0.943426683390193,
      513.0103849133532
    ],
    [
      0.0,
      0.0,
      0.0,
      1.0
    ]
  ],
  "orientation": {
    "x": -0.16642877552433058,
    "y": 0.024251205792197306,
    "z": -0.00013558795777495142,
    "w": 0.985755204556893
  }
}