{
  "pose_index": 18,
  "timestamp": 1768203142.3827784,
  "joint_position": {
    "rad": [
      -0.03167678788304329,
      0.35519275069236755,
      1.8608810901641846,
      0.28126439452171326,
      1.6178607940673828,
      -0.002237497130408883
    ],
    "deg": [
      -1.814946254229526,
      20.35104552831511,
      106.62063264211139,
      16.115262733396683,
      92.69659533974504,
      -0.12819914224506176
    ]
  },
  "cartesian_position": {
    "position": {
      "x": 0.35771238803863525,
      "y": -0.12847131490707397,
      "z": 0.4519737660884857
    },
    "orientation": {
      "x": 0.7036855220794678,
      "y": 0.688920259475708,
      "z": 0.13639798760414124,
      "w": 0.10775507241487503
    }
  }
}