{
  "pose_index": 15,
  "pattern_size": {
    "width": 11,
    "height": 8
  },
  "square_size_mm": 20,
  "rvec": {
    "x": 0.33825937469915884,
    "y": 0.037237895750090434,
    "z": 0.03531753170121959
  },
  "tvec": {
    "x": -145.4338808146523,
    "y": -97.79304178905886,
    "z": 450.3407090742834
  },
  "rotation_matrix": [
    [
      0.9986958020734459,
      -0.028395707834719806,
      0.04243086962862976
    ],
    [
      0.040869385866053605,
      0.9427285698135114,
      -0.33104763547909966
    ],
    [
      -0.030600461104502354,
      0.33235000742280185,
      0.9426595803078942
    ]
  ],
  "transformation_matrix": [
    [
      0.9986958020734459,
      -0.028395707834719806,
      0.04243086962862976,
      -145.4338808146523
    ],
    [
      0.040869385866053605,
      0.9427285698135114,
      -0.33104763547909966,
      -97.79304178905886
    ],
    [
      -0.030600461104502354,
      0.33235000742280185,
      0.9426595803078942,
      450.3407090742834
    ],
    [
      0.0,
      0.0,
      0.0,
      1.0
    ]
  ],
  "orientation": {
    "x": 0.16830600995808215,
    "y": 0.018528271857969385,
    "z": 0.0175727660097727,
    "w": 0.9854039720077817
  }
}