{
  "pose_index": 15,
  "timestamp": 1768204402.3722076,
  "joint_position": {
    "rad": [
      -0.01733558624982834,
      -0.24438521265983582,
      1.050566554069519,
      -0.6023489236831665,
      1.6072051525115967,
      -0.014246621169149876
    ],
    "deg": [
      -0.9932559275001861,
      -14.002241260815687,
      60.19302964578584,
      -34.51205112129316,
      92.0860720505943,
      -0.8162712653140224
    ]
  },
  "cartesian_position": {
    "position": {
      "x": 0.5253348350524902,
      "y": -0.12720397114753723,
      "z": 0.4749338924884796
    },
    "orientation": {
      "x": -0.7007548213005066,
      "y": -0.6944159269332886,
      "z": 0.10017729550600052,
      "w": 0.1292041689157486
    }
  }
}