{
  "pose_index": 14,
  "pattern_size": {
    "width": 11,
    "height": 8
  },
  "square_size_mm": 20,
  "rvec": {
    "x": 0.10093889753390334,
    "y": -0.24971267621851628,
    "z": 0.043975055130593466
  },
  "tvec": {
    "x": -170.44235322611695,
    "y": -45.524997302493034,
    "z": 444.27460811584416
  },
  "rotation_matrix": [
    [
      0.9680539032980603,
      -0.05595604991753046,
      -0.24441882248921934
    ],
    [
      0.030906380988969907,
      0.9939762929666057,
      -0.10514715704444375
    ],
    [
      0.2488301346773624,
      0.09423401454884067,
      0.963952029189448
    ]
  ],
  "transformation_matrix": [
    [
      0.9680539032980603,
      -0.05595604991753046,
      -0.24441882248921934,
      -170.44235322611695
    ],
    [
      0.030906380988969907,
      0.9939762929666057,
      -0.10514715704444375,
      -45.524997302493034
    ],
    [
      0.2488301346773624,
      0.09423401454884067,
      0.963952029189448,
      444.27460811584416
    ],
    [
      0.0,
      0.0,
      0.0,
      1.0
    ]
  ],
  "orientation": {
    "x": 0.05031297333195102,
    "y": -0.12446923362732794,
    "z": 0.021919357453983344,
    "w": 0.9907045757255432
  }
}