{
  "pose_index": 14,
  "timestamp": 1768204391.2776706,
  "joint_position": {
    "rad": [
      0.2688087522983551,
      0.012580699287354946,
      1.3506938219070435,
      -0.38787198066711426,
      1.3644955158233643,
      0.28388699889183044
    ],
    "deg": [
      15.401607002873314,
      0.7208209724886809,
      77.38905540966844,
      -22.22342748360551,
      78.17983422120501,
      16.26552689513696
    ]
  },
  "cartesian_position": {
    "position": {
      "x": 0.46908289194107056,
      "y": -0.01677699387073517,
      "z": 0.48642513155937195
    },
    "orientation": {
      "x": 0.7008974552154541,
      "y": 0.7016116976737976,
      "z": -0.11735834181308746,
      "w": 0.05206480249762535
    }
  }
}