{
  "header": {
    "stamp": {
      "sec": 1762186217,
      "nanosec": 540816599
    },
    "frame_id": "robot_base"
  },
  "is_online": true,
  "enable": false,
  "in_motion": false,
  "joint_position_deg": [108.751, 55.949, 20.761, 0.017, 13.299, 57.605],
  "joint_position_rad": [1.89806, 0.976494, 0.362348, 0.000296706, 0.232111, 1.0054],
  "cartesian_position": {
    "position": {
      "x": -174.628,
      "y": 515.581,
      "z": -64.119
    },
    "orientation": {
      "x": 0.902096,
      "y": 0.431535,
      "z": -4.41489e-05,
      "w": 6.94882e-05
    },
    "euler_orientation_rpy_deg": [179.995, 0.008, 51.13],
    "euler_orientation_rpy_rad": [3.14151, 0.000139626, 0.892387]
  },
  "corner_index": 38
}
