{
  "header": {
    "stamp": {
      "sec": 1762185716,
      "nanosec": 660136512
    },
    "frame_id": "robot_base"
  },
  "is_online": true,
  "enable": false,
  "in_motion": false,
  "joint_position_deg": [116.97, 54.144, 26.775, 0.024, 9.085, 65.812],
  "joint_position_rad": [2.04151, 0.944991, 0.467312, 0.000418879, 0.158563, 1.14864],
  "cartesian_position": {
    "position": {
      "x": -229.01,
      "y": 450.879,
      "z": -62.844
    },
    "orientation": {
      "x": 0.902081,
      "y": 0.431566,
      "z": -3.18285e-05,
      "w": 3.45749e-05
    },
    "euler_orientation_rpy_deg": [179.998, 0.005, 51.134],
    "euler_orientation_rpy_rad": [3.14156, 8.72665e-05, 0.892457]
  },
  "corner_index": 56
}
