{
  "header": {
    "stamp": {
      "sec": 1762186424,
      "nanosec": 749942227
    },
    "frame_id": "robot_base"
  },
  "is_online": true,
  "enable": false,
  "in_motion": false,
  "joint_position_deg": [105.609, 53.046, 33.162, 0.052, 3.803, 54.43],
  "joint_position_rad": [1.84322, 0.925827, 0.578786, 0.000907571, 0.0663749, 0.949983],
  "cartesian_position": {
    "position": {
      "x": -123.676,
      "y": 444.086,
      "z": -65.122
    },
    "orientation": {
      "x": 0.902108,
      "y": 0.431511,
      "z": -4.44918e-05,
      "w": 8.89974e-05
    },
    "euler_orientation_rpy_deg": [179.993, 0.009, 51.127],
    "euler_orientation_rpy_rad": [3.14147, 0.00015708, 0.892334]
  },
  "corner_index": 10
}
