{
  "header": {
    "stamp": {
      "sec": 1762185844,
      "nanosec": 112487091
    },
    "frame_id": "robot_base"
  },
  "is_online": true,
  "enable": false,
  "in_motion": false,
  "joint_position_deg": [112.358, 60.782, 5.987, 0.009, 23.236, 61.217],
  "joint_position_rad": [1.96102, 1.06085, 0.104493, 0.00015708, 0.405545, 1.06844],
  "cartesian_position": {
    "position": {
      "x": -240.412,
      "y": 585.493,
      "z": -62.848
    },
    "orientation": {
      "x": 0.902085,
      "y": 0.431558,
      "z": -3.59349e-05,
      "w": 4.62129e-05
    },
    "euler_orientation_rpy_deg": [179.997, 0.006, 51.133],
    "euler_orientation_rpy_rad": [3.14154, 0.00010472, 0.892439]
  },
  "corner_index": 77
}
