{
  "header": {
    "stamp": {
      "sec": 1762186006,
      "nanosec": 174284228
    },
    "frame_id": "robot_base"
  },
  "is_online": true,
  "enable": false,
  "in_motion": false,
  "joint_position_deg": [102.898, 59.513, 10.054, 0.008, 20.441, 51.758],
  "joint_position_rad": [1.79591, 1.0387, 0.175475, 0.000139626, 0.356763, 0.903348],
  "cartesian_position": {
    "position": {
      "x": -135.6,
      "y": 593.88,
      "z": -64.845
    },
    "orientation": {
      "x": 0.902093,
      "y": 0.431543,
      "z": -4.0042e-05,
      "w": 5.78504e-05
    },
    "euler_orientation_rpy_deg": [179.996, 0.007, 51.131],
    "euler_orientation_rpy_rad": [3.14152, 0.000122173, 0.892404]
  },
  "corner_index": 0
}
