{
  "header": {
    "stamp": {
      "sec": 1763298086,
      "nanosec": 240216902
    },
    "frame_id": "robot_base"
  },
  "is_online": true,
  "enable": true,
  "in_motion": false,
  "joint_position_deg": [95.895, 54.235, 17.712, 0.008, 18.059, -94.441],
  "joint_position_rad": [1.67368, 0.946579, 0.309133, 0.000139626, 0.315189, -1.64831],
  "cartesian_position": {
    "position": {
      "x": -58.307,
      "y": 568.399,
      "z": -40.252
    },
    "orientation": {
      "x": -0.0900068,
      "y": 0.995941,
      "z": -4.58125e-05,
      "w": -2.21464e-05
    },
    "euler_orientation_rpy_deg": [-179.995, -0.003, -169.672],
    "euler_orientation_rpy_rad": [-3.14151, -5.23599e-05, -2.96134]
  }
}
