{
  "header": {
    "stamp": {
      "sec": 1770185603,
      "nanosec": 181800537
    },
    "frame_id": "base_link"
  },
  "is_online": true,
  "enable": true,
  "in_motion": false,
  "joint_position_deg": [
    0.6069702034001779,
    4.71226404849451,
    103.38386746614488,
    8.695895469163109,
    89.96154170926182,
    0.584251820281952
  ],
  "joint_position_rad": [
    0.010593628510832787,
    0.08224452286958694,
    1.8043888807296753,
    0.15177200734615326,
    1.5701251029968262,
    0.010197117924690247
  ],
  "cartesian_position": {
    "position": {
      "x": 0.4419867694377899,
      "y": -0.11688749492168427,
      "z": 0.3544745147228241
    },
    "orientation": {
      "x": -0.7071067811865476,
      "y": -0.7071067811865476,
      "z": 0.0,
      "w": 0.0
    },
    "euler_orientation_rpy_rad": [
      -3.141592653589793,
      0.0,
      1.5707963267948966
    ],
    "euler_orientation_rpy_deg": [
      -180.0,
      0.0,
      90.0
    ]
  }
}