{
  "feature_parameters": {
    "workpiece_center_x_original": 335.0,
    "workpiece_center_y_original": 158.5,
    "workpiece_radius_original": 53.44399642944336,
    "workpiece_area": 1255.0,
    "valve_center_x": 353.5,
    "valve_center_y": 191.5,
    "valve_radius": 18.560810089111328,
    "valve_area": 397.0,
    "standardized_angle_rad": 1.0598467502982862,
    "standardized_angle_deg": 60.72474572274742,
    "final_workpiece_radius": 53.44399642944336,
    "crop_x": 281.0,
    "crop_y": 105.0,
    "crop_width": 107.0,
    "crop_height": 107.0,
    "rotation_angle_rad": 0.0,
    "rotation_angle_deg": 0.0,
    "final_valve_center_x": 72.5,
    "final_valve_center_y": 86.5
  },
  "original_grasp_pose": {
    "cartesian_position": {
      "position": {
        "x": 0.4418778419494629,
        "y": -0.11629363894462585,
        "z": 0.19112326204776764
      },
      "orientation": {
        "x": 0.7071067811865477,
        "y": 0.7071067811865476,
        "z": 0.0,
        "w": -0.0
      }
    }
  },
  "standardized_grasp_pose": {
    "cartesian_position": {
      "position": {
        "x": 0.4418778419494629,
        "y": -0.11629363894462583,
        "z": 0.1911232620477677
      },
      "orientation": {
        "x": 0.7071067811865477,
        "y": 0.7071067811865476,
        "z": 5.366526958391809e-19,
        "w": 0.0
      }
    }
  },
  "original_preparation_pose": {
    "cartesian_position": {
      "position": {
        "x": 0.4419867694377899,
        "y": -0.11688749492168427,
        "z": 0.3544745147228241
      },
      "orientation": {
        "x": 0.7071067811865477,
        "y": 0.7071067811865476,
        "z": 0.0,
        "w": -0.0
      }
    }
  },
  "standardized_preparation_pose": {
    "cartesian_position": {
      "position": {
        "x": 0.44198676943779,
        "y": -0.11688749492168422,
        "z": 0.3544745147228241
      },
      "orientation": {
        "x": 0.7071067811865477,
        "y": 0.7071067811865476,
        "z": 5.366526958391809e-19,
        "w": 0.0
      }
    }
  }
}