{
  "header": {
    "stamp": {
      "sec": 1763262589,
      "nanosec": 857077289
    },
    "frame_id": "robot_base"
  },
  "is_online": true,
  "enable": true,
  "in_motion": false,
  "joint_position_deg": [
    80.737,
    53.255,
    20.113,
    0.014,
    16.634,
    58.457
  ],
  "joint_position_rad": [
    1.4091264781826618,
    0.9294750931495801,
    0.3510380724536195,
    0.0002443460952792061,
    0.2903180677767368,
    1.0202671208383252
  ],
  "cartesian_position": {
    "position": {
      "x": 90.037,
      "y": 549.728,
      "z": -38.8
    },
    "orientation": {
      "x": -0.9811799309278776,
      "y": -0.19309568055692258,
      "z": 3.593471841145017e-05,
      "w": 1.8220993670760947e-06
    },
    "euler_orientation_rpy_deg": [
      -179.999,
      0.004,
      22.267
    ],
    "euler_orientation_rpy_rad": [
      -3.141575200297273,
      6.981317007977319e-05,
      0.38863246454157735
    ]
  }
}