{
  "header": {
    "stamp": {
      "sec": 1763457943,
      "nanosec": 54573650
    },
    "frame_id": "robot_base"
  },
  "is_online": true,
  "enable": false,
  "in_motion": false,
  "joint_position_deg": [17.004, 65.396, -37.053, 5.695, 62.417, -71.299],
  "joint_position_rad": [0.296776, 1.14138, -0.646697, 0.0993965, 1.08938, -1.2444],
  "cartesian_position": {
    "position": {
      "x": 796.901,
      "y": 264.059,
      "z": 125.749
    },
    "orientation": {
      "x": -0.732828,
      "y": -0.678965,
      "z": -0.0141319,
      "w": 0.0420641
    },
    "euler_orientation_rpy_deg": [-177.559, -4.464, 85.535],
    "euler_orientation_rpy_rad": [-3.09899, -0.0779115, 1.49287]
  }
}
