{
  "header": {
    "stamp": {
      "sec": 1763457973,
      "nanosec": 567574136
    },
    "frame_id": "robot_base"
  },
  "is_online": true,
  "enable": false,
  "in_motion": false,
  "joint_position_deg": [41.298, 42.673, 6.409, 7.622, 39.676, -50.152],
  "joint_position_rad": [0.720786, 0.744784, 0.111858, 0.133029, 0.692477, -0.875318],
  "cartesian_position": {
    "position": {
      "x": 486.587,
      "y": 452.391,
      "z": 125.742
    },
    "orientation": {
      "x": -0.732813,
      "y": -0.678985,
      "z": -0.0140983,
      "w": 0.0420226
    },
    "euler_orientation_rpy_deg": [-177.56, -4.458, 85.538],
    "euler_orientation_rpy_rad": [-3.09901, -0.0778068, 1.49292]
  }
}
