{
  "header": {
    "stamp": {
      "sec": 1763457962,
      "nanosec": 730267021
    },
    "frame_id": "robot_base"
  },
  "is_online": true,
  "enable": false,
  "in_motion": false,
  "joint_position_deg": [30.034, 54.059, -15.226, 6.526, 50.838, -59.71],
  "joint_position_rad": [0.524192, 0.943508, -0.265744, 0.1139, 0.88729, -1.04214],
  "cartesian_position": {
    "position": {
      "x": 651.996,
      "y": 399.491,
      "z": 125.744
    },
    "orientation": {
      "x": -0.732807,
      "y": -0.678991,
      "z": -0.0141044,
      "w": 0.0420286
    },
    "euler_orientation_rpy_deg": [-177.56, -4.459, 85.539],
    "euler_orientation_rpy_rad": [-3.09901, -0.0778242, 1.49294]
  }
}
