{
  "header": {
    "stamp": {
      "sec": 1763458000,
      "nanosec": 649220599
    },
    "frame_id": "robot_base"
  },
  "is_online": true,
  "enable": false,
  "in_motion": false,
  "joint_position_deg": [81.92, 28.272, 32.944, 6.527, 24.631, -9.549],
  "joint_position_rad": [1.42977, 0.493439, 0.574981, 0.113918, 0.429892, -0.166661],
  "cartesian_position": {
    "position": {
      "x": 62.676,
      "y": 514.808,
      "z": 125.74
    },
    "orientation": {
      "x": -0.732814,
      "y": -0.678985,
      "z": -0.0140914,
      "w": 0.0420044
    },
    "euler_orientation_rpy_deg": [-177.561, -4.456, 85.538],
    "euler_orientation_rpy_rad": [-3.09902, -0.0777719, 1.49292]
  }
}
