{
  "header": {
    "stamp": {
      "sec": 1763457984,
      "nanosec": 958873816
    },
    "frame_id": "robot_base"
  },
  "is_online": true,
  "enable": false,
  "in_motion": false,
  "joint_position_deg": [57.638, 33.091, 24.218, 8.462, 30.164, -35.222],
  "joint_position_rad": [1.00597, 0.577547, 0.422684, 0.14769, 0.526461, -0.61474],
  "cartesian_position": {
    "position": {
      "x": 289.83,
      "y": 487.848,
      "z": 125.74
    },
    "orientation": {
      "x": -0.732808,
      "y": -0.678991,
      "z": -0.0140975,
      "w": 0.0420104
    },
    "euler_orientation_rpy_deg": [-177.561, -4.457, 85.539],
    "euler_orientation_rpy_rad": [-3.09902, -0.0777893, 1.49294]
  }
}
