{
  "pose_index": 2,
  "pattern_size": {
    "width": 11,
    "height": 8
  },
  "square_size_mm": 20,
  "rvec": {
    "x": 0.43666508909669155,
    "y": 0.23927572415055834,
    "z": -0.5490961175367087
  },
  "tvec": {
    "x": -161.40756003094162,
    "y": 91.00212355088604,
    "z": 528.1570836140924
  },
  "rotation_matrix": [
    [
      0.8286844743533124,
      0.5500704506235146,
      0.10346275328164202
    ],
    [
      -0.45028424275603046,
      0.7649718005276,
      -0.4605021662524399
    ],
    [
      -0.33245472276898486,
      0.33502334806458656,
      0.8816083107367989
    ]
  ],
  "transformation_matrix": [
    [
      0.8286844743533124,
      0.5500704506235146,
      0.10346275328164202,
      -161.40756003094162
    ],
    [
      -0.45028424275603046,
      0.7649718005276,
      -0.4605021662524399,
      91.00212355088604
    ],
    [
      -0.33245472276898486,
      0.33502334806458656,
      0.8816083107367989,
      528.1570836140924
    ],
    [
      0.0,
      0.0,
      0.0,
      1.0
    ]
  ],
  "orientation": {
    "x": 0.21336843902561672,
    "y": 0.11691772260599413,
    "z": -0.2683058123931936,
    "w": 0.9321030771349421
  }
}