{
  "pose_index": 2,
  "timestamp": 1768204241.9352524,
  "joint_position": {
    "rad": [
      -0.2538643777370453,
      -0.7014207243919373,
      0.4418216943740845,
      -0.8483781814575195,
      1.8325468301773071,
      0.29930010437965393
    ],
    "deg": [
      -14.545357413047592,
      -40.18844717066692,
      25.31451838495399,
      -48.608489228499785,
      104.9971991292369,
      17.148632788779178
    ]
  },
  "cartesian_position": {
    "position": {
      "x": 0.6162824630737305,
      "y": -0.26029524207115173,
      "z": 0.4413399398326874
    },
    "orientation": {
      "x": -0.8600349426269531,
      "y": -0.448521226644516,
      "z": 0.06154344603419304,
      "w": 0.2353317141532898
    }
  }
}