{
  "header": {
    "stamp": {
      "sec": 1763260377,
      "nanosec": 839540605
    },
    "frame_id": "robot_base"
  },
  "is_online": true,
  "enable": false,
  "in_motion": false,
  "joint_position_deg": [
    95.421,
    48.47,
    28.851,
    -0.011,
    12.683,
    -86.974
  ],
  "joint_position_rad": [
    1.6654106255455092,
    0.8459610884416515,
    0.503544942492884,
    -0.00019198621771937622,
    0.22136010903044082,
    -1.5179826636295484
  ],
  "cartesian_position": {
    "position": {
      "x": -47.428,
      "y": 504.077,
      "z": -22.328
    },
    "orientation": {
      "x": -0.02099476731516285,
      "y": 0.9997795846292937,
      "z": -3.434924935842546e-05,
      "w": 2.6907023987350065e-05
    },
    "euler_orientation_rpy_deg": [
      -179.996,
      0.003,
      -177.594
    ],
    "euler_orientation_rpy_rad": [
      -3.1415228404197135,
      5.235987755982989e-05,
      -3.0996000317868093
    ]
  }
}