{
  "feature_parameters" : 
  {
    "crop_height" : 666,
    "crop_width" : 666,
    "crop_x" : 962,
    "crop_y" : 1033,
    "final_valve_center_x" : 524.9832763671875,
    "final_valve_center_y" : 333.629638671875,
    "final_workpiece_radius" : 332.89083862304688,
    "rotation_angle_deg" : -17.641862917482218,
    "rotation_angle_rad" : -0.30790859409555738,
    "valve_area" : 13291,
    "valve_center_x" : 1478.14501953125,
    "valve_center_y" : 1308.4163818359375,
    "valve_radius" : 119.60990905761719,
    "workpiece_area" : 57821,
    "workpiece_center_x_original" : 1295.027099609375,
    "workpiece_center_y_original" : 1366.652099609375,
    "workpiece_radius_original" : 332.89083862304688
  },
  "original_grasp_pose" : 
  {
    "cartesian_position" : 
    {
      "orientation" : 
      {
        "w" : 1.2341018398212091e-05,
        "x" : 0.7071129517226632,
        "y" : 0.70710060951958975,
        "z" : -3.7024132164858759e-05
      },
      "position" : 
      {
        "x" : 0,
        "y" : 490.00099999999998,
        "z" : 720.00300000000004
      }
    }
  },
  "original_preparation_pose" : 
  {
    "cartesian_position" : 
    {
      "orientation" : 
      {
        "w" : 2.7090237893990233e-05,
        "x" : -0.020994767079555353,
        "y" : 0.99977958429147118,
        "z" : -4.3073972129874293e-05
      },
      "position" : 
      {
        "x" : -47.427999999999997,
        "y" : 504.07499999999999,
        "z" : -8.7149999999999999
      }
    }
  },
  "rotation_angle_deg" : -17.641862917482218,
  "rotation_angle_rad" : -0.30790859409555738,
  "standardized_grasp_pose" : 
  {
    "cartesian_position" : 
    {
      "orientation" : 
      {
        "w" : -2.2856173224820795e-05,
        "x" : 0.59031970111269516,
        "y" : 0.80716908450610325,
        "z" : 0.00084792298746357573
      },
      "position" : 
      {
        "x" : 17.045321608604887,
        "y" : 489.8360483116403,
        "z" : 719.92978525043782
      }
    }
  },
  "standardized_preparation_pose" : 
  {
    "cartesian_position" : 
    {
      "orientation" : 
      {
        "w" : 0.00064226171199197708,
        "x" : -0.17405691013555671,
        "y" : 0.98473520162296058,
        "z" : 0.00060184594625758677
      },
      "position" : 
      {
        "x" : -43.465102970915737,
        "y" : 496.91679166552183,
        "z" : -8.7596624133537944
      }
    }
  }
}