{
  "header": {
    "stamp": {
      "sec": 1763260430,
      "nanosec": 91389195
    },
    "frame_id": "robot_base"
  },
  "is_online": true,
  "enable": false,
  "in_motion": false,
  "joint_position_deg": [
    81.532,
    48.767,
    27.982,
    -0.015,
    13.255,
    -100.857
  ],
  "joint_position_rad": [
    1.4230018457360165,
    0.8511447163200747,
    0.4883780312930533,
    -0.0002617993877991494,
    0.2313433923518484,
    -1.760286723683921
  ],
  "cartesian_position": {
    "position": {
      "x": 75.787,
      "y": 506.29,
      "z": -22.532
    },
    "orientation": {
      "x": -0.020977317866419872,
      "y": 0.999779950904834,
      "z": -3.4349718969354246e-05,
      "w": 2.690642447575502e-05
    },
    "euler_orientation_rpy_deg": [
      -179.996,
      0.003,
      -177.596
    ],
    "euler_orientation_rpy_rad": [
      -3.1415228404197135,
      5.235987755982989e-05,
      -3.0996349383718496
    ]
  }
}