{
  "header": {
    "stamp": {
      "sec": 1763260356,
      "nanosec": 893124800
    },
    "frame_id": "robot_base"
  },
  "is_online": true,
  "enable": false,
  "in_motion": false,
  "joint_position_deg": [
    95.421,
    46.564,
    29.463,
    -0.01,
    13.978,
    -86.976
  ],
  "joint_position_rad": [
    1.6654106255455092,
    0.8126951128986396,
    0.5142263575150893,
    -0.00017453292519943296,
    0.2439621228437674,
    -1.518017570214588
  ],
  "cartesian_position": {
    "position": {
      "x": -47.428,
      "y": 504.075,
      "z": -8.715
    },
    "orientation": {
      "x": -0.020994767079555353,
      "y": 0.9997795842914712,
      "z": -4.307397212987429e-05,
      "w": 2.7090237893990233e-05
    },
    "euler_orientation_rpy_deg": [
      -179.995,
      0.003,
      -177.594
    ],
    "euler_orientation_rpy_rad": [
      -3.141505387127194,
      5.235987755982989e-05,
      -3.0996000317868093
    ]
  }
}