{
  "header": {
    "stamp": {
      "sec": 1763460058,
      "nanosec": 960498968
    },
    "frame_id": "robot_base"
  },
  "is_online": true,
  "enable": false,
  "in_motion": false,
  "joint_position_deg": [
    94.237,
    51.426,
    24.617,
    1.402,
    15.001,
    -82.159
  ],
  "joint_position_rad": [
    1.644745927201896,
    0.897553021130604,
    0.42964770196344415,
    0.0244695161129605,
    0.26181684109166936,
    -1.4339450601460215
  ],
  "cartesian_position": {
    "position": {
      "x": -39.865,
      "y": 523.98,
      "z": -35.628
    },
    "orientation": {
      "x": -0.04327895559286241,
      "y": -0.9990167551263492,
      "z": 0.009386836393874727,
      "w": 0.00208381432126864
    },
    "euler_orientation_rpy_deg": [
      -178.915,
      -0.192,
      175.037
    ],
    "euler_orientation_rpy_rad": [
      -3.1226558312056545,
      -0.003351032163829113,
      3.0549719628133145
    ]
  }
}