{
  "header": {
    "stamp": {
      "sec": 1770185632,
      "nanosec": 181891340
    },
    "frame_id": "base_link"
  },
  "is_online": true,
  "enable": true,
  "in_motion": false,
  "joint_position_deg": [
    0.6834554621387742,
    -4.6457781333399595,
    121.19054629277247,
    35.892818258240844,
    89.96574227560139,
    0.7399822677923583
  ],
  "joint_position_rad": [
    0.011928548105061054,
    -0.08108412474393845,
    2.1151740550994873,
    0.626447856426239,
    1.5701984167099,
    0.012915126979351044
  ],
  "cartesian_position": {
    "position": {
      "x": 0.4418778419494629,
      "y": -0.11629363894462585,
      "z": 0.19112326204776764
    },
    "orientation": {
      "x": -0.7071067811865476,
      "y": -0.7071067811865476,
      "z": 0.0,
      "w": 0.0
    },
    "euler_orientation_rpy_rad": [
      -3.141592653589793,
      0.0,
      1.5707963267948966
    ],
    "euler_orientation_rpy_deg": [
      -180.0,
      0.0,
      90.0
    ]
  }
}