{
  "header": {
    "stamp": {
      "sec": 1763460042,
      "nanosec": 123775823
    },
    "frame_id": "robot_base"
  },
  "is_online": true,
  "enable": true,
  "in_motion": false,
  "joint_position_deg": [
    94.237,
    45.498,
    26.525,
    1.114,
    19.021,
    -81.858
  ],
  "joint_position_rad": [
    1.644745927201896,
    0.79408990307238,
    0.4629485840914959,
    0.01944296786721683,
    0.33197907702184143,
    -1.4286916190975183
  ],
  "cartesian_position": {
    "position": {
      "x": -39.865,
      "y": 523.98,
      "z": 8.497
    },
    "orientation": {
      "x": -0.04327895559286241,
      "y": -0.9990167551263492,
      "z": 0.009386836393874727,
      "w": 0.00208381432126864
    },
    "euler_orientation_rpy_deg": [
      -178.915,
      -0.192,
      175.037
    ],
    "euler_orientation_rpy_rad": [
      -3.1226558312056545,
      -0.003351032163829113,
      3.0549719628133145
    ]
  }
}