{
  "feature_parameters": {
    "workpiece_center_x_original": 260.5,
    "workpiece_center_y_original": 112.5,
    "workpiece_radius_original": 49.78463363647461,
    "workpiece_area": 1210.0,
    "valve_center_x": 239.0,
    "valve_center_y": 87.5,
    "valve_radius": 18.062490463256836,
    "valve_area": 381.0,
    "standardized_angle_rad": -2.281067334281583,
    "standardized_angle_deg": -130.69553103949204,
    "final_workpiece_radius": 49.78463363647461,
    "crop_x": 210.0,
    "crop_y": 62.0,
    "crop_width": 100.0,
    "crop_height": 100.0,
    "rotation_angle_rad": 0.0,
    "rotation_angle_deg": 0.0,
    "final_valve_center_x": 29.0,
    "final_valve_center_y": 25.5
  },
  "original_grasp_pose": {
    "cartesian_position": {
      "position": {
        "x": 0.4418778419494629,
        "y": -0.11629363894462585,
        "z": 0.19112326204776764
      },
      "orientation": {
        "x": 0.7071067811865477,
        "y": 0.7071067811865476,
        "z": 0.0,
        "w": -0.0
      }
    }
  },
  "standardized_grasp_pose": {
    "cartesian_position": {
      "position": {
        "x": 0.4418778419494629,
        "y": -0.11629363894462583,
        "z": 0.1911232620477677
      },
      "orientation": {
        "x": 0.7071067811865477,
        "y": 0.7071067811865476,
        "z": 5.366526958391809e-19,
        "w": 0.0
      }
    }
  },
  "original_preparation_pose": {
    "cartesian_position": {
      "position": {
        "x": 0.4419867694377899,
        "y": -0.11688749492168427,
        "z": 0.3544745147228241
      },
      "orientation": {
        "x": 0.7071067811865477,
        "y": 0.7071067811865476,
        "z": 0.0,
        "w": -0.0
      }
    }
  },
  "standardized_preparation_pose": {
    "cartesian_position": {
      "position": {
        "x": 0.44198676943779,
        "y": -0.11688749492168422,
        "z": 0.3544745147228241
      },
      "orientation": {
        "x": 0.7071067811865477,
        "y": 0.7071067811865476,
        "z": 5.366526958391809e-19,
        "w": 0.0
      }
    }
  }
}