{
  "header": {
    "stamp": {
      "sec": 1763262412,
      "nanosec": 860346526
    },
    "frame_id": "robot_base"
  },
  "is_online": true,
  "enable": true,
  "in_motion": false,
  "joint_position_deg": [
    90.045,
    4.963,
    -23.387,
    0.002,
    108.428,
    0.047
  ],
  "joint_position_rad": [
    1.571581724958294,
    0.08662069077647858,
    -0.40818015216391385,
    3.490658503988659e-05,
    1.8924256013524114,
    0.0008203047484373349
  ],
  "cartesian_position": {
    "position": {
      "x": 0,
      "y": 490.001,
      "z": 720.003
    },
    "orientation": {
      "x": -0.7071129517226632,
      "y": -0.7071006095195898,
      "z": 3.702413216485876e-05,
      "w": -1.2341018398212088e-05
    },
    "euler_orientation_rpy_deg": [
      -179.998,
      0.004,
      89.999
    ],
    "euler_orientation_rpy_rad": [
      -3.1415577470047533,
      6.981317007977319e-05,
      1.5707788735023767
    ]
  }
}