{
  "header": {
    "stamp": {
      "sec": 1763262524,
      "nanosec": 108005169
    },
    "frame_id": "robot_base"
  },
  "is_online": true,
  "enable": false,
  "in_motion": false,
  "joint_position_deg": [
    98.918,
    49.757,
    21.449,
    0.014,
    18.795,
    76.637
  ],
  "joint_position_rad": [
    1.726444789487751,
    0.8684234759148186,
    0.37435567126026376,
    0.0002443460952792061,
    0.32803463291233426,
    1.3375679788508943
  ],
  "cartesian_position": {
    "position": {
      "x": -85.881,
      "y": 549.725,
      "z": -12.016
    },
    "orientation": {
      "x": -0.9811799305701728,
      "y": -0.1930956807969868,
      "z": 4.281205088452839e-05,
      "w": -8.425388508505357e-06
    },
    "euler_orientation_rpy_deg": [
      -180,
      0.005,
      22.267
    ],
    "euler_orientation_rpy_rad": [
      -3.141592653589793,
      8.726646259971648e-05,
      0.38863246454157735
    ]
  }
}