{
  "header": {
    "stamp": {
      "sec": 1763262533,
      "nanosec": 727784115
    },
    "frame_id": "robot_base"
  },
  "is_online": true,
  "enable": false,
  "in_motion": false,
  "joint_position_deg": [
    98.918,
    51.59,
    20.824,
    0.014,
    17.586,
    76.637
  ],
  "joint_position_rad": [
    1.726444789487751,
    0.9004153611038747,
    0.3634473634352992,
    0.0002443460952792061,
    0.30693360225572275,
    1.3375679788508943
  ],
  "cartesian_position": {
    "position": {
      "x": -85.88,
      "y": 549.73,
      "z": -26.233
    },
    "orientation": {
      "x": -0.9811782458128187,
      "y": -0.19310424295974457,
      "z": 3.59347343108985e-05,
      "w": 1.8217857774306896e-06
    },
    "euler_orientation_rpy_deg": [
      -179.999,
      0.004,
      22.268
    ],
    "euler_orientation_rpy_rad": [
      -3.141575200297273,
      6.981317007977319e-05,
      0.3886499178340973
    ]
  }
}