{
  "feature_parameters" : 
  {
    "crop_height" : 795,
    "crop_width" : 483,
    "crop_x" : 2589,
    "crop_y" : 1253,
    "final_valve_center_x" : 389.19952392578125,
    "final_valve_center_y" : 534.50860595703125,
    "final_workpiece_radius" : 400.36550903320312,
    "rotation_angle_deg" : -57.954988606340372,
    "rotation_angle_rad" : -1.0115053691364393,
    "valve_area" : 20359,
    "valve_center_x" : 3025,
    "valve_center_y" : 1598,
    "valve_radius" : 216.28001403808594,
    "workpiece_area" : 76866,
    "workpiece_center_x_original" : 2989.999755859375,
    "workpiece_center_y_original" : 1653.914306640625,
    "workpiece_radius_original" : 400.36550903320312
  },
  "original_grasp_pose" : 
  {
    "cartesian_position" : 
    {
      "orientation" : 
      {
        "w" : 1.2341018398212091e-05,
        "x" : 0.7071129517226632,
        "y" : 0.70710060951958975,
        "z" : -3.7024132164858759e-05
      },
      "position" : 
      {
        "x" : 0,
        "y" : 490.00099999999998,
        "z" : 720.00300000000004
      }
    }
  },
  "original_preparation_pose" : 
  {
    "cartesian_position" : 
    {
      "orientation" : 
      {
        "w" : 8.4253885085053586e-06,
        "x" : 0.98117993057017294,
        "y" : 0.1930956807969868,
        "z" : -4.2812050884528385e-05
      },
      "position" : 
      {
        "x" : -85.881,
        "y" : 549.72500000000002,
        "z" : -12.016
      }
    }
  },
  "rotation_angle_deg" : -57.954988606340372,
  "rotation_angle_rad" : -1.0115053691364393,
  "standardized_grasp_pose" : 
  {
    "cartesian_position" : 
    {
      "orientation" : 
      {
        "w" : -9.9940686136370507e-05,
        "x" : 0.27602908619395577,
        "y" : 0.96114530889033667,
        "z" : 0.0027620255046261026
      },
      "position" : 
      {
        "x" : 43.934090794767492,
        "y" : 524.34538973443466,
        "z" : 719.94927167670801
      }
    }
  },
  "standardized_preparation_pose" : 
  {
    "cartesian_position" : 
    {
      "orientation" : 
      {
        "w" : -0.0016325945777626908,
        "x" : 0.7647994380359262,
        "y" : 0.64426257757078564,
        "z" : 0.0022102843083154152
      },
      "position" : 
      {
        "x" : -18.469802436724066,
        "y" : 314.32347875719034,
        "z" : -13.216890234898756
      }
    }
  }
}