{
  "header": {
    "stamp": {
      "sec": 1763298658,
      "nanosec": 5714593
    },
    "frame_id": "robot_base"
  },
  "is_online": true,
  "enable": true,
  "in_motion": false,
  "joint_position_deg": [81.217, 52.572, 15.762, 0.478, 21.027, 17.571],
  "joint_position_rad": [1.4175, 0.917554, 0.275099, 0.00834267, 0.36699, 0.306672],
  "cartesian_position": {
    "position": {
      "x": 90.077,
      "y": 584.884,
      "z": -18.298
    },
    "orientation": {
      "x": -0.851709,
      "y": -0.523983,
      "z": -0.00247447,
      "w": 0.00522095
    },
    "euler_orientation_rpy_deg": [-179.639, -0.555, 63.199],
    "euler_orientation_rpy_rad": [-3.13529, -0.00968658, 1.10303]
  }
}
