{
  "header": {
    "stamp": {
      "sec": 1763298639,
      "nanosec": 189940767
    },
    "frame_id": "robot_base"
  },
  "is_online": true,
  "enable": true,
  "in_motion": false,
  "joint_position_deg": [81.217, 50.312, 16.503, 0.446, 22.546, 17.605],
  "joint_position_rad": [1.4175, 0.87811, 0.288032, 0.00778417, 0.393502, 0.307265],
  "cartesian_position": {
    "position": {
      "x": 90.079,
      "y": 584.885,
      "z": 0.246
    },
    "orientation": {
      "x": -0.851705,
      "y": -0.52399,
      "z": -0.00248643,
      "w": 0.00521811
    },
    "euler_orientation_rpy_deg": [-179.64, -0.556, 63.2],
    "euler_orientation_rpy_rad": [-3.13531, -0.00970403, 1.10305]
  }
}
