{
  "header": {
    "stamp": {
      "sec": 1763298592,
      "nanosec": 762862402
    },
    "frame_id": "robot_base"
  },
  "is_online": true,
  "enable": true,
  "in_motion": false,
  "joint_position_deg": [96.004, 51.878, 16.556, 0.007, 20.905, 32.797],
  "joint_position_rad": [1.67559, 0.905442, 0.288957, 0.000122173, 0.364861, 0.572416],
  "cartesian_position": {
    "position": {
      "x": -61.133,
      "y": 584.88,
      "z": -14.627
    },
    "orientation": {
      "x": -0.851709,
      "y": -0.523983,
      "z": -0.00247904,
      "w": 0.00521351
    },
    "euler_orientation_rpy_deg": [-179.64, -0.555, 63.199],
    "euler_orientation_rpy_rad": [-3.13531, -0.00968658, 1.10303]
  }
}
