{
  "feature_parameters" : 
  {
    "crop_height" : 605,
    "crop_width" : 605,
    "crop_x" : 1034,
    "crop_y" : 559,
    "final_valve_center_x" : 515.9476318359375,
    "final_valve_center_y" : 260.95172119140625,
    "final_workpiece_radius" : 302.05389404296875,
    "rotation_angle_deg" : 0,
    "rotation_angle_rad" : 0,
    "standardized_angle_deg" : -11.08899170965417,
    "standardized_angle_rad" : -0.19353941605982034,
    "valve_area" : 12505,
    "valve_center_x" : 1549.9476318359375,
    "valve_center_y" : 819.95172119140625,
    "valve_radius" : 106.01107025146484,
    "workpiece_area" : 57367,
    "workpiece_center_x_original" : 1336.1907958984375,
    "workpiece_center_y_original" : 861.84649658203125,
    "workpiece_radius_original" : 302.05389404296875
  },
  "original_grasp_pose" : 
  {
    "cartesian_position" : 
    {
      "orientation" : 
      {
        "w" : -0.0052255198837137641,
        "x" : 0.85170901895352735,
        "y" : 0.52398298833953161,
        "z" : 0.002481899944768978
      },
      "position" : 
      {
        "x" : -61.133000000000003,
        "y" : 584.88599999999997,
        "z" : -28.974
      }
    }
  },
  "original_preparation_pose" : 
  {
    "cartesian_position" : 
    {
      "orientation" : 
      {
        "w" : -0.0052135097586028679,
        "x" : 0.85170903943602683,
        "y" : 0.52398297573841923,
        "z" : 0.0024790398852149228
      },
      "position" : 
      {
        "x" : -61.133000000000003,
        "y" : 584.88,
        "z" : -14.627000000000001
      }
    }
  },
  "rotation_angle_deg" : 0,
  "rotation_angle_rad" : 0,
  "standardized_grasp_pose" : 
  {
    "cartesian_position" : 
    {
      "orientation" : 
      {
        "w" : -0.0052255198837137641,
        "x" : 0.85170901895352735,
        "y" : 0.52398298833953161,
        "z" : 0.0024818999447689788
      },
      "position" : 
      {
        "x" : -61.13300000000001,
        "y" : 584.88600000000008,
        "z" : -28.97400000000016
      }
    }
  },
  "standardized_preparation_pose" : 
  {
    "cartesian_position" : 
    {
      "orientation" : 
      {
        "w" : -0.0052135097586028661,
        "x" : 0.85170903943602694,
        "y" : 0.52398297573841912,
        "z" : 0.0024790398852149232
      },
      "position" : 
      {
        "x" : -61.132999999999996,
        "y" : 584.88000000000011,
        "z" : -14.627000000000066
      }
    }
  }
}