{
  "pose_index": 19,
  "pattern_size": {
    "width": 11,
    "height": 8
  },
  "square_size_mm": 20,
  "rvec": {
    "x": 0.014011907737331714,
    "y": 0.0859534789790734,
    "z": -0.0029122980279243276
  },
  "tvec": {
    "x": -84.59138516206063,
    "y": 3.613341171558243,
    "z": 491.1794412392308
  },
  "rotation_matrix": [
    [
      0.9963040983988027,
      0.0035104191841597255,
      0.08582435826092952
    ],
    [
      -0.0023068088221706584,
      0.999897657261265,
      -0.014119264729146538
    ],
    [
      -0.08586513929882636,
      0.013869100929232912,
      0.9962102317747032
    ]
  ],
  "transformation_matrix": [
    [
      0.9963040983988027,
      0.0035104191841597255,
      0.08582435826092952,
      -84.59138516206063
    ],
    [
      -0.0023068088221706584,
      0.999897657261265,
      -0.014119264729146538,
      3.613341171558243
    ],
    [
      -0.08586513929882636,
      0.013869100929232912,
      0.9962102317747032,
      491.1794412392308
    ],
    [
      0.0,
      0.0,
      0.0,
      1.0
    ]
  ],
  "orientation": {
    "x": 0.007003737624198227,
    "y": 0.04296314434419091,
    "z": -0.0014556883797278062,
    "w": 0.9990510481745628
  }
}