{
  "pose_index": 19,
  "timestamp": 1768203153.8207858,
  "joint_position": {
    "rad": [
      0.06448335945606232,
      0.028434403240680695,
      1.4451699256896973,
      -0.15495584905147552,
      1.6587079763412476,
      0.09163101017475128
    ],
    "deg": [
      3.6946243456573784,
      1.6291712986641145,
      82.80213742125446,
      -8.878316161515809,
      95.03696648903909,
      5.250070155533552
    ]
  },
  "cartesian_position": {
    "position": {
      "x": 0.46869969367980957,
      "y": -0.08321750909090042,
      "z": 0.47030436992645264
    },
    "orientation": {
      "x": -0.7159609198570251,
      "y": -0.6967559456825256,
      "z": -0.028214123100042343,
      "w": 0.033690255135297775
    }
  }
}