{
  "pose_index": 6,
  "pattern_size": {
    "width": 11,
    "height": 8
  },
  "square_size_mm": 20,
  "rvec": {
    "x": 0.3561628152128175,
    "y": -0.3258320057230329,
    "z": -0.41091349569593677
  },
  "tvec": {
    "x": -164.06383588907184,
    "y": -57.92068021885742,
    "z": 248.22551947559813
  },
  "rotation_matrix": [
    [
      0.8670355712970844,
      0.32783178239203115,
      -0.37520080031791286
    ],
    [
      -0.4400463387822371,
      0.8570346050427062,
      -0.2680501920977509
    ],
    [
      0.2336846974662377,
      0.3975147899298294,
      0.8873406639826423
    ]
  ],
  "transformation_matrix": [
    [
      0.8670355712970844,
      0.32783178239203115,
      -0.37520080031791286,
      -164.06383588907184
    ],
    [
      -0.4400463387822371,
      0.8570346050427062,
      -0.2680501920977509,
      -57.92068021885742
    ],
    [
      0.2336846974662377,
      0.3975147899298294,
      0.8873406639826423,
      248.22551947559813
    ],
    [
      0.0,
      0.0,
      0.0,
      1.0
    ]
  ],
  "orientation": {
    "x": 0.1751144641882388,
    "y": -0.16020172421277143,
    "z": -0.20203371478719315,
    "w": 0.9501856187506778
  }
}