{
  "pose_index": 6,
  "timestamp": 1768204297.1668322,
  "joint_position": {
    "rad": [
      0.3683306574821472,
      -0.0417989082634449,
      1.649317741394043,
      -0.3352981209754944,
      1.5030404329299927,
      0.8451173305511475
    ],
    "deg": [
      21.10379213900575,
      -2.3949010317498938,
      94.49894565792802,
      -19.211167210562728,
      86.11787324440466,
      48.42165623394326
    ]
  },
  "cartesian_position": {
    "position": {
      "x": 0.45756107568740845,
      "y": 0.039536312222480774,
      "z": 0.331693172454834
    },
    "orientation": {
      "x": -0.8275634050369263,
      "y": -0.5129358172416687,
      "z": 0.22798524796962738,
      "w": 0.007644024211913347
    }
  }
}