{
  "header": {
    "stamp": {
      "sec": 1763298198,
      "nanosec": 845819450
    },
    "frame_id": "robot_base"
  },
  "is_online": true,
  "enable": true,
  "in_motion": false,
  "joint_position_deg": [83.445, 53.214, 18.885, 0.004, 17.908, -106.885],
  "joint_position_rad": [1.45639, 0.92876, 0.329605, 6.98132e-05, 0.312554, -1.8655],
  "cartesian_position": {
    "position": {
      "x": 64.983,
      "y": 562.125,
      "z": -34.693
    },
    "orientation": {
      "x": -0.0899894,
      "y": 0.995943,
      "z": -5.45034e-05,
      "w": -2.13619e-05
    },
    "euler_orientation_rpy_deg": [-179.994, -0.003, -169.674],
    "euler_orientation_rpy_rad": [-3.14149, -5.23599e-05, -2.96137]
  }
}
