{
  "header": {
    "stamp": {
      "sec": 1763298157,
      "nanosec": 466943046
    },
    "frame_id": "robot_base"
  },
  "is_online": true,
  "enable": true,
  "in_motion": false,
  "joint_position_deg": [83.445, 48.601, 20.442, 0.003, 20.965, -106.891],
  "joint_position_rad": [1.45639, 0.848247, 0.35678, 5.23599e-05, 0.365908, -1.8656],
  "cartesian_position": {
    "position": {
      "x": 64.986,
      "y": 562.12,
      "z": 1.679
    },
    "orientation": {
      "x": -0.0900416,
      "y": 0.995938,
      "z": -7.26726e-05,
      "w": -2.84787e-05
    },
    "euler_orientation_rpy_deg": [-179.992, -0.004, -169.668],
    "euler_orientation_rpy_rad": [-3.14145, -6.98132e-05, -2.96127]
  }
}
