{
  "header": {
    "stamp": {
      "sec": 1763298102,
      "nanosec": 837616980
    },
    "frame_id": "robot_base"
  },
  "is_online": true,
  "enable": true,
  "in_motion": false,
  "joint_position_deg": [95.895, 51.955, 18.561, 0.008, 19.49, -94.44],
  "joint_position_rad": [1.67368, 0.906786, 0.323951, 0.000139626, 0.340165, -1.64829],
  "cartesian_position": {
    "position": {
      "x": -58.307,
      "y": 568.393,
      "z": -22.264
    },
    "orientation": {
      "x": -0.0900068,
      "y": 0.995941,
      "z": -5.45037e-05,
      "w": -2.13609e-05
    },
    "euler_orientation_rpy_deg": [-179.994, -0.003, -169.672],
    "euler_orientation_rpy_rad": [-3.14149, -5.23599e-05, -2.96134]
  }
}
