{
  "feature_parameters" : 
  {
    "crop_height" : 623,
    "crop_width" : 623,
    "crop_x" : 1065,
    "crop_y" : 706,
    "final_valve_center_x" : 510.6298828125,
    "final_valve_center_y" : 364.6669921875,
    "final_workpiece_radius" : 311.1123046875,
    "rotation_angle_deg" : 0,
    "rotation_angle_rad" : 0,
    "standardized_angle_deg" : 14.793535017691609,
    "standardized_angle_rad" : 0.25819589406779614,
    "valve_area" : 12198,
    "valve_center_x" : 1575.6298828125,
    "valve_center_y" : 1070.6669921875,
    "valve_radius" : 95.059844970703125,
    "workpiece_area" : 54872,
    "workpiece_center_x_original" : 1376.2703857421875,
    "workpiece_center_y_original" : 1018.0180053710938,
    "workpiece_radius_original" : 311.1123046875
  },
  "original_grasp_pose" : 
  {
    "cartesian_position" : 
    {
      "orientation" : 
      {
        "w" : -2.2146399168633786e-05,
        "x" : -0.090006796621183924,
        "y" : 0.99594103738719286,
        "z" : -4.5812498280218702e-05
      },
      "position" : 
      {
        "x" : -58.307000000000002,
        "y" : 568.399,
        "z" : -40.252000000000002
      }
    }
  },
  "original_preparation_pose" : 
  {
    "cartesian_position" : 
    {
      "orientation" : 
      {
        "w" : -2.1360899200376118e-05,
        "x" : -0.090006796630685657,
        "y" : 0.99594103728205452,
        "z" : -5.4503697959708614e-05
      },
      "position" : 
      {
        "x" : -58.307000000000002,
        "y" : 568.39300000000003,
        "z" : -22.263999999999999
      }
    }
  },
  "rotation_angle_deg" : 0,
  "rotation_angle_rad" : 0,
  "standardized_grasp_pose" : 
  {
    "cartesian_position" : 
    {
      "orientation" : 
      {
        "w" : -2.2146399168633766e-05,
        "x" : -0.090006796621183924,
        "y" : 0.99594103738719286,
        "z" : -4.5812498280218526e-05
      },
      "position" : 
      {
        "x" : -58.306999999999988,
        "y" : 568.399,
        "z" : -40.251999999999953
      }
    }
  },
  "standardized_preparation_pose" : 
  {
    "cartesian_position" : 
    {
      "orientation" : 
      {
        "w" : -2.1360899200375874e-05,
        "x" : -0.090006796630685657,
        "y" : 0.99594103728205452,
        "z" : -5.4503697959708722e-05
      },
      "position" : 
      {
        "x" : -58.306999999999988,
        "y" : 568.39300000000003,
        "z" : -22.263999999999896
      }
    }
  }
}