{
  "ground_truth": {
    "T_cam2gripper": [
      [
        1.0,
        0.0,
        0.0,
        50.0
      ],
      [
        0.0,
        -1.0,
        0.0,
        0.0
      ],
      [
        0.0,
        0.0,
        -1.0,
        150.0
      ],
      [
        0.0,
        0.0,
        0.0,
        1.0
      ]
    ],
    "translation": [
      50.0,
      0.0,
      150.0
    ],
    "translation_norm": 158.11388300841898
  },
  "estimated": {
    "T_cam2gripper": [
      [
        0.2090418161256774,
        -0.9754503386458024,
        -0.06926872271572604,
        81.09457161787891
      ],
      [
        0.8546522376221812,
        0.21666037080271927,
        -0.4718345435118409,
        115.8042192303693
      ],
      [
        0.47525895240203264,
        0.03943248102031954,
        0.8789618920080124,
        -403.9217365972628
      ],
      [
        0.0,
        0.0,
        0.0,
        1.0
      ]
    ],
    "translation": [
      81.09457161787891,
      115.8042192303693,
      -403.9217365972628
    ],
    "translation_norm": 427.9482632669413,
    "fixed_z": 301.5858701761887
  },
  "errors": {
    "translation_error_mm": 566.7510739739116,
    "rotation_error_deg": 160.61165798858772,
    "translation_diff_mm": [
      31.094571617878913,
      115.8042192303693,
      -553.9217365972628
    ]
  },
  "config": {
    "num_poses": 20,
    "num_pick_poses": 19,
    "mode": "Custom (XY+Z Constraint)"
  },
  "timestamp": "2026-01-10 19:26:01"
}