{
  "simulation_info": {
    "timestamp": "20260112_094216",
    "num_poses": 20,
    "description": "手眼标定完整流程模拟验证（含噪声）"
  },
  "ground_truth": {
    "T_cam2gripper": [
      [
        1.0,
        0.0,
        0.0,
        50.0
      ],
      [
        0.0,
        -1.0,
        -1.2246467991473532e-16,
        0.0
      ],
      [
        0.0,
        1.2246467991473532e-16,
        -1.0,
        150.0
      ],
      [
        0.0,
        0.0,
        0.0,
        1.0
      ]
    ],
    "translation_mm": [
      50.0,
      0.0,
      150.0
    ],
    "translation_norm_mm": 158.11388300841898
  },
  "estimated": {
    "T_cam2gripper": [
      [
        1.0,
        -1.2185187663805127e-15,
        -3.4595653333359184e-15,
        49.99999999999982
      ],
      [
        -1.2185187663805127e-15,
        -1.0,
        2.1077726410946353e-30,
        -2.983724378680108e-13
      ],
      [
        -3.4595653333359184e-15,
        2.1077726410946353e-30,
        -1.0,
        149.99999999999966
      ],
      [
        0.0,
        0.0,
        0.0,
        1.0
      ]
    ],
    "translation_mm": [
      49.99999999999982,
      -2.983724378680108e-13,
      149.99999999999966
    ],
    "translation_norm_mm": 158.11388300841858
  },
  "errors": {
    "translation_error_mm": 4.867266394275229e-13,
    "rotation_error_deg": 0.0,
    "translation_error_xyz_mm": [
      -1.7763568394002505e-13,
      -2.983724378680108e-13,
      -3.410605131648481e-13
    ],
    "ax_xb_constraint": {
      "mean_translation_error_mm": 6.299554498157327e-13,
      "mean_rotation_error_deg": 8.310022453135588e-07,
      "max_translation_error_mm": 1.048526129676288e-12,
      "max_rotation_error_deg": 2.4148365394514667e-06
    }
  },
  "calibration_details": {
    "input_poses_count": 20,
    "processed_poses_count": 1768182136049,
    "config_dir": "/home/mu/IVG/aubo_ros2_ws/src/hand_eye_calibration/hand_eye_calibration/../config"
  }
}