{
  "header": {
    "stamp": {
      "sec": 1763212446,
      "nanosec": 728662419
    },
    "frame_id": "robot_base"
  },
  "is_online": true,
  "enable": false,
  "in_motion": false,
  "joint_position_deg": [
    90.045,
    4.967,
    -23.377,
    0.002,
    108.427,
    0.046
  ],
  "joint_position_rad": [
    1.571581724958294,
    0.08669050394655835,
    -0.40800561923871437,
    3.490658503988659e-05,
    1.8924081480598918,
    0.0008028514559173916
  ],
  "cartesian_position": {
    "position": {
      "x": 0.004,
      "y": 490.07,
      "z": 866.202
    },
    "orientation": {
      "x": -0.7071067751285058,
      "y": -0.7071067714667559,
      "z": 0.00011724274366421163,
      "w": -9.256006094728954e-05
    },
    "euler_orientation_rpy_deg": [
      -179.998,
      0.017,
      90
    ],
    "euler_orientation_rpy_rad": [
      -3.1415577470047533,
      0.000296705972839036,
      1.5707963267948966
    ]
  }
}