{
  "feature_parameters" : 
  {
    "crop_height" : 591,
    "crop_width" : 591,
    "crop_x" : 1198,
    "crop_y" : 968,
    "final_valve_center_x" : 477.00027465820312,
    "final_valve_center_y" : 295.5,
    "final_workpiece_radius" : 295.08059692382812,
    "rotation_angle_deg" : 0.072638503653776609,
    "rotation_angle_rad" : 0.0012677810524803332,
    "valve_area" : 13796,
    "valve_center_x" : 1675.0001220703125,
    "valve_center_y" : 1263.7301025390625,
    "valve_radius" : 92.796035766601562,
    "workpiece_area" : 56575,
    "workpiece_center_x_original" : 1493.5,
    "workpiece_center_y_original" : 1263.5,
    "workpiece_radius_original" : 295.08059692382812
  },
  "original_grasp_pose" : 
  {
    "cartesian_position" : 
    {
      "orientation" : 
      {
        "w" : -1.1279899654133564e-05,
        "x" : 0.058862098195159113,
        "y" : 0.99826603060902264,
        "z" : -4.3043898680179767e-05
      },
      "position" : 
      {
        "x" : -14.324999999999999,
        "y" : 526.61300000000006,
        "z" : -21.364000000000001
      }
    }
  },
  "original_preparation_pose" : 
  {
    "cartesian_position" : 
    {
      "orientation" : 
      {
        "w" : -1.1279899654133564e-05,
        "x" : 0.058862098195159113,
        "y" : 0.99826603060902264,
        "z" : -4.3043898680179767e-05
      },
      "position" : 
      {
        "x" : -14.324999999999999,
        "y" : 526.61400000000003,
        "z" : -6.516
      }
    }
  },
  "rotation_angle_deg" : 0.072638503653776609,
  "rotation_angle_rad" : 0.0012677810524803332,
  "standardized_grasp_pose" : 
  {
    "cartesian_position" : 
    {
      "orientation" : 
      {
        "w" : -1.3271664471810328e-05,
        "x" : 0.059494868160190402,
        "y" : 0.99822851834029735,
        "z" : -4.588936641264184e-05
      },
      "position" : 
      {
        "x" : -14.322692292964462,
        "y" : 526.62846177297706,
        "z" : -21.363958015517483
      }
    }
  },
  "standardized_preparation_pose" : 
  {
    "cartesian_position" : 
    {
      "orientation" : 
      {
        "w" : -1.3271664471810328e-05,
        "x" : 0.059494868160190402,
        "y" : 0.99822851834029735,
        "z" : -4.588936641264184e-05
      },
      "position" : 
      {
        "x" : -14.323170105038276,
        "y" : 526.62969402404337,
        "z" : -6.5159551760808654
      }
    }
  }
}