{
  "header": {
    "stamp": {
      "sec": 1762348508,
      "nanosec": 525219870
    },
    "frame_id": "robot_base"
  },
  "is_online": true,
  "enable": true,
  "in_motion": false,
  "joint_position_deg": [92.31, 52.53, 20.374, -4.779, 17.217, -99.419],
  "joint_position_rad": [1.61111, 0.916821, 0.355593, -0.0834093, 0.300493, -1.73519],
  "cartesian_position": {
    "position": {
      "x": -16.487,
      "y": 556.694,
      "z": -33.1
    },
    "orientation": {
      "x": -0.141713,
      "y": 0.989831,
      "z": -0.0018122,
      "w": 0.0122132
    },
    "euler_orientation_rpy_deg": [-179.596, 1.356, -163.7],
    "euler_orientation_rpy_rad": [-3.13454, 0.0236667, -2.8571]
  }
}
