[INFO] [launch]: All log files can be found below /home/mu/.ros/log/2026-09-30-17-35-45-632330-mu-MS-7E34-1294287
[INFO] [launch]: Default logging verbosity is set to INFO
[preflight] ROS_DOMAIN_ID=71
WARNING:root:[33;20mtrajectory_execution: `Parameter file_path is undefined and no matches for /home/mu/Desktop/aubo_e5_jazzy_ws/install/aubo_e5_moveit_config/share/aubo_e5_moveit_config/config/*_controllers.yaml[0m
[WARN] [1790760946.042518030] [rcl]: ROS_LOCALHOST_ONLY is deprecated but still honored if it is enabled. Use ROS_AUTOMATIC_DISCOVERY_RANGE and ROS_STATIC_PEERS instead.
[WARN] [1790760946.042533952] [rcl]: 'localhost_only' is disabled, 'automatic_discovery_range' and 'static_peers' will be used.
[INFO] [serial_imu_node-10]: process started with pid [1294387]
[INFO] [imu_follow_node-12]: process started with pid [1294391]
[INFO] [stereo_camera_node-1]: process started with pid [1294378]
[INFO] [peach_scene_obstacles-2]: process started with pid [1294379]
[INFO] [robot_state_publisher-3]: process started with pid [1294380]
[INFO] [ros2_control_node-4]: process started with pid [1294381]
[INFO] [spawner-5]: process started with pid [1294382]
[INFO] [spawner-6]: process started with pid [1294383]
[INFO] [move_group-7]: process started with pid [1294384]
[INFO] [rviz2-8]: process started with pid [1294385]
[INFO] [extrinsics_publisher-9]: process started with pid [1294386]
[INFO] [servo_node-11]: process started with pid [1294388]
[INFO] [peach_harvester-13]: process started with pid [1294392]
[INFO] [peach_arm-14]: process started with pid [1294393]
[INFO] [peach_observability-15]: process started with pid [1294394]
[INFO] [lifecycle_manager-16]: process started with pid [1294395]
[INFO] [peach_lifecycle_flag_bridge-17]: process started with pid [1294422]
[robot_state_publisher-3] [WARN] [1790760946.167646057] [rcl]: ROS_LOCALHOST_ONLY is deprecated but still honored if it is enabled. Use ROS_AUTOMATIC_DISCOVERY_RANGE and ROS_STATIC_PEERS instead.
[robot_state_publisher-3] [WARN] [1790760946.167653395] [rcl]: 'localhost_only' is disabled, 'automatic_discovery_range' and 'static_peers' will be used.
[ros2_control_node-4] [WARN] [1790760946.170572970] [rcl]: ROS_LOCALHOST_ONLY is deprecated but still honored if it is enabled. Use ROS_AUTOMATIC_DISCOVERY_RANGE and ROS_STATIC_PEERS instead.
[ros2_control_node-4] [WARN] [1790760946.170582246] [rcl]: 'localhost_only' is disabled, 'automatic_discovery_range' and 'static_peers' will be used.
[servo_node-11] [WARN] [1790760946.170587911] [rcl]: ROS_LOCALHOST_ONLY is deprecated but still honored if it is enabled. Use ROS_AUTOMATIC_DISCOVERY_RANGE and ROS_STATIC_PEERS instead.
[servo_node-11] [WARN] [1790760946.170596005] [rcl]: 'localhost_only' is disabled, 'automatic_discovery_range' and 'static_peers' will be used.
[lifecycle_manager-16] [WARN] [1790760946.176587707] [rcl]: ROS_LOCALHOST_ONLY is deprecated but still honored if it is enabled. Use ROS_AUTOMATIC_DISCOVERY_RANGE and ROS_STATIC_PEERS instead.
[lifecycle_manager-16] [WARN] [1790760946.176598764] [rcl]: 'localhost_only' is disabled, 'automatic_discovery_range' and 'static_peers' will be used.
[robot_state_publisher-3] [INFO] [1790760946.184221716] [robot_state_publisher]: Robot initialized
[rviz2-8] [WARN] [1790760946.195763231] [rcl]: ROS_LOCALHOST_ONLY is deprecated but still honored if it is enabled. Use ROS_AUTOMATIC_DISCOVERY_RANGE and ROS_STATIC_PEERS instead.
[rviz2-8] [WARN] [1790760946.195776536] [rcl]: 'localhost_only' is disabled, 'automatic_discovery_range' and 'static_peers' will be used.
[lifecycle_manager-16] [INFO] [1790760946.201958372] [peach_lifecycle_manager]: Creating
[peach_arm-14] [WARN] [1790760946.204507011] [rcl]: ROS_LOCALHOST_ONLY is deprecated but still honored if it is enabled. Use ROS_AUTOMATIC_DISCOVERY_RANGE and ROS_STATIC_PEERS instead.
[peach_arm-14] [WARN] [1790760946.204525524] [rcl]: 'localhost_only' is disabled, 'automatic_discovery_range' and 'static_peers' will be used.
[ros2_control_node-4] [INFO] [1790760946.204779713] [controller_manager]: Using Steady (Monotonic) clock for triggering controller manager cycles.
[lifecycle_manager-16] [INFO] [1790760946.205008941] [peach_lifecycle_manager]: [34m[1mCreating and initializing lifecycle service clients[0m[0m
[move_group-7] [WARN] [1790760946.208455277] [rcl]: ROS_LOCALHOST_ONLY is deprecated but still honored if it is enabled. Use ROS_AUTOMATIC_DISCOVERY_RANGE and ROS_STATIC_PEERS instead.
[move_group-7] [WARN] [1790760946.210448675] [rcl]: 'localhost_only' is disabled, 'automatic_discovery_range' and 'static_peers' will be used.
[servo_node-11] [WARN] [1790760946.214272574] [rcl.logging_rosout]: Publisher already registered for node name: 'moveit_servo'. If this is due to multiple nodes with the same name then all logs for the logger named 'moveit_servo' will go out over the existing publisher. As soon as any node with that name is destructed it will unregister the publisher, preventing any further logs for that name from being published on the rosout topic.
[servo_node-11] [INFO] [1790760946.216057726] [moveit_servo]: Enabled SCHED_FIFO and higher thread priority.
[servo_node-11] [WARN] [1790760946.216123072] [moveit_servo]: Realtime kernel is recommended for better performance.
[ros2_control_node-4] [INFO] [1790760946.218799087] [controller_manager]: Subscribing to '/robot_description' topic for robot description.
[ros2_control_node-4] [INFO] [1790760946.218860872] [controller_manager]: update rate is 200 Hz
[ros2_control_node-4] [INFO] [1790760946.218865287] [controller_manager]: Overruns handling is : enabled
[ros2_control_node-4] [INFO] [1790760946.218868268] [controller_manager]: Spawning controller_manager RT thread with scheduler priority: 50
[ros2_control_node-4] [INFO] [1790760946.218922871] [controller_manager]: Successful set up FIFO RT scheduling policy with priority 50.
[servo_node-11] [INFO] [1790760946.221046186] [moveit_servo.moveit_servo.moveit.ros.rdf_loader]: Loaded robot model in 0.00439027 seconds
[servo_node-11] [INFO] [1790760946.221092420] [moveit_servo.moveit_servo.moveit.core.robot_model]: Loading robot model 'aubo_e5'...
[servo_node-11] [INFO] [1790760946.221098791] [moveit_servo.moveit_servo.moveit.core.robot_model]: No root/virtual joint specified in SRDF. Assuming fixed joint
[ros2_control_node-4] [INFO] [1790760946.230686116] [controller_manager]: Received robot description from topic.
[ros2_control_node-4] [INFO] [1790760946.230733858] [controller_manager]: Enforcing command limits is disabled. Command limits from URDF will be ignored.
[ros2_control_node-4] [INFO] [1790760946.233007085] [controller_manager]: Loading hardware 'AuboE5System' 
[ros2_control_node-4] [INFO] [1790760946.233406131] [controller_manager]: Loaded hardware 'AuboE5System' from plugin 'mock_components/GenericSystem'
[ros2_control_node-4] [INFO] [1790760946.233457886] [controller_manager]: Initialize hardware 'AuboE5System' 
[peach_arm-14] [WARN] [1790760946.235089810] [rcl.logging_rosout]: Publisher already registered for node name: 'peach_arm'. If this is due to multiple nodes with the same name then all logs for the logger named 'peach_arm' will go out over the existing publisher. As soon as any node with that name is destructed it will unregister the publisher, preventing any further logs for that name from being published on the rosout topic.
[ros2_control_node-4] [INFO] [1790760946.236878860] [controller_manager]: Successful initialization of hardware 'AuboE5System'
[move_group-7] [INFO] [1790760946.237020749] [move_group.moveit.moveit.ros.rdf_loader]: Loaded robot model in 0.00172398 seconds
[move_group-7] [INFO] [1790760946.237088865] [move_group.moveit.moveit.core.robot_model]: Loading robot model 'aubo_e5'...
[move_group-7] [INFO] [1790760946.237098188] [move_group.moveit.moveit.core.robot_model]: No root/virtual joint specified in SRDF. Assuming fixed joint
[ros2_control_node-4] [INFO] [1790760946.237304015] [controller_manager]: Activating component 'AuboE5System'.
[ros2_control_node-4] [INFO] [1790760946.237316336] [resource_manager]: 'configure' hardware 'AuboE5System' 
[ros2_control_node-4] [INFO] [1790760946.237326413] [resource_manager]: Successful 'configure' of hardware 'AuboE5System'
[ros2_control_node-4] [INFO] [1790760946.237341447] [resource_manager]: 'activate' hardware 'AuboE5System' 
[ros2_control_node-4] [INFO] [1790760946.237347092] [resource_manager]: Successful 'activate' of hardware 'AuboE5System'
[ros2_control_node-4] [INFO] [1790760946.237402839] [controller_manager]: Registering statistics for : AuboE5System
[ros2_control_node-4] [INFO] [1790760946.237436796] [controller_manager]: Resource Manager has been successfully initialized. Starting Controller Manager services...
[peach_arm-14] [WARN] [1790760946.237605730] [peach_arm]: scan.protected_zones 丢弃畸形盒: 盒#0 存在 min>=max 的轴（空盒/退化盒），已丢弃
[servo_node-11] [INFO] [1790760946.242175290] [moveit_servo.moveit_servo.moveit.kinematics.kdl_kinematics_plugin]: Joint weights for group 'manipulator_e5': 1 1 1 1 1 1
[move_group-7] [INFO] [1790760946.258012148] [move_group.moveit.moveit.kinematics.kdl_kinematics_plugin]: Joint weights for group 'manipulator_e5': 1 1 1 1 1 1
[stereo_camera_node-1] [WARN] [1790760946.274334621] [rcl]: ROS_LOCALHOST_ONLY is deprecated but still honored if it is enabled. Use ROS_AUTOMATIC_DISCOVERY_RANGE and ROS_STATIC_PEERS instead.
[stereo_camera_node-1] [WARN] [1790760946.274349614] [rcl]: 'localhost_only' is disabled, 'automatic_discovery_range' and 'static_peers' will be used.
[stereo_camera_node-1] [INFO] [1790760946.304125325] [camera.peach_stereo_camera_node]: color camera_info override from /home/mu/Desktop/aubo_e5_jazzy_ws/install/percipio_camera/share/percipio_camera/config/color_camera_info.yaml (camera=camera_color)
[servo_node-11] [INFO] [1790760946.307129006] [moveit_servo.moveit_servo.moveit.ros.current_state_monitor]: Listening to joint states on topic '/joint_states'
[servo_node-11] [INFO] [1790760946.310627616] [moveit_servo.moveit_servo.moveit.ros.planning_scene_monitor]: Listening to '/attached_collision_object' for attached collision objects
[servo_node-11] [INFO] [1790760946.310649169] [moveit_servo.moveit_servo.moveit.ros.planning_scene_monitor]: Starting planning scene monitor
[servo_node-11] [INFO] [1790760946.312094853] [moveit_servo.moveit_servo.moveit.ros.planning_scene_monitor]: Listening to '/planning_scene'
[servo_node-11] [INFO] [1790760946.312109736] [moveit_servo.moveit_servo.moveit.ros.planning_scene_monitor]: Starting world geometry update monitor for collision objects, attached objects, octomap updates.
[servo_node-11] [INFO] [1790760946.312311488] [moveit_servo.moveit_servo.moveit.ros.planning_scene_monitor]: Listening to 'collision_object'
[servo_node-11] [INFO] [1790760946.312478446] [moveit_servo.moveit_servo.moveit.ros.planning_scene_monitor]: Listening to 'planning_scene_world' for planning scene world geometry
[stereo_camera_node-1] [INFO] [1790760946.318398531] [camera.peach_stereo_camera_node]: interface list: status=0 count=4
[move_group-7] [INFO] [1790760946.330138023] [move_group.moveit.moveit.ros.planning_scene_monitor]: Publishing maintained planning scene on 'monitored_planning_scene'
[move_group-7] [INFO] [1790760946.330254895] [move_group.moveit.moveit.ros.moveit_cpp]: Listening to 'joint_states' for joint states
[move_group-7] [INFO] [1790760946.330692146] [move_group.moveit.moveit.ros.current_state_monitor]: Listening to joint states on topic 'joint_states'
[move_group-7] [INFO] [1790760946.330907331] [move_group.moveit.moveit.ros.planning_scene_monitor]: Listening to '/attached_collision_object' for attached collision objects
[move_group-7] [INFO] [1790760946.330913687] [move_group.moveit.moveit.ros.planning_scene_monitor]: Stopping existing planning scene publisher.
[move_group-7] [INFO] [1790760946.330981343] [move_group.moveit.moveit.ros.planning_scene_monitor]: Stopped publishing maintained planning scene.
[move_group-7] [INFO] [1790760946.331147902] [move_group.moveit.moveit.ros.planning_scene_monitor]: Publishing maintained planning scene on 'monitored_planning_scene'
[move_group-7] [INFO] [1790760946.331185160] [move_group.moveit.moveit.ros.planning_scene_monitor]: Starting planning scene monitor
[move_group-7] [INFO] [1790760946.331331580] [move_group.moveit.moveit.ros.planning_scene_monitor]: Listening to '/planning_scene'
[move_group-7] [INFO] [1790760946.331336330] [move_group.moveit.moveit.ros.planning_scene_monitor]: Starting world geometry update monitor for collision objects, attached objects, octomap updates.
[move_group-7] [INFO] [1790760946.331645904] [move_group.moveit.moveit.ros.planning_scene_monitor]: Listening to 'collision_object'
[move_group-7] [INFO] [1790760946.331786329] [move_group.moveit.moveit.ros.planning_scene_monitor]: Listening to 'planning_scene_world' for planning scene world geometry
[move_group-7] [WARN] [1790760946.332956699] [move_group.moveit.moveit.ros.occupancy_map_monitor]: Resolution not specified for Octomap. Assuming resolution = 0.1 instead
[move_group-7] [ERROR] [1790760946.332970360] [move_group.moveit.moveit.ros.occupancy_map_monitor]: No 3D sensor plugin(s) defined for octomap updates
[spawner-6] [WARN] [1790760946.342853190] [rcl]: ROS_LOCALHOST_ONLY is deprecated but still honored if it is enabled. Use ROS_AUTOMATIC_DISCOVERY_RANGE and ROS_STATIC_PEERS instead.
[spawner-6] [WARN] [1790760946.342861583] [rcl]: 'localhost_only' is disabled, 'automatic_discovery_range' and 'static_peers' will be used.
[spawner-5] [WARN] [1790760946.361613795] [rcl]: ROS_LOCALHOST_ONLY is deprecated but still honored if it is enabled. Use ROS_AUTOMATIC_DISCOVERY_RANGE and ROS_STATIC_PEERS instead.
[spawner-5] [WARN] [1790760946.361621569] [rcl]: 'localhost_only' is disabled, 'automatic_discovery_range' and 'static_peers' will be used.
[ros2_control_node-4] [WARN] [1790760946.363762938] [controller_manager]: Overrun detected! The controller manager missed its desired rate of 200 Hz. The loop took 9.776401 ms (missed cycles : 2).
[move_group-7] [INFO] [1790760946.382546895] [move_group.moveit.moveit.ros.planning_pipeline]: Successfully loaded planner 'OMPL'
[move_group-7] [INFO] [1790760946.383638828] [move_group]: Try loading adapter 'default_planning_request_adapters/ResolveConstraintFrames'
[move_group-7] [INFO] [1790760946.385029253] [move_group]: Loaded adapter 'default_planning_request_adapters/ResolveConstraintFrames'
[move_group-7] [INFO] [1790760946.385049883] [move_group]: Try loading adapter 'default_planning_request_adapters/ValidateWorkspaceBounds'
[move_group-7] [INFO] [1790760946.385588610] [move_group]: Loaded adapter 'default_planning_request_adapters/ValidateWorkspaceBounds'
[move_group-7] [INFO] [1790760946.385599813] [move_group]: Try loading adapter 'default_planning_request_adapters/CheckStartStateBounds'
[move_group-7] [INFO] [1790760946.385619958] [move_group]: Loaded adapter 'default_planning_request_adapters/CheckStartStateBounds'
[move_group-7] [INFO] [1790760946.385622958] [move_group]: Try loading adapter 'default_planning_request_adapters/CheckStartStateCollision'
[move_group-7] [INFO] [1790760946.385629734] [move_group]: Loaded adapter 'default_planning_request_adapters/CheckStartStateCollision'
[move_group-7] [INFO] [1790760946.386508518] [move_group]: Try loading adapter 'default_planning_response_adapters/AddTimeOptimalParameterization'
[move_group-7] [INFO] [1790760946.389865726] [move_group]: Loaded adapter 'default_planning_response_adapters/AddTimeOptimalParameterization'
[move_group-7] [INFO] [1790760946.389883492] [move_group]: Try loading adapter 'default_planning_response_adapters/AddRuckigTrajectorySmoothing'
[move_group-7] [INFO] [1790760946.389898203] [move_group]: Loaded adapter 'default_planning_response_adapters/AddRuckigTrajectorySmoothing'
[move_group-7] [INFO] [1790760946.389900032] [move_group]: Try loading adapter 'default_planning_response_adapters/ValidateSolution'
[move_group-7] [INFO] [1790760946.395798106] [move_group]: Loaded adapter 'default_planning_response_adapters/ValidateSolution'
[move_group-7] [INFO] [1790760946.398297984] [move_group.moveit.moveit.planners.pilz.joint_limits_aggregator]: Reading limits from namespace robot_description_planning
[move_group-7] [INFO] [1790760946.399926778] [move_group.moveit.moveit.planners.pilz.command_planner]: Available plugins: pilz_industrial_motion_planner/PlanningContextLoaderCIRC pilz_industrial_motion_planner/PlanningContextLoaderLIN pilz_industrial_motion_planner/PlanningContextLoaderPTP 
[move_group-7] [INFO] [1790760946.399943493] [move_group.moveit.moveit.planners.pilz.command_planner]: About to load: pilz_industrial_motion_planner/PlanningContextLoaderCIRC
[move_group-7] [INFO] [1790760946.400966594] [move_group.moveit.moveit.planners.pilz.command_planner]: Registered Algorithm [CIRC]
[move_group-7] [INFO] [1790760946.400984422] [move_group.moveit.moveit.planners.pilz.command_planner]: About to load: pilz_industrial_motion_planner/PlanningContextLoaderLIN
[move_group-7] [INFO] [1790760946.401704346] [move_group.moveit.moveit.planners.pilz.command_planner]: Registered Algorithm [LIN]
[move_group-7] [INFO] [1790760946.401717509] [move_group.moveit.moveit.planners.pilz.command_planner]: About to load: pilz_industrial_motion_planner/PlanningContextLoaderPTP
[move_group-7] [INFO] [1790760946.402399040] [move_group.moveit.moveit.planners.pilz.command_planner]: Registered Algorithm [PTP]
[move_group-7] [INFO] [1790760946.402416910] [move_group.moveit.moveit.ros.planning_pipeline]: Successfully loaded planner 'Pilz Industrial Motion Planner'
[move_group-7] [INFO] [1790760946.403406085] [move_group]: Try loading adapter 'default_planning_request_adapters/ResolveConstraintFrames'
[move_group-7] [INFO] [1790760946.403519552] [move_group]: Loaded adapter 'default_planning_request_adapters/ResolveConstraintFrames'
[move_group-7] [INFO] [1790760946.403523590] [move_group]: Try loading adapter 'default_planning_request_adapters/ValidateWorkspaceBounds'
[move_group-7] [INFO] [1790760946.403748105] [move_group]: Loaded adapter 'default_planning_request_adapters/ValidateWorkspaceBounds'
[move_group-7] [INFO] [1790760946.403753349] [move_group]: Try loading adapter 'default_planning_request_adapters/CheckStartStateBounds'
[move_group-7] [INFO] [1790760946.403763798] [move_group]: Loaded adapter 'default_planning_request_adapters/CheckStartStateBounds'
[move_group-7] [INFO] [1790760946.403766221] [move_group]: Try loading adapter 'default_planning_request_adapters/CheckStartStateCollision'
[move_group-7] [INFO] [1790760946.403772923] [move_group]: Loaded adapter 'default_planning_request_adapters/CheckStartStateCollision'
[move_group-7] [INFO] [1790760946.404708146] [move_group]: Try loading adapter 'default_planning_response_adapters/ValidateSolution'
[move_group-7] [INFO] [1790760946.405339816] [move_group]: Loaded adapter 'default_planning_response_adapters/ValidateSolution'
[peach_lifecycle_flag_bridge-17] [WARN] [1790760946.405474324] [rcl]: ROS_LOCALHOST_ONLY is deprecated but still honored if it is enabled. Use ROS_AUTOMATIC_DISCOVERY_RANGE and ROS_STATIC_PEERS instead.
[peach_lifecycle_flag_bridge-17] [WARN] [1790760946.405481194] [rcl]: 'localhost_only' is disabled, 'automatic_discovery_range' and 'static_peers' will be used.
[move_group-7] [INFO] [1790760946.407999311] [move_group.moveit.moveit.ros.planning_pipeline]: Successfully loaded planner 'STOMP'
[spawner-6] [INFO] [1790760946.408729493] [spawner_joint_trajectory_controller]: waiting for service /controller_manager/list_controllers to become available...
[move_group-7] [INFO] [1790760946.409169280] [move_group]: Try loading adapter 'default_planning_request_adapters/ResolveConstraintFrames'
[move_group-7] [INFO] [1790760946.409295966] [move_group]: Loaded adapter 'default_planning_request_adapters/ResolveConstraintFrames'
[move_group-7] [INFO] [1790760946.409300511] [move_group]: Try loading adapter 'default_planning_request_adapters/ValidateWorkspaceBounds'
[move_group-7] [INFO] [1790760946.409438495] [move_group]: Loaded adapter 'default_planning_request_adapters/ValidateWorkspaceBounds'
[move_group-7] [INFO] [1790760946.409443305] [move_group]: Try loading adapter 'default_planning_request_adapters/CheckStartStateBounds'
[move_group-7] [INFO] [1790760946.409454203] [move_group]: Loaded adapter 'default_planning_request_adapters/CheckStartStateBounds'
[move_group-7] [INFO] [1790760946.409456610] [move_group]: Try loading adapter 'default_planning_request_adapters/CheckStartStateCollision'
[move_group-7] [INFO] [1790760946.409463151] [move_group]: Loaded adapter 'default_planning_request_adapters/CheckStartStateCollision'
[move_group-7] [INFO] [1790760946.410578379] [move_group]: Try loading adapter 'default_planning_response_adapters/AddTimeOptimalParameterization'
[move_group-7] [INFO] [1790760946.410856408] [move_group]: Loaded adapter 'default_planning_response_adapters/AddTimeOptimalParameterization'
[move_group-7] [INFO] [1790760946.410863583] [move_group]: Try loading adapter 'default_planning_response_adapters/ValidateSolution'
[move_group-7] [INFO] [1790760946.411314957] [move_group]: Loaded adapter 'default_planning_response_adapters/ValidateSolution'
[move_group-7] [INFO] [1790760946.411336615] [move_group]: Try loading adapter 'default_planning_response_adapters/DisplayMotionPath'
[move_group-7] [INFO] [1790760946.411854230] [move_group]: Loaded adapter 'default_planning_response_adapters/DisplayMotionPath'
[move_group-7] [INFO] [1790760946.436849897] [move_group.moveit.moveit.plugins.simple_controller_manager]: Added FollowJointTrajectory controller for joint_trajectory_controller
[move_group-7] [INFO] [1790760946.436966377] [move_group.moveit.moveit.plugins.simple_controller_manager]: Returned 1 controllers in list
[move_group-7] [INFO] [1790760946.436980000] [move_group.moveit.moveit.plugins.simple_controller_manager]: Returned 1 controllers in list
[move_group-7] [INFO] [1790760946.437264623] [move_group.moveit.moveit.ros.trajectory_execution_manager]: Trajectory execution is not managing controllers
[move_group-7] [INFO] [1790760946.437274834] [move_group]: MoveGroup debug mode is ON
[servo_node-11] [INFO] [1790760946.447407012] [moveit_servo.moveit_servo.moveit.ros.planning_scene_monitor]: Publishing maintained planning scene on '/moveit_servo/publish_planning_scene'
[move_group-7] [INFO] [1790760946.450960746] [move_group.moveit.moveit.planners.pilz.move_group_sequence_action]: initialize move group sequence action
[move_group-7] [INFO] [1790760946.452297062] [move_group.moveit.moveit.planners.pilz.joint_limits_aggregator]: Reading limits from namespace robot_description_planning
[move_group-7] [INFO] [1790760946.452409063] [move_group.moveit.moveit.planners.pilz.joint_limits_aggregator]: Reading limits from namespace robot_description_planning
[move_group-7] [INFO] [1790760946.452757706] [move_group.moveit.moveit.ros.move_group.executable]: 
[move_group-7] 
[move_group-7] ********************************************************
[move_group-7] * MoveGroup using: 
[move_group-7] *     - apply_planning_scene_service
[move_group-7] *     - clear_octomap_service
[move_group-7] *     - ExecuteTaskSolution
[move_group-7] *     - get_group_urdf
[move_group-7] *     - load_geometry_from_file
[move_group-7] *     - CartesianPathService
[move_group-7] *     - execute_trajectory_action
[move_group-7] *     - get_planning_scene_service
[move_group-7] *     - kinematics_service
[move_group-7] *     - move_action
[move_group-7] *     - motion_plan_service
[move_group-7] *     - query_planners_service
[move_group-7] *     - state_validation_service
[move_group-7] *     - save_geometry_to_file
[move_group-7] *     - SequenceAction
[move_group-7] *     - SequenceService
[move_group-7] ********************************************************
[move_group-7] 
[move_group-7] [INFO] [1790760946.452784462] [move_group.moveit.moveit.ros.move_group.context]: MoveGroup context using pipeline pilz_industrial_motion_planner
[move_group-7] [INFO] [1790760946.452789733] [move_group.moveit.moveit.ros.move_group.context]: MoveGroup context initialization complete
[move_group-7] [96mLoading 'move_group/ApplyPlanningSceneService'...[0m
[move_group-7] [96mLoading 'move_group/ClearOctomapService'...[0m
[move_group-7] [96mLoading 'move_group/ExecuteTaskSolutionCapability'...[0m
[move_group-7] [96mLoading 'move_group/GetUrdfService'...[0m
[move_group-7] [96mLoading 'move_group/LoadGeometryFromFileService'...[0m
[move_group-7] [96mLoading 'move_group/MoveGroupCartesianPathService'...[0m
[move_group-7] [96mLoading 'move_group/MoveGroupExecuteTrajectoryAction'...[0m
[move_group-7] [96mLoading 'move_group/MoveGroupGetPlanningSceneService'...[0m
[move_group-7] [96mLoading 'move_group/MoveGroupKinematicsService'...[0m
[move_group-7] [96mLoading 'move_group/MoveGroupMoveAction'...[0m
[move_group-7] [96mLoading 'move_group/MoveGroupPlanService'...[0m
[move_group-7] [96mLoading 'move_group/MoveGroupQueryPlannersService'...[0m
[move_group-7] [96mLoading 'move_group/MoveGroupStateValidationService'...[0m
[move_group-7] [96mLoading 'move_group/SaveGeometryToFileService'...[0m
[move_group-7] [96mLoading 'pilz_industrial_motion_planner/MoveGroupSequenceAction'...[0m
[move_group-7] [96mLoading 'pilz_industrial_motion_planner/MoveGroupSequenceService'...[0m
[move_group-7] 
[move_group-7] [92mYou can start planning now![0m
[move_group-7] 
[serial_imu_node-10] [33m[WARN] [1790760946.480795019] [rcl]: ROS_LOCALHOST_ONLY is deprecated but still honored if it is enabled. Use ROS_AUTOMATIC_DISCOVERY_RANGE and ROS_STATIC_PEERS instead.[0m
[serial_imu_node-10] [33m[WARN] [1790760946.480821038] [rcl]: 'localhost_only' is disabled, 'automatic_discovery_range' and 'static_peers' will be used.[0m
[serial_imu_node-10] [0m[INFO] [1790760946.537743701] [serial_imu]: 串口 IMU  parent=world  align_to_parent=False[0m
[serial_imu_node-10] [0m[INFO] [1790760946.538598999] [serial_imu]: 已打开 /dev/imu[0m
[peach_scene_obstacles-2] [WARN] [1790760946.548611843] [rcl]: ROS_LOCALHOST_ONLY is deprecated but still honored if it is enabled. Use ROS_AUTOMATIC_DISCOVERY_RANGE and ROS_STATIC_PEERS instead.
[peach_scene_obstacles-2] [WARN] [1790760946.548619560] [rcl]: 'localhost_only' is disabled, 'automatic_discovery_range' and 'static_peers' will be used.
[imu_follow_node-12] [33m[WARN] [1790760946.599884195] [rcl]: ROS_LOCALHOST_ONLY is deprecated but still honored if it is enabled. Use ROS_AUTOMATIC_DISCOVERY_RANGE and ROS_STATIC_PEERS instead.[0m
[imu_follow_node-12] [33m[WARN] [1790760946.599904230] [rcl]: 'localhost_only' is disabled, 'automatic_discovery_range' and 'static_peers' will be used.[0m
[extrinsics_publisher-9] [WARN] [1790760946.632911435] [rcl]: ROS_LOCALHOST_ONLY is deprecated but still honored if it is enabled. Use ROS_AUTOMATIC_DISCOVERY_RANGE and ROS_STATIC_PEERS instead.
[extrinsics_publisher-9] [WARN] [1790760946.632919158] [rcl]: 'localhost_only' is disabled, 'automatic_discovery_range' and 'static_peers' will be used.
[peach_harvester-13] [WARN] [1790760946.656062974] [rcl]: ROS_LOCALHOST_ONLY is deprecated but still honored if it is enabled. Use ROS_AUTOMATIC_DISCOVERY_RANGE and ROS_STATIC_PEERS instead.
[peach_harvester-13] [WARN] [1790760946.656070128] [rcl]: 'localhost_only' is disabled, 'automatic_discovery_range' and 'static_peers' will be used.
[ros2_control_node-4] [INFO] [1790760946.660174981] [controller_manager]: Loading controller : 'joint_trajectory_controller' of type 'joint_trajectory_controller/JointTrajectoryController'
[ros2_control_node-4] [INFO] [1790760946.660199223] [controller_manager]: Loading controller 'joint_trajectory_controller'
[ros2_control_node-4] [INFO] [1790760946.662542422] [controller_manager]: Controller 'joint_trajectory_controller' node arguments: --ros-args -p use_sim_time:=False --params-file /tmp/launch_params_m492xkkt --params-file /home/mu/Desktop/aubo_e5_jazzy_ws/install/aubo_e5_bringup/share/aubo_e5_bringup/config/controllers.yaml 
[peach_scene_obstacles-2] [INFO] [1790760946.663594051] [peach_scene_obstacles]: scene obstacles snapshot node ready (waits refresh trigger)
[spawner-6] [INFO] [1790760946.680255954] [spawner_joint_trajectory_controller]: Loaded joint_trajectory_controller
[ros2_control_node-4] [INFO] [1790760946.681822543] [controller_manager]: Configuring controller: 'joint_trajectory_controller'
[ros2_control_node-4] [INFO] [1790760946.682002456] [joint_trajectory_controller]: No specific joint names are used for command interfaces. Using 'joints' parameter.
[ros2_control_node-4] [INFO] [1790760946.682020353] [joint_trajectory_controller]: Command interfaces are [position] and state interfaces are [position velocity].
[ros2_control_node-4] [INFO] [1790760946.682038891] [joint_trajectory_controller]: Using 'splines' interpolation method.
[ros2_control_node-4] [INFO] [1790760946.685676124] [joint_trajectory_controller]: Action status changes will be monitored at 20.00 Hz.
[ros2_control_node-4] [INFO] [1790760946.689055080] [joint_trajectory_controller]: Setting initial scaling factor to 1.000000
[ros2_control_node-4] [INFO] [1790760946.689075452] [joint_trajectory_controller]: No scaling interface set. This controller will not read speed scaling from the hardware.
[ros2_control_node-4] [INFO] [1790760946.696090321] [controller_manager]: Activating controllers: [ joint_trajectory_controller ]
[ros2_control_node-4] [INFO] [1790760946.699191770] [controller_manager]: Successfully switched controllers!
[spawner-6] [INFO] [1790760946.704830665] [spawner_joint_trajectory_controller]: Configured and activated joint_trajectory_controller
[imu_follow_node-12] [0m[INFO] [1790760946.709923271] [imu_follow]: imu_follow 就绪（backend=servo，motion.enabled=False，默认只算不发）；enable 前先确认 move_group / moveit_servo 与控制器在线[0m
[peach_observability-15] [WARN] [1790760946.710793126] [rcl]: ROS_LOCALHOST_ONLY is deprecated but still honored if it is enabled. Use ROS_AUTOMATIC_DISCOVERY_RANGE and ROS_STATIC_PEERS instead.
[peach_observability-15] [WARN] [1790760946.710799471] [rcl]: 'localhost_only' is disabled, 'automatic_discovery_range' and 'static_peers' will be used.
[peach_harvester-13] [INFO] [1790760946.723158240] [peach_scene_perception_node]: YOLO=/home/mu/Desktop/aubo_e5_jazzy_ws/install/peach_harvester/share/peach_harvester/model/best.pt
[peach_harvester-13] [INFO] [1790760946.723339324] [peach_scene_perception_node]: SAM=/home/mu/Desktop/aubo_e5_jazzy_ws/install/peach_harvester/share/peach_harvester/model/mobile_sam.pt
[extrinsics_publisher-9] [INFO] [1790760946.733533506] [hand_eye_extrinsics_publisher]: Published active camera extrinsic from /home/mu/Desktop/aubo_e5_jazzy_ws/src/aubo_hand_eye_calibration/hand_eye/active.yaml: xyz_m=[0.044852, 0.108401, 0.001697] quat_xyzw=[0.502841, 0.496407, 0.508405, -0.492194]
[INFO] [spawner-6]: process has finished cleanly [pid 1294383]
[ros2_control_node-4] [INFO] [1790760946.857016422] [controller_manager]: Loading controller : 'joint_state_broadcaster' of type 'joint_state_broadcaster/JointStateBroadcaster'
[ros2_control_node-4] [INFO] [1790760946.857045968] [controller_manager]: Loading controller 'joint_state_broadcaster'
[ros2_control_node-4] [INFO] [1790760946.858464124] [controller_manager]: Controller 'joint_state_broadcaster' node arguments: --ros-args -p use_sim_time:=False --params-file /tmp/launch_params_m492xkkt --params-file /home/mu/Desktop/aubo_e5_jazzy_ws/install/aubo_e5_bringup/share/aubo_e5_bringup/config/controllers.yaml 
[spawner-5] [INFO] [1790760946.876581503] [spawner_joint_state_broadcaster]: Loaded joint_state_broadcaster
[peach_observability-15] [WARN] [1790760946.895672105] [peach_observability]: *** 调试操作面已启用：运动类操作=默认拒绝。技能侧既有安全门照常生效；请保持 HTTP 回环绑定 ***
[peach_observability-15] [INFO] [1790760946.898329115] [peach_observability]: 感知抓取过程页（过程监控+单步调试）: http://127.0.0.1:8090
[peach_observability-15] [INFO] [1790760946.904931246] [peach_observability]: 全量录制订阅: /attached_collision_object [moveit_msgs/msg/AttachedCollisionObject]
[peach_observability-15] [INFO] [1790760946.905534693] [peach_observability]: 全量录制订阅: /aubo_io_controller/joint_status [aubo_msgs/msg/JointStatus]
[peach_observability-15] [INFO] [1790760946.905977506] [peach_observability]: 全量录制订阅: /aubo_io_controller/robot_status [aubo_msgs/msg/RobotStatus]
[peach_observability-15] [INFO] [1790760946.906390415] [peach_observability]: 全量录制订阅: /camera/color/image_raw [sensor_msgs/msg/Image]
[peach_observability-15] [INFO] [1790760946.906768178] [peach_observability]: 全量录制订阅: /camera/depth/image_raw [sensor_msgs/msg/Image]
[peach_observability-15] [INFO] [1790760946.907200323] [peach_observability]: 全量录制订阅: /camera/depth_registered/points [sensor_msgs/msg/PointCloud2]
[peach_observability-15] [INFO] [1790760946.907739850] [peach_observability]: 全量录制订阅: /collision_object [moveit_msgs/msg/CollisionObject]
[peach_observability-15] [INFO] [1790760946.908588615] [peach_observability]: 全量录制订阅: /controller_manager/activity [controller_manager_msgs/msg/ControllerManagerActivity]
[peach_observability-15] [INFO] [1790760946.913751060] [peach_observability]: 全量录制订阅: /controller_manager/introspection_data/full [pal_statistics_msgs/msg/Statistics]
[peach_observability-15] [INFO] [1790760946.914257836] [peach_observability]: 全量录制订阅: /controller_manager/introspection_data/names [pal_statistics_msgs/msg/StatisticsNames]
[peach_observability-15] [INFO] [1790760946.914714167] [peach_observability]: 全量录制订阅: /controller_manager/introspection_data/values [pal_statistics_msgs/msg/StatisticsValues]
[peach_observability-15] [INFO] [1790760946.915114469] [peach_observability]: 全量录制订阅: /controller_manager/statistics/full [pal_statistics_msgs/msg/Statistics]
[peach_observability-15] [INFO] [1790760946.915534681] [peach_observability]: 全量录制订阅: /controller_manager/statistics/names [pal_statistics_msgs/msg/StatisticsNames]
[peach_observability-15] [INFO] [1790760946.915943450] [peach_observability]: 全量录制订阅: /controller_manager/statistics/values [pal_statistics_msgs/msg/StatisticsValues]
[peach_observability-15] [INFO] [1790760946.916373951] [peach_observability]: 全量录制订阅: /diagnostics [diagnostic_msgs/msg/DiagnosticArray]
[peach_observability-15] [INFO] [1790760946.916825271] [peach_observability]: 全量录制订阅: /display_contacts [visualization_msgs/msg/MarkerArray]
[peach_observability-15] [INFO] [1790760946.917656248] [peach_observability]: 全量录制订阅: /display_planned_path [moveit_msgs/msg/DisplayTrajectory]
[peach_observability-15] [INFO] [1790760946.927323836] [peach_observability]: 全量录制订阅: /execute_task_solution/_action/feedback [moveit_task_constructor_msgs/action/ExecuteTaskSolution_FeedbackMessage]
[peach_observability-15] [INFO] [1790760946.927801056] [peach_observability]: 全量录制订阅: /execute_task_solution/_action/status [action_msgs/msg/GoalStatusArray]
[ros2_control_node-4] [INFO] [1790760946.957890480] [controller_manager]: Configuring controller: 'joint_state_broadcaster'
[ros2_control_node-4] [INFO] [1790760946.957986644] [joint_state_broadcaster]: 'joints' or 'interfaces' parameter is empty. All available state interfaces will be published
[ros2_control_node-4] [INFO] [1790760946.965666082] [controller_manager]: Activating controllers: [ joint_state_broadcaster ]
[ros2_control_node-4] [INFO] [1790760946.969149678] [controller_manager]: Successfully switched controllers!
[peach_observability-15] [INFO] [1790760946.974353736] [peach_observability]: 全量录制订阅: /execute_trajectory/_action/feedback [moveit_msgs/action/ExecuteTrajectory_FeedbackMessage]
[peach_observability-15] [INFO] [1790760946.974918391] [peach_observability]: 全量录制订阅: /execute_trajectory/_action/status [action_msgs/msg/GoalStatusArray]
[peach_observability-15] [INFO] [1790760946.975474042] [peach_observability]: 全量录制订阅: /force/points [std_msgs/msg/Float64MultiArray]
[peach_observability-15] [INFO] [1790760946.976054846] [peach_observability]: 全量录制订阅: /imu/data [sensor_msgs/msg/Imu]
[peach_observability-15] [INFO] [1790760946.976478654] [peach_observability]: 全量录制订阅: /imu/data_raw [sensor_msgs/msg/Imu]
[spawner-5] [INFO] [1790760946.976657033] [spawner_joint_state_broadcaster]: Configured and activated joint_state_broadcaster
[peach_observability-15] [INFO] [1790760946.976964608] [peach_observability]: 全量录制订阅: /imu/mag [sensor_msgs/msg/MagneticField]
[peach_observability-15] [INFO] [1790760946.977446008] [peach_observability]: 全量录制订阅: /imu/temp [sensor_msgs/msg/Temperature]
[peach_observability-15] [INFO] [1790760946.978035522] [peach_observability]: 全量录制订阅: /imu_follow/command [trajectory_msgs/msg/JointTrajectory]
[peach_observability-15] [INFO] [1790760946.978605022] [peach_observability]: 全量录制订阅: /imu_follow/command_twist [geometry_msgs/msg/TwistStamped]
[peach_observability-15] [INFO] [1790760946.979082325] [peach_observability]: 全量录制订阅: /imu_follow/insert_progress [std_msgs/msg/Float64]
[peach_observability-15] [INFO] [1790760946.979579322] [peach_observability]: 全量录制订阅: /imu_follow/target_pose [geometry_msgs/msg/PoseStamped]
[peach_observability-15] [INFO] [1790760946.980005367] [peach_observability]: 全量录制订阅: /joint_state_broadcaster/transition_event [lifecycle_msgs/msg/TransitionEvent]
[peach_observability-15] [INFO] [1790760946.980436874] [peach_observability]: 全量录制订阅: /joint_states [sensor_msgs/msg/JointState]
[rviz2-8] [INFO] [1790760946.983132692] [rviz2]: Stereo is NOT SUPPORTED
[rviz2-8] [INFO] [1790760946.983180600] [rviz2]: OpenGl version: 4.6 (GLSL 4.6)
[rviz2-8] [ERROR] [1790760946.990257610] [rviz2]: rviz::RenderSystem: error creating render window: RenderingAPIException: Invalid parentWindowHandle (wrong server or screen) in GLXWindow::create at ./.obj-x86_64-linux-gnu/ogre_vendor-prefix/src/ogre_vendor/RenderSystems/GLSupport/src/GLX/OgreGLXWindow.cpp (line 246)
[rviz2-8] [ERROR] [1790760946.990311457] [rviz2]: rviz::RenderSystem: error creating render window: RenderingAPIException: Invalid parentWindowHandle (wrong server or screen) in GLXWindow::create at ./.obj-x86_64-linux-gnu/ogre_vendor-prefix/src/ogre_vendor/RenderSystems/GLSupport/src/GLX/OgreGLXWindow.cpp (line 246)
[rviz2-8] [ERROR] [1790760946.990325435] [rviz2]: rviz::RenderSystem: error creating render window: RenderingAPIException: Invalid parentWindowHandle (wrong server or screen) in GLXWindow::create at ./.obj-x86_64-linux-gnu/ogre_vendor-prefix/src/ogre_vendor/RenderSystems/GLSupport/src/GLX/OgreGLXWindow.cpp (line 246)
[rviz2-8] [ERROR] [1790760946.990336819] [rviz2]: rviz::RenderSystem: error creating render window: RenderingAPIException: Invalid parentWindowHandle (wrong server or screen) in GLXWindow::create at ./.obj-x86_64-linux-gnu/ogre_vendor-prefix/src/ogre_vendor/RenderSystems/GLSupport/src/GLX/OgreGLXWindow.cpp (line 246)
[rviz2-8] [ERROR] [1790760946.990347523] [rviz2]: rviz::RenderSystem: error creating render window: RenderingAPIException: Invalid parentWindowHandle (wrong server or screen) in GLXWindow::create at ./.obj-x86_64-linux-gnu/ogre_vendor-prefix/src/ogre_vendor/RenderSystems/GLSupport/src/GLX/OgreGLXWindow.cpp (line 246)
[rviz2-8] [ERROR] [1790760946.990358176] [rviz2]: rviz::RenderSystem: error creating render window: RenderingAPIException: Invalid parentWindowHandle (wrong server or screen) in GLXWindow::create at ./.obj-x86_64-linux-gnu/ogre_vendor-prefix/src/ogre_vendor/RenderSystems/GLSupport/src/GLX/OgreGLXWindow.cpp (line 246)
[rviz2-8] [ERROR] [1790760946.990368356] [rviz2]: rviz::RenderSystem: error creating render window: RenderingAPIException: Invalid parentWindowHandle (wrong server or screen) in GLXWindow::create at ./.obj-x86_64-linux-gnu/ogre_vendor-prefix/src/ogre_vendor/RenderSystems/GLSupport/src/GLX/OgreGLXWindow.cpp (line 246)
[rviz2-8] [ERROR] [1790760946.990378437] [rviz2]: rviz::RenderSystem: error creating render window: RenderingAPIException: Invalid parentWindowHandle (wrong server or screen) in GLXWindow::create at ./.obj-x86_64-linux-gnu/ogre_vendor-prefix/src/ogre_vendor/RenderSystems/GLSupport/src/GLX/OgreGLXWindow.cpp (line 246)
[rviz2-8] [ERROR] [1790760946.990388715] [rviz2]: rviz::RenderSystem: error creating render window: RenderingAPIException: Invalid parentWindowHandle (wrong server or screen) in GLXWindow::create at ./.obj-x86_64-linux-gnu/ogre_vendor-prefix/src/ogre_vendor/RenderSystems/GLSupport/src/GLX/OgreGLXWindow.cpp (line 246)
[rviz2-8] [ERROR] [1790760946.990399291] [rviz2]: rviz::RenderSystem: error creating render window: RenderingAPIException: Invalid parentWindowHandle (wrong server or screen) in GLXWindow::create at ./.obj-x86_64-linux-gnu/ogre_vendor-prefix/src/ogre_vendor/RenderSystems/GLSupport/src/GLX/OgreGLXWindow.cpp (line 246)
[rviz2-8] [ERROR] [1790760946.990409766] [rviz2]: rviz::RenderSystem: error creating render window: RenderingAPIException: Invalid parentWindowHandle (wrong server or screen) in GLXWindow::create at ./.obj-x86_64-linux-gnu/ogre_vendor-prefix/src/ogre_vendor/RenderSystems/GLSupport/src/GLX/OgreGLXWindow.cpp (line 246)
[rviz2-8] [ERROR] [1790760946.990420913] [rviz2]: rviz::RenderSystem: error creating render window: RenderingAPIException: Invalid parentWindowHandle (wrong server or screen) in GLXWindow::create at ./.obj-x86_64-linux-gnu/ogre_vendor-prefix/src/ogre_vendor/RenderSystems/GLSupport/src/GLX/OgreGLXWindow.cpp (line 246)
[rviz2-8] [ERROR] [1790760946.990431910] [rviz2]: rviz::RenderSystem: error creating render window: RenderingAPIException: Invalid parentWindowHandle (wrong server or screen) in GLXWindow::create at ./.obj-x86_64-linux-gnu/ogre_vendor-prefix/src/ogre_vendor/RenderSystems/GLSupport/src/GLX/OgreGLXWindow.cpp (line 246)
[rviz2-8] [ERROR] [1790760946.990446189] [rviz2]: rviz::RenderSystem: error creating render window: RenderingAPIException: Invalid parentWindowHandle (wrong server or screen) in GLXWindow::create at ./.obj-x86_64-linux-gnu/ogre_vendor-prefix/src/ogre_vendor/RenderSystems/GLSupport/src/GLX/OgreGLXWindow.cpp (line 246)
[rviz2-8] [ERROR] [1790760946.990456787] [rviz2]: rviz::RenderSystem: error creating render window: RenderingAPIException: Invalid parentWindowHandle (wrong server or screen) in GLXWindow::create at ./.obj-x86_64-linux-gnu/ogre_vendor-prefix/src/ogre_vendor/RenderSystems/GLSupport/src/GLX/OgreGLXWindow.cpp (line 246)
[rviz2-8] [ERROR] [1790760946.990479457] [rviz2]: rviz::RenderSystem: error creating render window: RenderingAPIException: Invalid parentWindowHandle (wrong server or screen) in GLXWindow::create at ./.obj-x86_64-linux-gnu/ogre_vendor-prefix/src/ogre_vendor/RenderSystems/GLSupport/src/GLX/OgreGLXWindow.cpp (line 246)
[rviz2-8] [ERROR] [1790760946.990507913] [rviz2]: rviz::RenderSystem: error creating render window: RenderingAPIException: Invalid parentWindowHandle (wrong server or screen) in GLXWindow::create at ./.obj-x86_64-linux-gnu/ogre_vendor-prefix/src/ogre_vendor/RenderSystems/GLSupport/src/GLX/OgreGLXWindow.cpp (line 246)
[rviz2-8] [ERROR] [1790760946.990519292] [rviz2]: rviz::RenderSystem: error creating render window: RenderingAPIException: Invalid parentWindowHandle (wrong server or screen) in GLXWindow::create at ./.obj-x86_64-linux-gnu/ogre_vendor-prefix/src/ogre_vendor/RenderSystems/GLSupport/src/GLX/OgreGLXWindow.cpp (line 246)
[rviz2-8] [ERROR] [1790760946.990529847] [rviz2]: rviz::RenderSystem: error creating render window: RenderingAPIException: Invalid parentWindowHandle (wrong server or screen) in GLXWindow::create at ./.obj-x86_64-linux-gnu/ogre_vendor-prefix/src/ogre_vendor/RenderSystems/GLSupport/src/GLX/OgreGLXWindow.cpp (line 246)
[rviz2-8] [ERROR] [1790760946.990540500] [rviz2]: rviz::RenderSystem: error creating render window: RenderingAPIException: Invalid parentWindowHandle (wrong server or screen) in GLXWindow::create at ./.obj-x86_64-linux-gnu/ogre_vendor-prefix/src/ogre_vendor/RenderSystems/GLSupport/src/GLX/OgreGLXWindow.cpp (line 246)
[rviz2-8] [ERROR] [1790760946.990551580] [rviz2]: rviz::RenderSystem: error creating render window: RenderingAPIException: Invalid parentWindowHandle (wrong server or screen) in GLXWindow::create at ./.obj-x86_64-linux-gnu/ogre_vendor-prefix/src/ogre_vendor/RenderSystems/GLSupport/src/GLX/OgreGLXWindow.cpp (line 246)
[rviz2-8] [ERROR] [1790760946.990561996] [rviz2]: rviz::RenderSystem: error creating render window: RenderingAPIException: Invalid parentWindowHandle (wrong server or screen) in GLXWindow::create at ./.obj-x86_64-linux-gnu/ogre_vendor-prefix/src/ogre_vendor/RenderSystems/GLSupport/src/GLX/OgreGLXWindow.cpp (line 246)
[rviz2-8] [ERROR] [1790760946.990572117] [rviz2]: rviz::RenderSystem: error creating render window: RenderingAPIException: Invalid parentWindowHandle (wrong server or screen) in GLXWindow::create at ./.obj-x86_64-linux-gnu/ogre_vendor-prefix/src/ogre_vendor/RenderSystems/GLSupport/src/GLX/OgreGLXWindow.cpp (line 246)
[rviz2-8] [ERROR] [1790760946.990583419] [rviz2]: rviz::RenderSystem: error creating render window: RenderingAPIException: Invalid parentWindowHandle (wrong server or screen) in GLXWindow::create at ./.obj-x86_64-linux-gnu/ogre_vendor-prefix/src/ogre_vendor/RenderSystems/GLSupport/src/GLX/OgreGLXWindow.cpp (line 246)
[rviz2-8] [ERROR] [1790760946.990597821] [rviz2]: rviz::RenderSystem: error creating render window: RenderingAPIException: Invalid parentWindowHandle (wrong server or screen) in GLXWindow::create at ./.obj-x86_64-linux-gnu/ogre_vendor-prefix/src/ogre_vendor/RenderSystems/GLSupport/src/GLX/OgreGLXWindow.cpp (line 246)
[rviz2-8] [ERROR] [1790760946.990611157] [rviz2]: rviz::RenderSystem: error creating render window: RenderingAPIException: Invalid parentWindowHandle (wrong server or screen) in GLXWindow::create at ./.obj-x86_64-linux-gnu/ogre_vendor-prefix/src/ogre_vendor/RenderSystems/GLSupport/src/GLX/OgreGLXWindow.cpp (line 246)
[rviz2-8] [ERROR] [1790760946.990621677] [rviz2]: rviz::RenderSystem: error creating render window: RenderingAPIException: Invalid parentWindowHandle (wrong server or screen) in GLXWindow::create at ./.obj-x86_64-linux-gnu/ogre_vendor-prefix/src/ogre_vendor/RenderSystems/GLSupport/src/GLX/OgreGLXWindow.cpp (line 246)
[rviz2-8] [ERROR] [1790760946.990633643] [rviz2]: rviz::RenderSystem: error creating render window: RenderingAPIException: Invalid parentWindowHandle (wrong server or screen) in GLXWindow::create at ./.obj-x86_64-linux-gnu/ogre_vendor-prefix/src/ogre_vendor/RenderSystems/GLSupport/src/GLX/OgreGLXWindow.cpp (line 246)
[rviz2-8] [ERROR] [1790760946.990643623] [rviz2]: rviz::RenderSystem: error creating render window: RenderingAPIException: Invalid parentWindowHandle (wrong server or screen) in GLXWindow::create at ./.obj-x86_64-linux-gnu/ogre_vendor-prefix/src/ogre_vendor/RenderSystems/GLSupport/src/GLX/OgreGLXWindow.cpp (line 246)
[rviz2-8] [ERROR] [1790760946.990654515] [rviz2]: rviz::RenderSystem: error creating render window: RenderingAPIException: Invalid parentWindowHandle (wrong server or screen) in GLXWindow::create at ./.obj-x86_64-linux-gnu/ogre_vendor-prefix/src/ogre_vendor/RenderSystems/GLSupport/src/GLX/OgreGLXWindow.cpp (line 246)
[rviz2-8] [ERROR] [1790760946.990665379] [rviz2]: rviz::RenderSystem: error creating render window: RenderingAPIException: Invalid parentWindowHandle (wrong server or screen) in GLXWindow::create at ./.obj-x86_64-linux-gnu/ogre_vendor-prefix/src/ogre_vendor/RenderSystems/GLSupport/src/GLX/OgreGLXWindow.cpp (line 246)
[rviz2-8] [ERROR] [1790760946.990675960] [rviz2]: rviz::RenderSystem: error creating render window: RenderingAPIException: Invalid parentWindowHandle (wrong server or screen) in GLXWindow::create at ./.obj-x86_64-linux-gnu/ogre_vendor-prefix/src/ogre_vendor/RenderSystems/GLSupport/src/GLX/OgreGLXWindow.cpp (line 246)
[rviz2-8] [ERROR] [1790760946.990686331] [rviz2]: rviz::RenderSystem: error creating render window: RenderingAPIException: Invalid parentWindowHandle (wrong server or screen) in GLXWindow::create at ./.obj-x86_64-linux-gnu/ogre_vendor-prefix/src/ogre_vendor/RenderSystems/GLSupport/src/GLX/OgreGLXWindow.cpp (line 246)
[rviz2-8] [ERROR] [1790760946.990699084] [rviz2]: rviz::RenderSystem: error creating render window: RenderingAPIException: Invalid parentWindowHandle (wrong server or screen) in GLXWindow::create at ./.obj-x86_64-linux-gnu/ogre_vendor-prefix/src/ogre_vendor/RenderSystems/GLSupport/src/GLX/OgreGLXWindow.cpp (line 246)
[rviz2-8] [ERROR] [1790760946.990709524] [rviz2]: rviz::RenderSystem: error creating render window: RenderingAPIException: Invalid parentWindowHandle (wrong server or screen) in GLXWindow::create at ./.obj-x86_64-linux-gnu/ogre_vendor-prefix/src/ogre_vendor/RenderSystems/GLSupport/src/GLX/OgreGLXWindow.cpp (line 246)
[rviz2-8] [ERROR] [1790760946.990719742] [rviz2]: rviz::RenderSystem: error creating render window: RenderingAPIException: Invalid parentWindowHandle (wrong server or screen) in GLXWindow::create at ./.obj-x86_64-linux-gnu/ogre_vendor-prefix/src/ogre_vendor/RenderSystems/GLSupport/src/GLX/OgreGLXWindow.cpp (line 246)
[rviz2-8] [ERROR] [1790760946.990730751] [rviz2]: rviz::RenderSystem: error creating render window: RenderingAPIException: Invalid parentWindowHandle (wrong server or screen) in GLXWindow::create at ./.obj-x86_64-linux-gnu/ogre_vendor-prefix/src/ogre_vendor/RenderSystems/GLSupport/src/GLX/OgreGLXWindow.cpp (line 246)
[rviz2-8] [ERROR] [1790760946.990740922] [rviz2]: rviz::RenderSystem: error creating render window: RenderingAPIException: Invalid parentWindowHandle (wrong server or screen) in GLXWindow::create at ./.obj-x86_64-linux-gnu/ogre_vendor-prefix/src/ogre_vendor/RenderSystems/GLSupport/src/GLX/OgreGLXWindow.cpp (line 246)
[rviz2-8] [ERROR] [1790760946.990751789] [rviz2]: rviz::RenderSystem: error creating render window: RenderingAPIException: Invalid parentWindowHandle (wrong server or screen) in GLXWindow::create at ./.obj-x86_64-linux-gnu/ogre_vendor-prefix/src/ogre_vendor/RenderSystems/GLSupport/src/GLX/OgreGLXWindow.cpp (line 246)
[rviz2-8] [ERROR] [1790760946.990762463] [rviz2]: rviz::RenderSystem: error creating render window: RenderingAPIException: Invalid parentWindowHandle (wrong server or screen) in GLXWindow::create at ./.obj-x86_64-linux-gnu/ogre_vendor-prefix/src/ogre_vendor/RenderSystems/GLSupport/src/GLX/OgreGLXWindow.cpp (line 246)
[rviz2-8] [ERROR] [1790760946.990774631] [rviz2]: rviz::RenderSystem: error creating render window: RenderingAPIException: Invalid parentWindowHandle (wrong server or screen) in GLXWindow::create at ./.obj-x86_64-linux-gnu/ogre_vendor-prefix/src/ogre_vendor/RenderSystems/GLSupport/src/GLX/OgreGLXWindow.cpp (line 246)
[rviz2-8] [ERROR] [1790760946.990785395] [rviz2]: rviz::RenderSystem: error creating render window: RenderingAPIException: Invalid parentWindowHandle (wrong server or screen) in GLXWindow::create at ./.obj-x86_64-linux-gnu/ogre_vendor-prefix/src/ogre_vendor/RenderSystems/GLSupport/src/GLX/OgreGLXWindow.cpp (line 246)
[rviz2-8] [ERROR] [1790760946.990796029] [rviz2]: rviz::RenderSystem: error creating render window: RenderingAPIException: Invalid parentWindowHandle (wrong server or screen) in GLXWindow::create at ./.obj-x86_64-linux-gnu/ogre_vendor-prefix/src/ogre_vendor/RenderSystems/GLSupport/src/GLX/OgreGLXWindow.cpp (line 246)
[rviz2-8] [ERROR] [1790760946.990808103] [rviz2]: rviz::RenderSystem: error creating render window: RenderingAPIException: Invalid parentWindowHandle (wrong server or screen) in GLXWindow::create at ./.obj-x86_64-linux-gnu/ogre_vendor-prefix/src/ogre_vendor/RenderSystems/GLSupport/src/GLX/OgreGLXWindow.cpp (line 246)
[rviz2-8] [ERROR] [1790760946.990821410] [rviz2]: rviz::RenderSystem: error creating render window: RenderingAPIException: Invalid parentWindowHandle (wrong server or screen) in GLXWindow::create at ./.obj-x86_64-linux-gnu/ogre_vendor-prefix/src/ogre_vendor/RenderSystems/GLSupport/src/GLX/OgreGLXWindow.cpp (line 246)
[rviz2-8] [ERROR] [1790760946.990832021] [rviz2]: rviz::RenderSystem: error creating render window: RenderingAPIException: Invalid parentWindowHandle (wrong server or screen) in GLXWindow::create at ./.obj-x86_64-linux-gnu/ogre_vendor-prefix/src/ogre_vendor/RenderSystems/GLSupport/src/GLX/OgreGLXWindow.cpp (line 246)
[rviz2-8] [ERROR] [1790760946.990842766] [rviz2]: rviz::RenderSystem: error creating render window: RenderingAPIException: Invalid parentWindowHandle (wrong server or screen) in GLXWindow::create at ./.obj-x86_64-linux-gnu/ogre_vendor-prefix/src/ogre_vendor/RenderSystems/GLSupport/src/GLX/OgreGLXWindow.cpp (line 246)
[rviz2-8] [ERROR] [1790760946.990852861] [rviz2]: rviz::RenderSystem: error creating render window: RenderingAPIException: Invalid parentWindowHandle (wrong server or screen) in GLXWindow::create at ./.obj-x86_64-linux-gnu/ogre_vendor-prefix/src/ogre_vendor/RenderSystems/GLSupport/src/GLX/OgreGLXWindow.cpp (line 246)
[rviz2-8] [ERROR] [1790760946.990863100] [rviz2]: rviz::RenderSystem: error creating render window: RenderingAPIException: Invalid parentWindowHandle (wrong server or screen) in GLXWindow::create at ./.obj-x86_64-linux-gnu/ogre_vendor-prefix/src/ogre_vendor/RenderSystems/GLSupport/src/GLX/OgreGLXWindow.cpp (line 246)
[rviz2-8] [ERROR] [1790760946.990873402] [rviz2]: rviz::RenderSystem: error creating render window: RenderingAPIException: Invalid parentWindowHandle (wrong server or screen) in GLXWindow::create at ./.obj-x86_64-linux-gnu/ogre_vendor-prefix/src/ogre_vendor/RenderSystems/GLSupport/src/GLX/OgreGLXWindow.cpp (line 246)
[rviz2-8] [ERROR] [1790760946.990884008] [rviz2]: rviz::RenderSystem: error creating render window: RenderingAPIException: Invalid parentWindowHandle (wrong server or screen) in GLXWindow::create at ./.obj-x86_64-linux-gnu/ogre_vendor-prefix/src/ogre_vendor/RenderSystems/GLSupport/src/GLX/OgreGLXWindow.cpp (line 246)
[rviz2-8] [ERROR] [1790760946.991464287] [rviz2]: rviz::RenderSystem: error creating render window: RenderingAPIException: Invalid parentWindowHandle (wrong server or screen) in GLXWindow::create at ./.obj-x86_64-linux-gnu/ogre_vendor-prefix/src/ogre_vendor/RenderSystems/GLSupport/src/GLX/OgreGLXWindow.cpp (line 246)
[rviz2-8] [ERROR] [1790760946.991496159] [rviz2]: rviz::RenderSystem: error creating render window: RenderingAPIException: Invalid parentWindowHandle (wrong server or screen) in GLXWindow::create at ./.obj-x86_64-linux-gnu/ogre_vendor-prefix/src/ogre_vendor/RenderSystems/GLSupport/src/GLX/OgreGLXWindow.cpp (line 246)
[rviz2-8] [ERROR] [1790760946.991522058] [rviz2]: rviz::RenderSystem: error creating render window: RenderingAPIException: Invalid parentWindowHandle (wrong server or screen) in GLXWindow::create at ./.obj-x86_64-linux-gnu/ogre_vendor-prefix/src/ogre_vendor/RenderSystems/GLSupport/src/GLX/OgreGLXWindow.cpp (line 246)
[rviz2-8] [ERROR] [1790760946.991536344] [rviz2]: rviz::RenderSystem: error creating render window: RenderingAPIException: Invalid parentWindowHandle (wrong server or screen) in GLXWindow::create at ./.obj-x86_64-linux-gnu/ogre_vendor-prefix/src/ogre_vendor/RenderSystems/GLSupport/src/GLX/OgreGLXWindow.cpp (line 246)
[rviz2-8] [ERROR] [1790760946.991547178] [rviz2]: rviz::RenderSystem: error creating render window: RenderingAPIException: Invalid parentWindowHandle (wrong server or screen) in GLXWindow::create at ./.obj-x86_64-linux-gnu/ogre_vendor-prefix/src/ogre_vendor/RenderSystems/GLSupport/src/GLX/OgreGLXWindow.cpp (line 246)
[rviz2-8] [ERROR] [1790760946.991557637] [rviz2]: rviz::RenderSystem: error creating render window: RenderingAPIException: Invalid parentWindowHandle (wrong server or screen) in GLXWindow::create at ./.obj-x86_64-linux-gnu/ogre_vendor-prefix/src/ogre_vendor/RenderSystems/GLSupport/src/GLX/OgreGLXWindow.cpp (line 246)
[rviz2-8] [ERROR] [1790760946.991567877] [rviz2]: rviz::RenderSystem: error creating render window: RenderingAPIException: Invalid parentWindowHandle (wrong server or screen) in GLXWindow::create at ./.obj-x86_64-linux-gnu/ogre_vendor-prefix/src/ogre_vendor/RenderSystems/GLSupport/src/GLX/OgreGLXWindow.cpp (line 246)
[rviz2-8] [ERROR] [1790760946.991577969] [rviz2]: rviz::RenderSystem: error creating render window: RenderingAPIException: Invalid parentWindowHandle (wrong server or screen) in GLXWindow::create at ./.obj-x86_64-linux-gnu/ogre_vendor-prefix/src/ogre_vendor/RenderSystems/GLSupport/src/GLX/OgreGLXWindow.cpp (line 246)
[rviz2-8] [ERROR] [1790760946.991592276] [rviz2]: rviz::RenderSystem: error creating render window: RenderingAPIException: Invalid parentWindowHandle (wrong server or screen) in GLXWindow::create at ./.obj-x86_64-linux-gnu/ogre_vendor-prefix/src/ogre_vendor/RenderSystems/GLSupport/src/GLX/OgreGLXWindow.cpp (line 246)
[rviz2-8] [ERROR] [1790760946.991608642] [rviz2]: rviz::RenderSystem: error creating render window: RenderingAPIException: Invalid parentWindowHandle (wrong server or screen) in GLXWindow::create at ./.obj-x86_64-linux-gnu/ogre_vendor-prefix/src/ogre_vendor/RenderSystems/GLSupport/src/GLX/OgreGLXWindow.cpp (line 246)
[rviz2-8] [ERROR] [1790760946.991626419] [rviz2]: rviz::RenderSystem: error creating render window: RenderingAPIException: Invalid parentWindowHandle (wrong server or screen) in GLXWindow::create at ./.obj-x86_64-linux-gnu/ogre_vendor-prefix/src/ogre_vendor/RenderSystems/GLSupport/src/GLX/OgreGLXWindow.cpp (line 246)
[rviz2-8] [ERROR] [1790760946.991636987] [rviz2]: rviz::RenderSystem: error creating render window: RenderingAPIException: Invalid parentWindowHandle (wrong server or screen) in GLXWindow::create at ./.obj-x86_64-linux-gnu/ogre_vendor-prefix/src/ogre_vendor/RenderSystems/GLSupport/src/GLX/OgreGLXWindow.cpp (line 246)
[rviz2-8] [ERROR] [1790760946.991647207] [rviz2]: rviz::RenderSystem: error creating render window: RenderingAPIException: Invalid parentWindowHandle (wrong server or screen) in GLXWindow::create at ./.obj-x86_64-linux-gnu/ogre_vendor-prefix/src/ogre_vendor/RenderSystems/GLSupport/src/GLX/OgreGLXWindow.cpp (line 246)
[rviz2-8] [ERROR] [1790760946.991657256] [rviz2]: rviz::RenderSystem: error creating render window: RenderingAPIException: Invalid parentWindowHandle (wrong server or screen) in GLXWindow::create at ./.obj-x86_64-linux-gnu/ogre_vendor-prefix/src/ogre_vendor/RenderSystems/GLSupport/src/GLX/OgreGLXWindow.cpp (line 246)
[rviz2-8] [ERROR] [1790760946.991667364] [rviz2]: rviz::RenderSystem: error creating render window: RenderingAPIException: Invalid parentWindowHandle (wrong server or screen) in GLXWindow::create at ./.obj-x86_64-linux-gnu/ogre_vendor-prefix/src/ogre_vendor/RenderSystems/GLSupport/src/GLX/OgreGLXWindow.cpp (line 246)
[rviz2-8] [ERROR] [1790760946.991679039] [rviz2]: rviz::RenderSystem: error creating render window: RenderingAPIException: Invalid parentWindowHandle (wrong server or screen) in GLXWindow::create at ./.obj-x86_64-linux-gnu/ogre_vendor-prefix/src/ogre_vendor/RenderSystems/GLSupport/src/GLX/OgreGLXWindow.cpp (line 246)
[rviz2-8] [ERROR] [1790760946.991689375] [rviz2]: rviz::RenderSystem: error creating render window: RenderingAPIException: Invalid parentWindowHandle (wrong server or screen) in GLXWindow::create at ./.obj-x86_64-linux-gnu/ogre_vendor-prefix/src/ogre_vendor/RenderSystems/GLSupport/src/GLX/OgreGLXWindow.cpp (line 246)
[rviz2-8] [ERROR] [1790760946.991699563] [rviz2]: rviz::RenderSystem: error creating render window: RenderingAPIException: Invalid parentWindowHandle (wrong server or screen) in GLXWindow::create at ./.obj-x86_64-linux-gnu/ogre_vendor-prefix/src/ogre_vendor/RenderSystems/GLSupport/src/GLX/OgreGLXWindow.cpp (line 246)
[rviz2-8] [ERROR] [1790760946.991711054] [rviz2]: rviz::RenderSystem: error creating render window: RenderingAPIException: Invalid parentWindowHandle (wrong server or screen) in GLXWindow::create at ./.obj-x86_64-linux-gnu/ogre_vendor-prefix/src/ogre_vendor/RenderSystems/GLSupport/src/GLX/OgreGLXWindow.cpp (line 246)
[rviz2-8] [ERROR] [1790760946.991721777] [rviz2]: rviz::RenderSystem: error creating render window: RenderingAPIException: Invalid parentWindowHandle (wrong server or screen) in GLXWindow::create at ./.obj-x86_64-linux-gnu/ogre_vendor-prefix/src/ogre_vendor/RenderSystems/GLSupport/src/GLX/OgreGLXWindow.cpp (line 246)
[rviz2-8] [ERROR] [1790760946.991732301] [rviz2]: rviz::RenderSystem: error creating render window: RenderingAPIException: Invalid parentWindowHandle (wrong server or screen) in GLXWindow::create at ./.obj-x86_64-linux-gnu/ogre_vendor-prefix/src/ogre_vendor/RenderSystems/GLSupport/src/GLX/OgreGLXWindow.cpp (line 246)
[rviz2-8] [ERROR] [1790760946.991742973] [rviz2]: rviz::RenderSystem: error creating render window: RenderingAPIException: Invalid parentWindowHandle (wrong server or screen) in GLXWindow::create at ./.obj-x86_64-linux-gnu/ogre_vendor-prefix/src/ogre_vendor/RenderSystems/GLSupport/src/GLX/OgreGLXWindow.cpp (line 246)
[rviz2-8] [ERROR] [1790760946.991753705] [rviz2]: rviz::RenderSystem: error creating render window: RenderingAPIException: Invalid parentWindowHandle (wrong server or screen) in GLXWindow::create at ./.obj-x86_64-linux-gnu/ogre_vendor-prefix/src/ogre_vendor/RenderSystems/GLSupport/src/GLX/OgreGLXWindow.cpp (line 246)
[rviz2-8] [ERROR] [1790760946.991764377] [rviz2]: rviz::RenderSystem: error creating render window: RenderingAPIException: Invalid parentWindowHandle (wrong server or screen) in GLXWindow::create at ./.obj-x86_64-linux-gnu/ogre_vendor-prefix/src/ogre_vendor/RenderSystems/GLSupport/src/GLX/OgreGLXWindow.cpp (line 246)
[rviz2-8] [ERROR] [1790760946.991774567] [rviz2]: rviz::RenderSystem: error creating render window: RenderingAPIException: Invalid parentWindowHandle (wrong server or screen) in GLXWindow::create at ./.obj-x86_64-linux-gnu/ogre_vendor-prefix/src/ogre_vendor/RenderSystems/GLSupport/src/GLX/OgreGLXWindow.cpp (line 246)
[rviz2-8] [ERROR] [1790760946.991792550] [rviz2]: rviz::RenderSystem: error creating render window: RenderingAPIException: Invalid parentWindowHandle (wrong server or screen) in GLXWindow::create at ./.obj-x86_64-linux-gnu/ogre_vendor-prefix/src/ogre_vendor/RenderSystems/GLSupport/src/GLX/OgreGLXWindow.cpp (line 246)
[rviz2-8] [ERROR] [1790760946.991838863] [rviz2]: rviz::RenderSystem: error creating render window: RenderingAPIException: Invalid parentWindowHandle (wrong server or screen) in GLXWindow::create at ./.obj-x86_64-linux-gnu/ogre_vendor-prefix/src/ogre_vendor/RenderSystems/GLSupport/src/GLX/OgreGLXWindow.cpp (line 246)
[rviz2-8] [ERROR] [1790760946.991851961] [rviz2]: rviz::RenderSystem: error creating render window: RenderingAPIException: Invalid parentWindowHandle (wrong server or screen) in GLXWindow::create at ./.obj-x86_64-linux-gnu/ogre_vendor-prefix/src/ogre_vendor/RenderSystems/GLSupport/src/GLX/OgreGLXWindow.cpp (line 246)
[rviz2-8] [ERROR] [1790760946.991864924] [rviz2]: rviz::RenderSystem: error creating render window: RenderingAPIException: Invalid parentWindowHandle (wrong server or screen) in GLXWindow::create at ./.obj-x86_64-linux-gnu/ogre_vendor-prefix/src/ogre_vendor/RenderSystems/GLSupport/src/GLX/OgreGLXWindow.cpp (line 246)
[rviz2-8] [ERROR] [1790760946.991876583] [rviz2]: rviz::RenderSystem: error creating render window: RenderingAPIException: Invalid parentWindowHandle (wrong server or screen) in GLXWindow::create at ./.obj-x86_64-linux-gnu/ogre_vendor-prefix/src/ogre_vendor/RenderSystems/GLSupport/src/GLX/OgreGLXWindow.cpp (line 246)
[rviz2-8] [ERROR] [1790760946.991886932] [rviz2]: rviz::RenderSystem: error creating render window: RenderingAPIException: Invalid parentWindowHandle (wrong server or screen) in GLXWindow::create at ./.obj-x86_64-linux-gnu/ogre_vendor-prefix/src/ogre_vendor/RenderSystems/GLSupport/src/GLX/OgreGLXWindow.cpp (line 246)
[rviz2-8] [ERROR] [1790760946.991897170] [rviz2]: rviz::RenderSystem: error creating render window: RenderingAPIException: Invalid parentWindowHandle (wrong server or screen) in GLXWindow::create at ./.obj-x86_64-linux-gnu/ogre_vendor-prefix/src/ogre_vendor/RenderSystems/GLSupport/src/GLX/OgreGLXWindow.cpp (line 246)
[rviz2-8] [ERROR] [1790760946.991907951] [rviz2]: rviz::RenderSystem: error creating render window: RenderingAPIException: Invalid parentWindowHandle (wrong server or screen) in GLXWindow::create at ./.obj-x86_64-linux-gnu/ogre_vendor-prefix/src/ogre_vendor/RenderSystems/GLSupport/src/GLX/OgreGLXWindow.cpp (line 246)
[rviz2-8] [ERROR] [1790760946.991925366] [rviz2]: rviz::RenderSystem: error creating render window: RenderingAPIException: Invalid parentWindowHandle (wrong server or screen) in GLXWindow::create at ./.obj-x86_64-linux-gnu/ogre_vendor-prefix/src/ogre_vendor/RenderSystems/GLSupport/src/GLX/OgreGLXWindow.cpp (line 246)
[rviz2-8] [ERROR] [1790760946.991943084] [rviz2]: rviz::RenderSystem: error creating render window: RenderingAPIException: Invalid parentWindowHandle (wrong server or screen) in GLXWindow::create at ./.obj-x86_64-linux-gnu/ogre_vendor-prefix/src/ogre_vendor/RenderSystems/GLSupport/src/GLX/OgreGLXWindow.cpp (line 246)
[rviz2-8] [ERROR] [1790760946.991953271] [rviz2]: rviz::RenderSystem: error creating render window: RenderingAPIException: Invalid parentWindowHandle (wrong server or screen) in GLXWindow::create at ./.obj-x86_64-linux-gnu/ogre_vendor-prefix/src/ogre_vendor/RenderSystems/GLSupport/src/GLX/OgreGLXWindow.cpp (line 246)
[rviz2-8] [ERROR] [1790760946.991963968] [rviz2]: rviz::RenderSystem: error creating render window: RenderingAPIException: Invalid parentWindowHandle (wrong server or screen) in GLXWindow::create at ./.obj-x86_64-linux-gnu/ogre_vendor-prefix/src/ogre_vendor/RenderSystems/GLSupport/src/GLX/OgreGLXWindow.cpp (line 246)
[rviz2-8] [ERROR] [1790760946.991974216] [rviz2]: rviz::RenderSystem: error creating render window: RenderingAPIException: Invalid parentWindowHandle (wrong server or screen) in GLXWindow::create at ./.obj-x86_64-linux-gnu/ogre_vendor-prefix/src/ogre_vendor/RenderSystems/GLSupport/src/GLX/OgreGLXWindow.cpp (line 246)
[rviz2-8] [ERROR] [1790760946.991984926] [rviz2]: rviz::RenderSystem: error creating render window: RenderingAPIException: Invalid parentWindowHandle (wrong server or screen) in GLXWindow::create at ./.obj-x86_64-linux-gnu/ogre_vendor-prefix/src/ogre_vendor/RenderSystems/GLSupport/src/GLX/OgreGLXWindow.cpp (line 246)
[rviz2-8] [ERROR] [1790760946.991995084] [rviz2]: rviz::RenderSystem: error creating render window: RenderingAPIException: Invalid parentWindowHandle (wrong server or screen) in GLXWindow::create at ./.obj-x86_64-linux-gnu/ogre_vendor-prefix/src/ogre_vendor/RenderSystems/GLSupport/src/GLX/OgreGLXWindow.cpp (line 246)
[rviz2-8] [ERROR] [1790760946.992006286] [rviz2]: rviz::RenderSystem: error creating render window: RenderingAPIException: Invalid parentWindowHandle (wrong server or screen) in GLXWindow::create at ./.obj-x86_64-linux-gnu/ogre_vendor-prefix/src/ogre_vendor/RenderSystems/GLSupport/src/GLX/OgreGLXWindow.cpp (line 246)
[rviz2-8] [ERROR] [1790760946.992032038] [rviz2]: rviz::RenderSystem: error creating render window: RenderingAPIException: Invalid parentWindowHandle (wrong server or screen) in GLXWindow::create at ./.obj-x86_64-linux-gnu/ogre_vendor-prefix/src/ogre_vendor/RenderSystems/GLSupport/src/GLX/OgreGLXWindow.cpp (line 246)
[rviz2-8] [ERROR] [1790760946.992048969] [rviz2]: rviz::RenderSystem: error creating render window: RenderingAPIException: Invalid parentWindowHandle (wrong server or screen) in GLXWindow::create at ./.obj-x86_64-linux-gnu/ogre_vendor-prefix/src/ogre_vendor/RenderSystems/GLSupport/src/GLX/OgreGLXWindow.cpp (line 246)
[rviz2-8] [ERROR] [1790760946.992060809] [rviz2]: rviz::RenderSystem: error creating render window: RenderingAPIException: Invalid parentWindowHandle (wrong server or screen) in GLXWindow::create at ./.obj-x86_64-linux-gnu/ogre_vendor-prefix/src/ogre_vendor/RenderSystems/GLSupport/src/GLX/OgreGLXWindow.cpp (line 246)
[rviz2-8] [ERROR] [1790760946.992072483] [rviz2]: rviz::RenderSystem: error creating render window: RenderingAPIException: Invalid parentWindowHandle (wrong server or screen) in GLXWindow::create at ./.obj-x86_64-linux-gnu/ogre_vendor-prefix/src/ogre_vendor/RenderSystems/GLSupport/src/GLX/OgreGLXWindow.cpp (line 246)
[rviz2-8] [ERROR] [1790760946.992083213] [rviz2]: rviz::RenderSystem: error creating render window: RenderingAPIException: Invalid parentWindowHandle (wrong server or screen) in GLXWindow::create at ./.obj-x86_64-linux-gnu/ogre_vendor-prefix/src/ogre_vendor/RenderSystems/GLSupport/src/GLX/OgreGLXWindow.cpp (line 246)
[rviz2-8] [ERROR] [1790760946.992093309] [rviz2]: rviz::RenderSystem: error creating render window: RenderingAPIException: Invalid parentWindowHandle (wrong server or screen) in GLXWindow::create at ./.obj-x86_64-linux-gnu/ogre_vendor-prefix/src/ogre_vendor/RenderSystems/GLSupport/src/GLX/OgreGLXWindow.cpp (line 246)
[rviz2-8] [ERROR] [1790760946.992103120] [rviz2]: rviz::RenderSystem: error creating render window: RenderingAPIException: Invalid parentWindowHandle (wrong server or screen) in GLXWindow::create at ./.obj-x86_64-linux-gnu/ogre_vendor-prefix/src/ogre_vendor/RenderSystems/GLSupport/src/GLX/OgreGLXWindow.cpp (line 246)
[rviz2-8] [ERROR] [1790760946.992113116] [rviz2]: rviz::RenderSystem: error creating render window: RenderingAPIException: Invalid parentWindowHandle (wrong server or screen) in GLXWindow::create at ./.obj-x86_64-linux-gnu/ogre_vendor-prefix/src/ogre_vendor/RenderSystems/GLSupport/src/GLX/OgreGLXWindow.cpp (line 246)
[rviz2-8] [ERROR] [1790760946.992114875] [rviz2]: Unable to create the rendering window after 100 tries
[rviz2-8] terminate called after throwing an instance of 'std::runtime_error'
[rviz2-8]   what():  Unable to create the rendering window after 100 tries
[servo_node-11] [INFO] [1790760946.997938090] [moveit_servo.moveit_servo.moveit.ros.move_group.collision_monitor]: Collision monitor started
[servo_node-11] [INFO] [1790760946.999591446] [moveit_servo.moveit_servo.moveit.ros.servo]: Servo initialized successfully
[servo_node-11] [INFO] [1790760947.002913304] [moveit_servo]: Waiting to receive robot state update.
[peach_observability-15] [INFO] [1790760947.005764148] [peach_observability]: 全量录制订阅: /joint_trajectory_controller/controller_state [control_msgs/msg/JointTrajectoryControllerState]
[peach_observability-15] [INFO] [1790760947.043924774] [peach_observability]: 全量录制订阅: /joint_trajectory_controller/follow_joint_trajectory/_action/feedback [control_msgs/action/FollowJointTrajectory_FeedbackMessage]
[peach_observability-15] [INFO] [1790760947.044444754] [peach_observability]: 全量录制订阅: /joint_trajectory_controller/follow_joint_trajectory/_action/status [action_msgs/msg/GoalStatusArray]
[peach_observability-15] [INFO] [1790760947.044910959] [peach_observability]: 全量录制订阅: /joint_trajectory_controller/joint_trajectory [trajectory_msgs/msg/JointTrajectory]
[peach_observability-15] [INFO] [1790760947.045459024] [peach_observability]: 全量录制订阅: /joint_trajectory_controller/speed_scaling_input [control_msgs/msg/SpeedScalingFactor]
[peach_observability-15] [INFO] [1790760947.046382432] [peach_observability]: 全量录制订阅: /joint_trajectory_controller/transition_event [lifecycle_msgs/msg/TransitionEvent]
[peach_observability-15] [INFO] [1790760947.047331984] [peach_observability]: 全量录制订阅: /monitored_planning_scene [moveit_msgs/msg/PlanningScene]
[peach_observability-15] [INFO] [1790760947.047976859] [peach_observability]: 全量录制订阅: /move_action/_action/feedback [moveit_msgs/action/MoveGroup_FeedbackMessage]
[peach_observability-15] [INFO] [1790760947.048364890] [peach_observability]: 全量录制订阅: /move_action/_action/status [action_msgs/msg/GoalStatusArray]
[peach_observability-15] [INFO] [1790760947.048832209] [peach_observability]: 全量录制订阅: /moveit_servo/delta_twist_cmds [geometry_msgs/msg/TwistStamped]
[peach_observability-15] [INFO] [1790760947.049234218] [peach_observability]: 全量录制订阅: /moveit_servo/publish_planning_scene [moveit_msgs/msg/PlanningScene]
[peach_observability-15] [INFO] [1790760947.049746497] [peach_observability]: 全量录制订阅: /peach/lifecycle/managed_nodes_activated [std_msgs/msg/Bool]
[peach_observability-15] [INFO] [1790760947.050211866] [peach_observability]: 全量录制订阅: /peach/manipulation/grasp_hypothesis [peach_interfaces/msg/GraspHypothesis]
[peach_observability-15] [INFO] [1790760947.050602315] [peach_observability]: 全量录制订阅: /peach/observability/job [std_msgs/msg/String]
[peach_observability-15] [INFO] [1790760947.051079954] [peach_observability]: 全量录制订阅: /peach/observability/markers [visualization_msgs/msg/MarkerArray]
[peach_observability-15] [INFO] [1790760947.051571789] [peach_observability]: 全量录制订阅: /peach/observability/metrics [std_msgs/msg/String]
[peach_observability-15] [INFO] [1790760947.052084728] [peach_observability]: 全量录制订阅: /peach/observability/selfcheck_passed [std_msgs/msg/Bool]
[peach_observability-15] [INFO] [1790760947.052607012] [peach_observability]: 全量录制订阅: /peach/observability/tcp_path [nav_msgs/msg/Path]
[peach_observability-15] [INFO] [1790760947.053065553] [peach_observability]: 全量录制订阅: /peach/perception/debug_image [sensor_msgs/msg/Image]
[peach_observability-15] [INFO] [1790760947.053505422] [peach_observability]: 全量录制订阅: /peach/perception/debug_image_raw [sensor_msgs/msg/Image]
[peach_observability-15] [INFO] [1790760947.054064069] [peach_observability]: 全量录制订阅: /peach/perception/harvest_state [std_msgs/msg/String]
[peach_observability-15] [INFO] [1790760947.054435793] [peach_observability]: 全量录制订阅: /peach/perception/target_observations [peach_interfaces/msg/PeachTargetObservationArray]
[peach_observability-15] [INFO] [1790760947.056415070] [peach_observability]: 全量录制订阅: /peach/reconstruction/diagnostics [peach_interfaces/msg/ReconstructionStatus]
[peach_observability-15] [INFO] [1790760947.057127090] [peach_observability]: 全量录制订阅: /peach/reconstruction/diagnostics_debug [std_msgs/msg/String]
[peach_observability-15] [INFO] [1790760947.057793046] [peach_observability]: 全量录制订阅: /peach/reconstruction/grasp_decision [peach_interfaces/msg/GraspDecision]
[peach_observability-15] [INFO] [1790760947.058852417] [peach_observability]: 全量录制订阅: /peach/reconstruction/refined_axis [geometry_msgs/msg/Vector3Stamped]
[peach_observability-15] [INFO] [1790760947.059435770] [peach_observability]: 全量录制订阅: /peach/reconstruction/refined_diagnostics [peach_interfaces/msg/BagFittingArray]
[peach_observability-15] [INFO] [1790760947.059869907] [peach_observability]: 全量录制订阅: /peach/reconstruction/refined_pose [peach_interfaces/msg/BagGraspCandidateArray]
[peach_observability-15] [INFO] [1790760947.060734027] [peach_observability]: 全量录制订阅: /peach/reconstruction/status [std_msgs/msg/String]
[peach_observability-15] [INFO] [1790760947.061223624] [peach_observability]: 全量录制订阅: /peach/reconstruction/tsdf_cloud [sensor_msgs/msg/PointCloud2]
[peach_observability-15] [INFO] [1790760947.061787178] [peach_observability]: 全量录制订阅: /peach/scene/obstacles_refresh [std_msgs/msg/Empty]
[peach_observability-15] [INFO] [1790760947.062259526] [peach_observability]: 全量录制订阅: /peach/vegetation/status [std_msgs/msg/String]
[peach_observability-15] [INFO] [1790760947.062778936] [peach_observability]: 全量录制订阅: /peach_arm/execute_target/_action/feedback [peach_interfaces/action/ExecuteTarget_FeedbackMessage]
[peach_observability-15] [INFO] [1790760947.063361122] [peach_observability]: 全量录制订阅: /peach_arm/execute_target/_action/status [action_msgs/msg/GoalStatusArray]
[peach_observability-15] [INFO] [1790760947.063956807] [peach_observability]: 全量录制订阅: /peach_arm/status [std_msgs/msg/String]
[peach_observability-15] [INFO] [1790760947.064551365] [peach_observability]: 全量录制订阅: /peach_arm/survey_scene/_action/feedback [peach_interfaces/action/SurveyScene_FeedbackMessage]
[peach_observability-15] [INFO] [1790760947.065119132] [peach_observability]: 全量录制订阅: /peach_arm/survey_scene/_action/status [action_msgs/msg/GoalStatusArray]
[peach_observability-15] [INFO] [1790760947.065726977] [peach_observability]: 全量录制订阅: /peach_arm/transition_event [lifecycle_msgs/msg/TransitionEvent]
[peach_observability-15] [INFO] [1790760947.066399191] [peach_observability]: 全量录制订阅: /peach_observability/transition_event [lifecycle_msgs/msg/TransitionEvent]
[peach_observability-15] [INFO] [1790760947.067035583] [peach_observability]: 全量录制订阅: /peach_scene_perception_node/transition_event [lifecycle_msgs/msg/TransitionEvent]
[peach_observability-15] [INFO] [1790760947.067652104] [peach_observability]: 全量录制订阅: /peach_supervisor/events [peach_interfaces/msg/CanonicalEvent]
[peach_observability-15] [INFO] [1790760947.068199795] [peach_observability]: 全量录制订阅: /peach_supervisor/run_harvest/_action/feedback [peach_interfaces/action/RunHarvest_FeedbackMessage]
[peach_observability-15] [INFO] [1790760947.068752362] [peach_observability]: 全量录制订阅: /peach_supervisor/run_harvest/_action/status [action_msgs/msg/GoalStatusArray]
[peach_observability-15] [INFO] [1790760947.069442458] [peach_observability]: 全量录制订阅: /peach_supervisor/scene_snapshot [peach_interfaces/msg/SceneSnapshot]
[peach_observability-15] [INFO] [1790760947.070021478] [peach_observability]: 全量录制订阅: /peach_supervisor/state [peach_interfaces/msg/HarvestState]
[peach_observability-15] [INFO] [1790760947.070603937] [peach_observability]: 全量录制订阅: /peach_target_reconstruction_node/build_target_model/_action/feedback [peach_interfaces/action/BuildTargetModel_FeedbackMessage]
[peach_observability-15] [INFO] [1790760947.071110280] [peach_observability]: 全量录制订阅: /peach_target_reconstruction_node/build_target_model/_action/status [action_msgs/msg/GoalStatusArray]
[peach_observability-15] [INFO] [1790760947.072600031] [peach_observability]: 全量录制订阅: /pipeline_state [moveit_msgs/msg/PipelineState]
[peach_observability-15] [INFO] [1790760947.073060629] [peach_observability]: 全量录制订阅: /planning_scene [moveit_msgs/msg/PlanningScene]
[peach_observability-15] [INFO] [1790760947.073711143] [peach_observability]: 全量录制订阅: /planning_scene_world [moveit_msgs/msg/PlanningSceneWorld]
[peach_observability-15] [INFO] [1790760947.074311708] [peach_observability]: 全量录制订阅: /robot_description [std_msgs/msg/String]
[peach_observability-15] [INFO] [1790760947.074966716] [peach_observability]: 全量录制订阅: /sequence_move_group/_action/feedback [moveit_msgs/action/MoveGroupSequence_FeedbackMessage]
[peach_observability-15] [INFO] [1790760947.075509545] [peach_observability]: 全量录制订阅: /sequence_move_group/_action/status [action_msgs/msg/GoalStatusArray]
[peach_observability-15] [INFO] [1790760947.076042924] [peach_observability]: 全量录制订阅: /tf [tf2_msgs/msg/TFMessage]
[peach_observability-15] [INFO] [1790760947.076649373] [peach_observability]: 全量录制订阅: /tf_static [tf2_msgs/msg/TFMessage]
[peach_observability-15] [INFO] [1790760947.077247043] [peach_observability]: 全量录制订阅: /trajectory_execution_event [std_msgs/msg/String]
[servo_node-11] [INFO] [1790760947.098013441] [moveit_servo.moveit_servo.moveit.ros.move_group.collision_monitor]: Collision monitor stopped
[INFO] [spawner-5]: process has finished cleanly [pid 1294382]
[peach_harvester-13] [INFO] [1790760947.597866616] [peach_scene_perception_node]: Subscribed color=/camera/color/image_raw depth=/camera/depth/image_raw info=/camera/color/camera_info slop=0.05s optical=camera_color_optical_frame output=base_link depth_scale_unit=0.25 gravity_mode=tf calib=percipio-640x480-chessboard|hand_eye:import_humble_20260128T114006
[peach_harvester-13] [INFO] [1790760947.598112922] [peach_scene_perception_node]: 目标身份记忆已启用：match_radius=0.06 m, max_targets=50, ema=0.3
[peach_harvester-13] [INFO] [1790760947.609177224] [peach_target_reconstruction_node]: peach_target_reconstruction_node ready: base=base_link color=/camera/color/image_raw depth=/camera/depth/image_raw slop=0.05s depth_scale_unit=0.25 views(min/rec/max)=2/5/24 require_static=True auto_mode=True session_root=/home/mu/Desktop/aubo_e5_jazzy_ws/plans/v1_三末端混合测试/results/runs
[lifecycle_manager-16] [INFO] [1790760947.708947453] [peach_lifecycle_manager]: [34m[1mStarting managed nodes bringup...[0m[0m
[lifecycle_manager-16] [INFO] [1790760947.709007442] [peach_lifecycle_manager]: [34m[1mConfiguring peach_scene_perception_node[0m[0m
[peach_harvester-13] [WARN] [1790760947.735488819] [peach_scene_perception_node]: bond 未生效：缺 ros-jazzy-bondpy（sudo apt install 后重启节点即接入 nav2_lm 心跳监测）
[lifecycle_manager-16] [INFO] [1790760947.738380691] [peach_lifecycle_manager]: [34m[1mConfiguring peach_target_reconstruction_node[0m[0m
[peach_harvester-13] [WARN] [1790760947.750913466] [peach_target_reconstruction_node]: bond 未生效：缺 ros-jazzy-bondpy（sudo apt install 后重启节点即接入 nav2_lm 心跳监测）
[lifecycle_manager-16] [INFO] [1790760947.752387671] [peach_lifecycle_manager]: [34m[1mConfiguring peach_arm[0m[0m
[peach_arm-14] [WARN] [1790760947.752671940] [peach_arm]: scan.protected_zones 丢弃畸形盒: 盒#0 存在 min>=max 的轴（空盒/退化盒），已丢弃
[peach_arm-14] [WARN] [1790760947.781865806] [peach_arm]: scan.protected_zones 丢弃畸形盒: 盒#0 存在 min>=max 的轴（空盒/退化盒），已丢弃
[peach_arm-14] [WARN] [1790760947.782342979] [peach_arm]: scan.protected_zones 丢弃畸形盒: 盒#0 存在 min>=max 的轴（空盒/退化盒），已丢弃
[peach_arm-14] [WARN] [1790760947.783857602] [rcl.logging_rosout]: Publisher already registered for node name: 'peach_arm'. If this is due to multiple nodes with the same name then all logs for the logger named 'peach_arm' will go out over the existing publisher. As soon as any node with that name is destructed it will unregister the publisher, preventing any further logs for that name from being published on the rosout topic.
[peach_arm-14] [INFO] [1790760947.790418589] [peach_arm.moveit.ros.rdf_loader]: Loaded robot model in 0.00210055 seconds
[peach_arm-14] [INFO] [1790760947.790736559] [peach_arm.moveit.core.robot_model]: Loading robot model 'aubo_e5'...
[peach_arm-14] [INFO] [1790760947.790891385] [peach_arm.moveit.core.robot_model]: No root/virtual joint specified in SRDF. Assuming fixed joint
[peach_arm-14] [INFO] [1790760947.811846614] [peach_arm.moveit.kinematics.kdl_kinematics_plugin]: Joint weights for group 'manipulator_e5': 1 1 1 1 1 1
[peach_arm-14] [INFO] [1790760947.821828741] [peach_arm.moveit.ros.move_group_interface]: Ready to take commands for planning group manipulator_e5.
[peach_arm-14] [INFO] [1790760947.821868362] [peach_arm]: 主动视觉靠近节点 ready: group=manipulator_e5 base=base_link tip=tcp camera=camera_depth_optical_frame execution=plan_only grasp=disabled
[peach_arm-14] [INFO] [1790760947.821894198] [peach_arm]: [IDLE] 已配置；activate 后才开放运动输出权限
[lifecycle_manager-16] [INFO] [1790760947.822486492] [peach_lifecycle_manager]: [34m[1mConfiguring peach_supervisor[0m[0m
[peach_harvester-13] [WARN] [1790760947.840979183] [peach_supervisor]: bond 未生效：缺 ros-jazzy-bondpy（sudo apt install 后重启节点即接入 nav2_lm 心跳监测）
[peach_harvester-13] [INFO] [1790760947.847591785] [peach_supervisor]: task executor configured; will not auto-start harvest
[lifecycle_manager-16] [INFO] [1790760947.848635868] [peach_lifecycle_manager]: [34m[1mActivating peach_scene_perception_node[0m[0m
[peach_harvester-13] [WARN] [1790760947.849671972] [peach_scene_perception_node]: bond 未生效：缺 ros-jazzy-bondpy（sudo apt install 后重启节点即接入 nav2_lm 心跳监测）
[peach_harvester-13] [INFO] [1790760947.850207472] [peach_scene_perception_node]: perception Active：开始处理 RGB-D
[lifecycle_manager-16] [INFO] [1790760947.851001691] [peach_lifecycle_manager]: [34m[1mActivating peach_target_reconstruction_node[0m[0m
[peach_harvester-13] [WARN] [1790760947.852445439] [peach_target_reconstruction_node]: bond 未生效：缺 ros-jazzy-bondpy（sudo apt install 后重启节点即接入 nav2_lm 心跳监测）
[peach_harvester-13] [INFO] [1790760947.854284726] [peach_target_reconstruction_node]: reconstruction Active：开始积分
[lifecycle_manager-16] [INFO] [1790760947.855185853] [peach_lifecycle_manager]: [34m[1mActivating peach_arm[0m[0m
[peach_arm-14] [WARN] [1790760947.855638519] [peach_arm]: scan.protected_zones 丢弃畸形盒: 盒#0 存在 min>=max 的轴（空盒/退化盒），已丢弃
[peach_arm-14] [INFO] [1790760947.857878264] [peach_arm]: 节点已激活：运动输出权限开放
[lifecycle_manager-16] [INFO] [1790760947.858612107] [peach_lifecycle_manager]: [34m[1mActivating peach_supervisor[0m[0m
[peach_arm-14] [WARN] [1790760947.861638629] [rcl.logging_rosout]: Publisher already registered for node name: 'peach_arm'. If this is due to multiple nodes with the same name then all logs for the logger named 'peach_arm' will go out over the existing publisher. As soon as any node with that name is destructed it will unregister the publisher, preventing any further logs for that name from being published on the rosout topic.
[peach_harvester-13] [WARN] [1790760947.863233686] [peach_supervisor]: bond 未生效：缺 ros-jazzy-bondpy（sudo apt install 后重启节点即接入 nav2_lm 心跳监测）
[lifecycle_manager-16] [INFO] [1790760947.865535462] [peach_lifecycle_manager]: [34m[1mManaged nodes are active[0m[0m
[peach_arm-14] [WARN] [1790760947.867155854] [rcl.logging_rosout]: Publisher already registered for node name: 'peach_arm'. If this is due to multiple nodes with the same name then all logs for the logger named 'peach_arm' will go out over the existing publisher. As soon as any node with that name is destructed it will unregister the publisher, preventing any further logs for that name from being published on the rosout topic.
[peach_lifecycle_flag_bridge-17] [INFO] [1790760947.873747788] [peach_lifecycle_flag_bridge]: 托管栈 Active=True（桥自 nav2_lm is_active）
[peach_arm-14] [INFO] [1790760947.952850696] [peach_arm]: 场景障碍 ACM 豁免已应用: 26 条（含 <octomap> 保留名）
[ERROR] [rviz2-8]: process has died [pid 1294385, exit code -6, cmd '/opt/ros/jazzy/lib/rviz2/rviz2 -d /home/mu/Desktop/aubo_e5_jazzy_ws/install/aubo_e5_moveit_config/share/aubo_e5_moveit_config/rviz/moveit.rviz --ros-args -p use_sim_time:=False --params-file /tmp/launch_params_cnyjow2v'].
[peach_observability-15] [INFO] [1790760949.082438100] [peach_observability]: 全量录制订阅: /aubo_io_controller/io_states [aubo_msgs/msg/IOState]
[peach_observability-15] [INFO] [1790760949.127878589] [peach_observability]: 全量录制订阅: /bond [bond/msg/Status]
[peach_observability-15] [INFO] [1790760949.129042916] [peach_observability]: 全量录制订阅: /camera/color/camera_info [sensor_msgs/msg/CameraInfo]
[peach_observability-15] [INFO] [1790760949.130106503] [peach_observability]: 全量录制订阅: /camera/depth/camera_info [sensor_msgs/msg/CameraInfo]
[peach_observability-15] [INFO] [1790760949.131246754] [peach_observability]: 全量录制订阅: /dynamic_joint_states [control_msgs/msg/DynamicJointState]
[peach_observability-15] [INFO] [1790760949.132305493] [peach_observability]: 全量录制订阅: /moveit_servo/delta_joint_cmds [control_msgs/msg/JointJog]
[peach_observability-15] [INFO] [1790760949.133233392] [peach_observability]: 全量录制订阅: /moveit_servo/pose_target_cmds [geometry_msgs/msg/PoseStamped]
[peach_observability-15] [INFO] [1790760949.134157748] [peach_observability]: 全量录制订阅: /moveit_servo/status [moveit_msgs/msg/ServoStatus]
[peach_observability-15] [INFO] [1790760949.135123438] [peach_observability]: 全量录制订阅: /peach/batch/enables [peach_interfaces/msg/Enables]
[peach_observability-15] [INFO] [1790760949.135991912] [peach_observability]: 全量录制订阅: /peach/perception/axis [geometry_msgs/msg/Vector3Stamped]
[peach_observability-15] [INFO] [1790760949.155269068] [peach_observability]: 全量录制订阅: /peach/perception/detections [vision_msgs/msg/Detection2DArray]
[peach_observability-15] [INFO] [1790760949.156426859] [peach_observability]: 全量录制订阅: /peach/perception/diagnostics [peach_interfaces/msg/BagFittingArray]
[peach_observability-15] [INFO] [1790760949.157540475] [peach_observability]: 全量录制订阅: /peach/perception/initial_pose [peach_interfaces/msg/BagGraspCandidateArray]
[peach_observability-15] [INFO] [1790760949.158480445] [peach_observability]: 全量录制订阅: /peach/perception/markers [visualization_msgs/msg/MarkerArray]
[peach_observability-15] [INFO] [1790760949.159364668] [peach_observability]: 全量录制订阅: /peach/perception/masks [sensor_msgs/msg/Image]
[peach_observability-15] [INFO] [1790760949.160328394] [peach_observability]: 全量录制订阅: /peach/perception/single_cloud [sensor_msgs/msg/PointCloud2]
[peach_observability-15] [INFO] [1790760949.161343001] [peach_observability]: 全量录制订阅: /peach/reconstruction/local_cloud [sensor_msgs/msg/PointCloud2]
[peach_observability-15] [INFO] [1790760949.162301796] [peach_observability]: 全量录制订阅: /peach/reconstruction/markers [visualization_msgs/msg/MarkerArray]
[peach_observability-15] [INFO] [1790760949.163341956] [peach_observability]: 全量录制订阅: /peach/reconstruction/pregrasp_verification [peach_interfaces/msg/PregraspVerification]
[peach_observability-15] [INFO] [1790760949.164396940] [peach_observability]: 全量录制订阅: /peach/reconstruction/shape_hypothesis [peach_interfaces/msg/ShapeHypothesis]
[peach_observability-15] [INFO] [1790760949.165284953] [peach_observability]: 全量录制订阅: /peach_arm/move_to/_action/feedback [peach_interfaces/action/MoveTo_FeedbackMessage]
[peach_observability-15] [INFO] [1790760949.167638252] [peach_observability]: 全量录制订阅: /peach_arm/move_to/_action/status [action_msgs/msg/GoalStatusArray]
[peach_observability-15] [INFO] [1790760949.169716315] [peach_observability]: 全量录制订阅: /peach_arm/planned_views [visualization_msgs/msg/MarkerArray]
[peach_observability-15] [INFO] [1790760949.171235253] [peach_observability]: 全量录制订阅: /peach_arm/tool_state [peach_interfaces/msg/ToolState]
[peach_observability-15] [INFO] [1790760949.172065858] [peach_observability]: 全量录制订阅: /peach_supervisor/transition_event [lifecycle_msgs/msg/TransitionEvent]
[peach_observability-15] [INFO] [1790760949.173528421] [peach_observability]: 全量录制订阅: /peach_target_reconstruction_node/transition_event [lifecycle_msgs/msg/TransitionEvent]
[stereo_camera_node-1] [INFO] [1790760949.330245339] [camera.peach_stereo_camera_node]: iface eth-fc:9d:05:6c:6f:a00b0afea9: 1 device(s)
[stereo_camera_node-1] [INFO] [1790760949.330299151] [camera.peach_stereo_camera_node]:   dev 207000152740 model PS800-E1 ip 169.254.10.110
[stereo_camera_node-1] [INFO] [1790760949.468996938] [camera.peach_stereo_camera_node]: open device 207000152740: status=0
[stereo_camera_node-1] [INFO] [1790760949.544527630] [camera.peach_stereo_camera_node]: rectify: R1=2.65deg f=548.9px B=62.2mm proc=640x480 numDisp=128 med=3 mode=3 tk=3
[stereo_camera_node-1] [INFO] [1790760949.545775315] [camera.peach_stereo_camera_node]: color mode set: yuyv 640x480
[peach_harvester-13] [INFO] [1790760950.510771400] [peach_scene_perception_node]: CameraInfo K fx=466.175 fy=465.557 cx=326.071 cy=244.789 640x480
[peach_harvester-13] [WARN] [1790760950.563379074] [peach_target_reconstruction_node]: 重建 worker 队列已满，拒绝新帧以保持积分顺序
[peach_arm-14] [INFO] [1790760950.967134298] [peach_arm]: 场景障碍 ACM 豁免已应用: 26 条（含 <octomap> 保留名）
[peach_harvester-13] /home/mu/Desktop/aubo_e5_jazzy_ws/aubo_py3.12/lib/python3.12/site-packages/matplotlib/projections/__init__.py:63: UserWarning: Unable to import Axes3D. This may be due to multiple versions of Matplotlib being installed (e.g. as a system package and as a pip package). As a result, the 3D projection is not available.
[peach_harvester-13]   warnings.warn("Unable to import Axes3D. This may be due to multiple versions of "
[extrinsics_publisher-9] [WARN] [1790760951.721052977] [hand_eye_extrinsics_publisher]: diagnostic_updater: No HW_ID was set. This is probably                a bug. Please report it. For devices that do not have a                HW_ID, set this value to none. This warning only occurs                once all diagnostics are OK so it is okay to wait until                the device is open before calling setHardwareID.
[peach_arm-14] [INFO] [1790760953.980382999] [peach_arm]: 场景障碍 ACM 豁免已应用: 26 条（含 <octomap> 保留名）
[peach_harvester-13] [INFO] [1790760955.792435476] [peach_scene_perception_node]: peach_harvester.vision.scene_perception.identity: 目标注册 累计 1 次（最近: target_0 cls=0 累计表规模 1）
[peach_harvester-13] [INFO] [1790760955.798943462] [peach_scene_perception_node]: 目标注册表在册 1 个目标（累计注册 1、累计命中 0）
[peach_harvester-13] [WARN] [1790760955.803235470] [peach_scene_perception_node]: 感知 worker 满队丢帧累计 75（处理跟不上到达率，排查热路径耗时或降低到达率）
[peach_harvester-13] [WARN] [1790760955.947875675] [peach_scene_perception_node]: 感知 worker 满队丢帧累计 77（处理跟不上到达率，排查热路径耗时或降低到达率）
[peach_harvester-13] [WARN] [1790760956.212335350] [peach_scene_perception_node]: 感知 worker 满队丢帧累计 78（处理跟不上到达率，排查热路径耗时或降低到达率）
[peach_harvester-13] [WARN] [1790760956.357217078] [peach_scene_perception_node]: 感知 worker 满队丢帧累计 79（处理跟不上到达率，排查热路径耗时或降低到达率）
[peach_harvester-13] [WARN] [1790760956.492397169] [peach_scene_perception_node]: 感知 worker 满队丢帧累计 80（处理跟不上到达率，排查热路径耗时或降低到达率）
[peach_harvester-13] [WARN] [1790760956.782980651] [peach_scene_perception_node]: 感知 worker 满队丢帧累计 82（处理跟不上到达率，排查热路径耗时或降低到达率）
[peach_observability-15] [WARN] [1790760956.907373201] [peach_observability]: 自检[initial] 13/18 通过，失败: camera_color_rate, camera_depth_rate，跳过: robot_status, model_files, vegetation_status
[peach_harvester-13] [WARN] [1790760956.928151820] [peach_scene_perception_node]: 感知 worker 满队丢帧累计 83（处理跟不上到达率，排查热路径耗时或降低到达率）
[peach_harvester-13] [WARN] [1790760957.066000864] [peach_scene_perception_node]: 感知 worker 满队丢帧累计 84（处理跟不上到达率，排查热路径耗时或降低到达率）
[peach_harvester-13] [WARN] [1790760957.239183430] [peach_scene_perception_node]: 感知 worker 满队丢帧累计 85（处理跟不上到达率，排查热路径耗时或降低到达率）
[stereo_camera_node-1] [INFO] [1790760957.379579940] [camera.peach_stereo_camera_node]: groups=100 published=100 rate=13.3 gps drop(stream=0 incomplete=0 nostamp=0 depth=0)
[peach_harvester-13] [WARN] [1790760957.386148461] [peach_scene_perception_node]: 感知 worker 满队丢帧累计 86（处理跟不上到达率，排查热路径耗时或降低到达率）
[peach_harvester-13] [WARN] [1790760957.523220065] [peach_scene_perception_node]: 感知 worker 满队丢帧累计 87（处理跟不上到达率，排查热路径耗时或降低到达率）
[peach_harvester-13] [WARN] [1790760957.663023153] [peach_scene_perception_node]: 感知 worker 满队丢帧累计 88（处理跟不上到达率，排查热路径耗时或降低到达率）
[peach_harvester-13] [INFO] [1790760957.876397639] [peach_scene_perception_node]: peach_harvester.vision.scene_perception.identity: 目标注册 累计 2 次（最近: target_1 cls=0 累计表规模 2）
[peach_harvester-13] [WARN] [1790760957.890049609] [peach_scene_perception_node]: 感知 worker 满队丢帧累计 90（处理跟不上到达率，排查热路径耗时或降低到达率）
[peach_harvester-13] [WARN] [1790760958.026401359] [peach_scene_perception_node]: 感知 worker 满队丢帧累计 91（处理跟不上到达率，排查热路径耗时或降低到达率）
[peach_harvester-13] [WARN] [1790760958.139667344] [peach_scene_perception_node]: peach_harvester.vision.scene_perception.pose_pipelines: 位姿拟合拒绝 累计 1 次（最近: bag target_2: bag_axis_too_short）
[peach_harvester-13] [WARN] [1790760958.158486266] [peach_scene_perception_node]: 感知 worker 满队丢帧累计 92（处理跟不上到达率，排查热路径耗时或降低到达率）
[peach_harvester-13] [WARN] [1790760958.318247371] [peach_scene_perception_node]: 感知 worker 满队丢帧累计 93（处理跟不上到达率，排查热路径耗时或降低到达率）
[peach_harvester-13] [WARN] [1790760958.453978992] [peach_scene_perception_node]: 感知 worker 满队丢帧累计 94（处理跟不上到达率，排查热路径耗时或降低到达率）
[peach_harvester-13] [WARN] [1790760958.588715642] [peach_scene_perception_node]: 感知 worker 满队丢帧累计 95（处理跟不上到达率，排查热路径耗时或降低到达率）
[peach_harvester-13] [WARN] [1790760958.740256686] [peach_scene_perception_node]: 感知 worker 满队丢帧累计 96（处理跟不上到达率，排查热路径耗时或降低到达率）
[peach_harvester-13] [WARN] [1790760958.921770412] [peach_scene_perception_node]: 感知 worker 满队丢帧累计 98（处理跟不上到达率，排查热路径耗时或降低到达率）
[peach_harvester-13] [WARN] [1790760959.077974006] [peach_scene_perception_node]: 感知 worker 满队丢帧累计 99（处理跟不上到达率，排查热路径耗时或降低到达率）
[peach_harvester-13] [WARN] [1790760959.241537377] [peach_scene_perception_node]: 感知 worker 满队丢帧累计 100（处理跟不上到达率，排查热路径耗时或降低到达率）
[peach_harvester-13] [WARN] [1790760959.407313119] [peach_scene_perception_node]: 感知 worker 满队丢帧累计 102（处理跟不上到达率，排查热路径耗时或降低到达率）
[peach_harvester-13] [WARN] [1790760959.597495447] [peach_scene_perception_node]: 感知 worker 满队丢帧累计 103（处理跟不上到达率，排查热路径耗时或降低到达率）
[peach_harvester-13] [WARN] [1790760959.737601251] [peach_scene_perception_node]: 感知 worker 满队丢帧累计 104（处理跟不上到达率，排查热路径耗时或降低到达率）
[peach_harvester-13] [WARN] [1790760959.878447127] [peach_scene_perception_node]: 感知 worker 满队丢帧累计 105（处理跟不上到达率，排查热路径耗时或降低到达率）
[peach_harvester-13] [WARN] [1790760960.012572505] [peach_scene_perception_node]: 感知 worker 满队丢帧累计 106（处理跟不上到达率，排查热路径耗时或降低到达率）
[peach_harvester-13] [WARN] [1790760960.156543500] [peach_scene_perception_node]: 感知 worker 满队丢帧累计 107（处理跟不上到达率，排查热路径耗时或降低到达率）
[peach_harvester-13] [WARN] [1790760960.306658395] [peach_scene_perception_node]: 感知 worker 满队丢帧累计 108（处理跟不上到达率，排查热路径耗时或降低到达率）
[peach_harvester-13] [WARN] [1790760960.443026785] [peach_scene_perception_node]: 感知 worker 满队丢帧累计 109（处理跟不上到达率，排查热路径耗时或降低到达率）
[peach_harvester-13] [WARN] [1790760960.594865566] [peach_scene_perception_node]: 感知 worker 满队丢帧累计 110（处理跟不上到达率，排查热路径耗时或降低到达率）
[peach_harvester-13] [WARN] [1790760960.759278775] [peach_scene_perception_node]: 感知 worker 满队丢帧累计 112（处理跟不上到达率，排查热路径耗时或降低到达率）
[peach_harvester-13] [WARN] [1790760960.908688615] [peach_scene_perception_node]: 感知 worker 满队丢帧累计 113（处理跟不上到达率，排查热路径耗时或降低到达率）
[peach_harvester-13] [WARN] [1790760961.071489411] [peach_scene_perception_node]: 感知 worker 满队丢帧累计 114（处理跟不上到达率，排查热路径耗时或降低到达率）
[peach_harvester-13] [WARN] [1790760961.233752520] [peach_scene_perception_node]: 感知 worker 满队丢帧累计 115（处理跟不上到达率，排查热路径耗时或降低到达率）
[peach_harvester-13] [WARN] [1790760961.392745841] [peach_scene_perception_node]: 感知 worker 满队丢帧累计 116（处理跟不上到达率，排查热路径耗时或降低到达率）
[peach_harvester-13] [WARN] [1790760961.568599834] [peach_scene_perception_node]: 感知 worker 满队丢帧累计 118（处理跟不上到达率，排查热路径耗时或降低到达率）
[peach_harvester-13] [WARN] [1790760961.718402158] [peach_scene_perception_node]: 感知 worker 满队丢帧累计 119（处理跟不上到达率，排查热路径耗时或降低到达率）
[peach_harvester-13] [WARN] [1790760961.857956845] [peach_scene_perception_node]: 感知 worker 满队丢帧累计 120（处理跟不上到达率，排查热路径耗时或降低到达率）
[peach_harvester-13] [WARN] [1790760962.018240251] [peach_scene_perception_node]: 感知 worker 满队丢帧累计 121（处理跟不上到达率，排查热路径耗时或降低到达率）
[peach_harvester-13] [WARN] [1790760962.161144778] [peach_scene_perception_node]: 感知 worker 满队丢帧累计 122（处理跟不上到达率，排查热路径耗时或降低到达率）
[peach_harvester-13] [WARN] [1790760962.298656390] [peach_scene_perception_node]: 感知 worker 满队丢帧累计 123（处理跟不上到达率，排查热路径耗时或降低到达率）
[peach_harvester-13] [WARN] [1790760962.456471927] [peach_scene_perception_node]: 感知 worker 满队丢帧累计 125（处理跟不上到达率，排查热路径耗时或降低到达率）
[peach_harvester-13] [WARN] [1790760962.649746974] [peach_scene_perception_node]: 感知 worker 满队丢帧累计 126（处理跟不上到达率，排查热路径耗时或降低到达率）
[peach_harvester-13] [WARN] [1790760962.797622633] [peach_scene_perception_node]: 感知 worker 满队丢帧累计 127（处理跟不上到达率，排查热路径耗时或降低到达率）
[peach_harvester-13] [WARN] [1790760963.116909328] [peach_scene_perception_node]: 感知 worker 满队丢帧累计 129（处理跟不上到达率，排查热路径耗时或降低到达率）
[peach_harvester-13] [WARN] [1790760963.278839964] [peach_scene_perception_node]: 感知 worker 满队丢帧累计 131（处理跟不上到达率，排查热路径耗时或降低到达率）
[peach_harvester-13] [WARN] [1790760963.433936124] [peach_scene_perception_node]: 感知 worker 满队丢帧累计 132（处理跟不上到达率，排查热路径耗时或降低到达率）
[peach_harvester-13] [WARN] [1790760963.578553950] [peach_scene_perception_node]: 感知 worker 满队丢帧累计 133（处理跟不上到达率，排查热路径耗时或降低到达率）
[peach_harvester-13] [WARN] [1790760963.732819420] [peach_scene_perception_node]: 感知 worker 满队丢帧累计 134（处理跟不上到达率，排查热路径耗时或降低到达率）
[peach_harvester-13] [WARN] [1790760963.879645069] [peach_scene_perception_node]: 感知 worker 满队丢帧累计 135（处理跟不上到达率，排查热路径耗时或降低到达率）
[peach_harvester-13] [WARN] [1790760964.039420482] [peach_scene_perception_node]: 感知 worker 满队丢帧累计 136（处理跟不上到达率，排查热路径耗时或降低到达率）
[peach_harvester-13] [WARN] [1790760964.199062925] [peach_scene_perception_node]: 感知 worker 满队丢帧累计 137（处理跟不上到达率，排查热路径耗时或降低到达率）
[peach_harvester-13] [WARN] [1790760964.363668963] [peach_scene_perception_node]: 感知 worker 满队丢帧累计 138（处理跟不上到达率，排查热路径耗时或降低到达率）
[peach_harvester-13] [WARN] [1790760964.498208423] [peach_scene_perception_node]: 感知 worker 满队丢帧累计 139（处理跟不上到达率，排查热路径耗时或降低到达率）
[stereo_camera_node-1] [INFO] [1790760964.572530718] [camera.peach_stereo_camera_node]: groups=200 published=200 rate=13.6 gps drop(stream=0 incomplete=0 nostamp=0 depth=0)
[peach_harvester-13] [WARN] [1790760964.656125750] [peach_scene_perception_node]: 感知 worker 满队丢帧累计 140（处理跟不上到达率，排查热路径耗时或降低到达率）
[peach_harvester-13] [WARN] [1790760964.829068261] [peach_scene_perception_node]: 感知 worker 满队丢帧累计 141（处理跟不上到达率，排查热路径耗时或降低到达率）
[peach_harvester-13] [WARN] [1790760964.993533731] [peach_scene_perception_node]: 感知 worker 满队丢帧累计 143（处理跟不上到达率，排查热路径耗时或降低到达率）
[peach_harvester-13] [WARN] [1790760965.149175237] [peach_scene_perception_node]: 感知 worker 满队丢帧累计 145（处理跟不上到达率，排查热路径耗时或降低到达率）
[peach_harvester-13] [WARN] [1790760965.472481869] [peach_scene_perception_node]: 感知 worker 满队丢帧累计 147（处理跟不上到达率，排查热路径耗时或降低到达率）
[peach_harvester-13] [WARN] [1790760965.587524628] [peach_scene_perception_node]: 感知 worker 满队丢帧累计 148（处理跟不上到达率，排查热路径耗时或降低到达率）
[peach_harvester-13] [WARN] [1790760965.743767846] [peach_scene_perception_node]: 感知 worker 满队丢帧累计 149（处理跟不上到达率，排查热路径耗时或降低到达率）
[peach_harvester-13] [INFO] [1790760966.061290921] [peach_scene_perception_node]: 目标注册表在册 1 个目标（累计注册 2、累计命中 66）
[peach_harvester-13] [WARN] [1790760966.084033819] [peach_scene_perception_node]: 感知 worker 满队丢帧累计 152（处理跟不上到达率，���查热路径耗时或降低到达率）
[peach_harvester-13] [WARN] [1790760966.237246475] [peach_scene_perception_node]: 感知 worker 满队丢帧累计 154（处理跟不上到达率，排查热路径耗时或降低到达率）
[peach_harvester-13] [WARN] [1790760966.522226173] [peach_scene_perception_node]: 感知 worker 满队丢帧累计 156（处理跟不上到达率，排查热路径耗时或降低到达率）
[peach_harvester-13] [WARN] [1790760966.668723369] [peach_scene_perception_node]: 感知 worker 满队丢帧累计 157（处理跟不上到达率，排查热路径耗时或降低到达率）
[peach_harvester-13] [WARN] [1790760966.815571179] [peach_scene_perception_node]: 感知 worker 满队丢帧累计 158（处理跟不上到达率，排查热路径耗时或降低到达率）
[peach_harvester-13] [WARN] [1790760966.971805331] [peach_scene_perception_node]: 感知 worker 满队丢帧累计 159（处理跟不上到达率，排查热路径耗时或降低到达率）
[peach_harvester-13] [WARN] [1790760967.083985376] [peach_scene_perception_node]: 感知 worker 满队丢帧累计 160（处理跟不上到达率，排查热路径耗时或降低到达率）
[peach_harvester-13] [WARN] [1790760967.371059928] [peach_scene_perception_node]: 感知 worker 满队丢帧累计 161（处理跟不上到达率，排查热路径耗时或降低到达率）
[peach_harvester-13] [WARN] [1790760967.543748803] [peach_scene_perception_node]: 感知 worker 满队丢帧累计 163（处理跟不上到达率，排查热路径耗时或降低到达率）
[peach_harvester-13] [WARN] [1790760967.663950773] [peach_scene_perception_node]: 感知 worker 满队丢帧累计 164（处理跟不上到达率，排查热路径耗时或降低到达率）
[peach_harvester-13] [WARN] [1790760967.823120944] [peach_scene_perception_node]: 感知 worker 满队丢帧累计 165（处理跟不上到达率，排查热路径耗时或降低到达率）
[peach_harvester-13] [WARN] [1790760968.107473622] [peach_scene_perception_node]: 感知 worker 满队丢帧累计 167（处理跟不上到达率，排查热路径耗时或降低到达率）
[peach_harvester-13] [WARN] [1790760968.263732739] [peach_scene_perception_node]: 感知 worker 满队丢帧累计 168（处理跟不上到达率，排查热路径耗时或降低到达率）
[peach_harvester-13] [WARN] [1790760968.392086516] [peach_scene_perception_node]: 感知 worker 满队丢帧累计 169（处理跟不上到达率，排查热路径耗时或降低到达率）
[peach_harvester-13] [WARN] [1790760968.561544055] [peach_scene_perception_node]: 感知 worker 满队丢帧累计 170（处理跟不上到达率，排查热路径耗时或降低到达率）
[peach_harvester-13] [WARN] [1790760968.731319433] [peach_scene_perception_node]: 感知 worker 满队丢帧累计 172（处理跟不上到达率，排查热路径耗时或降低到达率）
[peach_harvester-13] [WARN] [1790760968.894115689] [peach_scene_perception_node]: 感知 worker 满队丢帧累计 173（处理跟不上到达率，排查热路径耗时或降低到达率）
[peach_harvester-13] [WARN] [1790760969.031183457] [peach_scene_perception_node]: 感知 worker 满队丢帧累计 174（处理跟不上到达率，排查热路径耗时或降低到达率）
[peach_harvester-13] [WARN] [1790760969.168649423] [peach_scene_perception_node]: 感知 worker 满队丢帧累计 175（处理跟不上到达率，排查热路径耗时或降低到达率）
[peach_harvester-13] [WARN] [1790760969.325736563] [peach_scene_perception_node]: 感知 worker 满队丢帧累计 176（处理跟不上到达率，排查热路径耗时或降低到达率）
[peach_harvester-13] [WARN] [1790760969.478186548] [peach_scene_perception_node]: 感知 worker 满队丢帧累计 177（处理跟不上到达率，排查热路径耗时或降低到达率）
[peach_harvester-13] [WARN] [1790760969.622449674] [peach_scene_perception_node]: 感知 worker 满队丢帧累计 178（处理跟不上到达率，排查热路径耗时或降低到达率）
[peach_harvester-13] [WARN] [1790760969.804636359] [peach_scene_perception_node]: 感知 worker 满队丢帧累计 179（处理跟不上到达率，排查热路径耗时或降低到达率）
[peach_harvester-13] [WARN] [1790760969.957409622] [peach_scene_perception_node]: 感知 worker 满队丢帧累计 180（处理跟不上到达率，排查热路径耗时或降低到达率）
[peach_harvester-13] [WARN] [1790760970.104600549] [peach_scene_perception_node]: 感知 worker 满队丢帧累计 181（处理跟不上到达率，排查热路径耗时或降低到达率）
[peach_harvester-13] [WARN] [1790760970.288820444] [peach_scene_perception_node]: 感知 worker 满队丢帧累计 183（处理跟不上到达率，排查热路径耗时或降低到达率）
[peach_harvester-13] [WARN] [1790760970.442587380] [peach_scene_perception_node]: 感知 worker 满队丢帧累计 184（处理跟不上到达率，排查热路径耗时或降低到达率）
[peach_harvester-13] [WARN] [1790760970.589165609] [peach_scene_perception_node]: 感知 worker 满队丢帧累计 185（处理跟不上到达率，排查热路径耗时或降低到达率）
[peach_harvester-13] [WARN] [1790760970.767529346] [peach_scene_perception_node]: 感知 worker 满队丢帧累计 187（处理跟不上到达率，排查热路径耗时或降低到达率）
[peach_harvester-13] [WARN] [1790760970.938076089] [peach_scene_perception_node]: 感知 worker 满队丢帧累计 188（处理跟不上到达率，排查热路径耗时或降低到达率）
[peach_harvester-13] [WARN] [1790760971.088320296] [peach_scene_perception_node]: 感知 worker 满队丢帧累计 189（处理跟不上到达率，排查热路径耗时或降低到达率）
[peach_harvester-13] [WARN] [1790760971.233347298] [peach_scene_perception_node]: 感知 worker 满队丢帧累计 190（处理跟不上到达率，排查热路径耗时或降低到达率）
[peach_harvester-13] [WARN] [1790760971.409637638] [peach_scene_perception_node]: 感知 worker 满队丢帧累计 192（处理跟不上到达率，排查热路径耗时或降低到达率）
[peach_harvester-13] [WARN] [1790760971.582954663] [peach_scene_perception_node]: 感知 worker 满队丢帧累计 193（处理跟不上到达率，排查热路径耗时或降低到达率）
[peach_harvester-13] [WARN] [1790760971.727469756] [peach_scene_perception_node]: 感知 worker 满队丢帧累计 194（处理跟不上到达率，排查热路径耗时或降低到达率）
[stereo_camera_node-1] [INFO] [1790760971.730676636] [camera.peach_stereo_camera_node]: groups=300 published=300 rate=13.7 gps drop(stream=0 incomplete=0 nostamp=0 depth=0)
[peach_harvester-13] [WARN] [1790760971.888716388] [peach_scene_perception_node]: 感知 worker 满队丢帧累计 196（处理跟不上到达率，排查热路径耗时或降低到达率）
[peach_harvester-13] [WARN] [1790760972.222692177] [peach_scene_perception_node]: 感知 worker 满队丢帧累计 198（处理跟不上到达率，排查热路径耗时或降低到达率）
[peach_harvester-13] [WARN] [1790760972.366983807] [peach_scene_perception_node]: 感知 worker 满队丢帧累计 199（处理跟不上到达率，排查热路径耗时或降低到达率）
[peach_harvester-13] [WARN] [1790760972.537416744] [peach_scene_perception_node]: 感知 worker 满队丢帧累计 201（处理跟不上到达率，排查热路径耗时或降低到达率）
[peach_harvester-13] [WARN] [1790760972.827547679] [peach_scene_perception_node]: 感知 worker 满队丢帧累计 202（处理跟不上到达率，排查热路径耗时或降低到达率）
[peach_harvester-13] [WARN] [1790760972.988049272] [peach_scene_perception_node]: 感知 worker 满队丢帧累计 203（处理跟不上到达率，排查热路径耗时或降低到达率）
[peach_harvester-13] [WARN] [1790760973.162738993] [peach_scene_perception_node]: 感知 worker 满队丢帧累计 205（处理跟不上到达率，排查热路径耗时或降低到达率）
[peach_harvester-13] [WARN] [1790760973.322177367] [peach_scene_perception_node]: 感知 worker 满队丢帧累计 206（处理跟不上到达率，排查热路径耗时或降低到达率）
[peach_harvester-13] [WARN] [1790760973.458091509] [peach_scene_perception_node]: 感知 worker 满队丢帧累计 207（处理跟不上到达率，排查热路径耗时或降低到达率）
[peach_harvester-13] [WARN] [1790760973.624946786] [peach_scene_perception_node]: 感知 worker 满队丢帧累计 208（处理跟不上到达率，排查热路径耗时或降低到达率）
[peach_harvester-13] [WARN] [1790760973.800240792] [peach_scene_perception_node]: 感知 worker 满队丢帧累计 210（处理跟不上到达率，排查热路径耗时或降低到达率）
[peach_harvester-13] [WARN] [1790760973.943346913] [peach_scene_perception_node]: 感知 worker 满队丢帧累计 211（处理跟不上到达率，排查热路径耗时或降低到达率）
[peach_harvester-13] [WARN] [1790760974.088264517] [peach_scene_perception_node]: 感知 worker 满队丢帧累计 212（处理跟不上到达率，排查热路径耗时或降低到达率）
[peach_harvester-13] [WARN] [1790760974.225859628] [peach_scene_perception_node]: 感知 worker 满队丢帧累计 213（处理跟不上到达率，排查热路径耗时或降低到达率）
[peach_harvester-13] [WARN] [1790760974.357601514] [peach_scene_perception_node]: 感知 worker 满队丢帧累计 214（处理跟不上到达率，排查热路径耗时或降低到达率）
[peach_harvester-13] [WARN] [1790760974.507901394] [peach_scene_perception_node]: 感知 worker 满队丢帧累计 215（处理跟不上到达率，排查热路径耗时或降低到达率）
[peach_harvester-13] [WARN] [1790760974.653367156] [peach_scene_perception_node]: 感知 worker 满队丢帧累计 216（处理跟不上到达率，排查热路径耗时或降低到达率）
[peach_harvester-13] [WARN] [1790760974.811448638] [peach_scene_perception_node]: 感知 worker 满队丢帧累计 217（处理跟不上到达率，排查热路径耗时或降低到达率）
[peach_harvester-13] [WARN] [1790760974.945884461] [peach_scene_perception_node]: 感知 worker 满队丢帧累计 218（处理跟不上到达率，排查热路径耗时或降低到达率）
[peach_harvester-13] [WARN] [1790760975.110574126] [peach_scene_perception_node]: 感知 worker 满队丢帧累计 219（处理跟不上到达率，排查热路径耗时或降低到达率）
[peach_harvester-13] [WARN] [1790760975.262276683] [peach_scene_perception_node]: 感知 worker 满队丢帧累计 220（处理跟不上到达率，排查热路径耗时或降低到达率）
[peach_harvester-13] [WARN] [1790760975.407154395] [peach_scene_perception_node]: 感知 worker 满队丢帧累计 221（处理跟不上到达率，排查热路径耗时或降低到达率）
[peach_harvester-13] [WARN] [1790760975.565447559] [peach_scene_perception_node]: 感知 worker 满队丢帧累计 222（处理跟不上到达率，排查热路径耗时或降低到达率）
[peach_harvester-13] [WARN] [1790760975.702318022] [peach_scene_perception_node]: 感知 worker 满队丢帧累计 223（处理跟不上到达率，排查热路径耗时或降低到达率）
[peach_harvester-13] [WARN] [1790760975.825175142] [peach_scene_perception_node]: 感知 worker 满队丢帧累计 224（处理跟不上到达率，排查热路径耗时或降低到达率）
[peach_harvester-13] [WARN] [1790760975.998238858] [peach_scene_perception_node]: 感知 worker 满队丢帧累计 225（处理跟不上到达率，排查热路径耗时或降低到达率）
[peach_harvester-13] [INFO] [1790760976.137093034] [peach_scene_perception_node]: 目标注册表在册 1 个目标（累计注册 2、累计命中 132）
[peach_harvester-13] [WARN] [1790760976.142265175] [peach_scene_perception_node]: 感知 worker 满队丢帧累计 226（处理跟不上到达率，排查热路径耗时或降低到达率）
[peach_harvester-13] [WARN] [1790760976.303777237] [peach_scene_perception_node]: 感知 worker 满队丢帧累计 227（处理跟不上到达率，排查热路径耗时或降低到达率）
[peach_harvester-13] [WARN] [1790760976.448749006] [peach_scene_perception_node]: 感知 worker 满队丢帧累计 229（处理跟不上到达率，排查热路径耗时或降低到达率）
[peach_harvester-13] [WARN] [1790760976.592389955] [peach_scene_perception_node]: 感知 worker 满队丢帧累计 230（处理跟不上到达率，排查热路径耗时或降低到达率）
[peach_harvester-13] [WARN] [1790760976.750421708] [peach_scene_perception_node]: 感知 worker 满队丢帧累计 231（处理跟不上到达率，排查热路径耗时或降低到达率）
[peach_harvester-13] [WARN] [1790760976.888206686] [peach_scene_perception_node]: 感知 worker 满队丢帧累计 232（处理跟不上到达率，排查热路径耗时或降低到达率）
[peach_observability-15] [WARN] [1790760976.905282929] [peach_observability]: 自检[periodic] 13/18 通过，失败: camera_color_rate, camera_depth_rate，跳过: robot_status, model_files, vegetation_status
[peach_harvester-13] [WARN] [1790760977.041959147] [peach_scene_perception_node]: 感知 worker 满队丢帧累计 233（处理跟不上到达率，排查热路径耗时或降低到达率）
[peach_harvester-13] [WARN] [1790760977.207827211] [peach_scene_perception_node]: 感知 worker 满队丢帧累计 234（处理跟不上到达率，排查热路径耗时或降低到达率）
[peach_harvester-13] [WARN] [1790760977.402704357] [peach_scene_perception_node]: 感知 worker 满队丢帧累计 235（处理跟不上到达率，排查热路径耗时或降低到达率）
[peach_harvester-13] [WARN] [1790760977.565890330] [peach_scene_perception_node]: 感知 worker 满队丢帧累计 237（处理跟不上到达率，排查热路径耗时或降低到达率）
[peach_harvester-13] [WARN] [1790760977.741609864] [peach_scene_perception_node]: 感知 worker 满队丢帧累计 238（处理跟不上到达率，排查热路径耗时或降低到达率）
[peach_harvester-13] [WARN] [1790760977.901799716] [peach_scene_perception_node]: 感知 worker 满队丢帧累计 239（处理跟不上到达率，排查热路径耗时或降低到达率）
[peach_harvester-13] [WARN] [1790760978.043342809] [peach_scene_perception_node]: 感知 worker 满队丢帧累计 240（处理跟不上到达率，���查热路径耗时或降低到达率）
[peach_harvester-13] [WARN] [1790760978.218480839] [peach_scene_perception_node]: 感知 worker 满队丢帧累计 242（处理跟不上到达率，排查热路径耗时或降低到达率）
[peach_harvester-13] [WARN] [1790760978.364971471] [peach_scene_perception_node]: 感知 worker 满队丢帧累计 243（处理跟不上到达率，���查热路径耗时或降低到达率）
[peach_harvester-13] [WARN] [1790760978.509004564] [peach_scene_perception_node]: 感知 worker 满队丢帧累计 244（处理跟不上到达率，排查热路径耗时或降低到达率）
[peach_harvester-13] [WARN] [1790760978.682415297] [peach_scene_perception_node]: 感知 worker 满队丢帧累计 245（处理跟不上到达率，排查热路径耗时或降低到达率）
[peach_harvester-13] [WARN] [1790760978.828478796] [peach_scene_perception_node]: 感知 worker 满队丢帧累计 246（处理跟不上到达率，排查热路径耗时或降低到达率）
[stereo_camera_node-1] [INFO] [1790760978.956931847] [camera.peach_stereo_camera_node]: groups=400 published=400 rate=13.7 gps drop(stream=0 incomplete=0 nostamp=0 depth=0)
[peach_harvester-13] [WARN] [1790760978.987764463] [peach_scene_perception_node]: 感知 worker 满队丢帧累计 248（处理跟不上到达率，排查热路径耗时或降低到达率）
[peach_harvester-13] [WARN] [1790760979.159240601] [peach_scene_perception_node]: 感知 worker 满队丢帧累计 249（处理跟不上到达率，���查热路径耗时或降低到达率）
[peach_harvester-13] [WARN] [1790760979.297517517] [peach_scene_perception_node]: 感知 worker 满队丢帧累计 250（处理跟不上到达率，排查热路径耗时或降低到达率）
[peach_harvester-13] [WARN] [1790760979.434844228] [peach_scene_perception_node]: 感知 worker 满队丢帧累计 251（处理跟不上到达率，排查热路径耗时或降低到达率）
[peach_harvester-13] [WARN] [1790760979.598114101] [peach_scene_perception_node]: 感知 worker 满队丢帧累计 252（处理跟不上到达率，排查热路径耗时或降低到达率）
[peach_harvester-13] [WARN] [1790760979.739140642] [peach_scene_perception_node]: 感知 worker 满队丢帧累计 253（处理跟不上到达率，���查热路径耗时或降低到达率）
[peach_harvester-13] [WARN] [1790760979.875333030] [peach_scene_perception_node]: 感知 worker 满队丢帧累计 254（处理跟不上到达率，排查热路径耗时或降低到达率）
[peach_harvester-13] [WARN] [1790760980.097515091] [peach_scene_perception_node]: 感知 worker 满队丢帧累计 256（处理跟不上到达率，排查热路径耗时或降低到达率）
[peach_harvester-13] [WARN] [1790760980.255018639] [peach_scene_perception_node]: 感知 worker 满队丢帧累计 257（处理跟不上到达率，排查热路径耗时或降低到达率）
[peach_harvester-13] [WARN] [1790760980.405442976] [peach_scene_perception_node]: 感知 worker 满队丢帧累计 258（处理跟不上到达率，排查热路径耗时或降低到达率）
[peach_harvester-13] [WARN] [1790760980.556123495] [peach_scene_perception_node]: 感知 worker 满队丢帧累计 259（处理跟不上到达率，排查热路径耗时或降低到达率）
[peach_harvester-13] [WARN] [1790760980.843833348] [peach_scene_perception_node]: 感知 worker 满队丢帧累计 261（处理跟不上到达率，排查热路径耗时或降低到达率）
[peach_harvester-13] [WARN] [1790760981.004556460] [peach_scene_perception_node]: 感知 worker 满队丢帧累计 262（处理跟不上到达率，排查热路径耗时或降低到达率）
[peach_harvester-13] [WARN] [1790760981.192483485] [peach_scene_perception_node]: 感知 worker 满队丢帧累计 263（处理跟不上到达率，排查热路径耗时或降低到达率）
[peach_harvester-13] [WARN] [1790760981.348142340] [peach_scene_perception_node]: 感知 worker 满队丢帧累计 265（处理跟不上到达率，排查热路径耗时或降低到达率）
[peach_harvester-13] [WARN] [1790760981.492883877] [peach_scene_perception_node]: 感知 worker 满队丢帧累计 266（处理跟不上到达率，排查热路径耗时或降低到达率）
[peach_harvester-13] [WARN] [1790760981.793062669] [peach_scene_perception_node]: 感知 worker 满队丢帧累计 267（处理跟不上到达率，排查热路径耗时或降低到达率）
[peach_harvester-13] [WARN] [1790760981.936059773] [peach_scene_perception_node]: 感知 worker 满队丢帧累计 268（处理跟不上到达率，排查热路径耗时或降低到达率）
[peach_harvester-13] [WARN] [1790760982.071836329] [peach_scene_perception_node]: 感知 worker 满队丢帧累计 269（处理跟不上到达率，排查热路径耗时或降低到达率）
[peach_harvester-13] [WARN] [1790760982.347335754] [peach_scene_perception_node]: 感知 worker 满队丢帧累计 271（处理跟不上到达率，排查热路径耗时或降低到达率）
[peach_harvester-13] [WARN] [1790760982.511756128] [peach_scene_perception_node]: 感知 worker 满队丢帧累计 273（处理跟不上到达率，排查热路径耗时或降低到达率）
[peach_harvester-13] [WARN] [1790760982.669996785] [peach_scene_perception_node]: 感知 worker 满队丢帧累计 274（处理跟不上到达率，排查热路径耗时或降低到达率）
[peach_harvester-13] [WARN] [1790760982.818999766] [peach_scene_perception_node]: 感知 worker 满队丢帧累计 275（处理跟不上到达率，排查热路径耗时或降低到达率）
[peach_harvester-13] [WARN] [1790760983.102411487] [peach_scene_perception_node]: 感知 worker 满队丢帧累计 277（处理跟不上到达率，排查热路径耗时或降低到达率）
[peach_harvester-13] [WARN] [1790760983.246670458] [peach_scene_perception_node]: 感知 worker 满队丢帧累计 278（处理跟不上到达率，排查热路径耗时或降低到达率）
[peach_harvester-13] [WARN] [1790760983.396198493] [peach_scene_perception_node]: 感知 worker 满队丢帧累计 279（处理跟不上到达率，排查热路径耗时或降低到达率）
[peach_harvester-13] [WARN] [1790760983.669776382] [peach_scene_perception_node]: 感知 worker 满队丢帧累计 280（处理跟不上到达率，排查热路径耗时或降低到达率）
[peach_harvester-13] [WARN] [1790760983.852459814] [peach_scene_perception_node]: 感知 worker 满队丢帧累计 282（处理跟不上到达率，排查热路径耗时或降低到达率）
[peach_harvester-13] [WARN] [1790760984.000712073] [peach_scene_perception_node]: 感知 worker 满队丢帧累计 283（处理跟不上到达率，排查热路径耗时或降低到达率）
[peach_harvester-13] [WARN] [1790760984.160073056] [peach_scene_perception_node]: 感知 worker 满队丢帧累计 284（处理跟不上到达率，排查热路径耗时或降低到达率）
[peach_harvester-13] [WARN] [1790760984.308493550] [peach_scene_perception_node]: 感知 worker 满队丢帧累计 285（处理跟不上到达率，排查热路径耗时或降低到达率）
[peach_harvester-13] [WARN] [1790760984.458770244] [peach_scene_perception_node]: 感知 worker 满队丢帧累计 286（处理跟不上到达率，排查热路径耗时或降低到达率）
[peach_harvester-13] [WARN] [1790760984.604389321] [peach_scene_perception_node]: 感知 worker 满队丢帧累计 288（处理跟不上到达率，排查热路径耗时或降低到达率）
[peach_harvester-13] [WARN] [1790760984.902515231] [peach_scene_perception_node]: 感知 worker 满队丢帧累计 290（处理跟不上到达率，���查热路径耗时或降低到达率）
[peach_harvester-13] [WARN] [1790760985.176442054] [peach_scene_perception_node]: 感知 worker 满队丢帧累计 292（处理跟不上到达率，排查热路径耗时或降低到达率）
[peach_harvester-13] [WARN] [1790760985.431974445] [peach_scene_perception_node]: 感知 worker 满队丢帧累计 293（处理跟不上到达率，排查热路径耗时或降低到达率）
[peach_harvester-13] [WARN] [1790760985.573918297] [peach_scene_perception_node]: 感知 worker 满队丢帧累计 294（处理跟不上到达率，排查热路径耗时或降低到达率）
[peach_harvester-13] [WARN] [1790760985.703396168] [peach_scene_perception_node]: 感知 worker 满队丢帧累计 295（处理跟不上到达率，排查热路径耗时或降低到达率）
[peach_harvester-13] [WARN] [1790760985.873308338] [peach_scene_perception_node]: 感知 worker 满队丢帧累计 296（处理跟不上到达率，排查热路径耗时或降低到达率）
[peach_harvester-13] [WARN] [1790760986.027508079] [peach_scene_perception_node]: 感知 worker 满队丢帧累计 297（处理跟不上到达率，排查热路径耗时或降低到达率）
[peach_harvester-13] [INFO] [1790760986.161660464] [peach_scene_perception_node]: 目标注册表在册 1 个目标（累计注册 2、累计命中 198）
[peach_harvester-13] [WARN] [1790760986.167046876] [peach_scene_perception_node]: 感知 worker 满队丢帧累计 298（处理跟不上到达率，排查热路径耗时或降低到达率）
[stereo_camera_node-1] [INFO] [1790760986.240642531] [camera.peach_stereo_camera_node]: groups=500 published=500 rate=13.7 gps drop(stream=0 incomplete=0 nostamp=0 depth=0)
[peach_harvester-13] [WARN] [1790760986.294776495] [peach_scene_perception_node]: 感知 worker 满队丢帧累计 299（处理跟不上到达率，排查热路径耗时或降低到达率）
[peach_harvester-13] [WARN] [1790760986.477332355] [peach_scene_perception_node]: 感知 worker 满队丢帧累计 301（处理跟不上到达率，排查热路径耗时或降低到达率）
[peach_harvester-13] [WARN] [1790760986.801016381] [peach_scene_perception_node]: 感知 worker 满队丢帧累计 303（处理跟不上到达率，排查热路径耗时或降低到达率）
[peach_harvester-13] [WARN] [1790760986.926042923] [peach_scene_perception_node]: 感知 worker 满队丢帧累计 304（处理跟不上到达率，排查热路径耗时或降低到达率）
[peach_harvester-13] [WARN] [1790760987.092262351] [peach_scene_perception_node]: 感知 worker 满队丢帧累计 305（处理跟不上到达率，排查热路径耗时或降低到达率）
[peach_harvester-13] [WARN] [1790760987.376808784] [peach_scene_perception_node]: 感知 worker 满队丢帧累计 307（处理跟不上到达率，排查热路径耗时或降低到达率）
[peach_harvester-13] [WARN] [1790760987.524129696] [peach_scene_perception_node]: 感知 worker 满队丢帧累计 308（处理跟不上到达率，排查热路径耗时或降低到达率）
[peach_harvester-13] [WARN] [1790760987.702069300] [peach_scene_perception_node]: 感知 worker 满队丢帧累计 309（处理跟不上到达率，排查热路径耗时或降低到达率）
[peach_harvester-13] [WARN] [1790760987.887980519] [peach_scene_perception_node]: 感知 worker 满队丢帧累计 311（处理跟不上到达率，排查热路径耗时或降低到达率）
[peach_harvester-13] [WARN] [1790760988.038085716] [peach_scene_perception_node]: 感知 worker 满队丢帧累计 312（处理跟不上到达率，排查热路径耗时或降低到达率）
[peach_harvester-13] [WARN] [1790760988.189079038] [peach_scene_perception_node]: 感知 worker 满队丢帧累计 313（处理跟不上到达率，排查热路径耗时或降低到达率）
[peach_harvester-13] [WARN] [1790760988.321122845] [peach_scene_perception_node]: 感知 worker 满队丢帧累计 314（处理跟不上到达率，���查热路径耗时或降低到达率）
[peach_harvester-13] [WARN] [1790760988.474205718] [peach_scene_perception_node]: 感知 worker 满队丢帧累计 316（处理跟不上到达率，排查热路径耗时或降低到达率）
[peach_harvester-13] [WARN] [1790760988.764261352] [peach_scene_perception_node]: 感知 worker 满队丢帧累计 318（处理跟不上到达率，排查热路径耗时或降低到达率）
[peach_harvester-13] [WARN] [1790760988.912794962] [peach_scene_perception_node]: 感知 worker 满队丢帧累计 319（处理跟不上到达率，排查热路径耗时或降低到达率）
[peach_harvester-13] [WARN] [1790760989.188846308] [peach_scene_perception_node]: 感知 worker 满队丢帧累计 320（处理跟不上到达率，排查热路径耗时或降低到达率）
[peach_harvester-13] [WARN] [1790760989.826124833] [peach_scene_perception_node]: 感知 worker 满队丢帧累计 325（处理跟不上到达率，排查热路径耗时或降低到达率）
[peach_harvester-13] [WARN] [1790760989.958903625] [peach_scene_perception_node]: 感知 worker 满队丢帧累计 327（处理跟不上到达率，排查热路径耗时或降低到达率）
[peach_harvester-13] [WARN] [1790760990.113082885] [peach_scene_perception_node]: 感知 worker 满队丢帧累计 328（处理跟不上到达率，排查热路径耗时或降低到达率）
[peach_harvester-13] [WARN] [1790760990.271428817] [peach_scene_perception_node]: 感知 worker 满队丢帧累计 329（处理跟不上到达率，排查热路径耗时或降低到达率）
[peach_harvester-13] [WARN] [1790760990.407673813] [peach_scene_perception_node]: 感知 worker 满队丢帧累计 330（处理跟不上到达率，排查热路径耗时或降低到达率）
[peach_harvester-13] [WARN] [1790760990.557903764] [peach_scene_perception_node]: 感知 worker 满队丢帧累计 331（处理跟不上到达率，排查热路径耗时或降低到达率）
[peach_harvester-13] [WARN] [1790760990.736640161] [peach_scene_perception_node]: 感知 worker 满队丢帧累计 333（处理跟不上到达率，排查热路径耗时或降低到达率）
[peach_harvester-13] [WARN] [1790760991.031836113] [peach_scene_perception_node]: 感知 worker 满队丢帧累计 335（处理跟不上到达率，排查热路径耗时或降低到达率）
[peach_harvester-13] [WARN] [1790760991.195166691] [peach_scene_perception_node]: 感知 worker 满队丢帧累计 336（处理跟不上到达率，排查热路径耗时或降低到达率）
[peach_harvester-13] [WARN] [1790760991.352975533] [peach_scene_perception_node]: 感知 worker 满队丢帧累计 337（处理跟不上到达率，排查热路径耗时或降低到达率）
[peach_harvester-13] [WARN] [1790760991.494134415] [peach_scene_perception_node]: 感知 worker 满队丢帧累计 338（处理跟不上到达率，排查热路径耗时或降低到达率）
[peach_harvester-13] [WARN] [1790760991.617398245] [peach_scene_perception_node]: 感知 worker 满队丢帧累计 339（处理跟不上到达率，排查热路径耗时或降低到达率）
[peach_harvester-13] [WARN] [1790760991.766842155] [peach_scene_perception_node]: 感知 worker 满队丢帧累计 340（处理跟不上到达率，排查热路径耗时或降低到达率）
[peach_harvester-13] [WARN] [1790760992.112417076] [peach_scene_perception_node]: 感知 worker 满队丢帧累计 343（处理跟不上到达率，排查热路径耗时或降低到达率）
[peach_harvester-13] [WARN] [1790760992.260280437] [peach_scene_perception_node]: 感知 worker 满队丢帧累计 344（处理跟不上到达率，排查热路径耗时或降低到达率）
[peach_harvester-13] [WARN] [1790760992.413661096] [peach_scene_perception_node]: 感知 worker 满队丢帧累计 345（处理跟不上到达率，排查热路径耗时或降低到达率）
[peach_harvester-13] [WARN] [1790760992.553737648] [peach_scene_perception_node]: 感知 worker 满队丢帧累计 346（处理跟不上到达率，排查热路径耗时或降低到达率）
[peach_harvester-13] [WARN] [1790760992.820464408] [peach_scene_perception_node]: 感知 worker 满队丢帧累计 347（处理跟不上到达率，排查热路径耗时或降低到达率）
[peach_harvester-13] [WARN] [1790760992.985249592] [peach_scene_perception_node]: 感知 worker 满队丢帧累计 349（处理跟不上到达率，排查热路径耗时或降低到达率）
[peach_harvester-13] [WARN] [1790760993.153096057] [peach_scene_perception_node]: 感知 worker 满队丢帧累计 350（处理跟不上到达率，���查热路径耗时或降低到达率）
[peach_harvester-13] [WARN] [1790760993.311811756] [peach_scene_perception_node]: 感知 worker 满队丢帧累计 351（处理跟不上到达率，排查热路径耗时或降低到达率）
[peach_harvester-13] [WARN] [1790760993.450759182] [peach_scene_perception_node]: 感知 worker 满队丢帧累计 352（处理跟不上到达率，排查热路径耗时或降低到达率）
[stereo_camera_node-1] [INFO] [1790760993.461284183] [camera.peach_stereo_camera_node]: groups=600 published=600 rate=13.8 gps drop(stream=0 incomplete=0 nostamp=0 depth=0)
[peach_harvester-13] [WARN] [1790760993.733884824] [peach_scene_perception_node]: 感知 worker 满队丢帧累计 353（处理跟不上到达率，排查热路径耗时或降低到达率）
[peach_harvester-13] [WARN] [1790760993.880739420] [peach_scene_perception_node]: 感知 worker 满队丢帧累计 355（处理跟不上到达率，排查热路径耗时或降低到达率）
[peach_harvester-13] [WARN] [1790760994.016142414] [peach_scene_perception_node]: 感知 worker 满队丢帧累计 356（处理跟不上到达率，排查热路径耗时或降低到达率）
[peach_harvester-13] [WARN] [1790760994.161130966] [peach_scene_perception_node]: 感知 worker 满队丢帧累计 357（处理跟不上到达率，排查热路径耗时或降低到达率）
[peach_harvester-13] [WARN] [1790760994.298106537] [peach_scene_perception_node]: 感知 worker 满队丢帧累计 358（处理跟不上到达率，排查热路径耗时或降低到达率）
[peach_harvester-13] [WARN] [1790760994.451506694] [peach_scene_perception_node]: 感知 worker 满队丢帧累计 359（处理跟不上到达率，排查热路径耗时或降低到达率）
[peach_harvester-13] [WARN] [1790760994.612194066] [peach_scene_perception_node]: 感知 worker 满队丢帧累计 360（处理跟不上到达率，排查热路径耗时或降低到达率）
[peach_harvester-13] [WARN] [1790760994.758078925] [peach_scene_perception_node]: 感知 worker 满队丢帧累计 361（处理跟不上到达率，排查热路径耗时或降低到达率）
[peach_harvester-13] [WARN] [1790760994.903021451] [peach_scene_perception_node]: 感知 worker 满队丢帧累计 362（处理跟不上到达率，排查热路径耗时或降低到达率）
[peach_harvester-13] [WARN] [1790760995.022531130] [peach_scene_perception_node]: 感知 worker 满队丢帧累计 363（处理跟不上到达率，排查热路径耗时或降低到达率）
[peach_harvester-13] [WARN] [1790760995.170601301] [peach_scene_perception_node]: 感知 worker 满队丢帧累计 364（处理跟不上到达率，排查热路径耗时或降低到达率）
[peach_harvester-13] [WARN] [1790760995.323648124] [peach_scene_perception_node]: 感知 worker 满队丢帧累计 365（处理跟不上到达率，排查热路径耗时或降低到达率）
[peach_harvester-13] [WARN] [1790760995.487761542] [peach_scene_perception_node]: 感知 worker 满队丢帧累计 366（处理跟不上到达率，排查热路径耗时或降低到达率）
[peach_harvester-13] [WARN] [1790760995.610052416] [peach_scene_perception_node]: 感知 worker 满队丢帧累计 367（处理跟不上到达率，���查热路径耗时或降低到达率）
[peach_harvester-13] [WARN] [1790760995.773374549] [peach_scene_perception_node]: 感知 worker 满队丢帧累计 368（处理跟不上到达率，排查热路径耗时或降低到达率）
[peach_harvester-13] [WARN] [1790760995.923328014] [peach_scene_perception_node]: 感知 worker 满队丢帧累计 369（处理跟不上到达率，排查热路径耗时或降低到达率）
[peach_harvester-13] [INFO] [1790760996.195025845] [peach_scene_perception_node]: 目标注册表在册 1 个目标（累计注册 2、累计命中 264）
[peach_harvester-13] [WARN] [1790760996.199412436] [peach_scene_perception_node]: 感知 worker 满队丢帧累计 371（处理跟不上到达率，排查热路径耗时或降低到达率）
[peach_harvester-13] [WARN] [1790760996.318867961] [peach_scene_perception_node]: 感知 worker 满队丢帧累计 372（处理跟不上到达率，排查热路径耗时或降低到达率）
[peach_harvester-13] [WARN] [1790760996.438510758] [peach_scene_perception_node]: 感知 worker 满队丢帧累计 373（处理跟不上到达率，排查热路径耗时或降低到达率）
[peach_harvester-13] [WARN] [1790760996.755923405] [peach_scene_perception_node]: 感知 worker 满队丢帧累计 375（处理跟不上到达率，排查热路径耗时或降低到达率）
[peach_harvester-13] [WARN] [1790760996.912157741] [peach_scene_perception_node]: 感知 worker 满队丢帧累计 376（处理跟不上到达率，排查热路径耗时或降低到达率）
[peach_harvester-13] [WARN] [1790760997.054325903] [peach_scene_perception_node]: 感知 worker 满队丢帧累计 377（处理跟不上到达率，排查热路径耗时或降低到达率）
[peach_harvester-13] [WARN] [1790760997.177372991] [peach_scene_perception_node]: 感知 worker 满队丢帧累计 378（处理跟不上到达率，排查热路径耗时或降低到达率）
[peach_harvester-13] [WARN] [1790760997.463145861] [peach_scene_perception_node]: 感知 worker 满队丢帧累计 380（处理跟不上到达率，排查热路径耗时或降低到达率）
[peach_harvester-13] [WARN] [1790760997.622800302] [peach_scene_perception_node]: 感知 worker 满队丢帧累计 381（处理跟不上到达率，排查热路径耗时或降低到达率）
[peach_harvester-13] [WARN] [1790760997.796796275] [peach_scene_perception_node]: 感知 worker 满队丢帧累计 382（处理跟不上到达率，排查热路径耗时或降低到达率）
[peach_harvester-13] [WARN] [1790760997.956145895] [peach_scene_perception_node]: 感知 worker 满队丢帧累计 383（处理跟不上到达率，排查热路径耗时或降低到达率）
[peach_harvester-13] [WARN] [1790760998.093476896] [peach_scene_perception_node]: 感知 worker 满队丢帧累计 384（处理跟不上到达率，排查热路径耗时或降低到达率）
[peach_harvester-13] [WARN] [1790760998.241182012] [peach_scene_perception_node]: 感知 worker 满队丢帧累计 386（处理跟不上到达率，排查热路径耗时或降低到达率）
[peach_harvester-13] [WARN] [1790760998.722540654] [peach_scene_perception_node]: 感知 worker 满队丢帧累计 391（处理跟不上到达率，排查热路径耗时或降低到达率）
[peach_harvester-13] [WARN] [1790760998.860380368] [peach_scene_perception_node]: 感知 worker 满队丢帧累计 392（处理跟不上到达率，排查热路径耗时或降低到达率）
[peach_harvester-13] [WARN] [1790760999.172901489] [peach_scene_perception_node]: 感知 worker 满队丢帧累计 394（处理跟不上到达率，���查热路径耗时或降低到达率）
[peach_harvester-13] [WARN] [1790760999.312436617] [peach_scene_perception_node]: 感知 worker 满队丢帧累计 395（处理跟不上到达率，排查热路径耗时或降低到达率）
[peach_harvester-13] [WARN] [1790760999.442261800] [peach_scene_perception_node]: 感知 worker 满队丢帧累计 396（处理跟不上到达率，排查热路径耗时或降低到达率）
[peach_harvester-13] [WARN] [1790760999.731265918] [peach_scene_perception_node]: 感知 worker 满队丢帧累计 397（处理跟不上到达率，排查热路径耗时或降低到达率）
[peach_harvester-13] [WARN] [1790760999.918658561] [peach_scene_perception_node]: 感知 worker 满队丢帧累计 399（处理跟不上到达率，排查热路径耗时或降低到达率）
[peach_harvester-13] [WARN] [1790761000.066299378] [peach_scene_perception_node]: 感知 worker 满队丢帧累计 400（处理跟不上到达率，排查热路径耗时或降低到达率）
[peach_harvester-13] [WARN] [1790761000.213207408] [peach_scene_perception_node]: 感知 worker 满队丢帧累计 401（处理跟不上到达率，排查热路径耗时或降低到达率）
[peach_harvester-13] [WARN] [1790761000.359301830] [peach_scene_perception_node]: 感知 worker 满队丢帧累计 403（处理跟不上到达率，排查热路径耗时或降低到达率）
[peach_harvester-13] [WARN] [1790761000.533787378] [peach_scene_perception_node]: 感知 worker 满队丢帧累计 404（处理跟不上到达率，排查热路径耗时或降低到达率）
[peach_harvester-13] [WARN] [1790761000.667719696] [peach_scene_perception_node]: 感知 worker 满队丢帧累计 405（处理跟不上到达率，排查热路径耗时或降低到达率）
[stereo_camera_node-1] [INFO] [1790761000.719039758] [camera.peach_stereo_camera_node]: groups=700 published=700 rate=13.8 gps drop(stream=0 incomplete=0 nostamp=0 depth=0)
[peach_harvester-13] [WARN] [1790761000.844042679] [peach_scene_perception_node]: 感知 worker 满队丢帧累计 406（处理跟不上到达率，排查热路径耗时或降低到达率）
[peach_harvester-13] [WARN] [1790761000.972869220] [peach_scene_perception_node]: 感知 worker 满队丢帧累计 407（处理跟不上到达率，排查热路径耗时或降低到达率）
[peach_harvester-13] [WARN] [1790761001.137399997] [peach_scene_perception_node]: 感知 worker 满队丢帧累计 408（处理跟不上到达率，排查热路径耗时或降低到达率）
[peach_harvester-13] [WARN] [1790761001.277974049] [peach_scene_perception_node]: 感知 worker 满队丢帧累计 409（处理跟不上到达率，排查热路径耗时或降低到达率）
[peach_harvester-13] [WARN] [1790761001.422670978] [peach_scene_perception_node]: 感知 worker 满队丢帧累计 410（处理跟不上到达率，排查热路径耗时或降低到达率）
[peach_harvester-13] [WARN] [1790761001.553632755] [peach_scene_perception_node]: 感知 worker 满队丢帧累计 411（处理跟不上到达率，排查热路径耗时或降低到达率）
[peach_harvester-13] [WARN] [1790761001.722161928] [peach_scene_perception_node]: 感知 worker 满队丢帧累计 412（处理跟不上到达率，排查热路径耗时或降低到达率）
[peach_harvester-13] [WARN] [1790761001.884604678] [peach_scene_perception_node]: 感知 worker 满队丢帧累计 413（处理跟不上到达率，排查热路径耗时或降低到达率）
[peach_harvester-13] [WARN] [1790761002.067914395] [peach_scene_perception_node]: 感知 worker 满队丢帧累计 415（处理跟不上到达率，排查热路径耗时或降低到达率）
[peach_harvester-13] [WARN] [1790761002.209585467] [peach_scene_perception_node]: 感知 worker 满队丢帧累计 416（处理跟不上到达率，���查热路径耗时或降低到达率）
[peach_harvester-13] [WARN] [1790761002.368144306] [peach_scene_perception_node]: 感知 worker 满队丢帧累计 417（处理跟不上到达率，排查热路径耗时或降低到达率）
[peach_harvester-13] [WARN] [1790761002.537247511] [peach_scene_perception_node]: 感知 worker 满队丢帧累计 418（处理跟不上到达率，排查热路径耗时或降低到达率）
[peach_harvester-13] [WARN] [1790761002.700791271] [peach_scene_perception_node]: 感知 worker 满队丢帧累计 420（处理跟不上到达率，排查热路径耗时或降低到达率）
[peach_harvester-13] [WARN] [1790761002.853407756] [peach_scene_perception_node]: 感知 worker 满队丢帧累计 421（处理跟不上到达率，排查热路径耗时或降低到达率）
[peach_harvester-13] [WARN] [1790761002.971772315] [peach_scene_perception_node]: 感知 worker 满队丢帧累计 422（处理跟不上到达率，排查热路径耗时或降低到达率）
[peach_harvester-13] [WARN] [1790761003.118799631] [peach_scene_perception_node]: 感知 worker 满队丢帧累计 423（处理跟不上到达率，排查热路径耗时或降低到达率）
[peach_harvester-13] [WARN] [1790761003.273184370] [peach_scene_perception_node]: 感知 worker 满队丢帧累计 424（处理跟不上到达率，排查热路径耗时或降低到达率）
[peach_harvester-13] [WARN] [1790761003.425832096] [peach_scene_perception_node]: 感知 worker 满队丢帧累计 425（处理跟不上到达率，排查热路径耗时或降低到达率）
[peach_harvester-13] [WARN] [1790761003.568886863] [peach_scene_perception_node]: 感知 worker 满队丢帧累计 426（处理跟不上到达率，排查热路径耗时或降低到达率）
[peach_harvester-13] [WARN] [1790761003.737452943] [peach_scene_perception_node]: 感知 worker 满队丢帧累计 427（处理跟不上到达率，排查热路径耗时或降低到达率）
[peach_harvester-13] [WARN] [1790761003.871970082] [peach_scene_perception_node]: 感知 worker 满队丢帧累计 428（处理跟不上到达率，排查热路径耗时或降低到达率）
[peach_harvester-13] [WARN] [1790761004.023441522] [peach_scene_perception_node]: 感知 worker 满队丢帧累计 429（处理跟不上到达率，排查热路径耗时或降低到达率）
[peach_harvester-13] [WARN] [1790761004.163235274] [peach_scene_perception_node]: 感知 worker 满队丢帧累计 430（处理跟不上到达率，排查热路径耗时或降低到达率）
[peach_harvester-13] [WARN] [1790761004.308170708] [peach_scene_perception_node]: 感知 worker 满队丢帧累计 431（处理跟不上到达率，排查热路径耗时或降低到达率）
[peach_harvester-13] [WARN] [1790761004.507933332] [peach_scene_perception_node]: 感知 worker 满队丢帧累计 433（处理跟不上到达率，排查热路径耗时或降低到达率）
[peach_harvester-13] [WARN] [1790761004.638330288] [peach_scene_perception_node]: 感知 worker 满队丢帧累计 434（处理跟不上到达率，排查热路径耗时或降低到达率）
[peach_harvester-13] [WARN] [1790761004.777059184] [peach_scene_perception_node]: 感知 worker 满队丢帧累计 435（处理跟不上到达率，排查热路径耗时或降低到达率）
[peach_harvester-13] [WARN] [1790761005.083085347] [peach_scene_perception_node]: 感知 worker 满队丢帧累计 437（处理跟不上到达率，排查热路径耗时或降低到达率）
[peach_harvester-13] [WARN] [1790761005.250962951] [peach_scene_perception_node]: 感知 worker 满队丢帧累计 438（处理跟不上到达率，排查热路径耗时或降低到达率）
[peach_harvester-13] [WARN] [1790761005.405785576] [peach_scene_perception_node]: 感知 worker 满队丢帧累计 439（处理跟不上到达率，排查热路径耗时或降低到达率）
[peach_harvester-13] [WARN] [1790761005.556412839] [peach_scene_perception_node]: 感知 worker 满队丢帧累计 440（处理跟不上到达率，排查热路径耗时或降低到达率）
[peach_harvester-13] [WARN] [1790761005.698842513] [peach_scene_perception_node]: 感知 worker 满队丢帧累计 441（处理跟不上到达率，排查热路径耗时或降低到达率）
[peach_harvester-13] [WARN] [1790761005.833091020] [peach_scene_perception_node]: 感知 worker 满队丢帧累计 442（处理跟不上到达率，排查热路径耗时或降低到达率）
[peach_harvester-13] [WARN] [1790761006.006280930] [peach_scene_perception_node]: 感知 worker 满队丢帧累计 443（处理跟不上到达率，排查热路径耗时或降低到达率）
[peach_harvester-13] [WARN] [1790761006.157175167] [peach_scene_perception_node]: 感知 worker 满队丢帧累计 444（处理跟不上到达率，排查热路径耗时或降低到达率）
[peach_harvester-13] [INFO] [1790761006.296874236] [peach_scene_perception_node]: 目标注册表在册 1 个目标（累计注册 2、累计命中 329）
[peach_harvester-13] [WARN] [1790761006.301111386] [peach_scene_perception_node]: 感知 worker 满队丢帧累计 445（处理跟不上到达率，排查热路径耗时或降低到达率）
[peach_harvester-13] [WARN] [1790761006.458955405] [peach_scene_perception_node]: 感知 worker 满队丢帧累计 446（处理跟不上到达率，排查热路径耗时或降低到达率）
[peach_harvester-13] [WARN] [1790761006.603557840] [peach_scene_perception_node]: 感知 worker 满队丢帧累计 447（处理跟不上到达率，排查热路径耗时或降低到达率）
[peach_harvester-13] [WARN] [1790761006.767675993] [peach_scene_perception_node]: 感知 worker 满队丢帧累计 448（处理跟不上到达率，排查热路径耗时或降低到达率）
[peach_observability-15] [WARN] [1790761006.902803491] [peach_observability]: 自检[periodic] 13/18 通过，失败: camera_color_rate, camera_depth_rate，跳过: robot_status, model_files, vegetation_status
[peach_harvester-13] [WARN] [1790761007.270534114] [peach_scene_perception_node]: 感知 worker 满队丢帧累计 449（处理跟不上到达率，排查热路径耗时或降低到达率）
[peach_harvester-13] [WARN] [1790761007.452301711] [peach_scene_perception_node]: 感知 worker 满队丢帧累计 451（处理跟不上到达率，排查热路径耗时或降低到达率）
[peach_harvester-13] [WARN] [1790761007.621497668] [peach_scene_perception_node]: 感知 worker 满队丢帧累计 452（处理跟不上到达率，排查热路径耗时或降低到达率）
[peach_harvester-13] [WARN] [1790761007.933669633] [peach_scene_perception_node]: 感知 worker 满队丢帧累计 455（处理跟不上到达率，���查热路径耗时或降低到达率）
[peach_harvester-13] [WARN] [1790761008.076563610] [peach_scene_perception_node]: 感知 worker 满队丢帧累计 456（处理跟不上到达率，排查热路径耗时或降低到达率）
[peach_harvester-13] [WARN] [1790761008.247276379] [peach_scene_perception_node]: 感知 worker 满队丢帧累计 457（处理跟不上到达率，排查热路径耗时或降低到达率）
[stereo_camera_node-1] [INFO] [1790761008.270197705] [camera.peach_stereo_camera_node]: groups=800 published=800 rate=13.7 gps drop(stream=0 incomplete=0 nostamp=0 depth=0)
[peach_harvester-13] [WARN] [1790761008.407194802] [peach_scene_perception_node]: 感知 worker 满队丢帧累计 458（处理跟不上到达率，排查热路径耗时或降低到达率）
[peach_harvester-13] [WARN] [1790761008.588116917] [peach_scene_perception_node]: 感知 worker 满队丢帧累计 460（处理跟不上到达率，���查热路径耗时或降低到达率）
[peach_harvester-13] [WARN] [1790761008.737046047] [peach_scene_perception_node]: 感知 worker 满队丢帧累计 461（处理跟不上到达率，排查热路径耗时或降低到达率）
[peach_harvester-13] [WARN] [1790761009.023736284] [peach_scene_perception_node]: 感知 worker 满队丢帧累计 462（处理跟不上到达率，排查热路径耗时或降低到达率）
[peach_harvester-13] [WARN] [1790761009.168477006] [peach_scene_perception_node]: 感知 worker 满队丢帧累计 464（处理跟不上到达率，排查热路径耗时或降低到达率）
[peach_harvester-13] [WARN] [1790761009.570042489] [peach_scene_perception_node]: 感知 worker 满队丢帧累计 467（处理跟不上到达率，排查热路径耗时或降低到达率）
[peach_harvester-13] [WARN] [1790761009.723529206] [peach_scene_perception_node]: 感知 worker 满队丢帧累计 468（处理跟不上到达率，排查热路径耗时或降低到达率）
[peach_harvester-13] [WARN] [1790761009.873081622] [peach_scene_perception_node]: 感知 worker 满队丢帧累计 469（处理跟不上到达率，排查热路径耗时或降低到达率）
[peach_harvester-13] [WARN] [1790761009.993692307] [peach_scene_perception_node]: 感知 worker 满队丢帧累计 470（处理跟不上到达率，排查热路径耗时或降低到达率）
[peach_harvester-13] [WARN] [1790761010.139056834] [peach_scene_perception_node]: 感知 worker 满队丢帧累计 471（处理跟不上到达率，排查热路径耗时或降低到达率）
[peach_harvester-13] [WARN] [1790761010.316901998] [peach_scene_perception_node]: 感知 worker 满队丢帧累计 472（处理跟不上到达率，排查热路径耗时或降低到达率）
[peach_harvester-13] [WARN] [1790761010.459816023] [peach_scene_perception_node]: 感知 worker 满队丢帧累计 473（处理跟不上到达率，排查热路径耗时或降低到达率）
[peach_harvester-13] [WARN] [1790761010.586225912] [peach_scene_perception_node]: 感知 worker 满队丢帧累计 474（处理跟不上到达率，排查热路径耗时或降低到达率）
[peach_harvester-13] [WARN] [1790761010.736481686] [peach_scene_perception_node]: 感知 worker 满队丢帧累计 475（处理跟不上到达率，排查热路径耗时或降低到达率）
[peach_harvester-13] [WARN] [1790761010.951461113] [peach_scene_perception_node]: 感知 worker 满队丢帧累计 477（处理跟不上到达率，排查热路径耗时或降低到达率）
[peach_harvester-13] [WARN] [1790761011.108975278] [peach_scene_perception_node]: 感知 worker 满队丢帧累计 478（处理跟不上到达率，排查热路径耗时或降低到达率）
[peach_harvester-13] [WARN] [1790761011.282962885] [peach_scene_perception_node]: 感知 worker 满队丢帧累计 479（处理跟不上到达率，排查热路径耗时或降低到达率）
[peach_harvester-13] [WARN] [1790761011.434068954] [peach_scene_perception_node]: 感知 worker 满队丢帧累计 481（处理跟不上到达率，���查热路径耗时或降低到达率）
[peach_harvester-13] [WARN] [1790761011.737400980] [peach_scene_perception_node]: 感知 worker 满队丢帧累计 483（处理跟不上到达率，排查热路径耗时或降低到达率）
[peach_harvester-13] [WARN] [1790761011.883635523] [peach_scene_perception_node]: 感知 worker 满队丢帧累计 484（处理跟不上到达率，排查热路径耗时或降低到达率）
[peach_harvester-13] [WARN] [1790761012.062669875] [peach_scene_perception_node]: 感知 worker 满队丢帧累计 485（处理跟不上到达率，排查热路径耗时或降低到达率）
[peach_harvester-13] [WARN] [1790761012.256068664] [peach_scene_perception_node]: 感知 worker 满队丢帧累计 487（处理跟不上到达率，排查热路径耗时或降低到达率）
[peach_harvester-13] [WARN] [1790761012.378090493] [peach_scene_perception_node]: 感知 worker 满队丢帧累计 488（处理跟不上到达率，排查热路径耗时或降低到达率）
[peach_harvester-13] [WARN] [1790761012.537094282] [peach_scene_perception_node]: 感知 worker 满队丢帧累计 489（处理跟不上到达率，排查热路径耗时或降低到达率）
[peach_harvester-13] [WARN] [1790761012.733651224] [peach_scene_perception_node]: 感知 worker 满队丢帧累计 491（处理跟不上到达率，排查热路径耗时或降低到达率）
[peach_harvester-13] [WARN] [1790761012.917165673] [peach_scene_perception_node]: 感知 worker 满队丢帧累计 492（处理跟不上到达率，排查热路径耗时或降低到达率）
[ros2_control_node-4] [WARN] [1790761012.931348276] [controller_manager]: Overrun detected! The controller manager missed its desired rate of 200 Hz. The loop took 27.361468 ms (missed cycles : 6).
[peach_harvester-13] [WARN] [1790761013.086647368] [peach_scene_perception_node]: 感知 worker 满队丢帧累计 494（处理跟不上到达率，排查热路径耗时或降低到达率）
[peach_harvester-13] [WARN] [1790761013.268165027] [peach_scene_perception_node]: 感知 worker 满队丢帧累计 495（处理跟不上到达率，排查热路径耗时或降低到达率）
[peach_harvester-13] [WARN] [1790761013.428766215] [peach_scene_perception_node]: 感知 worker 满队丢帧累计 497（处理跟不上到达率，排查热路径耗时或降低到达率）
[peach_harvester-13] [WARN] [1790761013.607065808] [peach_scene_perception_node]: 感知 worker 满队丢帧累计 498（处理跟不上到达率，排查热路径耗时或降低到达率）
[peach_harvester-13] [WARN] [1790761013.752442298] [peach_scene_perception_node]: 感知 worker 满队丢帧累计 499（处理跟不上到达率，排查热路径耗时或降低到达率）
[peach_harvester-13] [WARN] [1790761013.918048177] [peach_scene_perception_node]: 感知 worker 满队丢帧累计 500（处理跟不上到达率，排查热路径耗时或降低到达率）
[peach_harvester-13] [WARN] [1790761014.092447561] [peach_scene_perception_node]: 感知 worker 满队丢帧累计 502（处理跟不上到达率，排查热路径耗时或降低到达率）
[peach_harvester-13] [WARN] [1790761014.258981987] [peach_scene_perception_node]: 感知 worker 满队丢帧累计 503（处理跟不上到达率，排查热路径耗时或降低到达率）
[peach_harvester-13] [WARN] [1790761014.462892505] [peach_scene_perception_node]: 感知 worker 满队丢帧累计 504（处理跟不上到达率，排查热路径耗时或降低到达率）
[peach_harvester-13] [WARN] [1790761014.621345741] [peach_scene_perception_node]: 感知 worker 满队丢帧累计 505（处理跟不上到达率，排查热路径耗时或降低到达率）
[peach_harvester-13] [WARN] [1790761014.795827723] [peach_scene_perception_node]: 感知 worker 满队丢帧累计 507（处理跟不上到达率，排查热路径耗时或降低到达率）
[peach_harvester-13] [WARN] [1790761015.119259588] [peach_scene_perception_node]: 感知 worker 满队丢帧累计 509（处理跟不上到达率，排查热路径耗时或降低到达率）
[peach_harvester-13] [WARN] [1790761015.251400706] [peach_scene_perception_node]: 感知 worker 满队丢帧累计 510（处理跟不上到达率，排查热路径耗时或降低到达率）
[peach_harvester-13] [WARN] [1790761015.601062095] [peach_scene_perception_node]: 感知 worker 满队丢帧累计 512（处理跟不上到达率，排查热路径耗时或降低到达率）
[stereo_camera_node-1] [INFO] [1790761015.605630048] [camera.peach_stereo_camera_node]: groups=900 published=900 rate=13.7 gps drop(stream=0 incomplete=0 nostamp=0 depth=0)
[peach_harvester-13] [WARN] [1790761015.762438515] [peach_scene_perception_node]: 感知 worker 满队丢帧累计 514（处理跟不上到达率，排查热路径耗时或降低到达率）
[peach_harvester-13] [WARN] [1790761015.957148049] [peach_scene_perception_node]: 感知 worker 满队丢帧累计 515（处理跟不上到达率，排查热路径耗时或降低到达率）
[peach_harvester-13] [WARN] [1790761016.104730690] [peach_scene_perception_node]: 感知 worker 满队丢帧累计 516（处理跟不上到达率，排查热路径耗时或降低到达率）
[peach_harvester-13] [INFO] [1790761016.306329492] [peach_scene_perception_node]: 目标注册表在册 1 个目标（累计注册 2、累计命中 389）
[peach_harvester-13] [WARN] [1790761016.308563846] [peach_scene_perception_node]: 感知 worker 满队丢帧累计 518（处理跟不上到达率，排查热路径耗时或降低到达率）
[peach_harvester-13] [WARN] [1790761016.484956589] [peach_scene_perception_node]: 感知 worker 满队丢帧累计 520（处理跟不上到达率，排查热路径耗时或降低到达率）
[peach_harvester-13] [WARN] [1790761016.663054533] [peach_scene_perception_node]: 感知 worker 满队丢帧累计 521（处理跟不上到达率，排查热路径耗时或降低到达率）
[peach_harvester-13] [WARN] [1790761016.855355863] [peach_scene_perception_node]: 感知 worker 满队丢帧累计 523（处理跟不上到达率，排查热路径耗时或降低到达率）
[peach_harvester-13] [WARN] [1790761017.010867717] [peach_scene_perception_node]: 感知 worker 满队丢帧累计 524（处理跟不上到达率，排查热路径耗时或降低到达率）
[peach_harvester-13] [WARN] [1790761017.158565482] [peach_scene_perception_node]: 感知 worker 满队丢帧累计 525（处理跟不上到达率，排查热路径耗时或降低到达率）
[peach_harvester-13] [WARN] [1790761017.319146485] [peach_scene_perception_node]: 感知 worker 满队丢帧累计 526（处理跟不上到达率，排查热路径耗时或降低到达率）
[peach_harvester-13] [WARN] [1790761017.632163710] [peach_scene_perception_node]: 感知 worker 满队丢帧累计 529（处理跟不上到达率，排查热路径耗时或降低到达率）
[peach_harvester-13] [WARN] [1790761017.805531505] [peach_scene_perception_node]: 感知 worker 满队丢帧累计 530（处理跟不上到达率，排查热路径耗时或降低到达率）
[peach_harvester-13] [WARN] [1790761017.963714229] [peach_scene_perception_node]: 感知 worker 满队丢帧累计 531（处理跟不上到达率，排查热路径耗时或降低到达率）
[peach_harvester-13] [WARN] [1790761018.102867017] [peach_scene_perception_node]: 感知 worker 满队丢帧累计 532（处理跟不上到达率，排查热路径耗时或降低到达率）
[peach_harvester-13] [WARN] [1790761018.269081684] [peach_scene_perception_node]: 感知 worker 满队丢帧累计 534（处理跟不上到达率，排查热路径耗时或降低到达率）
[peach_harvester-13] [WARN] [1790761018.438430359] [peach_scene_perception_node]: 感知 worker 满队丢帧累计 535（处理跟不上到达率，排查热路径耗时或降低到达率）
[peach_harvester-13] [WARN] [1790761018.586725505] [peach_scene_perception_node]: 感知 worker 满队丢帧累计 536（处理跟不上到达率，排查热路径耗时或降低到达率）
[peach_harvester-13] [WARN] [1790761018.739490142] [peach_scene_perception_node]: 感知 worker 满队丢帧累计 537（处理跟不上到达率，排查热路径耗时或降低到达率）
[peach_harvester-13] [WARN] [1790761019.457120432] [peach_target_reconstruction_node]: 重建 worker 队列已满，拒绝新帧以保持积分顺序
[peach_harvester-13] [WARN] [1790761019.555299876] [peach_scene_perception_node]: 感知 worker 满队丢帧累计 547（处理跟不上到达率，排查热路径耗时或降低到达率）
[peach_harvester-13] [WARN] [1790761020.129691981] [peach_scene_perception_node]: 感知 worker 满队丢帧累计 548（处理跟不上到达率，排查热路径耗时或降低到达率）
[peach_harvester-13] [WARN] [1790761020.303161363] [peach_scene_perception_node]: 感知 worker 满队丢帧累计 550（处理跟不上到达率，排查热路径耗时或降低到达率）
[peach_harvester-13] [WARN] [1790761020.808412137] [peach_scene_perception_node]: 感知 worker 满队丢帧累计 554（处理跟不上到达率，排查热路径耗时或降低到达率）
[peach_harvester-13] [WARN] [1790761021.251320230] [peach_scene_perception_node]: 感知 worker 满队丢帧累计 556（处理跟不上到达率，排查热路径耗时或降低到达率）
[peach_harvester-13] [WARN] [1790761021.419687441] [peach_target_reconstruction_node]: 重建 worker 队列已满，拒绝新帧以保持积分顺序
[peach_harvester-13] [WARN] [1790761021.440633798] [peach_scene_perception_node]: 感知 worker 满队丢帧累计 564（处理跟不上到达率，排查热路径耗时或降低到达率）
[peach_harvester-13] [WARN] [1790761021.957449282] [peach_scene_perception_node]: 感知 worker 满队丢帧累计 571（处理跟不上到达率，排查热路径耗时或降低到达率）
[peach_harvester-13] [WARN] [1790761022.773681200] [peach_scene_perception_node]: 感知 worker 满队丢帧累计 578（处理跟不上到达率，排查热路径耗时或降低到达率）
[stereo_camera_node-1] [INFO] [1790761022.837576251] [camera.peach_stereo_camera_node]: groups=1000 published=1000 rate=13.7 gps drop(stream=0 incomplete=0 nostamp=0 depth=0)
[peach_harvester-13] [WARN] [1790761023.458269157] [peach_scene_perception_node]: 感知 worker 满队丢帧累计 579（处理跟不上到达率，排查热路径耗时或降低到达率）
[peach_harvester-13] [WARN] [1790761023.590020482] [peach_target_reconstruction_node]: 重建 worker 队列已满，拒绝新帧以保持积分顺序
[peach_harvester-13] [WARN] [1790761023.613437783] [peach_scene_perception_node]: 感知 worker 满队丢帧累计 588（处理跟不上到达率，排查热路径耗时或降低到达率）
[peach_harvester-13] [WARN] [1790761024.360535842] [peach_scene_perception_node]: 感知 worker 满队丢帧累计 593（处理跟不上到达率，排查热路径耗时或降低到达率）
[peach_harvester-13] [WARN] [1790761024.506227748] [peach_scene_perception_node]: 感知 worker 满队丢帧累计 594（处理跟不上到达率，排查热路径耗时或降低到达率）
[peach_harvester-13] [WARN] [1790761024.956919719] [peach_scene_perception_node]: 感知 worker 满队丢帧累计 595（处理跟不上到达率，排查热路径耗时或降低到达率）
[peach_harvester-13] [WARN] [1790761025.165267884] [peach_target_reconstruction_node]: 重建 worker 队列已满，拒绝新帧以保持积分顺序
[peach_harvester-13] [WARN] [1790761025.301575060] [peach_scene_perception_node]: 感知 worker 满队丢帧累计 603（处理跟不上到达率，排查热路径耗时或降低到达率）
[peach_harvester-13] [WARN] [1790761025.736015160] [peach_scene_perception_node]: 感知 worker 满队丢帧累计 605（处理跟不上到达率，排查热路径耗时或降低到达率）
[peach_harvester-13] [WARN] [1790761025.892565169] [peach_scene_perception_node]: 感知 worker 满队丢帧累计 609（处理跟不上到达率，排查热路径耗时或降低到达率）
[peach_harvester-13] [WARN] [1790761026.273329932] [peach_target_reconstruction_node]: 重建 worker 队列已满，拒绝新帧以保持积分顺序
[peach_harvester-13] [INFO] [1790761026.457775523] [peach_scene_perception_node]: 目标注册表在册 1 个目标（累计注册 2、累计命中 431）
[peach_harvester-13] [WARN] [1790761026.466028487] [peach_scene_perception_node]: 感知 worker 满队丢帧累计 616（处理跟不上到达率，排查热路径耗时或降低到达率）
[peach_harvester-13] [WARN] [1790761027.353711775] [peach_scene_perception_node]: 感知 worker 满队丢帧累计 623（处理跟不上到达率，排查热路径耗时或降低到达率）
[peach_harvester-13] [WARN] [1790761027.739349324] [peach_scene_perception_node]: 感知 worker 满队丢帧累计 624（处理跟不上到达率，排查热路径耗时或降低到达率）
[peach_harvester-13] [WARN] [1790761028.077660747] [peach_target_reconstruction_node]: 重建 worker 队列已满，拒绝新帧以保持积分顺序
[peach_harvester-13] [WARN] [1790761028.112706940] [peach_scene_perception_node]: 感知 worker 满队丢帧累计 632（处理跟不上到达率，排查热路径耗时或降低到达率）
[peach_harvester-13] [WARN] [1790761028.682823442] [peach_scene_perception_node]: 感知 worker 满队丢帧累计 636（处理跟不上到达率，���查热路径耗时或降低到达率）
[peach_harvester-13] [WARN] [1790761029.269878131] [peach_target_reconstruction_node]: 重建 worker 队列已满，拒绝新帧以保持积分顺序
[peach_harvester-13] [WARN] [1790761029.302462998] [peach_scene_perception_node]: 感知 worker 满队丢帧累计 644（处理跟不上到达率，排查热路径耗时或降低到达率）
[peach_harvester-13] [WARN] [1790761030.023053365] [peach_scene_perception_node]: 感知 worker 满队丢帧累计 648（处理跟不上到达率，排查热路径耗时或降低到达率）
[stereo_camera_node-1] [INFO] [1790761030.135606542] [camera.peach_stereo_camera_node]: groups=1100 published=1100 rate=13.7 gps drop(stream=0 incomplete=0 nostamp=0 depth=0)
[peach_harvester-13] [WARN] [1790761030.383730771] [peach_scene_perception_node]: 感知 worker 满队丢帧累计 651（处理跟不上到达率，排查热路径耗时或降低到达率）
[peach_harvester-13] [WARN] [1790761030.851479351] [peach_scene_perception_node]: 感知 worker 满队丢帧累计 654（处理跟不上到达率，排查热路径耗时或降低到达率）
[peach_harvester-13] [WARN] [1790761030.994123928] [peach_target_reconstruction_node]: 重建 worker 队列已满，拒绝新帧以保持积分顺序
[peach_harvester-13] [WARN] [1790761031.033514391] [peach_scene_perception_node]: 感知 worker 满队丢帧累计 660（处理跟不上到达率，排查热路径耗时或降低到达率）
[peach_harvester-13] [WARN] [1790761031.651366414] [peach_scene_perception_node]: 感知 worker 满队丢帧累计 666（处理跟不上到达率，排查热路径耗时或降低到达率）
[peach_harvester-13] [WARN] [1790761032.327376350] [peach_target_reconstruction_node]: 重建 worker 队列已满，拒绝新帧以保持积分顺序
[peach_harvester-13] [WARN] [1790761032.378749148] [peach_scene_perception_node]: 感知 worker 满队丢帧累计 674（处理跟不上到达率，排查热路径耗时或降低到达率）
[peach_harvester-13] [WARN] [1790761033.042978143] [peach_scene_perception_node]: 感知 worker 满队丢帧累计 676（处理跟不上到达率，排查热路径耗时或降低到达率）
[peach_harvester-13] [WARN] [1790761033.218657196] [peach_scene_perception_node]: 感知 worker 满队丢帧累计 683（处理跟不上到达率，���查热路径耗时或降低到达率）
[peach_harvester-13] [WARN] [1790761033.771716667] [peach_scene_perception_node]: 感知 worker 满队丢帧累计 684（处理跟不上到达率，排查热路径耗时或降低到达率）
[peach_harvester-13] [WARN] [1790761033.979034647] [peach_scene_perception_node]: 感知 worker 满队丢帧累计 687（处理跟不上到达率，排查热路径耗时或降低到达率）
[peach_harvester-13] [WARN] [1790761034.172808202] [peach_scene_perception_node]: 感知 worker 满队丢帧累计 692（处理跟不上到达率，排查热路径耗时或降低到达率）
[peach_harvester-13] [WARN] [1790761034.411192302] [peach_scene_perception_node]: 感知 worker 满队丢帧累计 693（处理跟不上到达率，排查热路径耗时或降低到达率）
[peach_harvester-13] [WARN] [1790761034.581663518] [peach_scene_perception_node]: 感知 worker 满队丢帧累计 698（处理跟不上到达率，排查热路径耗时或降低到达率）
[peach_harvester-13] [WARN] [1790761035.201318921] [peach_scene_perception_node]: 感知 worker 满队丢帧累计 699（处理跟不上到达率，排查热路径耗时或降低到达率）
[peach_harvester-13] [WARN] [1790761035.308774082] [peach_target_reconstruction_node]: 重建 worker 队列已满，拒绝新帧以保持积分顺序
[peach_harvester-13] [WARN] [1790761035.450391093] [peach_scene_perception_node]: 感知 worker 满队丢帧累计 708（处理跟不上到达率，排查热路径耗时或降低到达率）
[peach_harvester-13] [WARN] [1790761035.587399804] [peach_scene_perception_node]: 感知 worker 满队丢帧累计 709（处理跟不上到达率，排查热路径耗时或降低到达率）
[peach_harvester-13] [WARN] [1790761036.426387863] [peach_scene_perception_node]: 感知 worker 满队丢帧累计 717（处理跟不上到达率，排查热路径耗时或降低到达率）
[peach_harvester-13] [INFO] [1790761036.552818187] [peach_scene_perception_node]: 目标注册表在册 1 个目标（累计注册 2、累计命中 465）
[peach_observability-15] [WARN] [1790761036.902339833] [peach_observability]: 自检[periodic] 14/18 通过，失败: camera_color_rate，跳过: robot_status, model_files, vegetation_status
[peach_harvester-13] [WARN] [1790761037.037455790] [peach_scene_perception_node]: 感知 worker 满队丢帧累计 718（处理跟不上到达率，排查热路径耗时或降低到达率）
[peach_harvester-13] [WARN] [1790761037.193540304] [peach_scene_perception_node]: 感知 worker 满队丢帧累计 725（处理跟不上到达率，排查热路径耗时或降低到达率）
[stereo_camera_node-1] [INFO] [1790761037.426984676] [camera.peach_stereo_camera_node]: groups=1200 published=1200 rate=13.7 gps drop(stream=0 incomplete=0 nostamp=0 depth=0)
[peach_harvester-13] [WARN] [1790761037.572566180] [peach_scene_perception_node]: 感知 worker 满队丢帧累计 729（处理跟不上到达率，排查热路径耗时或降低到达率）
[peach_harvester-13] [WARN] [1790761038.182480788] [peach_scene_perception_node]: 感知 worker 满队丢帧累计 730（处理跟不上到达率，排查热路径耗时或降低到达率）
[peach_harvester-13] [WARN] [1790761038.363705944] [peach_scene_perception_node]: 感知 worker 满队丢帧累计 739（处理跟不上到达率，排查热路径耗时或降低到达率）
[peach_harvester-13] [WARN] [1790761039.216781015] [peach_target_reconstruction_node]: 重建 worker 队列已满，拒绝新帧以保持积分顺序
[peach_harvester-13] [WARN] [1790761039.342828469] [peach_scene_perception_node]: 感知 worker 满队丢帧累计 745（处理跟不上到达率，排查热路径耗时或降低到达率）
[peach_harvester-13] [WARN] [1790761039.823236219] [peach_scene_perception_node]: 感知 worker 满队丢帧累计 746（处理跟不上到达率，排查热路径耗时或降低到达率）
[peach_harvester-13] [WARN] [1790761040.004027666] [peach_scene_perception_node]: 感知 worker 满队丢帧累计 754（处理跟不上到达率，排查热路径耗时或降低到达率）
[peach_harvester-13] [WARN] [1790761040.518308526] [peach_target_reconstruction_node]: 重建 worker 队列已满，拒绝新帧以保持积分顺序
[peach_harvester-13] [WARN] [1790761040.666222707] [peach_scene_perception_node]: 感知 worker 满队丢帧累计 759（处理跟不上到达率，排查热路径耗时或降低到达率）
[peach_harvester-13] [WARN] [1790761041.301764396] [peach_scene_perception_node]: 感知 worker 满队丢帧累计 763（处理跟不上到达率，���查热路径耗时或降低到达率）
[peach_harvester-13] [WARN] [1790761041.478556873] [peach_scene_perception_node]: 感知 worker 满队丢帧累计 767（处理跟不上到达率，排查热路径耗时或降低到达率）
[peach_harvester-13] [WARN] [1790761041.910598360] [peach_scene_perception_node]: 感知 worker 满队丢帧累计 768（处理跟不上到达率，排查热路径耗时或降低到达率）
[peach_harvester-13] [WARN] [1790761042.098452957] [peach_scene_perception_node]: 感知 worker 满队丢帧累计 776（处理跟不上到达率，排查热路径耗时或降低到达率）
[peach_harvester-13] [WARN] [1790761042.765359541] [peach_target_reconstruction_node]: 重建 worker 队列已满，拒绝新帧以保持积分顺序
[peach_harvester-13] [WARN] [1790761042.888688049] [peach_scene_perception_node]: 感知 worker 满队丢帧累计 784（处理跟不上到达率，排查热路径耗时或降低到达率）
[peach_harvester-13] [WARN] [1790761043.578909377] [peach_scene_perception_node]: 感知 worker 满队丢帧累计 793（处理跟不上到达率，排查热路径耗时或降低到达率）
[peach_harvester-13] [WARN] [1790761044.369442081] [peach_target_reconstruction_node]: 重建 worker 队列已满，拒绝新帧以保持积分顺序
[peach_harvester-13] [WARN] [1790761044.393684010] [peach_scene_perception_node]: 感知 worker 满队丢帧累计 803（处理跟不上到达率，排查热路径耗时或降低到达率）
[stereo_camera_node-1] [INFO] [1790761044.718870239] [camera.peach_stereo_camera_node]: groups=1300 published=1300 rate=13.7 gps drop(stream=0 incomplete=0 nostamp=0 depth=0)
[peach_harvester-13] [WARN] [1790761045.104233162] [peach_scene_perception_node]: 感知 worker 满队丢帧累计 804（处理跟不上到达率，排查热路径耗时或降低到达率）
[peach_harvester-13] [WARN] [1790761045.291630267] [peach_scene_perception_node]: 感知 worker 满队丢帧累计 805（处理跟不上到达率，排查热路径耗时或降低到达率）
[peach_harvester-13] [WARN] [1790761045.483918247] [peach_scene_perception_node]: 感知 worker 满队丢帧累计 810（处理跟不上到达率，排查热路径耗时或降低到达率）
[peach_harvester-13] [WARN] [1790761045.889012405] [peach_target_reconstruction_node]: 重建 worker 队列已满，拒绝新帧以保持积分顺序
[peach_harvester-13] [WARN] [1790761045.999102244] [peach_scene_perception_node]: 感知 worker 满队丢帧累计 814（处理跟不上到达率，排查热路径耗时或降低到达率）
[peach_harvester-13] [INFO] [1790761046.658252994] [peach_scene_perception_node]: 目标注册表在册 1 个目标（累计注册 2、累计命中 496）
[peach_harvester-13] [WARN] [1790761046.662244635] [peach_scene_perception_node]: 感知 worker 满队丢帧累计 820（处理跟不上到达率，排查热路径耗时或降低到达率）
[peach_harvester-13] [WARN] [1790761047.003253398] [peach_scene_perception_node]: 感知 worker 满队丢帧累计 825（处理跟不上到达率，排查热路径耗时或降低到达率）
[peach_harvester-13] [WARN] [1790761047.423424397] [peach_target_reconstruction_node]: 重建 worker 队列已满，拒绝新帧以保持积分顺序
[peach_harvester-13] [WARN] [1790761047.577473303] [peach_scene_perception_node]: 感知 worker 满队丢帧累计 834（处理跟不上到达率，排查热路径耗时或降低到达率）
[peach_harvester-13] [WARN] [1790761048.306655040] [peach_scene_perception_node]: 感知 worker 满队丢帧累计 841（处理跟不上到达率，排查热路径耗时或降低到达率）
[peach_harvester-13] [WARN] [1790761048.802656369] [peach_target_reconstruction_node]: 重建 worker 队列已满，拒绝新帧以保持积分顺序
[peach_harvester-13] [WARN] [1790761048.951256974] [peach_scene_perception_node]: 感知 worker 满队丢帧累计 846（处理跟不上到达率，排查热路径耗时或降低到达率）
[peach_harvester-13] [WARN] [1790761049.729315193] [peach_scene_perception_node]: 感知 worker 满队丢帧累计 854（处理跟不上到达率，排查热路径耗时或降低到达率）
[peach_harvester-13] [WARN] [1790761050.312979097] [peach_scene_perception_node]: 感知 worker 满队丢帧累计 855（处理跟不上到达率，排查热路径耗时或降低到达率）
[peach_harvester-13] [WARN] [1790761050.328253836] [peach_target_reconstruction_node]: 重建 worker 队列已满，拒绝新帧以保持积分顺序
[peach_harvester-13] [WARN] [1790761050.475513148] [peach_scene_perception_node]: 感知 worker 满队丢帧累计 862（处理跟不上到达率，排查热路径耗时或降低到达率）
[peach_harvester-13] [WARN] [1790761051.225903021] [peach_scene_perception_node]: 感知 worker 满队丢帧累计 867（处理跟不上到达率，排查热路径耗时或降低到达率）
[peach_harvester-13] [WARN] [1790761051.627239404] [peach_target_reconstruction_node]: 重建 worker 队列已满，拒绝新帧以保持积分顺序
[peach_harvester-13] [WARN] [1790761051.732992019] [peach_scene_perception_node]: 感知 worker 满队丢帧累计 872（处理跟不上到达率，���查热路径耗时或降低到达率）
[peach_harvester-13] [WARN] [1790761052.120561060] [peach_scene_perception_node]: 感知 worker 满队丢帧累计 874（处理跟不上到达率，排查热路径耗时或降低到达率）
[stereo_camera_node-1] [INFO] [1790761052.266460582] [camera.peach_stereo_camera_node]: groups=1400 published=1400 rate=13.7 gps drop(stream=0 incomplete=0 nostamp=0 depth=0)
[peach_harvester-13] [WARN] [1790761052.522796988] [peach_scene_perception_node]: 感知 worker 满队丢帧累计 878（处理跟不上到达率，排查热路径耗时或降低到达率）
[peach_harvester-13] [WARN] [1790761052.684004317] [peach_scene_perception_node]: 感知 worker 满队丢帧累计 883（处理跟不上到达率，排查热路径耗时或降低到达率）
[peach_harvester-13] [WARN] [1790761053.288572631] [peach_target_reconstruction_node]: 重建 worker 队列已满，拒绝新帧以保持积分顺序
[peach_harvester-13] [WARN] [1790761053.371846878] [peach_scene_perception_node]: 感知 worker 满队丢帧累计 892（处理跟不上到达率，排查热路径耗时或降低到达率）
[peach_harvester-13] [WARN] [1790761054.027330579] [peach_scene_perception_node]: 感知 worker 满队丢帧累计 893（处理跟不上到达率，排查热路径耗时或降低到达率）
[peach_harvester-13] [WARN] [1790761054.221396775] [peach_scene_perception_node]: 感知 worker 满队丢帧累计 900（处理跟不上到达率，排查热路径耗时或降低到达率）
[peach_harvester-13] [WARN] [1790761054.878004680] [peach_scene_perception_node]: 感知 worker 满队丢帧累计 908（处理跟不上到达率，排查热路径耗时或降低到达率）
[peach_harvester-13] [WARN] [1790761055.454776385] [peach_scene_perception_node]: 感知 worker 满队丢帧累计 909（处理跟不上到达率，排查热路径耗时或降低到达率）
[peach_harvester-13] [WARN] [1790761055.536268979] [peach_target_reconstruction_node]: 重建 worker 队列已满，拒绝新帧以保持积分顺序
[peach_harvester-13] [WARN] [1790761055.652774141] [peach_scene_perception_node]: 感知 worker 满队丢帧累计 917（处理跟不上到达率，排查热路径耗时或降低到达率）
[peach_harvester-13] [WARN] [1790761056.386955155] [peach_scene_perception_node]: 感知 worker 满队丢帧累计 925（处理跟不上到达率，排查热路径耗时或降低到达率）
[peach_harvester-13] [WARN] [1790761057.050658908] [peach_target_reconstruction_node]: 重建 worker 队列已满，拒绝新帧以保持积分顺序
[peach_harvester-13] [INFO] [1790761057.165850503] [peach_scene_perception_node]: 目标注册表在册 1 个目标（累计注册 2、累计命中 529）
[peach_harvester-13] [WARN] [1790761057.168902833] [peach_scene_perception_node]: 感知 worker 满队丢帧累计 935（处理跟不上到达率，排查热路径耗时或降低到达率）
[peach_harvester-13] [WARN] [1790761057.849810567] [peach_scene_perception_node]: 感知 worker 满队丢帧累计 936（处理跟不上到达率，排查热路径耗时或降低到达率）
[peach_harvester-13] [WARN] [1790761058.012653529] [peach_scene_perception_node]: 感知 worker 满队丢帧累计 937（处理跟不上到达率，排查热路径耗时或降低到达率）
[peach_harvester-13] [WARN] [1790761058.171881267] [peach_scene_perception_node]: 感知 worker 满队丢帧累计 946（处理跟不上到达率，排查热路径耗时或降低到达率）
[peach_harvester-13] [WARN] [1790761058.694218687] [peach_scene_perception_node]: 感知 worker 满队丢帧累计 949（处理跟不上到达率，排查热路径耗时或降低到达率）
[peach_harvester-13] [WARN] [1790761059.457394430] [peach_scene_perception_node]: 感知 worker 满队丢帧累计 957（处理跟不上到达率，排查热路径耗时或降低到达率）
[stereo_camera_node-1] [INFO] [1790761059.524702306] [camera.peach_stereo_camera_node]: groups=1500 published=1500 rate=13.7 gps drop(stream=0 incomplete=0 nostamp=0 depth=0)
[peach_harvester-13] [WARN] [1790761059.916107317] [peach_target_reconstruction_node]: 重建 worker 队列已满，拒绝新帧以保持积分顺序
[peach_harvester-13] [WARN] [1790761060.075578311] [peach_scene_perception_node]: 感知 worker 满队丢帧累计 963（处理跟不上到达率，排查热路径耗时或降低到达率）
[peach_harvester-13] [WARN] [1790761060.747067925] [peach_scene_perception_node]: 感知 worker 满队丢帧累计 972（处理跟不上到达率，排查热路径耗时或降低到达率）
[peach_harvester-13] [WARN] [1790761061.530408875] [peach_scene_perception_node]: 感知 worker 满队丢帧累计 982（处理跟不上到达率，排查热路径耗时或降低到达率）
[peach_harvester-13] [WARN] [1790761062.320491712] [peach_target_reconstruction_node]: 重建 worker 队列已满，拒绝新帧以保持积分顺序
[peach_harvester-13] [WARN] [1790761062.442398125] [peach_scene_perception_node]: 感知 worker 满队丢帧累计 991（处理跟不上到达率，排查热路径耗时或降低到达率）
[peach_harvester-13] [WARN] [1790761063.229115275] [peach_scene_perception_node]: 感知 worker 满队丢帧累计 999（处理跟不上到达率，排查热路径耗时或降低到达率）
[peach_harvester-13] [WARN] [1790761063.817400059] [peach_target_reconstruction_node]: 重建 worker 队列已满，拒绝新帧以保持积分顺序
[peach_harvester-13] [WARN] [1790761063.938810649] [peach_scene_perception_node]: 感知 worker 满队丢帧累计 1005（处理跟不上到达率，排查热路径耗时或降低到达率）
[peach_harvester-13] [WARN] [1790761064.536351739] [peach_scene_perception_node]: 感知 worker 满队丢帧累计 1013（处理跟不上到达率，排查热路径耗时或降低到达率）
[peach_harvester-13] [WARN] [1790761064.687029435] [peach_scene_perception_node]: 感知 worker 满队丢帧累计 1015（处理跟不上到达率，排查热路径耗时或降低到达率）
[peach_harvester-13] [WARN] [1790761065.271411173] [peach_target_reconstruction_node]: 重建 worker 队列已满，拒绝新帧以保持积分顺序
[peach_harvester-13] [WARN] [1790761065.428878367] [peach_scene_perception_node]: 感知 worker 满队丢帧累计 1022（处理跟不上到达率，排查热路径耗时或降低到达率）
[peach_harvester-13] [WARN] [1790761065.548921120] [peach_scene_perception_node]: 感知 worker 满队丢帧累计 1024（处理跟不上到达率，排查热路径耗时或降低到达率）
[peach_harvester-13] [WARN] [1790761066.309126428] [peach_scene_perception_node]: 感知 worker 满队丢帧累计 1033（处理跟不上到达率，排查热路径耗时或降低到达率）
[stereo_camera_node-1] [INFO] [1790761066.655303537] [camera.peach_stereo_camera_node]: groups=1600 published=1600 rate=13.7 gps drop(stream=0 incomplete=0 nostamp=0 depth=0)
[peach_observability-15] [WARN] [1790761066.906272380] [peach_observability]: 自检[periodic] 14/18 通过，失败: camera_color_rate，跳过: robot_status, model_files, vegetation_status
[peach_harvester-13] [WARN] [1790761066.977294756] [peach_target_reconstruction_node]: 重建 worker 队列已满，拒绝新帧以保持积分顺序
[peach_harvester-13] [WARN] [1790761067.023065073] [peach_scene_perception_node]: 感知 worker 满队丢帧累计 1041（处理跟不上到达率，排查热路径耗时或降低到达率）
[peach_harvester-13] [INFO] [1790761067.732124479] [peach_scene_perception_node]: 目标注册表在册 1 个目标（累计注册 2、累计命中 561）
[peach_harvester-13] [WARN] [1790761067.736342742] [peach_scene_perception_node]: 感知 worker 满队丢帧累计 1048（处理跟不上到达率，排查热路径耗时或降低到达率）
[peach_harvester-13] [WARN] [1790761068.281751864] [peach_scene_perception_node]: 感知 worker 满队丢帧累计 1049（处理跟不上到达率，排查热路径耗时或降低到达率）
[peach_harvester-13] [WARN] [1790761068.457547428] [peach_scene_perception_node]: 感知 worker 满队丢帧累计 1056（处理跟不上到达率，排查热路径耗时或降低到达率）
[peach_harvester-13] [WARN] [1790761069.143021762] [peach_scene_perception_node]: 感知 worker 满队丢帧累计 1058（处理跟不上到达率，排查热路径耗时或降低到达率）
[peach_harvester-13] [WARN] [1790761069.217155559] [peach_target_reconstruction_node]: 重建 worker 队列已满，拒绝新帧以保持积分顺序
[peach_harvester-13] [WARN] [1790761069.294016636] [peach_scene_perception_node]: 感知 worker 满队丢帧累计 1063（处理跟不上到达率，排查热路径耗时或降低到达率）
[peach_harvester-13] [WARN] [1790761069.891033610] [peach_scene_perception_node]: 感知 worker 满队丢帧累计 1065（处理跟不上到达率，排查热路径耗时或降低到达率）
[peach_harvester-13] [WARN] [1790761070.053951380] [peach_scene_perception_node]: 感知 worker 满队丢帧累计 1070（处理跟不上到达率，排查热路径耗时或降低到达率）
[peach_harvester-13] [WARN] [1790761070.765503357] [peach_scene_perception_node]: 感知 worker 满队丢帧累计 1076（处理跟不上到达率，排查热路径耗时或降低到达率）
[peach_harvester-13] [WARN] [1790761071.314514671] [peach_scene_perception_node]: 感知 worker 满队丢帧累计 1077（处理跟不上到达率，排查热路径耗时或降低到达率）
[peach_harvester-13] [WARN] [1790761071.330669630] [peach_target_reconstruction_node]: 重建 worker 队列已满，拒绝新帧以保持积分顺序
[peach_harvester-13] [WARN] [1790761071.498286297] [peach_scene_perception_node]: 感知 worker 满队丢帧累计 1084（处理跟不上到达率，排查热路径耗时或降低到达率）
[peach_harvester-13] [WARN] [1790761072.214648732] [peach_scene_perception_node]: 感知 worker 满队丢帧累计 1092（处理跟不上到达率，排查热路径耗时或降低到达率）
[peach_harvester-13] [WARN] [1790761072.527087607] [peach_scene_perception_node]: 感知 worker 满队丢帧累计 1094（处理跟不上到达率，排查热路径耗时或降低到达率）
[peach_harvester-13] [WARN] [1790761073.056189387] [peach_scene_perception_node]: 感知 worker 满队丢帧累计 1095（处理跟不上到达率，排查热路径耗时或降低到达率）
[peach_harvester-13] [WARN] [1790761073.149091311] [peach_target_reconstruction_node]: 重建 worker 队列已满，拒绝新帧以保持积分顺序
[peach_harvester-13] [WARN] [1790761073.226111445] [peach_scene_perception_node]: 感知 worker 满队丢帧累计 1102（处理跟不上到达率，排查热路径耗时或降低到达率）
[peach_harvester-13] [WARN] [1790761073.732921775] [peach_scene_perception_node]: 感知 worker 满队丢帧累计 1107（处理跟不上到达率，排查热路径耗时或降低到达率）
[stereo_camera_node-1] [INFO] [1790761074.251655243] [camera.peach_stereo_camera_node]: groups=1700 published=1700 rate=13.7 gps drop(stream=0 incomplete=0 nostamp=0 depth=0)
[peach_harvester-13] [WARN] [1790761074.507579718] [peach_target_reconstruction_node]: 重建 worker 队列已满，拒绝新帧以保持积分顺序
[peach_harvester-13] [WARN] [1790761074.572018984] [peach_scene_perception_node]: 感知 worker 满队丢帧累计 1116（处理跟不上到达率，排查热路径耗时或降低到达率）
[peach_harvester-13] [WARN] [1790761075.197476346] [peach_scene_perception_node]: 感知 worker 满队丢帧累计 1120（处理跟不上到达率，排查热路径耗时或降低到达率）
[peach_harvester-13] [WARN] [1790761075.680335987] [peach_scene_perception_node]: 感知 worker 满队丢帧累计 1122（处理跟不上到达率，排查热路径耗时或降低到达率）
[peach_harvester-13] [WARN] [1790761075.858598022] [peach_scene_perception_node]: 感知 worker 满队丢帧累计 1127（处理跟不上到达率，排查热路径耗时或降低到达率）
[peach_harvester-13] [WARN] [1790761076.473171990] [peach_scene_perception_node]: 感知 worker 满队丢帧累计 1128（处理跟不上到达率，排查热路径耗时或降低到达率）
[peach_harvester-13] [WARN] [1790761076.542495372] [peach_target_reconstruction_node]: 重建 worker 队列已满，拒绝新帧以保持积分顺序
[peach_harvester-13] [WARN] [1790761076.692220743] [peach_scene_perception_node]: 感知 worker 满队丢帧累计 1137（处理跟不上到达率，排查热路径耗时或降低到达率）
[peach_harvester-13] [WARN] [1790761077.437865158] [peach_scene_perception_node]: 感知 worker 满队丢帧累计 1147（处理跟不上到达率，排查热路径耗时或降低到达率）
[peach_harvester-13] [WARN] [1790761078.052976527] [peach_scene_perception_node]: 感知 worker 满队丢帧累计 1148（处理跟不上到达率，排查热路径耗时或降低到达率）
[peach_harvester-13] [INFO] [1790761078.201169832] [peach_scene_perception_node]: 目标注册表在册 1 个目标（累计注册 2、累计命中 596）
[peach_harvester-13] [WARN] [1790761078.369201388] [peach_scene_perception_node]: 感知 worker 满队丢帧累计 1153（处理跟不上到达率，排查热路径耗时或降低到达率）
[peach_harvester-13] [WARN] [1790761078.810349080] [peach_scene_perception_node]: 感知 worker 满队丢帧累计 1155（处理跟不上到达率，排查热路径耗时或降低到达率）
[peach_harvester-13] [WARN] [1790761079.079330089] [peach_target_reconstruction_node]: 重建 worker 队列已满，拒绝新帧以保持积分顺序
[peach_harvester-13] [WARN] [1790761079.082872310] [peach_scene_perception_node]: 感知 worker 满队丢帧累计 1156（处理跟不上到达率，排查热路径耗时或降低到达率）
[peach_harvester-13] [WARN] [1790761079.234654042] [peach_scene_perception_node]: 感知 worker 满队丢帧累计 1160（处理跟不上到达率，排查热路径耗时或降低到达率）
[peach_harvester-13] [WARN] [1790761079.787396349] [peach_scene_perception_node]: 感知 worker 满队丢帧累计 1167（处理跟不上到达率，排查热路径耗时或降低到达率）
[peach_harvester-13] [WARN] [1790761080.334914270] [peach_target_reconstruction_node]: 重建 worker 队列已满，拒绝新帧以保持积分顺序
[peach_harvester-13] [WARN] [1790761080.441148042] [peach_scene_perception_node]: 感知 worker 满队丢帧累计 1176（处理跟不上到达率，排查热路径耗时或降低到达率）
[peach_harvester-13] [WARN] [1790761081.231309927] [peach_scene_perception_node]: 感知 worker 满队丢帧累计 1186（处理跟不上到达率，排查热路径耗时或降低到达率）
[stereo_camera_node-1] [INFO] [1790761081.537421749] [camera.peach_stereo_camera_node]: groups=1800 published=1800 rate=13.7 gps drop(stream=0 incomplete=0 nostamp=0 depth=0)
[peach_harvester-13] [WARN] [1790761081.918025199] [peach_scene_perception_node]: 感知 worker 满队丢帧累计 1187（处理跟不上到达率，排查热路径耗时或降低到达率）
[peach_harvester-13] [WARN] [1790761082.266596160] [peach_scene_perception_node]: 感知 worker 满队丢帧累计 1190（处理跟不上到达率，排查热路径耗时或降低到达率）
[peach_harvester-13] [WARN] [1790761082.563429673] [peach_target_reconstruction_node]: 重建 worker 队列已满，拒绝新帧以保持积分顺序
[peach_harvester-13] [WARN] [1790761082.801286194] [peach_scene_perception_node]: 感知 worker 满队丢帧累计 1198（处理跟不上到达率，排查热路径耗时或降低到达率）
[peach_harvester-13] [WARN] [1790761083.534502811] [peach_scene_perception_node]: 感知 worker 满队丢帧累计 1209（处理跟不上到达率，排查热路径耗时或降低到达率）
[peach_harvester-13] [WARN] [1790761084.220764984] [peach_target_reconstruction_node]: 重建 worker 队列已满，拒绝新帧以保持积分顺序
[peach_harvester-13] [WARN] [1790761084.356145939] [peach_scene_perception_node]: 感知 worker 满队丢帧累计 1215（处理跟不上到达率，排查热路径耗时或降低到达率）
[peach_harvester-13] [WARN] [1790761084.927153492] [peach_scene_perception_node]: 感知 worker 满队丢帧累计 1217（处理跟不上到达率，排查热路径耗时或降低到达率）
[peach_harvester-13] [WARN] [1790761085.140920096] [peach_scene_perception_node]: 感知 worker 满队丢帧累计 1223（处理跟不上到达率，排查热路径耗时或降低到达率）
[peach_harvester-13] [WARN] [1790761085.633470177] [peach_target_reconstruction_node]: 重建 worker 队列已满，拒绝新帧以保持积分顺序
[peach_harvester-13] [WARN] [1790761085.651992053] [peach_scene_perception_node]: 感知 worker 满队丢帧累计 1230（处理跟不上到达率，排查热路径耗时或降低到达率）
[peach_harvester-13] [WARN] [1790761086.499317629] [peach_scene_perception_node]: 感知 worker 满队丢帧累计 1238（处理跟不上到达率，排查热路径耗时或降低到达率）
[peach_harvester-13] [WARN] [1790761087.132965316] [peach_scene_perception_node]: 感知 worker 满队丢帧累计 1245（处理跟不上到达率，排查热路径耗时或降低到达率）
[peach_harvester-13] [WARN] [1790761087.829776922] [peach_scene_perception_node]: 感知 worker 满队丢帧累计 1251（处理跟不上到达率，排查热路径耗时或降低到达率）
[peach_harvester-13] [WARN] [1790761087.832208311] [peach_target_reconstruction_node]: 重建 worker 队列已满，拒绝新帧以保持积分顺序
[peach_harvester-13] [WARN] [1790761087.957735717] [peach_scene_perception_node]: 感知 worker 满队丢帧累计 1254（处理跟不上到达率，排查热路径耗时或降低到达率）
[peach_harvester-13] [INFO] [1790761088.539024878] [peach_scene_perception_node]: 目标注册表在册 1 个目标（累计注册 2、累计命中 631）
[peach_harvester-13] [WARN] [1790761088.544746239] [peach_scene_perception_node]: 感知 worker 满队丢帧累计 1262（处理跟不上到达率，排查热路径耗时或降低到达率）
[stereo_camera_node-1] [INFO] [1790761088.769769771] [camera.peach_stereo_camera_node]: groups=1900 published=1900 rate=13.7 gps drop(stream=0 incomplete=0 nostamp=0 depth=0)
[peach_harvester-13] [WARN] [1790761089.419417831] [peach_target_reconstruction_node]: 重建 worker 队列已满，拒绝新帧以保持积分顺序
[peach_harvester-13] [WARN] [1790761089.514025385] [peach_scene_perception_node]: 感知 worker 满队丢帧累计 1272（处理跟不上到达率，排查热路径耗时或降低到达率）
[peach_harvester-13] [WARN] [1790761090.351615970] [peach_scene_perception_node]: 感知 worker 满队丢帧累计 1282（处理跟不上到达率，排查热路径耗时或降低到达率）
[peach_harvester-13] [WARN] [1790761090.974164700] [peach_target_reconstruction_node]: 重建 worker 队列已满，拒绝新帧以保持积分顺序
[peach_harvester-13] [WARN] [1790761091.121148271] [peach_scene_perception_node]: 感知 worker 满队丢帧累计 1288（处理跟不上到达率，排查热路径耗时或降低到达率）
[peach_harvester-13] [WARN] [1790761091.738325445] [peach_scene_perception_node]: 感知 worker 满队丢帧累计 1296（处理跟不上到达率，排查热路径耗时或降低到达率）
[peach_harvester-13] [WARN] [1790761092.371537813] [peach_scene_perception_node]: 感知 worker 满队丢帧累计 1297（处理跟不上到达率，排查热路径耗时或降低到达率）
[peach_harvester-13] [WARN] [1790761092.532322594] [peach_scene_perception_node]: 感知 worker 满队丢帧累计 1301（处理跟不上到达率，排查热路径耗时或降低到达率）
[peach_harvester-13] [WARN] [1790761092.891485665] [peach_scene_perception_node]: 感知 worker 满队丢帧累计 1303（处理跟不上到达率，排查热路径耗时或降低到达率）
[peach_harvester-13] [WARN] [1790761093.143319312] [peach_target_reconstruction_node]: 重建 worker 队列已满，拒绝新帧以保持积分顺序
[peach_harvester-13] [WARN] [1790761093.313507035] [peach_scene_perception_node]: 感知 worker 满队丢帧累计 1309（处理跟不上到达率，排查热路径耗时或降低到达率）
[peach_harvester-13] [WARN] [1790761093.902830791] [peach_scene_perception_node]: 感知 worker 满队丢帧累计 1317（处理跟不上到达率，排查热路径耗时或降低到达率）
[peach_harvester-13] [WARN] [1790761094.128236025] [peach_scene_perception_node]: 感知 worker 满队丢帧累计 1318（处理跟不上到达率，排查热路径耗时或降低到达率）
[peach_harvester-13] [WARN] [1790761094.771521317] [peach_scene_perception_node]: 感知 worker 满队丢帧累计 1326（处理跟不上到达率，排查热路径耗时或降低到达率）
[peach_harvester-13] [WARN] [1790761095.517689844] [peach_scene_perception_node]: 感知 worker 满队丢帧累计 1334（处理跟不上到达率，排查热路径耗时或降低到达率）
[stereo_camera_node-1] [INFO] [1790761095.986131198] [camera.peach_stereo_camera_node]: groups=2000 published=2000 rate=13.7 gps drop(stream=0 incomplete=0 nostamp=0 depth=0)
[peach_harvester-13] [WARN] [1790761096.116314945] [peach_target_reconstruction_node]: 重建 worker 队列已满，拒绝新帧以保持积分顺序
[peach_harvester-13] [WARN] [1790761096.243338699] [peach_scene_perception_node]: 感知 worker 满队丢帧累计 1341（处理跟不上到达率，排查热路径耗时或降低到达率）
[peach_observability-15] [WARN] [1790761096.904545544] [peach_observability]: 自检[periodic] 14/18 通过，失败: camera_color_rate，跳过: robot_status, model_files, vegetation_status
[peach_harvester-13] [WARN] [1790761097.013940007] [peach_scene_perception_node]: 感知 worker 满队丢帧累计 1351（处理跟不上到达率，排查热路径耗时或降低到达率）
[peach_harvester-13] [WARN] [1790761097.702322390] [peach_target_reconstruction_node]: 重建 worker 队列已满，拒绝新帧以保持积分顺序
[peach_harvester-13] [WARN] [1790761097.852977994] [peach_scene_perception_node]: 感知 worker 满队丢帧累计 1358（处理跟不上到达率，排查热路径耗时或降低到达率）
[peach_harvester-13] [INFO] [1790761098.539362746] [peach_scene_perception_node]: 目标注册表在册 1 个目标（累计注册 2、累计命中 663）
[peach_harvester-13] [WARN] [1790761098.543515037] [peach_scene_perception_node]: 感知 worker 满队丢帧累计 1367（处理跟不上到达率，排查热路径耗时或降低到达率）
[peach_harvester-13] [WARN] [1790761099.191460875] [peach_scene_perception_node]: 感知 worker 满队丢帧累计 1374（处理跟不上到达率，排查热路径耗时或降低到达率）
[peach_harvester-13] [WARN] [1790761099.345605377] [peach_scene_perception_node]: 感知 worker 满队丢帧累计 1376（处理跟不上到达率，排查热路径耗时或降低到达率）
[peach_harvester-13] [WARN] [1790761100.173268729] [peach_scene_perception_node]: 感知 worker 满队丢帧累计 1384（处理跟不上到达率，排查热路径耗时或降低到达率）
[peach_harvester-13] [WARN] [1790761100.766800420] [peach_target_reconstruction_node]: 重建 worker 队列已满，拒绝新帧以保持积分顺序
[peach_harvester-13] [WARN] [1790761100.799048429] [peach_scene_perception_node]: 感知 worker 满队丢帧累计 1390（处理跟不上到达率，排查热路径耗时或降低到达率）
[peach_harvester-13] [WARN] [1790761101.508881475] [peach_scene_perception_node]: 感知 worker 满队丢帧累计 1398（处理跟不上到达率，排查热路径耗时或降低到达率）
[peach_harvester-13] [WARN] [1790761102.072849747] [peach_target_reconstruction_node]: 重建 worker 队列已满，拒绝新帧以保持积分顺序
[peach_harvester-13] [WARN] [1790761102.242206587] [peach_scene_perception_node]: 感知 worker 满队丢帧累计 1406（处理跟不上到达率，排查热路径耗时或降低到达率）
[peach_arm-14] [WARN] [1790761102.650194773] [peach_arm]: scan.protected_zones 丢弃畸形盒: 盒#0 存在 min>=max 的轴（空盒/退化盒），已丢弃
[peach_arm-14] [WARN] [1790761102.650880351] [peach_arm]: scan.protected_zones 丢弃畸形盒: 盒#0 存在 min>=max 的轴（空盒/退化盒），已丢弃
[peach_arm-14] [WARN] [1790761102.704954686] [peach_arm]: scan.protected_zones 丢弃畸形盒: 盒#0 存在 min>=max 的轴（空盒/退化盒），已丢弃
[peach_arm-14] [WARN] [1790761102.705108996] [peach_arm]: scan.protected_zones 丢弃畸形盒: 盒#0 存在 min>=max 的轴（空盒/退化盒），已丢弃
[peach_arm-14] [WARN] [1790761102.705148720] [peach_arm]: scan.protected_zones 丢弃畸形盒: 盒#0 存在 min>=max 的轴（空盒/退化盒），已丢弃
[peach_arm-14] [WARN] [1790761102.705180747] [peach_arm]: scan.protected_zones 丢弃畸形盒: 盒#0 存在 min>=max 的轴（空盒/退化盒），已丢弃
[peach_harvester-13] [WARN] [1790761102.922874971] [peach_scene_perception_node]: 感知 worker 满队丢帧累计 1407（处理跟不上到达率，排查热路径耗时或降低到达率）
[peach_harvester-13] [WARN] [1790761103.121549868] [peach_scene_perception_node]: 感知 worker 满队丢帧累计 1412（处理跟不上到达率，排查热路径耗时或降低到达率）
[stereo_camera_node-1] [INFO] [1790761103.284301930] [camera.peach_stereo_camera_node]: groups=2100 published=2100 rate=13.7 gps drop(stream=0 incomplete=0 nostamp=0 depth=0)
[peach_harvester-13] [WARN] [1790761103.653856250] [peach_scene_perception_node]: 感知 worker 满队丢帧累计 1421（处理跟不上到达率，排查热路径耗时或降低到达率）
[peach_harvester-13] [WARN] [1790761103.989407177] [peach_scene_perception_node]: 感知 worker 满队丢帧累计 1422（处理跟不上到达率，排查热路径耗时或降低到达率）
[peach_harvester-13] [WARN] [1790761104.223665692] [peach_scene_perception_node]: 感知 worker 满队丢帧累计 1423（处理跟不上到达率，排查热路径耗时或降低到达率）
[peach_arm-14] [INFO] [1790761104.259796121] [peach_arm]: [PLAN_OBSERVATION] 生成目标导向主动视点
[peach_arm-14] [INFO] [1790761104.260011656] [peach_arm]: [FINALIZE] 等待重建精化几何（BuildTargetModel）
[peach_arm-14] [WARN] [1790761104.260019969] [peach_arm]: quality.allow_unrefined_geometry: 用场景观测几何代替重建精化 target=target_1
[peach_arm-14] [INFO] [1790761104.260036102] [peach_arm]: 接触几何（核对方向） target=target_1 entry=[0.304 -0.614 0.536] axis=[0.042 0.136 0.990] travel=0.060m axis_angle_deg=0.00
[peach_arm-14] [INFO] [1790761104.260077344] [peach_arm]: [RECONFIRM] 抓取前再确认：等待新鲜观测复核身份/锚点漂移/摆动平息
[peach_observability-15] [WARN] [1790761104.266490506] [rosbag2_cpp]: Message definition for topic '/peach_arm/execute_target/_action/feedback' with type 'peach_interfaces/msg/ExecuteTarget_FeedbackMessage' not found. Message definition will be left empty in bag.
[peach_observability-15] [WARN] [1790761104.266603070] [rosbag2_cpp]: Message definition for topic '/peach_arm/execute_target/_action/status' with type 'action_msgs/msg/GoalStatusArray' not found. Message definition will be left empty in bag.
[peach_arm-14] [WARN] [1790761104.482265523] [peach_arm]: 忽略 refined diagnostics（unrefined_hold）: expected=target_1 actual=target_1
[peach_arm-14] [WARN] [1790761104.482492188] [peach_arm]: 忽略 refined pose（unrefined_hold）: gate=target_1 actual=target_1
[peach_arm-14] [INFO] [1790761104.582490832] [peach_arm]: [MTC_APPROACH_INSERT] 拍照位再最短路径到预抓取
[peach_arm-14] [INFO] [1790761104.584096279] [peach_arm.moveit.ros.current_state_monitor]: Listening to joint states on topic 'joint_states'
[peach_arm-14] [INFO] [1790761104.589607283] [peach_arm.moveit.ros.move_group_interface]: MoveGroup action client/server ready
[move_group-7] [INFO] [1790761104.589914932] [move_group.moveit.moveit.ros.move_group.move_action]: MoveGroupMoveAction: Received request
[peach_arm-14] [INFO] [1790761104.590239470] [peach_arm.moveit.ros.move_group_interface]: Planning request accepted
[move_group-7] [INFO] [1790761104.590374022] [move_group.moveit.moveit.ros.move_group.move_action]: executing..
[peach_observability-15] [WARN] [1790761104.594442645] [rosbag2_cpp]: Message definition for topic '/move_action/_action/feedback' with type 'moveit_msgs/msg/MoveGroup_FeedbackMessage' not found. Message definition will be left empty in bag.
[peach_observability-15] [WARN] [1790761104.594529994] [rosbag2_cpp]: Message definition for topic '/move_action/_action/status' with type 'action_msgs/msg/GoalStatusArray' not found. Message definition will be left empty in bag.
[move_group-7] [INFO] [1790761104.594809678] [move_group.moveit.moveit.ros.move_group.move_action]: Planning request received for MoveGroup action. Forwarding to planning pipeline.
[move_group-7] [INFO] [1790761104.594856806] [move_group.moveit.moveit.ros.move_group.capability]: Using planning pipeline 'pilz_industrial_motion_planner'
[move_group-7] [INFO] [1790761104.595024032] [move_group]: Calling PlanningRequestAdapter 'ResolveConstraintFrames'
[move_group-7] [INFO] [1790761104.595050960] [move_group]: Calling PlanningRequestAdapter 'ValidateWorkspaceBounds'
[move_group-7] [WARN] [1790761104.595056778] [move_group.moveit.moveit.ros.validate_workspace_bounds]: It looks like the planning volume was not specified. Using default values.
[move_group-7] [INFO] [1790761104.595067262] [move_group]: Calling PlanningRequestAdapter 'CheckStartStateBounds'
[move_group-7] [INFO] [1790761104.595088417] [move_group]: Calling PlanningRequestAdapter 'CheckStartStateCollision'
[move_group-7] [INFO] [1790761104.595251045] [move_group.moveit.moveit.planners.pilz.trajectory_generator.ptp]: Initialized Point-to-Point Trajectory Generator.
[move_group-7] [INFO] [1790761104.595269011] [move_group]: Calling Planner 'Pilz Industrial Motion Planner'
[move_group-7] [INFO] [1790761104.595290859] [move_group.moveit.moveit.planners.pilz.trajectory_generator]: Generating PTP trajectory...
[move_group-7] [INFO] [1790761104.595445284] [move_group]: Calling PlanningResponseAdapter 'ValidateSolution'
[move_group-7] [INFO] [1790761104.595611100] [move_group.moveit.moveit.ros.move_group.move_action]: Motion plan was computed successfully.
[peach_arm-14] [INFO] [1790761104.595912678] [peach_arm.moveit.ros.move_group_interface]: Planning request complete!
[peach_arm-14] [INFO] [1790761104.596027372] [peach_arm.moveit.ros.move_group_interface]: time taken to generate plan: 0.000105433 seconds
[move_group-7] [INFO] [1790761104.596623897] [move_group.moveit.moveit.ros.move_group.clear_octomap_service]: Execution request received
[peach_arm-14] [INFO] [1790761104.596634110] [peach_arm.moveit.ros.move_group_interface]: Execute request accepted
[move_group-7] [INFO] [1790761104.596650218] [move_group.moveit.moveit.plugins.simple_controller_manager]: Returned 1 controllers in list
[move_group-7] [INFO] [1790761104.596666876] [move_group.moveit.moveit.plugins.simple_controller_manager]: Returned 1 controllers in list
[move_group-7] [INFO] [1790761104.596717836] [move_group.moveit.moveit.ros.trajectory_execution_manager]: Validating trajectory with allowed_start_tolerance 0.15
[move_group-7] [INFO] [1790761104.600036393] [move_group.moveit.moveit.ros.trajectory_execution_manager]: Starting trajectory execution ...
[move_group-7] [INFO] [1790761104.600117214] [move_group.moveit.moveit.plugins.simple_controller_manager]: Returned 1 controllers in list
[move_group-7] [INFO] [1790761104.600151839] [move_group.moveit.moveit.plugins.simple_controller_manager]: Returned 1 controllers in list
[move_group-7] [INFO] [1790761104.600364554] [moveit.simple_controller_manager.follow_joint_trajectory_controller_handle]: sending trajectory to joint_trajectory_controller
[ros2_control_node-4] [INFO] [1790761104.600720147] [joint_trajectory_controller]: Received new action goal
[ros2_control_node-4] [INFO] [1790761104.600759588] [joint_trajectory_controller]: Accepted new action goal
[move_group-7] [INFO] [1790761104.603948772] [moveit.simple_controller_manager.follow_joint_trajectory_controller_handle]: joint_trajectory_controller started execution
[move_group-7] [INFO] [1790761104.603963144] [moveit.simple_controller_manager.follow_joint_trajectory_controller_handle]: Goal request accepted!
[peach_observability-15] [WARN] [1790761104.616522084] [rosbag2_cpp]: Message definition for topic '/execute_trajectory/_action/feedback' with type 'moveit_msgs/msg/ExecuteTrajectory_FeedbackMessage' not found. Message definition will be left empty in bag.
[peach_observability-15] [WARN] [1790761104.616695794] [rosbag2_cpp]: Message definition for topic '/execute_trajectory/_action/status' with type 'action_msgs/msg/GoalStatusArray' not found. Message definition will be left empty in bag.
[peach_observability-15] [WARN] [1790761104.621199542] [rosbag2_cpp]: Message definition for topic '/joint_trajectory_controller/follow_joint_trajectory/_action/status' with type 'action_msgs/msg/GoalStatusArray' not found. Message definition will be left empty in bag.
[peach_observability-15] [WARN] [1790761104.660344506] [rosbag2_cpp]: Message definition for topic '/joint_trajectory_controller/follow_joint_trajectory/_action/feedback' with type 'control_msgs/msg/FollowJointTrajectory_FeedbackMessage' not found. Message definition will be left empty in bag.
[peach_harvester-13] [WARN] [1790761104.748328071] [peach_scene_perception_node]: 感知 worker 满队丢帧累计 1426（处理跟不上到达率，排查热路径耗时或降低到达率）
[peach_harvester-13] [WARN] [1790761104.958554319] [peach_scene_perception_node]: 感知 worker 满队丢帧累计 1427（处理跟不上到达率，排查热路径耗时或降低到达率）
[peach_harvester-13] [WARN] [1790761105.113730275] [peach_scene_perception_node]: 感知 worker 满队丢帧累计 1429（处理跟不上到达率，排查热路径耗时或降低到达率）
[ros2_control_node-4] [INFO] [1790761105.194083644] [joint_trajectory_controller]: Goal reached, success!
[move_group-7] [INFO] [1790761105.205806955] [moveit.simple_controller_manager.follow_joint_trajectory_controller_handle]: Controller 'joint_trajectory_controller' successfully finished
[move_group-7] [INFO] [1790761105.219118615] [move_group.moveit.moveit.ros.trajectory_execution_manager]: Completed trajectory execution with status SUCCEEDED ...
[move_group-7] [INFO] [1790761105.219209369] [move_group.moveit.moveit.ros.move_group.clear_octomap_service]: Execution completed: SUCCEEDED
[peach_arm-14] [INFO] [1790761105.219357488] [peach_arm.moveit.ros.move_group_interface]: Execute request success!
[peach_arm-14] [INFO] [1790761105.224624788] [peach_arm]: 预抓取从拍照位出发: 已到达全局拍照位姿
[peach_arm-14] [INFO] [1790761105.224658470] [peach_arm]: 接近：距入口 0.408m 轴向 -0.220m 侧向 0.343m 夹角 8.4° 扫角 122.6° 半径 0.408m 沿轴LIN 0.030m 刀口滚转 0° 原语 staging
[peach_arm-14] [INFO] [1790761105.323309292] [peach_arm]: staging IK 择优：滚转 -30°（20 候选，腕轴加权距离² 7.963）
[peach_arm-14] [INFO] [1790761105.323329498] [peach_arm]: PTP 接近（主路径）：关节空间到中段点正下方 + 垂直入冠 0.050m + 沿轴 0.050m（滚转 -30°）
[peach_arm-14] [INFO] [1790761105.341567223] [peach_arm.moveit.ros.rdf_loader]: Loaded robot model in 0.00197203 seconds
[peach_arm-14] [INFO] [1790761105.341604462] [peach_arm.moveit.core.robot_model]: Loading robot model 'aubo_e5'...
[peach_arm-14] [INFO] [1790761105.341608677] [peach_arm.moveit.core.robot_model]: No root/virtual joint specified in SRDF. Assuming fixed joint
[peach_arm-14] [INFO] [1790761105.362172877] [peach_arm.moveit.kinematics.kdl_kinematics_plugin]: Joint weights for group 'manipulator_e5': 1 1 1 1 1 1
[peach_arm-14] [INFO] [1790761105.451821617] [peach_arm]: 场景障碍 ACM 豁免已应用: 26 条（含 <octomap> 保留名）
[peach_arm-14] [INFO] [1790761105.462343710] [peach_arm.moveit.planners.pilz.joint_limits_aggregator]: Reading limits from namespace robot_description_planning
[peach_arm-14] [INFO] [1790761105.462817080] [peach_arm.moveit.planners.pilz.command_planner]: Available plugins: pilz_industrial_motion_planner/PlanningContextLoaderCIRC pilz_industrial_motion_planner/PlanningContextLoaderLIN pilz_industrial_motion_planner/PlanningContextLoaderPTP 
[peach_arm-14] [INFO] [1790761105.463307463] [peach_arm.moveit.planners.pilz.command_planner]: About to load: pilz_industrial_motion_planner/PlanningContextLoaderCIRC
[peach_arm-14] [INFO] [1790761105.464150362] [peach_arm.moveit.planners.pilz.command_planner]: Registered Algorithm [CIRC]
[peach_arm-14] [INFO] [1790761105.464154892] [peach_arm.moveit.planners.pilz.command_planner]: About to load: pilz_industrial_motion_planner/PlanningContextLoaderLIN
[peach_arm-14] [INFO] [1790761105.464681116] [peach_arm.moveit.planners.pilz.command_planner]: Registered Algorithm [LIN]
[peach_arm-14] [INFO] [1790761105.464683799] [peach_arm.moveit.planners.pilz.command_planner]: About to load: pilz_industrial_motion_planner/PlanningContextLoaderPTP
[peach_arm-14] [INFO] [1790761105.465170791] [peach_arm.moveit.planners.pilz.command_planner]: Registered Algorithm [PTP]
[peach_arm-14] [INFO] [1790761105.465175022] [peach_arm.moveit.ros.planning_pipeline]: Successfully loaded planner 'Pilz Industrial Motion Planner'
[peach_arm-14] [INFO] [1790761105.465844434] [peach_arm]: Try loading adapter 'default_planning_request_adapters/ResolveConstraintFrames'
[peach_arm-14] [INFO] [1790761105.466381568] [peach_arm]: Loaded adapter 'default_planning_request_adapters/ResolveConstraintFrames'
[peach_arm-14] [INFO] [1790761105.466384460] [peach_arm]: Try loading adapter 'default_planning_request_adapters/ValidateWorkspaceBounds'
[peach_arm-14] [INFO] [1790761105.466418591] [peach_arm]: Loaded adapter 'default_planning_request_adapters/ValidateWorkspaceBounds'
[peach_arm-14] [INFO] [1790761105.466419771] [peach_arm]: Try loading adapter 'default_planning_request_adapters/CheckStartStateBounds'
[peach_arm-14] [INFO] [1790761105.466425290] [peach_arm]: Loaded adapter 'default_planning_request_adapters/CheckStartStateBounds'
[peach_arm-14] [INFO] [1790761105.466426067] [peach_arm]: Try loading adapter 'default_planning_request_adapters/CheckStartStateCollision'
[peach_arm-14] [INFO] [1790761105.466429331] [peach_arm]: Loaded adapter 'default_planning_request_adapters/CheckStartStateCollision'
[peach_arm-14] [INFO] [1790761105.467064811] [peach_arm]: Try loading adapter 'default_planning_response_adapters/ValidateSolution'
[peach_arm-14] [INFO] [1790761105.468248186] [peach_arm]: Loaded adapter 'default_planning_response_adapters/ValidateSolution'
[peach_harvester-13] [WARN] [1790761105.525709894] [peach_scene_perception_node]: 感知 worker 满队丢帧累计 1436（处理跟不上到达率，排查热路径耗时或降低到达率）
[peach_arm-14] [INFO] [1790761105.536823491] [peach_arm]: Calling PlanningRequestAdapter 'ResolveConstraintFrames'
[peach_arm-14] [INFO] [1790761105.536984082] [peach_arm]: Calling PlanningRequestAdapter 'ValidateWorkspaceBounds'
[peach_arm-14] [WARN] [1790761105.536988974] [peach_arm.moveit.ros.validate_workspace_bounds]: It looks like the planning volume was not specified. Using default values.
[peach_arm-14] [INFO] [1790761105.537004046] [peach_arm]: Calling PlanningRequestAdapter 'CheckStartStateBounds'
[peach_arm-14] [INFO] [1790761105.537037157] [peach_arm]: Calling PlanningRequestAdapter 'CheckStartStateCollision'
[peach_arm-14] [INFO] [1790761105.537185811] [peach_arm.moveit.planners.pilz.trajectory_generator.ptp]: Initialized Point-to-Point Trajectory Generator.
[peach_arm-14] [INFO] [1790761105.537201065] [peach_arm]: Calling Planner 'Pilz Industrial Motion Planner'
[peach_arm-14] [INFO] [1790761105.537223993] [peach_arm.moveit.planners.pilz.trajectory_generator]: Generating PTP trajectory...
[peach_arm-14] [INFO] [1790761105.537482260] [peach_arm]: Calling PlanningResponseAdapter 'ValidateSolution'
[peach_arm-14] [INFO] [1790761105.537986882] [peach_arm]: MTC 接近短路径审查: segments=1 allowed=true points=16 duration=1.435s joint_total=4.764rad joint_max=1.286rad (短路径门通过)
[peach_arm-14] [INFO] [1790761105.538015467] [peach_arm]: MTC 接近果实胶囊审查(seg0 转移): allowed=true min_clearance=0.031m (果实胶囊审查通过)
[peach_arm-14] [INFO] [1790761105.538018983] [peach_arm]: MTC 接近笛卡尔审查: allowed=true path=0.518m chord=0.485m ratio=1.07 max_dev=0.077m recede=0.000m (笛卡尔短路径门通过)
[peach_arm-14] [INFO] [1790761105.538022948] [peach_arm]: MTC 接近姿态审查: allowed=true max_from_start=31.1deg (TCP 姿态行程通过)
[move_group-7] [WARN] [1790761105.547120104] [moveit_task_constructor_visualization.execute_task_solution]: The trajectory of stage '0' from task '' does not have any controllers specified for trajectory execution. This might lead to unexpected controller selection.
[move_group-7] [INFO] [1790761105.547146819] [moveit_task_constructor_visualization.execute_task_solution]: Executing TaskSolution
[move_group-7] [INFO] [1790761105.547191425] [move_group.moveit.moveit.plugins.simple_controller_manager]: Returned 1 controllers in list
[move_group-7] [INFO] [1790761105.547241022] [move_group.moveit.moveit.plugins.simple_controller_manager]: Returned 1 controllers in list
[move_group-7] [INFO] [1790761105.547330459] [move_group.moveit.moveit.ros.trajectory_execution_manager]: Validating trajectory with allowed_start_tolerance 0.15
[move_group-7] [INFO] [1790761105.549425260] [move_group.moveit.moveit.ros.trajectory_execution_manager]: Starting trajectory execution ...
[move_group-7] [INFO] [1790761105.549486488] [move_group.moveit.moveit.plugins.simple_controller_manager]: Returned 1 controllers in list
[move_group-7] [INFO] [1790761105.549503922] [move_group.moveit.moveit.plugins.simple_controller_manager]: Returned 1 controllers in list
[move_group-7] [INFO] [1790761105.549971641] [move_group.moveit.moveit.plugins.simple_controller_manager]: Returned 1 controllers in list
[move_group-7] [INFO] [1790761105.550002336] [move_group.moveit.moveit.plugins.simple_controller_manager]: Returned 1 controllers in list
[move_group-7] [INFO] [1790761105.550215814] [moveit.simple_controller_manager.follow_joint_trajectory_controller_handle]: sending trajectory to joint_trajectory_controller
[ros2_control_node-4] [INFO] [1790761105.550350851] [joint_trajectory_controller]: Received new action goal
[ros2_control_node-4] [INFO] [1790761105.550384125] [joint_trajectory_controller]: Accepted new action goal
[move_group-7] [INFO] [1790761105.550513568] [moveit.simple_controller_manager.follow_joint_trajectory_controller_handle]: joint_trajectory_controller started execution
[move_group-7] [INFO] [1790761105.550518695] [moveit.simple_controller_manager.follow_joint_trajectory_controller_handle]: Goal request accepted!
[peach_observability-15] [WARN] [1790761105.562866054] [rosbag2_cpp]: Message definition for topic '/execute_task_solution/_action/status' with type 'action_msgs/msg/GoalStatusArray' not found. Message definition will be left empty in bag.
[peach_observability-15] [WARN] [1790761105.572326486] [rosbag2_cpp]: Message definition for topic '/execute_task_solution/_action/feedback' with type 'moveit_task_constructor_msgs/msg/ExecuteTaskSolution_FeedbackMessage' not found. Message definition will be left empty in bag.
[peach_arm-14] [WARN] [1790761105.873858675] [rclcpp]: Failed to get parameters: moveit.velocity_scaling
[peach_harvester-13] [WARN] [1790761106.152907867] [peach_target_reconstruction_node]: 重建 worker 队列已满，拒绝新帧以保持积分顺序
[peach_harvester-13] [WARN] [1790761106.178703479] [peach_scene_perception_node]: 感知 worker 满队丢帧累计 1442（处理跟不上到达率，排查热路径耗时或降低到达率）
[peach_harvester-13] [WARN] [1790761106.505630628] [peach_scene_perception_node]: 感知 worker 满队丢帧累计 1445（处理跟不上到达率，排查热路径耗时或降低到达率）
[ros2_control_node-4] [INFO] [1790761106.984033692] [joint_trajectory_controller]: Goal reached, success!
[move_group-7] [INFO] [1790761107.002103646] [moveit.simple_controller_manager.follow_joint_trajectory_controller_handle]: Controller 'joint_trajectory_controller' successfully finished
[move_group-7] [INFO] [1790761107.014267033] [move_group.moveit.moveit.ros.trajectory_execution_manager]: Completed trajectory execution with status SUCCEEDED ...
[peach_arm-14] Warning: class_loader.ClassLoader: SEVERE WARNING!!! Attempting to unload library while objects created by this loader exist in the heap! You should delete your objects before attempting to unload the library or destroying the ClassLoader. The library will NOT be unloaded.
[peach_arm-14]          at line 127 in ./src/class_loader.cpp
[move_group-7] [INFO] [1790761107.039068029] [move_group.moveit.moveit.ros.move_group.capability]: Using planning pipeline 'pilz_industrial_motion_planner'
[move_group-7] [INFO] [1790761107.039616015] [move_group]: Calling PlanningRequestAdapter 'ResolveConstraintFrames'
[move_group-7] [INFO] [1790761107.039682018] [move_group]: Calling PlanningRequestAdapter 'ValidateWorkspaceBounds'
[move_group-7] [WARN] [1790761107.039686031] [move_group.moveit.moveit.ros.validate_workspace_bounds]: It looks like the planning volume was not specified. Using default values.
[move_group-7] [INFO] [1790761107.039695139] [move_group]: Calling PlanningRequestAdapter 'CheckStartStateBounds'
[move_group-7] [ERROR] [1790761107.039711352] [move_group.moveit.moveit.core.conversions]: Found empty JointState message
[move_group-7] [INFO] [1790761107.039734737] [move_group]: Calling PlanningRequestAdapter 'CheckStartStateCollision'
[move_group-7] [ERROR] [1790761107.039739882] [move_group.moveit.moveit.core.conversions]: Found empty JointState message
[move_group-7] [INFO] [1790761107.039830452] [move_group]: Calling Planner 'Pilz Industrial Motion Planner'
[move_group-7] [INFO] [1790761107.039840026] [move_group.moveit.moveit.planners.pilz.trajectory_generator]: Generating LIN trajectory...
[move_group-7] [ERROR] [1790761107.039870116] [move_group.moveit.moveit.core.conversions]: Found empty JointState message
[move_group-7] [INFO] [1790761107.040357609] [move_group]: Calling PlanningResponseAdapter 'ValidateSolution'
[move_group-7] [INFO] [1790761107.040519634] [move_group]: Calling PlanningRequestAdapter 'ResolveConstraintFrames'
[move_group-7] [INFO] [1790761107.040528997] [move_group]: Calling PlanningRequestAdapter 'ValidateWorkspaceBounds'
[move_group-7] [WARN] [1790761107.040532167] [move_group.moveit.moveit.ros.validate_workspace_bounds]: It looks like the planning volume was not specified. Using default values.
[move_group-7] [INFO] [1790761107.040538622] [move_group]: Calling PlanningRequestAdapter 'CheckStartStateBounds'
[move_group-7] [INFO] [1790761107.040549150] [move_group]: Calling PlanningRequestAdapter 'CheckStartStateCollision'
[move_group-7] [INFO] [1790761107.040578855] [move_group]: Calling Planner 'Pilz Industrial Motion Planner'
[move_group-7] [INFO] [1790761107.040583938] [move_group.moveit.moveit.planners.pilz.trajectory_generator]: Generating LIN trajectory...
[move_group-7] [INFO] [1790761107.041122151] [move_group]: Calling PlanningResponseAdapter 'ValidateSolution'
[move_group-7] [INFO] [1790761107.041269036] [move_group.moveit.moveit.planners.pilz.trajectory_blender_transition_window]: Start trajectory blending using transition window.
[move_group-7] [INFO] [1790761107.041288058] [move_group.moveit.moveit.planners.pilz.trajectory_blender_transition_window]: Search for start and end point of blending trajectory.
[move_group-7] [INFO] [1790761107.041298110] [move_group.moveit.moveit.planners.pilz.trajectory_blender_transition_window]: Intersection point of first trajectory found, index: 4
[move_group-7] [INFO] [1790761107.041304060] [move_group.moveit.moveit.planners.pilz.trajectory_blender_transition_window]: Intersection point of second trajectory found, index: 2
[peach_arm-14] [INFO] [1790761107.042493713] [peach_arm]: sequence 冠内审查: segments=1 allowed=true points=13 duration=1.132s joint_total=0.460rad (短路径门通过)
[move_group-7] [INFO] [1790761107.045508315] [move_group.moveit.moveit.ros.move_group.clear_octomap_service]: Execution request received
[move_group-7] [INFO] [1790761107.045545521] [move_group.moveit.moveit.plugins.simple_controller_manager]: Returned 1 controllers in list
[move_group-7] [INFO] [1790761107.045557773] [move_group.moveit.moveit.plugins.simple_controller_manager]: Returned 1 controllers in list
[move_group-7] [INFO] [1790761107.045592895] [move_group.moveit.moveit.ros.trajectory_execution_manager]: Validating trajectory with allowed_start_tolerance 0.15
[move_group-7] [INFO] [1790761107.051466677] [move_group.moveit.moveit.ros.trajectory_execution_manager]: Starting trajectory execution ...
[move_group-7] [INFO] [1790761107.051537826] [move_group.moveit.moveit.plugins.simple_controller_manager]: Returned 1 controllers in list
[move_group-7] [INFO] [1790761107.051572513] [move_group.moveit.moveit.plugins.simple_controller_manager]: Returned 1 controllers in list
[move_group-7] [INFO] [1790761107.051790857] [moveit.simple_controller_manager.follow_joint_trajectory_controller_handle]: sending trajectory to joint_trajectory_controller
[ros2_control_node-4] [INFO] [1790761107.051898717] [joint_trajectory_controller]: Received new action goal
[ros2_control_node-4] [INFO] [1790761107.051940151] [joint_trajectory_controller]: Accepted new action goal
[move_group-7] [INFO] [1790761107.052017861] [moveit.simple_controller_manager.follow_joint_trajectory_controller_handle]: joint_trajectory_controller started execution
[move_group-7] [INFO] [1790761107.052025918] [moveit.simple_controller_manager.follow_joint_trajectory_controller_handle]: Goal request accepted!
[peach_harvester-13] [WARN] [1790761107.270322451] [peach_target_reconstruction_node]: 重建 worker 队列已满，拒绝新帧以保持积分顺序
[peach_harvester-13] [WARN] [1790761107.301353020] [peach_scene_perception_node]: 感知 worker 满队丢帧累计 1452（处理跟不上到达率，排查热路径耗时或降低到达率）
[peach_harvester-13] [WARN] [1790761108.146532147] [peach_scene_perception_node]: 感知 worker 满队丢帧累计 1459（处理跟不上到达率，排查热路径耗时或降低到达率）
[ros2_control_node-4] [INFO] [1790761108.184040452] [joint_trajectory_controller]: Goal reached, success!
[move_group-7] [INFO] [1790761108.202252242] [moveit.simple_controller_manager.follow_joint_trajectory_controller_handle]: Controller 'joint_trajectory_controller' successfully finished
[move_group-7] [INFO] [1790761108.214131285] [move_group.moveit.moveit.ros.trajectory_execution_manager]: Completed trajectory execution with status SUCCEEDED ...
[move_group-7] [INFO] [1790761108.214800871] [move_group.moveit.moveit.ros.move_group.clear_octomap_service]: Execution completed: SUCCEEDED
[peach_arm-14] [INFO] [1790761108.217072319] [peach_arm]: 检查点 2（到预抓取）
[peach_arm-14] [INFO] [1790761108.217210017] [peach_arm]: [RECONFIRM] 预抓取停稳验证（不 SetIO）
[peach_arm-14] [INFO] [1790761108.418023358] [peach_arm]: [PREVIEW_CONTACT_PLANNING] 预规划套入与反向撤退
[peach_arm-14] [INFO] [1790761108.418042753] [peach_arm]: 检查点 3（自适应接触窗：跳过 MTC 套入预规划）
[peach_arm-14] [INFO] [1790761108.418044844] [peach_arm]: adaptive IMU 跟随接管套入/回预抓取，跳过 MTC CartesianPath（profile=adaptive_shear_v1）
[peach_arm-14] [INFO] [1790761108.418062792] [peach_arm]: [MTC_APPROACH_INSERT] IMU 跟随沿轴套入
[imu_follow_node-12] [0m[INFO] [1790761108.419669940] [imu_follow]: 参考已采集（base_link→tcp 位姿 + IMU 四元数）；backend=servo，motion.enabled=False[0m
[imu_follow_node-12] [0m[INFO] [1790761108.420542140] [imu_follow]: 插入推进开始：速度 0.01 m/s，行程上限 0.09 m，方向（base 系��= (0.042, 0.136, 0.990)[0m
[servo_node-11] [INFO] [1790761108.424184609] [moveit_servo.moveit_servo.moveit.ros.move_group.collision_monitor]: Collision monitor started
[peach_harvester-13] [INFO] [1790761108.677619451] [peach_scene_perception_node]: 目标注册表在册 1 个目标（累计注册 2、累计命中 688）
[peach_harvester-13] [WARN] [1790761108.708749601] [peach_scene_perception_node]: 感知 worker 满队丢帧累计 1460（处理跟不上到达率，排查热路径耗时或降低到达率）
[peach_harvester-13] [WARN] [1790761108.734048644] [peach_target_reconstruction_node]: 重建 worker 队列已满，拒绝新帧以保持积分顺序
[peach_harvester-13] [WARN] [1790761108.763418166] [peach_scene_perception_node]: 感知 worker 满队丢帧累计 1466（处理跟不上到达率，排查热路径耗时或降低到达率）
[peach_harvester-13] [WARN] [1790761109.487922278] [peach_scene_perception_node]: 感知 worker 满队丢帧累计 1471（处理跟不上到达率，排查热路径耗时或降低到达率）
[peach_harvester-13] [WARN] [1790761109.521451822] [peach_scene_perception_node]: 感知 worker 满队丢帧累计 1473（处理跟不上到达率，排查热路径耗时或降低到达率）
[peach_harvester-13] [WARN] [1790761110.385884190] [peach_target_reconstruction_node]: 重建 worker 队列已满，拒绝新帧以保持积分顺序
[peach_harvester-13] [WARN] [1790761110.428125138] [peach_scene_perception_node]: 感知 worker 满队丢帧累计 1480（处理跟不上到达率，排查热路径耗时或降低到达率）
[stereo_camera_node-1] [INFO] [1790761110.514980525] [camera.peach_stereo_camera_node]: groups=2200 published=2200 rate=13.7 gps drop(stream=0 incomplete=0 nostamp=0 depth=0)
[peach_harvester-13] [WARN] [1790761111.207996554] [peach_scene_perception_node]: 感知 worker 满队丢帧累计 1486（处理跟不上到达率，排查热路径耗时或降低到达率）
[peach_arm-14] [WARN] [1790761111.435231406] [peach_arm]: [FAILED] IMU 跟随套入中止: IMU 跟随无进展（停滞窗内实测增益 <1mm），收口 UNKNOWN
[imu_follow_node-12] [33m[WARN] [1790761111.436100435] [imu_follow]: 跟随已停：服务调用[0m
[peach_arm-14] [WARN] [1790761111.436354289] [peach_arm]: [RECOVERY_REQUIRED] 接触阶段取消或撤离未确认；保持停止，须现场人工撤离后确认恢复
[servo_node-11] [INFO] [1790761111.524283055] [moveit_servo.moveit_servo.moveit.ros.move_group.collision_monitor]: Collision monitor stopped
[peach_harvester-13] [WARN] [1790761111.843112308] [peach_scene_perception_node]: 感知 worker 满队丢帧累计 1488（处理跟不上到达率，排查热路径耗时或降低到达率）
[peach_harvester-13] [WARN] [1790761111.855217624] [peach_target_reconstruction_node]: 重建 worker 队列已满，拒绝新帧以保持积分顺序
[peach_harvester-13] [WARN] [1790761111.891221069] [peach_scene_perception_node]: 感知 worker 满队丢帧累计 1493（处理跟不上到达率，排查热路径耗时或降低到达率）
[peach_harvester-13] [WARN] [1790761112.497567125] [peach_scene_perception_node]: 感知 worker 满队丢帧累计 1494（处理跟不上到达率，排查热路径耗时或降低到达率）
[peach_harvester-13] [WARN] [1790761112.586091361] [peach_scene_perception_node]: 感知 worker 满队丢帧累计 1496（处理跟不上到达率，排查热路径耗时或降低到达率）
[peach_harvester-13] [WARN] [1790761112.623488355] [peach_scene_perception_node]: 感知 worker 满队丢帧累计 1498（处理跟不上到达率，排查热路径耗时或降低到达率）
[peach_harvester-13] [WARN] [1790761113.337443793] [peach_scene_perception_node]: 感知 worker 满队丢帧累计 1499（处理跟不上到达率，排查热路径耗时或降低到达率）
[peach_harvester-13] [WARN] [1790761113.444518581] [peach_target_reconstruction_node]: 重建 worker 队列已满，拒绝新帧以保持积分顺序
[peach_harvester-13] [WARN] [1790761113.516110011] [peach_scene_perception_node]: 感知 worker 满队丢帧累计 1505（处理跟不上到达率，排查热路径耗时或降低到达率）
[peach_harvester-13] [WARN] [1790761114.012202191] [peach_scene_perception_node]: 感知 worker 满队丢帧累计 1506（处理跟不上到达率，排查热路径耗时或降低到达率）
[peach_harvester-13] [WARN] [1790761114.154344225] [peach_scene_perception_node]: 感知 worker 满队丢帧累计 1507（处理跟不上到达率，排查热路径耗时或降低到达率）
[peach_harvester-13] [WARN] [1790761114.204307868] [peach_scene_perception_node]: 感知 worker 满队丢帧累计 1511（处理跟不上到达率，排查热路径耗时或降低到达率）
[peach_harvester-13] [WARN] [1790761114.351162859] [peach_scene_perception_node]: 感知 worker 满队丢帧累计 1512（处理跟不上到达率，排查热路径耗时或降低到达率）
[peach_harvester-13] [WARN] [1790761114.379638684] [peach_scene_perception_node]: 感知 worker 满队丢帧累计 1513（处理跟不上到达率，排查热路径耗时或降低到达率）
[peach_arm-14] [WARN] [1790761114.482700929] [peach_arm]: 忽略 refined pose（unrefined_hold）: gate=target_1 actual=target_1
[peach_arm-14] [WARN] [1790761114.482844811] [peach_arm]: 忽略 refined diagnostics（unrefined_hold）: expected=target_1 actual=target_1
[peach_harvester-13] [WARN] [1790761114.865345909] [peach_scene_perception_node]: 感知 worker 满队丢帧累计 1514（处理跟不上到达率，排查热路径耗时或降低到达率）
[peach_harvester-13] [WARN] [1790761114.866123549] [peach_target_reconstruction_node]: 重建 worker 队列已满，拒绝新帧以保持积分顺序
[peach_harvester-13] [WARN] [1790761114.907406040] [peach_scene_perception_node]: 感知 worker 满队丢帧累计 1517（处理跟不上到达率，排查热路径耗时或降低到达率）
[peach_arm-14] [INFO] [1790761115.345398560] [peach_arm]: [IDLE] 已记录现场人工撤离确认；本服务不发送任何运动命令
[peach_harvester-13] [WARN] [1790761115.359382039] [peach_scene_perception_node]: 感知 worker 满队丢帧累计 1520（处理跟不上到达率，排查热路径耗时或降低到达率）
[WARNING] [launch]: user interrupted with ctrl-c (SIGINT)
[robot_state_publisher-3] [INFO] [1790761115.638490033] [rclcpp]: signal_handler(SIGINT/SIGTERM)
[ERROR] [peach_lifecycle_flag_bridge-17]: process has died [pid 1294422, exit code -2, cmd '/home/mu/Desktop/aubo_e5_jazzy_ws/install/peach_bringup/lib/peach_bringup/peach_lifecycle_flag_bridge --ros-args -r __node:=peach_lifecycle_flag_bridge -p use_sim_time:=False'].
[ERROR] [peach_scene_obstacles-2]: process has died [pid 1294379, exit code -2, cmd '/home/mu/Desktop/aubo_e5_jazzy_ws/install/peach_harvester/lib/peach_harvester/peach_scene_obstacles --ros-args -p use_sim_time:=False'].
[INFO] [robot_state_publisher-3]: process has finished cleanly [pid 1294380]
[INFO] [servo_node-11]: process has finished cleanly [pid 1294388]
[INFO] [lifecycle_manager-16]: process has finished cleanly [pid 1294395]
[INFO] [ros2_control_node-4]: process has finished cleanly [pid 1294381]
[INFO] [serial_imu_node-10]: process has finished cleanly [pid 1294387]
[INFO] [extrinsics_publisher-9]: process has finished cleanly [pid 1294386]
[INFO] [imu_follow_node-12]: process has finished cleanly [pid 1294391]
[INFO] [stereo_camera_node-1]: process has finished cleanly [pid 1294378]
[servo_node-11] [INFO] [1790761115.638487179] [rclcpp]: signal_handler(SIGINT/SIGTERM)
[stereo_camera_node-1] [INFO] [1790761115.638519196] [rclcpp]: signal_handler(SIGINT/SIGTERM)
[INFO] [peach_observability-15]: sending signal 'SIGINT' to process[peach_observability-15]
[INFO] [peach_arm-14]: sending signal 'SIGINT' to process[peach_arm-14]
[INFO] [peach_harvester-13]: sending signal 'SIGINT' to process[peach_harvester-13]
[INFO] [move_group-7]: sending signal 'SIGINT' to process[move_group-7]
[peach_arm-14] [INFO] [1790761115.638899341] [rclcpp]: signal_handler(SIGINT/SIGTERM)
[peach_arm-14] [INFO] [1790761115.643280196] [peach_arm]: requestCancelAll: 停止当前执行（来源：deactivate 收口）
[peach_arm-14] terminate called without an active exception
[ros2_control_node-4] [INFO] [1790761115.638955791] [rclcpp]: signal_handler(SIGINT/SIGTERM)
[ros2_control_node-4] [INFO] [1790761115.639023680] [controller_manager]: Shutdown request received....
[ros2_control_node-4] [INFO] [1790761115.639097578] [controller_manager]: Shutting down all controllers in the controller manager.
[ros2_control_node-4] [INFO] [1790761115.639121544] [controller_manager]: Deactivating controller 'joint_state_broadcaster'
[ros2_control_node-4] [INFO] [1790761115.639522717] [controller_manager]: Shutting down controller 'joint_state_broadcaster'
[ros2_control_node-4] [INFO] [1790761115.640091044] [controller_manager]: Deactivating controller 'joint_trajectory_controller'
[ros2_control_node-4] [INFO] [1790761115.640158278] [controller_manager]: Shutting down controller 'joint_trajectory_controller'
[ros2_control_node-4] [INFO] [1790761115.640211300] [resource_manager]: 'deactivate' hardware 'AuboE5System' 
[ros2_control_node-4] [INFO] [1790761115.640228447] [resource_manager]: Successful 'deactivate' of hardware 'AuboE5System'
[ros2_control_node-4] [INFO] [1790761115.640230949] [resource_manager]: 'shutdown' hardware 'AuboE5System' 
[ros2_control_node-4] [INFO] [1790761115.640232482] [resource_manager]: Successful 'shutdown' of hardware 'AuboE5System'
[ros2_control_node-4] [INFO] [1790761115.640305826] [controller_manager]: Shutting down the controller manager.
[ros2_control_node-4] [ERROR] [1790761115.640396350] [controller_manager.pal_statistics]: Exception in publisher thread: context cannot be slept with because it's invalid!. Aborting!
[ros2_control_node-4] [ERROR] [1790761115.640428358] [controller_manager.pal_statistics]: Exception in publisher thread: context cannot be slept with because it's invalid!. Aborting!
[ros2_control_node-4] [INFO] [1790761115.651283063] [controller_manager.pal_statistics]: Async messages lost 0
[ros2_control_node-4] [INFO] [1790761115.651296697] [controller_manager.pal_statistics]: publish_async_failures_ 0
[ros2_control_node-4] [INFO] [1790761115.657100409] [controller_manager.pal_statistics]: Async messages lost 0
[ros2_control_node-4] [INFO] [1790761115.657114621] [controller_manager.pal_statistics]: publish_async_failures_ 0
[move_group-7] [INFO] [1790761115.639430850] [rclcpp]: signal_handler(SIGINT/SIGTERM)
[move_group-7] Stack trace (most recent call last):
[move_group-7] #6    Object "", at 0xffffffffffffffff, in 
[lifecycle_manager-16] [INFO] [1790761115.639446602] [rclcpp]: signal_handler(SIGINT/SIGTERM)
[lifecycle_manager-16] [INFO] [1790761115.639552655] [peach_lifecycle_manager]: Running Nav2 LifecycleManager rcl preshutdown (peach_lifecycle_manager)
[lifecycle_manager-16] [INFO] [1790761115.663503332] [peach_lifecycle_manager]: Destroying peach_lifecycle_manager
[servo_node-11] [INFO] [1790761115.642347427] [moveit_servo.moveit_servo.moveit.ros.move_group.collision_monitor]: Collision monitor stopped
[servo_node-11] [INFO] [1790761115.643605462] [moveit_servo.moveit_servo.moveit.ros.planning_scene_monitor]: Stopped publishing maintained planning scene.
[servo_node-11] [INFO] [1790761115.643941603] [moveit_servo.moveit_servo.moveit.ros.planning_scene_monitor]: Stopping world geometry monitor
[servo_node-11] [INFO] [1790761115.644127075] [moveit_servo.moveit_servo.moveit.ros.planning_scene_monitor]: Stopping planning scene monitor
[peach_harvester-13] [ERROR] [1790761115.646665543] [peach_scene_perception_node]: peach_harvester.vision.common.runtime: bounded-worker 任务处理异常（连续第 1 次）:
[peach_harvester-13] Traceback (most recent call last):
[peach_harvester-13]   File "/home/mu/Desktop/aubo_e5_jazzy_ws/install/peach_harvester/lib/python3.12/site-packages/peach_harvester/vision/common/runtime.py", line 138, in _run
[peach_harvester-13]     self._process(item)
[peach_harvester-13]   File "/home/mu/Desktop/aubo_e5_jazzy_ws/install/peach_harvester/lib/python3.12/site-packages/peach_harvester/vision/scene_perception/scene_perception_node.py", line 635, in _process_rgbd
[peach_harvester-13]     self._publish_frame(synced, out)
[peach_harvester-13]   File "/home/mu/Desktop/aubo_e5_jazzy_ws/install/peach_harvester/lib/python3.12/site-packages/peach_harvester/vision/scene_perception/scene_perception_node.py", line 668, in _publish_frame
[peach_harvester-13]     self.pub_norm_dets.publish(det_msg)
[peach_harvester-13]   File "/opt/ros/jazzy/lib/python3.12/site-packages/rclpy/lifecycle/managed_entity.py", line 77, in only_when_enabled_wrapper
[peach_harvester-13]     wrapped(self, *args, **kwargs)
[peach_harvester-13]   File "/opt/ros/jazzy/lib/python3.12/site-packages/rclpy/lifecycle/publisher.py", line 37, in publish
[peach_harvester-13]     Publisher.publish(self, msg)
[peach_harvester-13]   File "/opt/ros/jazzy/lib/python3.12/site-packages/rclpy/publisher.py", line 70, in publish
[peach_harvester-13]     self.__publisher.publish(msg)
[peach_harvester-13] rclpy._rclpy_pybind11.RCLError: Failed to publish: publisher's context is invalid, at ./src/rcl/publisher.c:423
[peach_harvester-13] 
[peach_harvester-13] Failed to publish log message to rosout: publisher's context is invalid, at ./src/rcl/publisher.c:423
[peach_harvester-13] Traceback (most recent call last):
[peach_harvester-13]   File "/home/mu/Desktop/aubo_e5_jazzy_ws/install/peach_harvester/lib/peach_harvester/peach_harvester", line 33, in <module>
[peach_harvester-13]     sys.exit(load_entry_point('peach-harvester==0.1.0', 'console_scripts', 'peach_harvester')())
[peach_harvester-13]              ^^^^^^^^^^^^^^^^^^^^^^^^^^^^^^^^^^^^^^^^^^^^^^^^^^^^^^^^^^^^^^^^^^^^^^^^^^^^^^^^^^
[peach_harvester-13]   File "/home/mu/Desktop/aubo_e5_jazzy_ws/install/peach_harvester/lib/python3.12/site-packages/peach_harvester/brain.py", line 36, in main
[peach_harvester-13]     executor.spin()
[peach_harvester-13]   File "/opt/ros/jazzy/lib/python3.12/site-packages/rclpy/executors.py", line 359, in spin
[peach_harvester-13]     self._spin_once_impl()
[peach_harvester-13]   File "/opt/ros/jazzy/lib/python3.12/site-packages/rclpy/executors.py", line 991, in _spin_once_impl
[peach_harvester-13]     handler, entity, node = self.wait_for_ready_callbacks(
[peach_harvester-13]                             ^^^^^^^^^^^^^^^^^^^^^^^^^^^^^^
[peach_harvester-13]   File "/opt/ros/jazzy/lib/python3.12/site-packages/rclpy/executors.py", line 877, in wait_for_ready_callbacks
[peach_harvester-13]     return next(self._cb_iter)
[peach_harvester-13]            ^^^^^^^^^^^^^^^^^^^
[peach_harvester-13]   File "/opt/ros/jazzy/lib/python3.12/site-packages/rclpy/executors.py", line 704, in _wait_for_ready_callbacks
[peach_harvester-13]     with ExitStack() as context_stack:
[peach_harvester-13]   File "/usr/lib/python3.12/contextlib.py", line 610, in __exit__
[peach_harvester-13]     raise exc_details[1]
[peach_harvester-13]   File "/usr/lib/python3.12/contextlib.py", line 595, in __exit__
[peach_harvester-13]     if cb(*exc_details):
[peach_harvester-13]        ^^^^^^^^^^^^^^^^
[peach_harvester-13] KeyboardInterrupt
[peach_scene_obstacles-2] Traceback (most recent call last):
[peach_scene_obstacles-2]   File "/home/mu/Desktop/aubo_e5_jazzy_ws/install/peach_harvester/lib/peach_harvester/peach_scene_obstacles", line 33, in <module>
[peach_scene_obstacles-2]     sys.exit(load_entry_point('peach-harvester==0.1.0', 'console_scripts', 'peach_scene_obstacles')())
[peach_scene_obstacles-2]              ^^^^^^^^^^^^^^^^^^^^^^^^^^^^^^^^^^^^^^^^^^^^^^^^^^^^^^^^^^^^^^^^^^^^^^^^^^^^^^^^^^^^^^^^
[peach_scene_obstacles-2]   File "/home/mu/Desktop/aubo_e5_jazzy_ws/install/peach_harvester/lib/python3.12/site-packages/peach_harvester/vision/scene_obstacles/node.py", line 340, in main
[peach_scene_obstacles-2]     rclpy.spin(node)
[peach_scene_obstacles-2]   File "/opt/ros/jazzy/lib/python3.12/site-packages/rclpy/__init__.py", line 247, in spin
[peach_scene_obstacles-2]     executor.spin_once()
[peach_scene_obstacles-2]   File "/opt/ros/jazzy/lib/python3.12/site-packages/rclpy/executors.py", line 926, in spin_once
[peach_scene_obstacles-2]     self._spin_once_impl(timeout_sec)
[peach_scene_obstacles-2]   File "/opt/ros/jazzy/lib/python3.12/site-packages/rclpy/executors.py", line 907, in _spin_once_impl
[peach_scene_obstacles-2]     handler, entity, node = self.wait_for_ready_callbacks(
[peach_scene_obstacles-2]                             ^^^^^^^^^^^^^^^^^^^^^^^^^^^^^^
[peach_scene_obstacles-2]   File "/opt/ros/jazzy/lib/python3.12/site-packages/rclpy/executors.py", line 877, in wait_for_ready_callbacks
[peach_scene_obstacles-2]     return next(self._cb_iter)
[peach_scene_obstacles-2]            ^^^^^^^^^^^^^^^^^^^
[peach_scene_obstacles-2]   File "/opt/ros/jazzy/lib/python3.12/site-packages/rclpy/executors.py", line 781, in _wait_for_ready_callbacks
[peach_scene_obstacles-2]     wait_set.wait(timeout_nsec)
[peach_scene_obstacles-2] KeyboardInterrupt
[peach_lifecycle_flag_bridge-17] Traceback (most recent call last):
[peach_lifecycle_flag_bridge-17]   File "/home/mu/Desktop/aubo_e5_jazzy_ws/install/peach_bringup/lib/peach_bringup/peach_lifecycle_flag_bridge", line 33, in <module>
[peach_lifecycle_flag_bridge-17]     sys.exit(load_entry_point('peach-bringup==0.1.0', 'console_scripts', 'peach_lifecycle_flag_bridge')())
[peach_lifecycle_flag_bridge-17]              ^^^^^^^^^^^^^^^^^^^^^^^^^^^^^^^^^^^^^^^^^^^^^^^^^^^^^^^^^^^^^^^^^^^^^^^^^^^^^^^^^^^^^^^^^^^^
[peach_lifecycle_flag_bridge-17]   File "/home/mu/Desktop/aubo_e5_jazzy_ws/install/peach_bringup/lib/python3.12/site-packages/peach_bringup/lifecycle_flag_bridge.py", line 79, in main
[peach_lifecycle_flag_bridge-17]     rclpy.spin(node)
[peach_lifecycle_flag_bridge-17]   File "/opt/ros/jazzy/lib/python3.12/site-packages/rclpy/__init__.py", line 247, in spin
[peach_lifecycle_flag_bridge-17]     executor.spin_once()
[peach_lifecycle_flag_bridge-17]   File "/opt/ros/jazzy/lib/python3.12/site-packages/rclpy/executors.py", line 926, in spin_once
[peach_lifecycle_flag_bridge-17]     self._spin_once_impl(timeout_sec)
[peach_lifecycle_flag_bridge-17]   File "/opt/ros/jazzy/lib/python3.12/site-packages/rclpy/executors.py", line 907, in _spin_once_impl
[peach_lifecycle_flag_bridge-17]     handler, entity, node = self.wait_for_ready_callbacks(
[peach_lifecycle_flag_bridge-17]                             ^^^^^^^^^^^^^^^^^^^^^^^^^^^^^^
[peach_lifecycle_flag_bridge-17]   File "/opt/ros/jazzy/lib/python3.12/site-packages/rclpy/executors.py", line 877, in wait_for_ready_callbacks
[peach_lifecycle_flag_bridge-17]     return next(self._cb_iter)
[peach_lifecycle_flag_bridge-17]            ^^^^^^^^^^^^^^^^^^^
[peach_lifecycle_flag_bridge-17]   File "/opt/ros/jazzy/lib/python3.12/site-packages/rclpy/executors.py", line 781, in _wait_for_ready_callbacks
[peach_lifecycle_flag_bridge-17]     wait_set.wait(timeout_nsec)
[peach_lifecycle_flag_bridge-17] KeyboardInterrupt
[peach_observability-15] [WARN] [1790761115.673530744] [peach_observability]: 性能采样失败（本轮跳过）: Failed to publish: publisher's context is invalid, at ./src/rcl/publisher.c:423
[peach_observability-15] Failed to publish log message to rosout: publisher's context is invalid, at ./src/rcl/publisher.c:423
[stereo_camera_node-1] [INFO] [1790761115.773717499] [camera.peach_stereo_camera_node]: device closed, laser restored
[peach_observability-15] Traceback (most recent call last):
[peach_observability-15]   File "/home/mu/Desktop/aubo_e5_jazzy_ws/install/peach_observability/lib/peach_observability/peach_observability", line 33, in <module>
[peach_observability-15]     sys.exit(load_entry_point('peach-observability==0.1.0', 'console_scripts', 'peach_observability')())
[peach_observability-15]              ^^^^^^^^^^^^^^^^^^^^^^^^^^^^^^^^^^^^^^^^^^^^^^^^^^^^^^^^^^^^^^^^^^^^^^^^^^^^^^^^^^^^^^^^^^
[peach_observability-15]   File "/home/mu/Desktop/aubo_e5_jazzy_ws/install/peach_observability/lib/python3.12/site-packages/peach_observability/observability_node.py", line 1347, in main
[peach_observability-15]     node.destroy_node()
[peach_observability-15]   File "/home/mu/Desktop/aubo_e5_jazzy_ws/install/peach_observability/lib/python3.12/site-packages/peach_observability/observability_node.py", line 1330, in destroy_node
[peach_observability-15]     self._stop_recording()
[peach_observability-15]   File "/home/mu/Desktop/aubo_e5_jazzy_ws/install/peach_observability/lib/python3.12/site-packages/peach_observability/observability_node.py", line 1281, in _stop_recording
[peach_observability-15]     self._spawn_report(self._close_recorder())
[peach_observability-15]                        ^^^^^^^^^^^^^^^^^^^^^^
[peach_observability-15]   File "/home/mu/Desktop/aubo_e5_jazzy_ws/install/peach_observability/lib/python3.12/site-packages/peach_observability/observability_node.py", line 1288, in _close_recorder
[peach_observability-15]     return recorder.close()
[peach_observability-15]            ^^^^^^^^^^^^^^^^
[peach_observability-15]   File "/home/mu/Desktop/aubo_e5_jazzy_ws/install/peach_observability/lib/python3.12/site-packages/peach_observability/recorder.py", line 207, in close
[peach_observability-15]     self._thread.join(timeout=min(2.0, budget))
[peach_observability-15]   File "/usr/lib/python3.12/threading.py", line 1151, in join
[peach_observability-15]     self._wait_for_tstate_lock(timeout=max(timeout, 0))
[peach_observability-15]   File "/usr/lib/python3.12/threading.py", line 1167, in _wait_for_tstate_lock
[peach_observability-15]     if lock.acquire(block, timeout):
[peach_observability-15]        ^^^^^^^^^^^^^^^^^^^^^^^^^^^^
[peach_observability-15] KeyboardInterrupt
[ERROR] [move_group-7]: process has died [pid 1294384, exit code -2, cmd '/opt/ros/jazzy/lib/moveit_ros_move_group/move_group --ros-args -p use_sim_time:=False --params-file /tmp/launch_params_97s2t7d2 --params-file /tmp/launch_params_tnxbmi4n'].
[peach_observability-15] The following exception was never retrieved: cannot use Destroyable because destruction was requested
[peach_observability-15] The following exception was never retrieved: cannot use Destroyable because destruction was requested
[peach_observability-15] The following exception was never retrieved: cannot use Destroyable because destruction was requested
[peach_observability-15] The following exception was never retrieved: cannot use Destroyable because destruction was requested
[peach_observability-15] The following exception was never retrieved: cannot use Destroyable because destruction was requested
[peach_observability-15] The following exception was never retrieved: cannot use Destroyable because destruction was requested
[peach_observability-15] The following exception was never retrieved: cannot use Destroyable because destruction was requested
[peach_observability-15] The following exception was never retrieved: cannot use Destroyable because destruction was requested
[peach_observability-15] The following exception was never retrieved: cannot use Destroyable because destruction was requested
[peach_observability-15] The following exception was never retrieved: cannot use Destroyable because destruction was requested
[peach_observability-15] The following exception was never retrieved: cannot use Destroyable because destruction was requested
[peach_observability-15] The following exception was never retrieved: cannot use Destroyable because destruction was requested
[peach_observability-15] The following exception was never retrieved: cannot use Destroyable because destruction was requested
[peach_observability-15] The following exception was never retrieved: cannot use Destroyable because destruction was requested
[ERROR] [peach_observability-15]: process has died [pid 1294394, exit code -2, cmd '/home/mu/Desktop/aubo_e5_jazzy_ws/install/peach_observability/lib/peach_observability/peach_observability --ros-args -r __node:=peach_observability -r __ns:=/ -p use_sim_time:=False --params-file /tmp/launch_params_m7oucgsj --params-file /tmp/launch_params_quxij9_q'].
[ERROR] [peach_harvester-13]: process has died [pid 1294392, exit code -2, cmd '/home/mu/Desktop/aubo_e5_jazzy_ws/install/peach_harvester/lib/peach_harvester/peach_harvester --ros-args -r __ns:=/ -p use_sim_time:=False --params-file /tmp/launch_params_vfwolnw_ --params-file /tmp/launch_params_x7ew9oyi --params-file /tmp/launch_params_11xoltf4 --params-file /tmp/peach_brain_overlay_ho16hnvh.yaml'].
[ERROR] [peach_arm-14]: process has died [pid 1294393, exit code -6, cmd '/home/mu/Desktop/aubo_e5_jazzy_ws/install/peach_arm/lib/peach_arm/peach_arm --ros-args -r __node:=peach_arm -r __ns:=/ -p use_sim_time:=False --params-file /tmp/launch_params_sn77mcuj --params-file /tmp/launch_params_2nfae679 --params-file /tmp/launch_params_rzric5rk --params-file /tmp/launch_params_7fkafb38 --params-file /tmp/launch_params_qneo51uj --params-file /tmp/launch_params_foj1n1hx --params-file /tmp/launch_params__au6__0l --params-file /tmp/launch_params_g0phpbxe --params-file /tmp/launch_params_y412sjrt --params-file /tmp/launch_params_chyannx1 --params-file /tmp/launch_params_frkmslg3 --params-file /tmp/launch_params_8ubqtb0y'].
