[INFO] [launch]: All log files can be found below /home/mu/.ros/log/2026-09-30-17-32-45-051669-mu-MS-7E34-1289671
[INFO] [launch]: Default logging verbosity is set to INFO
[preflight] ROS_DOMAIN_ID=71
[WARN] [1790760765.387527395] [rcl]: ROS_LOCALHOST_ONLY is deprecated but still honored if it is enabled. Use ROS_AUTOMATIC_DISCOVERY_RANGE and ROS_STATIC_PEERS instead.
[WARN] [1790760765.387546710] [rcl]: 'localhost_only' is disabled, 'automatic_discovery_range' and 'static_peers' will be used.
[INFO] [stereo_camera_node-1]: process started with pid [1289772]
[INFO] [peach_scene_obstacles-2]: process started with pid [1289773]
[INFO] [robot_state_publisher-3]: process started with pid [1289774]
[INFO] [ros2_control_node-4]: process started with pid [1289775]
[INFO] [spawner-5]: process started with pid [1289776]
[INFO] [spawner-6]: process started with pid [1289777]
[INFO] [move_group-7]: process started with pid [1289778]
[INFO] [rviz2-8]: process started with pid [1289779]
[INFO] [extrinsics_publisher-9]: process started with pid [1289780]
[INFO] [peach_harvester-10]: process started with pid [1289781]
[INFO] [peach_arm-11]: process started with pid [1289782]
[INFO] [peach_observability-12]: process started with pid [1289783]
[INFO] [lifecycle_manager-13]: process started with pid [1289784]
[INFO] [peach_lifecycle_flag_bridge-14]: process started with pid [1289785]
[robot_state_publisher-3] [WARN] [1790760765.528652993] [rcl]: ROS_LOCALHOST_ONLY is deprecated but still honored if it is enabled. Use ROS_AUTOMATIC_DISCOVERY_RANGE and ROS_STATIC_PEERS instead.
[robot_state_publisher-3] [WARN] [1790760765.528662467] [rcl]: 'localhost_only' is disabled, 'automatic_discovery_range' and 'static_peers' will be used.
[ros2_control_node-4] [WARN] [1790760765.530552496] [rcl]: ROS_LOCALHOST_ONLY is deprecated but still honored if it is enabled. Use ROS_AUTOMATIC_DISCOVERY_RANGE and ROS_STATIC_PEERS instead.
[ros2_control_node-4] [WARN] [1790760765.530564850] [rcl]: 'localhost_only' is disabled, 'automatic_discovery_range' and 'static_peers' will be used.
[lifecycle_manager-13] [WARN] [1790760765.531242430] [rcl]: ROS_LOCALHOST_ONLY is deprecated but still honored if it is enabled. Use ROS_AUTOMATIC_DISCOVERY_RANGE and ROS_STATIC_PEERS instead.
[lifecycle_manager-13] [WARN] [1790760765.531252094] [rcl]: 'localhost_only' is disabled, 'automatic_discovery_range' and 'static_peers' will be used.
[move_group-7] [WARN] [1790760765.545130426] [rcl]: ROS_LOCALHOST_ONLY is deprecated but still honored if it is enabled. Use ROS_AUTOMATIC_DISCOVERY_RANGE and ROS_STATIC_PEERS instead.
[move_group-7] [WARN] [1790760765.545140402] [rcl]: 'localhost_only' is disabled, 'automatic_discovery_range' and 'static_peers' will be used.
[lifecycle_manager-13] [INFO] [1790760765.547050189] [peach_lifecycle_manager]: Creating
[robot_state_publisher-3] [INFO] [1790760765.547583580] [robot_state_publisher]: Robot initialized
[rviz2-8] [WARN] [1790760765.550066998] [rcl]: ROS_LOCALHOST_ONLY is deprecated but still honored if it is enabled. Use ROS_AUTOMATIC_DISCOVERY_RANGE and ROS_STATIC_PEERS instead.
[rviz2-8] [WARN] [1790760765.550078364] [rcl]: 'localhost_only' is disabled, 'automatic_discovery_range' and 'static_peers' will be used.
[lifecycle_manager-13] [INFO] [1790760765.550526995] [peach_lifecycle_manager]: [34m[1mCreating and initializing lifecycle service clients[0m[0m
[ros2_control_node-4] [INFO] [1790760765.553658437] [controller_manager]: Using Steady (Monotonic) clock for triggering controller manager cycles.
[peach_arm-11] [WARN] [1790760765.557547913] [rcl]: ROS_LOCALHOST_ONLY is deprecated but still honored if it is enabled. Use ROS_AUTOMATIC_DISCOVERY_RANGE and ROS_STATIC_PEERS instead.
[peach_arm-11] [WARN] [1790760765.557563062] [rcl]: 'localhost_only' is disabled, 'automatic_discovery_range' and 'static_peers' will be used.
[ros2_control_node-4] [INFO] [1790760765.558106180] [controller_manager]: Subscribing to '/robot_description' topic for robot description.
[ros2_control_node-4] [INFO] [1790760765.558162966] [controller_manager]: update rate is 200 Hz
[ros2_control_node-4] [INFO] [1790760765.558167450] [controller_manager]: Overruns handling is : enabled
[ros2_control_node-4] [INFO] [1790760765.558170680] [controller_manager]: Spawning controller_manager RT thread with scheduler priority: 50
[ros2_control_node-4] [INFO] [1790760765.558231184] [controller_manager]: Successful set up FIFO RT scheduling policy with priority 50.
[move_group-7] [INFO] [1790760765.573032677] [move_group.moveit.moveit.ros.rdf_loader]: Loaded robot model in 0.00166277 seconds
[move_group-7] [INFO] [1790760765.573101759] [move_group.moveit.moveit.core.robot_model]: Loading robot model 'aubo_e5'...
[move_group-7] [INFO] [1790760765.573111158] [move_group.moveit.moveit.core.robot_model]: No root/virtual joint specified in SRDF. Assuming fixed joint
[peach_arm-11] [WARN] [1790760765.580644768] [rcl.logging_rosout]: Publisher already registered for node name: 'peach_arm'. If this is due to multiple nodes with the same name then all logs for the logger named 'peach_arm' will go out over the existing publisher. As soon as any node with that name is destructed it will unregister the publisher, preventing any further logs for that name from being published on the rosout topic.
[peach_arm-11] [WARN] [1790760765.582373582] [peach_arm]: scan.protected_zones 丢弃畸形盒: 盒#0 存在 min>=max 的轴（空盒/退化盒），已丢弃
[move_group-7] [INFO] [1790760765.593713723] [move_group.moveit.moveit.kinematics.kdl_kinematics_plugin]: Joint weights for group 'manipulator_e5': 1 1 1 1 1 1
[stereo_camera_node-1] [WARN] [1790760765.624684051] [rcl]: ROS_LOCALHOST_ONLY is deprecated but still honored if it is enabled. Use ROS_AUTOMATIC_DISCOVERY_RANGE and ROS_STATIC_PEERS instead.
[stereo_camera_node-1] [WARN] [1790760765.624696331] [rcl]: 'localhost_only' is disabled, 'automatic_discovery_range' and 'static_peers' will be used.
[stereo_camera_node-1] [INFO] [1790760765.661017506] [camera.peach_stereo_camera_node]: color camera_info override from /home/mu/Desktop/aubo_e5_jazzy_ws/install/percipio_camera/share/percipio_camera/config/color_camera_info.yaml (camera=camera_color)
[move_group-7] [INFO] [1790760765.663053315] [move_group.moveit.moveit.ros.planning_scene_monitor]: Publishing maintained planning scene on 'monitored_planning_scene'
[move_group-7] [INFO] [1790760765.663171003] [move_group.moveit.moveit.ros.moveit_cpp]: Listening to 'joint_states' for joint states
[move_group-7] [INFO] [1790760765.663846130] [move_group.moveit.moveit.ros.current_state_monitor]: Listening to joint states on topic 'joint_states'
[move_group-7] [INFO] [1790760765.664044841] [move_group.moveit.moveit.ros.planning_scene_monitor]: Listening to '/attached_collision_object' for attached collision objects
[move_group-7] [INFO] [1790760765.664051413] [move_group.moveit.moveit.ros.planning_scene_monitor]: Stopping existing planning scene publisher.
[move_group-7] [INFO] [1790760765.665214793] [move_group.moveit.moveit.ros.planning_scene_monitor]: Stopped publishing maintained planning scene.
[move_group-7] [INFO] [1790760765.665910728] [move_group.moveit.moveit.ros.planning_scene_monitor]: Publishing maintained planning scene on 'monitored_planning_scene'
[move_group-7] [INFO] [1790760765.665962373] [move_group.moveit.moveit.ros.planning_scene_monitor]: Starting planning scene monitor
[move_group-7] [INFO] [1790760765.666112396] [move_group.moveit.moveit.ros.planning_scene_monitor]: Listening to '/planning_scene'
[move_group-7] [INFO] [1790760765.666117533] [move_group.moveit.moveit.ros.planning_scene_monitor]: Starting world geometry update monitor for collision objects, attached objects, octomap updates.
[move_group-7] [INFO] [1790760765.666271092] [move_group.moveit.moveit.ros.planning_scene_monitor]: Listening to 'collision_object'
[move_group-7] [INFO] [1790760765.666589698] [move_group.moveit.moveit.ros.planning_scene_monitor]: Listening to 'planning_scene_world' for planning scene world geometry
[move_group-7] [WARN] [1790760765.667304115] [move_group.moveit.moveit.ros.occupancy_map_monitor]: Resolution not specified for Octomap. Assuming resolution = 0.1 instead
[move_group-7] [ERROR] [1790760765.667317403] [move_group.moveit.moveit.ros.occupancy_map_monitor]: No 3D sensor plugin(s) defined for octomap updates
[stereo_camera_node-1] [INFO] [1790760765.670493341] [camera.peach_stereo_camera_node]: interface list: status=0 count=4
[peach_lifecycle_flag_bridge-14] [WARN] [1790760765.702354100] [rcl]: ROS_LOCALHOST_ONLY is deprecated but still honored if it is enabled. Use ROS_AUTOMATIC_DISCOVERY_RANGE and ROS_STATIC_PEERS instead.
[peach_lifecycle_flag_bridge-14] [WARN] [1790760765.702362218] [rcl]: 'localhost_only' is disabled, 'automatic_discovery_range' and 'static_peers' will be used.
[move_group-7] [INFO] [1790760765.708591168] [move_group.moveit.moveit.ros.planning_pipeline]: Successfully loaded planner 'OMPL'
[move_group-7] [INFO] [1790760765.709400750] [move_group]: Try loading adapter 'default_planning_request_adapters/ResolveConstraintFrames'
[move_group-7] [INFO] [1790760765.709917709] [move_group]: Loaded adapter 'default_planning_request_adapters/ResolveConstraintFrames'
[move_group-7] [INFO] [1790760765.709924430] [move_group]: Try loading adapter 'default_planning_request_adapters/ValidateWorkspaceBounds'
[move_group-7] [INFO] [1790760765.710194219] [move_group]: Loaded adapter 'default_planning_request_adapters/ValidateWorkspaceBounds'
[move_group-7] [INFO] [1790760765.710198518] [move_group]: Try loading adapter 'default_planning_request_adapters/CheckStartStateBounds'
[move_group-7] [INFO] [1790760765.710217257] [move_group]: Loaded adapter 'default_planning_request_adapters/CheckStartStateBounds'
[move_group-7] [INFO] [1790760765.710219312] [move_group]: Try loading adapter 'default_planning_request_adapters/CheckStartStateCollision'
[move_group-7] [INFO] [1790760765.710224119] [move_group]: Loaded adapter 'default_planning_request_adapters/CheckStartStateCollision'
[move_group-7] [INFO] [1790760765.710929484] [move_group]: Try loading adapter 'default_planning_response_adapters/AddTimeOptimalParameterization'
[move_group-7] [INFO] [1790760765.712086734] [move_group]: Loaded adapter 'default_planning_response_adapters/AddTimeOptimalParameterization'
[move_group-7] [INFO] [1790760765.712094316] [move_group]: Try loading adapter 'default_planning_response_adapters/AddRuckigTrajectorySmoothing'
[move_group-7] [INFO] [1790760765.712100976] [move_group]: Loaded adapter 'default_planning_response_adapters/AddRuckigTrajectorySmoothing'
[move_group-7] [INFO] [1790760765.712102760] [move_group]: Try loading adapter 'default_planning_response_adapters/ValidateSolution'
[move_group-7] [INFO] [1790760765.713297139] [move_group]: Loaded adapter 'default_planning_response_adapters/ValidateSolution'
[move_group-7] [INFO] [1790760765.714921853] [move_group.moveit.moveit.planners.pilz.joint_limits_aggregator]: Reading limits from namespace robot_description_planning
[move_group-7] [INFO] [1790760765.717991076] [move_group.moveit.moveit.planners.pilz.command_planner]: Available plugins: pilz_industrial_motion_planner/PlanningContextLoaderCIRC pilz_industrial_motion_planner/PlanningContextLoaderLIN pilz_industrial_motion_planner/PlanningContextLoaderPTP 
[move_group-7] [INFO] [1790760765.718003504] [move_group.moveit.moveit.planners.pilz.command_planner]: About to load: pilz_industrial_motion_planner/PlanningContextLoaderCIRC
[move_group-7] [INFO] [1790760765.718675208] [move_group.moveit.moveit.planners.pilz.command_planner]: Registered Algorithm [CIRC]
[move_group-7] [INFO] [1790760765.718682832] [move_group.moveit.moveit.planners.pilz.command_planner]: About to load: pilz_industrial_motion_planner/PlanningContextLoaderLIN
[move_group-7] [INFO] [1790760765.719106455] [move_group.moveit.moveit.planners.pilz.command_planner]: Registered Algorithm [LIN]
[move_group-7] [INFO] [1790760765.719112107] [move_group.moveit.moveit.planners.pilz.command_planner]: About to load: pilz_industrial_motion_planner/PlanningContextLoaderPTP
[move_group-7] [INFO] [1790760765.719511521] [move_group.moveit.moveit.planners.pilz.command_planner]: Registered Algorithm [PTP]
[move_group-7] [INFO] [1790760765.719518665] [move_group.moveit.moveit.ros.planning_pipeline]: Successfully loaded planner 'Pilz Industrial Motion Planner'
[move_group-7] [INFO] [1790760765.720236377] [move_group]: Try loading adapter 'default_planning_request_adapters/ResolveConstraintFrames'
[move_group-7] [INFO] [1790760765.720318991] [move_group]: Loaded adapter 'default_planning_request_adapters/ResolveConstraintFrames'
[move_group-7] [INFO] [1790760765.720321480] [move_group]: Try loading adapter 'default_planning_request_adapters/ValidateWorkspaceBounds'
[move_group-7] [INFO] [1790760765.720514722] [move_group]: Loaded adapter 'default_planning_request_adapters/ValidateWorkspaceBounds'
[move_group-7] [INFO] [1790760765.720518769] [move_group]: Try loading adapter 'default_planning_request_adapters/CheckStartStateBounds'
[move_group-7] [INFO] [1790760765.720527146] [move_group]: Loaded adapter 'default_planning_request_adapters/CheckStartStateBounds'
[move_group-7] [INFO] [1790760765.720529066] [move_group]: Try loading adapter 'default_planning_request_adapters/CheckStartStateCollision'
[move_group-7] [INFO] [1790760765.720534064] [move_group]: Loaded adapter 'default_planning_request_adapters/CheckStartStateCollision'
[move_group-7] [INFO] [1790760765.721200064] [move_group]: Try loading adapter 'default_planning_response_adapters/ValidateSolution'
[spawner-5] [WARN] [1790760765.722845068] [rcl]: ROS_LOCALHOST_ONLY is deprecated but still honored if it is enabled. Use ROS_AUTOMATIC_DISCOVERY_RANGE and ROS_STATIC_PEERS instead.
[spawner-5] [WARN] [1790760765.722850995] [rcl]: 'localhost_only' is disabled, 'automatic_discovery_range' and 'static_peers' will be used.
[move_group-7] [INFO] [1790760765.724017897] [move_group]: Loaded adapter 'default_planning_response_adapters/ValidateSolution'
[move_group-7] [INFO] [1790760765.726106110] [move_group.moveit.moveit.ros.planning_pipeline]: Successfully loaded planner 'STOMP'
[move_group-7] [INFO] [1790760765.726808086] [move_group]: Try loading adapter 'default_planning_request_adapters/ResolveConstraintFrames'
[move_group-7] [INFO] [1790760765.726890404] [move_group]: Loaded adapter 'default_planning_request_adapters/ResolveConstraintFrames'
[move_group-7] [INFO] [1790760765.726892865] [move_group]: Try loading adapter 'default_planning_request_adapters/ValidateWorkspaceBounds'
[move_group-7] [INFO] [1790760765.726956923] [move_group]: Loaded adapter 'default_planning_request_adapters/ValidateWorkspaceBounds'
[move_group-7] [INFO] [1790760765.726959170] [move_group]: Try loading adapter 'default_planning_request_adapters/CheckStartStateBounds'
[move_group-7] [INFO] [1790760765.726966299] [move_group]: Loaded adapter 'default_planning_request_adapters/CheckStartStateBounds'
[move_group-7] [INFO] [1790760765.726967948] [move_group]: Try loading adapter 'default_planning_request_adapters/CheckStartStateCollision'
[move_group-7] [INFO] [1790760765.726972840] [move_group]: Loaded adapter 'default_planning_request_adapters/CheckStartStateCollision'
[move_group-7] [INFO] [1790760765.727605449] [move_group]: Try loading adapter 'default_planning_response_adapters/AddTimeOptimalParameterization'
[ros2_control_node-4] [INFO] [1790760765.728608560] [controller_manager]: Received robot description from topic.
[ros2_control_node-4] [INFO] [1790760765.728648595] [controller_manager]: Enforcing command limits is disabled. Command limits from URDF will be ignored.
[move_group-7] [INFO] [1790760765.729934337] [move_group]: Loaded adapter 'default_planning_response_adapters/AddTimeOptimalParameterization'
[move_group-7] [INFO] [1790760765.730069299] [move_group]: Try loading adapter 'default_planning_response_adapters/ValidateSolution'
[move_group-7] [INFO] [1790760765.730428187] [move_group]: Loaded adapter 'default_planning_response_adapters/ValidateSolution'
[move_group-7] [INFO] [1790760765.730543749] [move_group]: Try loading adapter 'default_planning_response_adapters/DisplayMotionPath'
[ros2_control_node-4] [INFO] [1790760765.730689754] [controller_manager]: Loading hardware 'AuboE5System' 
[ros2_control_node-4] [INFO] [1790760765.731116961] [controller_manager]: Loaded hardware 'AuboE5System' from plugin 'mock_components/GenericSystem'
[ros2_control_node-4] [INFO] [1790760765.731183443] [controller_manager]: Initialize hardware 'AuboE5System' 
[move_group-7] [INFO] [1790760765.737091032] [move_group]: Loaded adapter 'default_planning_response_adapters/DisplayMotionPath'
[ros2_control_node-4] [INFO] [1790760765.744205430] [controller_manager]: Successful initialization of hardware 'AuboE5System'
[ros2_control_node-4] [INFO] [1790760765.744968217] [controller_manager]: Activating component 'AuboE5System'.
[ros2_control_node-4] [INFO] [1790760765.744991140] [resource_manager]: 'configure' hardware 'AuboE5System' 
[ros2_control_node-4] [INFO] [1790760765.745005809] [resource_manager]: Successful 'configure' of hardware 'AuboE5System'
[ros2_control_node-4] [INFO] [1790760765.745024189] [resource_manager]: 'activate' hardware 'AuboE5System' 
[ros2_control_node-4] [INFO] [1790760765.745030390] [resource_manager]: Successful 'activate' of hardware 'AuboE5System'
[ros2_control_node-4] [INFO] [1790760765.745107377] [controller_manager]: Registering statistics for : AuboE5System
[ros2_control_node-4] [INFO] [1790760765.745143463] [controller_manager]: Resource Manager has been successfully initialized. Starting Controller Manager services...
[spawner-6] [WARN] [1790760765.749514679] [rcl]: ROS_LOCALHOST_ONLY is deprecated but still honored if it is enabled. Use ROS_AUTOMATIC_DISCOVERY_RANGE and ROS_STATIC_PEERS instead.
[spawner-6] [WARN] [1790760765.749522404] [rcl]: 'localhost_only' is disabled, 'automatic_discovery_range' and 'static_peers' will be used.
[move_group-7] [INFO] [1790760765.761428837] [move_group.moveit.moveit.plugins.simple_controller_manager]: Added FollowJointTrajectory controller for joint_trajectory_controller
[move_group-7] [INFO] [1790760765.761574570] [move_group.moveit.moveit.plugins.simple_controller_manager]: Returned 1 controllers in list
[move_group-7] [INFO] [1790760765.761590082] [move_group.moveit.moveit.plugins.simple_controller_manager]: Returned 1 controllers in list
[move_group-7] [INFO] [1790760765.762317774] [move_group.moveit.moveit.ros.trajectory_execution_manager]: Trajectory execution is not managing controllers
[move_group-7] [INFO] [1790760765.762329713] [move_group]: MoveGroup debug mode is ON
[move_group-7] [INFO] [1790760765.777432537] [move_group.moveit.moveit.planners.pilz.move_group_sequence_action]: initialize move group sequence action
[move_group-7] [INFO] [1790760765.779101784] [move_group.moveit.moveit.planners.pilz.joint_limits_aggregator]: Reading limits from namespace robot_description_planning
[move_group-7] [INFO] [1790760765.779461250] [move_group.moveit.moveit.planners.pilz.joint_limits_aggregator]: Reading limits from namespace robot_description_planning
[move_group-7] [INFO] [1790760765.780051731] [move_group.moveit.moveit.ros.move_group.executable]: 
[move_group-7] 
[move_group-7] ********************************************************
[move_group-7] * MoveGroup using: 
[move_group-7] *     - apply_planning_scene_service
[move_group-7] *     - clear_octomap_service
[move_group-7] *     - ExecuteTaskSolution
[move_group-7] *     - get_group_urdf
[move_group-7] *     - load_geometry_from_file
[move_group-7] *     - CartesianPathService
[move_group-7] *     - execute_trajectory_action
[move_group-7] *     - get_planning_scene_service
[move_group-7] *     - kinematics_service
[move_group-7] *     - move_action
[move_group-7] *     - motion_plan_service
[move_group-7] *     - query_planners_service
[move_group-7] *     - state_validation_service
[move_group-7] *     - save_geometry_to_file
[move_group-7] *     - SequenceAction
[move_group-7] *     - SequenceService
[move_group-7] ********************************************************
[move_group-7] 
[move_group-7] [INFO] [1790760765.780080147] [move_group.moveit.moveit.ros.move_group.context]: MoveGroup context using pipeline pilz_industrial_motion_planner
[move_group-7] [INFO] [1790760765.780085148] [move_group.moveit.moveit.ros.move_group.context]: MoveGroup context initialization complete
[move_group-7] [96mLoading 'move_group/ApplyPlanningSceneService'...[0m
[move_group-7] [96mLoading 'move_group/ClearOctomapService'...[0m
[move_group-7] [96mLoading 'move_group/ExecuteTaskSolutionCapability'...[0m
[move_group-7] [96mLoading 'move_group/GetUrdfService'...[0m
[move_group-7] [96mLoading 'move_group/LoadGeometryFromFileService'...[0m
[move_group-7] [96mLoading 'move_group/MoveGroupCartesianPathService'...[0m
[move_group-7] [96mLoading 'move_group/MoveGroupExecuteTrajectoryAction'...[0m
[move_group-7] [96mLoading 'move_group/MoveGroupGetPlanningSceneService'...[0m
[move_group-7] [96mLoading 'move_group/MoveGroupKinematicsService'...[0m
[move_group-7] [96mLoading 'move_group/MoveGroupMoveAction'...[0m
[move_group-7] [96mLoading 'move_group/MoveGroupPlanService'...[0m
[move_group-7] [96mLoading 'move_group/MoveGroupQueryPlannersService'...[0m
[move_group-7] [96mLoading 'move_group/MoveGroupStateValidationService'...[0m
[move_group-7] [96mLoading 'move_group/SaveGeometryToFileService'...[0m
[move_group-7] [96mLoading 'pilz_industrial_motion_planner/MoveGroupSequenceAction'...[0m
[move_group-7] [96mLoading 'pilz_industrial_motion_planner/MoveGroupSequenceService'...[0m
[move_group-7] 
[move_group-7] [92mYou can start planning now![0m
[move_group-7] 
[spawner-5] [INFO] [1790760765.783758592] [spawner_joint_state_broadcaster]: waiting for service /controller_manager/list_controllers to become available...
[peach_scene_obstacles-2] [WARN] [1790760765.883150459] [rcl]: ROS_LOCALHOST_ONLY is deprecated but still honored if it is enabled. Use ROS_AUTOMATIC_DISCOVERY_RANGE and ROS_STATIC_PEERS instead.
[peach_scene_obstacles-2] [WARN] [1790760765.883161220] [rcl]: 'localhost_only' is disabled, 'automatic_discovery_range' and 'static_peers' will be used.
[extrinsics_publisher-9] [WARN] [1790760765.888368603] [rcl]: ROS_LOCALHOST_ONLY is deprecated but still honored if it is enabled. Use ROS_AUTOMATIC_DISCOVERY_RANGE and ROS_STATIC_PEERS instead.
[extrinsics_publisher-9] [WARN] [1790760765.888375761] [rcl]: 'localhost_only' is disabled, 'automatic_discovery_range' and 'static_peers' will be used.
[peach_harvester-10] [WARN] [1790760765.962759969] [rcl]: ROS_LOCALHOST_ONLY is deprecated but still honored if it is enabled. Use ROS_AUTOMATIC_DISCOVERY_RANGE and ROS_STATIC_PEERS instead.
[peach_harvester-10] [WARN] [1790760765.963133363] [rcl]: 'localhost_only' is disabled, 'automatic_discovery_range' and 'static_peers' will be used.
[peach_scene_obstacles-2] [INFO] [1790760765.963589210] [peach_scene_obstacles]: scene obstacles snapshot node ready (waits refresh trigger)
[peach_observability-12] [WARN] [1790760765.975921431] [rcl]: ROS_LOCALHOST_ONLY is deprecated but still honored if it is enabled. Use ROS_AUTOMATIC_DISCOVERY_RANGE and ROS_STATIC_PEERS instead.
[peach_observability-12] [WARN] [1790760765.975928652] [rcl]: 'localhost_only' is disabled, 'automatic_discovery_range' and 'static_peers' will be used.
[extrinsics_publisher-9] [INFO] [1790760765.979881954] [hand_eye_extrinsics_publisher]: Published active camera extrinsic from /home/mu/Desktop/aubo_e5_jazzy_ws/src/aubo_hand_eye_calibration/hand_eye/active.yaml: xyz_m=[0.044852, 0.108401, 0.001697] quat_xyzw=[0.502841, 0.496407, 0.508405, -0.492194]
[peach_harvester-10] [INFO] [1790760766.033608337] [peach_scene_perception_node]: YOLO=/home/mu/Desktop/aubo_e5_jazzy_ws/install/peach_harvester/share/peach_harvester/model/best.pt
[peach_harvester-10] [INFO] [1790760766.033781879] [peach_scene_perception_node]: SAM=/home/mu/Desktop/aubo_e5_jazzy_ws/install/peach_harvester/share/peach_harvester/model/mobile_sam.pt
[ros2_control_node-4] [INFO] [1790760766.035225985] [controller_manager]: Loading controller : 'joint_state_broadcaster' of type 'joint_state_broadcaster/JointStateBroadcaster'
[ros2_control_node-4] [INFO] [1790760766.035254449] [controller_manager]: Loading controller 'joint_state_broadcaster'
[ros2_control_node-4] [INFO] [1790760766.037369677] [controller_manager]: Controller 'joint_state_broadcaster' node arguments: --ros-args -p use_sim_time:=False --params-file /tmp/launch_params_ae6isdvl --params-file /home/mu/Desktop/aubo_e5_jazzy_ws/install/aubo_e5_bringup/share/aubo_e5_bringup/config/controllers.yaml 
[spawner-5] [INFO] [1790760766.045396175] [spawner_joint_state_broadcaster]: Loaded joint_state_broadcaster
[ros2_control_node-4] [INFO] [1790760766.046119552] [controller_manager]: Configuring controller: 'joint_state_broadcaster'
[ros2_control_node-4] [INFO] [1790760766.046220519] [joint_state_broadcaster]: 'joints' or 'interfaces' parameter is empty. All available state interfaces will be published
[ros2_control_node-4] [INFO] [1790760766.055386842] [controller_manager]: Activating controllers: [ joint_state_broadcaster ]
[ros2_control_node-4] [INFO] [1790760766.059642315] [controller_manager]: Successfully switched controllers!
[spawner-5] [INFO] [1790760766.065380744] [spawner_joint_state_broadcaster]: Configured and activated joint_state_broadcaster
[spawner-6] [INFO] [1790760766.164895278] [spawner_joint_trajectory_controller]: waiting for service /controller_manager/list_controllers to become available...
[INFO] [spawner-5]: process has finished cleanly [pid 1289776]
[rviz2-8] [INFO] [1790760766.276499566] [rviz2]: Stereo is NOT SUPPORTED
[rviz2-8] [INFO] [1790760766.276551724] [rviz2]: OpenGl version: 4.6 (GLSL 4.6)
[rviz2-8] [ERROR] [1790760766.280235317] [rviz2]: rviz::RenderSystem: error creating render window: RenderingAPIException: Invalid parentWindowHandle (wrong server or screen) in GLXWindow::create at ./.obj-x86_64-linux-gnu/ogre_vendor-prefix/src/ogre_vendor/RenderSystems/GLSupport/src/GLX/OgreGLXWindow.cpp (line 246)
[rviz2-8] [ERROR] [1790760766.280279258] [rviz2]: rviz::RenderSystem: error creating render window: RenderingAPIException: Invalid parentWindowHandle (wrong server or screen) in GLXWindow::create at ./.obj-x86_64-linux-gnu/ogre_vendor-prefix/src/ogre_vendor/RenderSystems/GLSupport/src/GLX/OgreGLXWindow.cpp (line 246)
[rviz2-8] [ERROR] [1790760766.280293651] [rviz2]: rviz::RenderSystem: error creating render window: RenderingAPIException: Invalid parentWindowHandle (wrong server or screen) in GLXWindow::create at ./.obj-x86_64-linux-gnu/ogre_vendor-prefix/src/ogre_vendor/RenderSystems/GLSupport/src/GLX/OgreGLXWindow.cpp (line 246)
[rviz2-8] [ERROR] [1790760766.280305976] [rviz2]: rviz::RenderSystem: error creating render window: RenderingAPIException: Invalid parentWindowHandle (wrong server or screen) in GLXWindow::create at ./.obj-x86_64-linux-gnu/ogre_vendor-prefix/src/ogre_vendor/RenderSystems/GLSupport/src/GLX/OgreGLXWindow.cpp (line 246)
[rviz2-8] [ERROR] [1790760766.280318938] [rviz2]: rviz::RenderSystem: error creating render window: RenderingAPIException: Invalid parentWindowHandle (wrong server or screen) in GLXWindow::create at ./.obj-x86_64-linux-gnu/ogre_vendor-prefix/src/ogre_vendor/RenderSystems/GLSupport/src/GLX/OgreGLXWindow.cpp (line 246)
[rviz2-8] [ERROR] [1790760766.280342421] [rviz2]: rviz::RenderSystem: error creating render window: RenderingAPIException: Invalid parentWindowHandle (wrong server or screen) in GLXWindow::create at ./.obj-x86_64-linux-gnu/ogre_vendor-prefix/src/ogre_vendor/RenderSystems/GLSupport/src/GLX/OgreGLXWindow.cpp (line 246)
[rviz2-8] [ERROR] [1790760766.280355177] [rviz2]: rviz::RenderSystem: error creating render window: RenderingAPIException: Invalid parentWindowHandle (wrong server or screen) in GLXWindow::create at ./.obj-x86_64-linux-gnu/ogre_vendor-prefix/src/ogre_vendor/RenderSystems/GLSupport/src/GLX/OgreGLXWindow.cpp (line 246)
[rviz2-8] [ERROR] [1790760766.280368289] [rviz2]: rviz::RenderSystem: error creating render window: RenderingAPIException: Invalid parentWindowHandle (wrong server or screen) in GLXWindow::create at ./.obj-x86_64-linux-gnu/ogre_vendor-prefix/src/ogre_vendor/RenderSystems/GLSupport/src/GLX/OgreGLXWindow.cpp (line 246)
[rviz2-8] [ERROR] [1790760766.280663392] [rviz2]: rviz::RenderSystem: error creating render window: RenderingAPIException: Invalid parentWindowHandle (wrong server or screen) in GLXWindow::create at ./.obj-x86_64-linux-gnu/ogre_vendor-prefix/src/ogre_vendor/RenderSystems/GLSupport/src/GLX/OgreGLXWindow.cpp (line 246)
[rviz2-8] [ERROR] [1790760766.280686196] [rviz2]: rviz::RenderSystem: error creating render window: RenderingAPIException: Invalid parentWindowHandle (wrong server or screen) in GLXWindow::create at ./.obj-x86_64-linux-gnu/ogre_vendor-prefix/src/ogre_vendor/RenderSystems/GLSupport/src/GLX/OgreGLXWindow.cpp (line 246)
[rviz2-8] [ERROR] [1790760766.280699515] [rviz2]: rviz::RenderSystem: error creating render window: RenderingAPIException: Invalid parentWindowHandle (wrong server or screen) in GLXWindow::create at ./.obj-x86_64-linux-gnu/ogre_vendor-prefix/src/ogre_vendor/RenderSystems/GLSupport/src/GLX/OgreGLXWindow.cpp (line 246)
[rviz2-8] [ERROR] [1790760766.280711840] [rviz2]: rviz::RenderSystem: error creating render window: RenderingAPIException: Invalid parentWindowHandle (wrong server or screen) in GLXWindow::create at ./.obj-x86_64-linux-gnu/ogre_vendor-prefix/src/ogre_vendor/RenderSystems/GLSupport/src/GLX/OgreGLXWindow.cpp (line 246)
[rviz2-8] [ERROR] [1790760766.280724427] [rviz2]: rviz::RenderSystem: error creating render window: RenderingAPIException: Invalid parentWindowHandle (wrong server or screen) in GLXWindow::create at ./.obj-x86_64-linux-gnu/ogre_vendor-prefix/src/ogre_vendor/RenderSystems/GLSupport/src/GLX/OgreGLXWindow.cpp (line 246)
[rviz2-8] [ERROR] [1790760766.280741031] [rviz2]: rviz::RenderSystem: error creating render window: RenderingAPIException: Invalid parentWindowHandle (wrong server or screen) in GLXWindow::create at ./.obj-x86_64-linux-gnu/ogre_vendor-prefix/src/ogre_vendor/RenderSystems/GLSupport/src/GLX/OgreGLXWindow.cpp (line 246)
[rviz2-8] [ERROR] [1790760766.280753784] [rviz2]: rviz::RenderSystem: error creating render window: RenderingAPIException: Invalid parentWindowHandle (wrong server or screen) in GLXWindow::create at ./.obj-x86_64-linux-gnu/ogre_vendor-prefix/src/ogre_vendor/RenderSystems/GLSupport/src/GLX/OgreGLXWindow.cpp (line 246)
[rviz2-8] [ERROR] [1790760766.280766299] [rviz2]: rviz::RenderSystem: error creating render window: RenderingAPIException: Invalid parentWindowHandle (wrong server or screen) in GLXWindow::create at ./.obj-x86_64-linux-gnu/ogre_vendor-prefix/src/ogre_vendor/RenderSystems/GLSupport/src/GLX/OgreGLXWindow.cpp (line 246)
[rviz2-8] [ERROR] [1790760766.280811172] [rviz2]: rviz::RenderSystem: error creating render window: RenderingAPIException: Invalid parentWindowHandle (wrong server or screen) in GLXWindow::create at ./.obj-x86_64-linux-gnu/ogre_vendor-prefix/src/ogre_vendor/RenderSystems/GLSupport/src/GLX/OgreGLXWindow.cpp (line 246)
[rviz2-8] [ERROR] [1790760766.280826400] [rviz2]: rviz::RenderSystem: error creating render window: RenderingAPIException: Invalid parentWindowHandle (wrong server or screen) in GLXWindow::create at ./.obj-x86_64-linux-gnu/ogre_vendor-prefix/src/ogre_vendor/RenderSystems/GLSupport/src/GLX/OgreGLXWindow.cpp (line 246)
[rviz2-8] [ERROR] [1790760766.280839383] [rviz2]: rviz::RenderSystem: error creating render window: RenderingAPIException: Invalid parentWindowHandle (wrong server or screen) in GLXWindow::create at ./.obj-x86_64-linux-gnu/ogre_vendor-prefix/src/ogre_vendor/RenderSystems/GLSupport/src/GLX/OgreGLXWindow.cpp (line 246)
[rviz2-8] [ERROR] [1790760766.280851598] [rviz2]: rviz::RenderSystem: error creating render window: RenderingAPIException: Invalid parentWindowHandle (wrong server or screen) in GLXWindow::create at ./.obj-x86_64-linux-gnu/ogre_vendor-prefix/src/ogre_vendor/RenderSystems/GLSupport/src/GLX/OgreGLXWindow.cpp (line 246)
[rviz2-8] [ERROR] [1790760766.280863552] [rviz2]: rviz::RenderSystem: error creating render window: RenderingAPIException: Invalid parentWindowHandle (wrong server or screen) in GLXWindow::create at ./.obj-x86_64-linux-gnu/ogre_vendor-prefix/src/ogre_vendor/RenderSystems/GLSupport/src/GLX/OgreGLXWindow.cpp (line 246)
[rviz2-8] [ERROR] [1790760766.280875716] [rviz2]: rviz::RenderSystem: error creating render window: RenderingAPIException: Invalid parentWindowHandle (wrong server or screen) in GLXWindow::create at ./.obj-x86_64-linux-gnu/ogre_vendor-prefix/src/ogre_vendor/RenderSystems/GLSupport/src/GLX/OgreGLXWindow.cpp (line 246)
[rviz2-8] [ERROR] [1790760766.280887811] [rviz2]: rviz::RenderSystem: error creating render window: RenderingAPIException: Invalid parentWindowHandle (wrong server or screen) in GLXWindow::create at ./.obj-x86_64-linux-gnu/ogre_vendor-prefix/src/ogre_vendor/RenderSystems/GLSupport/src/GLX/OgreGLXWindow.cpp (line 246)
[rviz2-8] [ERROR] [1790760766.280899646] [rviz2]: rviz::RenderSystem: error creating render window: RenderingAPIException: Invalid parentWindowHandle (wrong server or screen) in GLXWindow::create at ./.obj-x86_64-linux-gnu/ogre_vendor-prefix/src/ogre_vendor/RenderSystems/GLSupport/src/GLX/OgreGLXWindow.cpp (line 246)
[rviz2-8] [ERROR] [1790760766.280911405] [rviz2]: rviz::RenderSystem: error creating render window: RenderingAPIException: Invalid parentWindowHandle (wrong server or screen) in GLXWindow::create at ./.obj-x86_64-linux-gnu/ogre_vendor-prefix/src/ogre_vendor/RenderSystems/GLSupport/src/GLX/OgreGLXWindow.cpp (line 246)
[rviz2-8] [ERROR] [1790760766.280923309] [rviz2]: rviz::RenderSystem: error creating render window: RenderingAPIException: Invalid parentWindowHandle (wrong server or screen) in GLXWindow::create at ./.obj-x86_64-linux-gnu/ogre_vendor-prefix/src/ogre_vendor/RenderSystems/GLSupport/src/GLX/OgreGLXWindow.cpp (line 246)
[rviz2-8] [ERROR] [1790760766.280935044] [rviz2]: rviz::RenderSystem: error creating render window: RenderingAPIException: Invalid parentWindowHandle (wrong server or screen) in GLXWindow::create at ./.obj-x86_64-linux-gnu/ogre_vendor-prefix/src/ogre_vendor/RenderSystems/GLSupport/src/GLX/OgreGLXWindow.cpp (line 246)
[rviz2-8] [ERROR] [1790760766.280948540] [rviz2]: rviz::RenderSystem: error creating render window: RenderingAPIException: Invalid parentWindowHandle (wrong server or screen) in GLXWindow::create at ./.obj-x86_64-linux-gnu/ogre_vendor-prefix/src/ogre_vendor/RenderSystems/GLSupport/src/GLX/OgreGLXWindow.cpp (line 246)
[rviz2-8] [ERROR] [1790760766.280960106] [rviz2]: rviz::RenderSystem: error creating render window: RenderingAPIException: Invalid parentWindowHandle (wrong server or screen) in GLXWindow::create at ./.obj-x86_64-linux-gnu/ogre_vendor-prefix/src/ogre_vendor/RenderSystems/GLSupport/src/GLX/OgreGLXWindow.cpp (line 246)
[rviz2-8] [ERROR] [1790760766.280971886] [rviz2]: rviz::RenderSystem: error creating render window: RenderingAPIException: Invalid parentWindowHandle (wrong server or screen) in GLXWindow::create at ./.obj-x86_64-linux-gnu/ogre_vendor-prefix/src/ogre_vendor/RenderSystems/GLSupport/src/GLX/OgreGLXWindow.cpp (line 246)
[rviz2-8] [ERROR] [1790760766.280983805] [rviz2]: rviz::RenderSystem: error creating render window: RenderingAPIException: Invalid parentWindowHandle (wrong server or screen) in GLXWindow::create at ./.obj-x86_64-linux-gnu/ogre_vendor-prefix/src/ogre_vendor/RenderSystems/GLSupport/src/GLX/OgreGLXWindow.cpp (line 246)
[rviz2-8] [ERROR] [1790760766.280995367] [rviz2]: rviz::RenderSystem: error creating render window: RenderingAPIException: Invalid parentWindowHandle (wrong server or screen) in GLXWindow::create at ./.obj-x86_64-linux-gnu/ogre_vendor-prefix/src/ogre_vendor/RenderSystems/GLSupport/src/GLX/OgreGLXWindow.cpp (line 246)
[rviz2-8] [ERROR] [1790760766.281006986] [rviz2]: rviz::RenderSystem: error creating render window: RenderingAPIException: Invalid parentWindowHandle (wrong server or screen) in GLXWindow::create at ./.obj-x86_64-linux-gnu/ogre_vendor-prefix/src/ogre_vendor/RenderSystems/GLSupport/src/GLX/OgreGLXWindow.cpp (line 246)
[rviz2-8] [ERROR] [1790760766.281018480] [rviz2]: rviz::RenderSystem: error creating render window: RenderingAPIException: Invalid parentWindowHandle (wrong server or screen) in GLXWindow::create at ./.obj-x86_64-linux-gnu/ogre_vendor-prefix/src/ogre_vendor/RenderSystems/GLSupport/src/GLX/OgreGLXWindow.cpp (line 246)
[rviz2-8] [ERROR] [1790760766.281030389] [rviz2]: rviz::RenderSystem: error creating render window: RenderingAPIException: Invalid parentWindowHandle (wrong server or screen) in GLXWindow::create at ./.obj-x86_64-linux-gnu/ogre_vendor-prefix/src/ogre_vendor/RenderSystems/GLSupport/src/GLX/OgreGLXWindow.cpp (line 246)
[rviz2-8] [ERROR] [1790760766.281041954] [rviz2]: rviz::RenderSystem: error creating render window: RenderingAPIException: Invalid parentWindowHandle (wrong server or screen) in GLXWindow::create at ./.obj-x86_64-linux-gnu/ogre_vendor-prefix/src/ogre_vendor/RenderSystems/GLSupport/src/GLX/OgreGLXWindow.cpp (line 246)
[rviz2-8] [ERROR] [1790760766.281053798] [rviz2]: rviz::RenderSystem: error creating render window: RenderingAPIException: Invalid parentWindowHandle (wrong server or screen) in GLXWindow::create at ./.obj-x86_64-linux-gnu/ogre_vendor-prefix/src/ogre_vendor/RenderSystems/GLSupport/src/GLX/OgreGLXWindow.cpp (line 246)
[rviz2-8] [ERROR] [1790760766.281065619] [rviz2]: rviz::RenderSystem: error creating render window: RenderingAPIException: Invalid parentWindowHandle (wrong server or screen) in GLXWindow::create at ./.obj-x86_64-linux-gnu/ogre_vendor-prefix/src/ogre_vendor/RenderSystems/GLSupport/src/GLX/OgreGLXWindow.cpp (line 246)
[rviz2-8] [ERROR] [1790760766.281094112] [rviz2]: rviz::RenderSystem: error creating render window: RenderingAPIException: Invalid parentWindowHandle (wrong server or screen) in GLXWindow::create at ./.obj-x86_64-linux-gnu/ogre_vendor-prefix/src/ogre_vendor/RenderSystems/GLSupport/src/GLX/OgreGLXWindow.cpp (line 246)
[rviz2-8] [ERROR] [1790760766.281106120] [rviz2]: rviz::RenderSystem: error creating render window: RenderingAPIException: Invalid parentWindowHandle (wrong server or screen) in GLXWindow::create at ./.obj-x86_64-linux-gnu/ogre_vendor-prefix/src/ogre_vendor/RenderSystems/GLSupport/src/GLX/OgreGLXWindow.cpp (line 246)
[rviz2-8] [ERROR] [1790760766.281207764] [rviz2]: rviz::RenderSystem: error creating render window: RenderingAPIException: Invalid parentWindowHandle (wrong server or screen) in GLXWindow::create at ./.obj-x86_64-linux-gnu/ogre_vendor-prefix/src/ogre_vendor/RenderSystems/GLSupport/src/GLX/OgreGLXWindow.cpp (line 246)
[rviz2-8] [ERROR] [1790760766.281221917] [rviz2]: rviz::RenderSystem: error creating render window: RenderingAPIException: Invalid parentWindowHandle (wrong server or screen) in GLXWindow::create at ./.obj-x86_64-linux-gnu/ogre_vendor-prefix/src/ogre_vendor/RenderSystems/GLSupport/src/GLX/OgreGLXWindow.cpp (line 246)
[rviz2-8] [ERROR] [1790760766.281234527] [rviz2]: rviz::RenderSystem: error creating render window: RenderingAPIException: Invalid parentWindowHandle (wrong server or screen) in GLXWindow::create at ./.obj-x86_64-linux-gnu/ogre_vendor-prefix/src/ogre_vendor/RenderSystems/GLSupport/src/GLX/OgreGLXWindow.cpp (line 246)
[rviz2-8] [ERROR] [1790760766.281246921] [rviz2]: rviz::RenderSystem: error creating render window: RenderingAPIException: Invalid parentWindowHandle (wrong server or screen) in GLXWindow::create at ./.obj-x86_64-linux-gnu/ogre_vendor-prefix/src/ogre_vendor/RenderSystems/GLSupport/src/GLX/OgreGLXWindow.cpp (line 246)
[rviz2-8] [ERROR] [1790760766.281258782] [rviz2]: rviz::RenderSystem: error creating render window: RenderingAPIException: Invalid parentWindowHandle (wrong server or screen) in GLXWindow::create at ./.obj-x86_64-linux-gnu/ogre_vendor-prefix/src/ogre_vendor/RenderSystems/GLSupport/src/GLX/OgreGLXWindow.cpp (line 246)
[rviz2-8] [ERROR] [1790760766.281270476] [rviz2]: rviz::RenderSystem: error creating render window: RenderingAPIException: Invalid parentWindowHandle (wrong server or screen) in GLXWindow::create at ./.obj-x86_64-linux-gnu/ogre_vendor-prefix/src/ogre_vendor/RenderSystems/GLSupport/src/GLX/OgreGLXWindow.cpp (line 246)
[rviz2-8] [ERROR] [1790760766.281704033] [rviz2]: rviz::RenderSystem: error creating render window: RenderingAPIException: Invalid parentWindowHandle (wrong server or screen) in GLXWindow::create at ./.obj-x86_64-linux-gnu/ogre_vendor-prefix/src/ogre_vendor/RenderSystems/GLSupport/src/GLX/OgreGLXWindow.cpp (line 246)
[rviz2-8] [ERROR] [1790760766.281722789] [rviz2]: rviz::RenderSystem: error creating render window: RenderingAPIException: Invalid parentWindowHandle (wrong server or screen) in GLXWindow::create at ./.obj-x86_64-linux-gnu/ogre_vendor-prefix/src/ogre_vendor/RenderSystems/GLSupport/src/GLX/OgreGLXWindow.cpp (line 246)
[rviz2-8] [ERROR] [1790760766.281735468] [rviz2]: rviz::RenderSystem: error creating render window: RenderingAPIException: Invalid parentWindowHandle (wrong server or screen) in GLXWindow::create at ./.obj-x86_64-linux-gnu/ogre_vendor-prefix/src/ogre_vendor/RenderSystems/GLSupport/src/GLX/OgreGLXWindow.cpp (line 246)
[rviz2-8] [ERROR] [1790760766.281747535] [rviz2]: rviz::RenderSystem: error creating render window: RenderingAPIException: Invalid parentWindowHandle (wrong server or screen) in GLXWindow::create at ./.obj-x86_64-linux-gnu/ogre_vendor-prefix/src/ogre_vendor/RenderSystems/GLSupport/src/GLX/OgreGLXWindow.cpp (line 246)
[rviz2-8] [ERROR] [1790760766.281759337] [rviz2]: rviz::RenderSystem: error creating render window: RenderingAPIException: Invalid parentWindowHandle (wrong server or screen) in GLXWindow::create at ./.obj-x86_64-linux-gnu/ogre_vendor-prefix/src/ogre_vendor/RenderSystems/GLSupport/src/GLX/OgreGLXWindow.cpp (line 246)
[rviz2-8] [ERROR] [1790760766.281771160] [rviz2]: rviz::RenderSystem: error creating render window: RenderingAPIException: Invalid parentWindowHandle (wrong server or screen) in GLXWindow::create at ./.obj-x86_64-linux-gnu/ogre_vendor-prefix/src/ogre_vendor/RenderSystems/GLSupport/src/GLX/OgreGLXWindow.cpp (line 246)
[rviz2-8] [ERROR] [1790760766.281857593] [rviz2]: rviz::RenderSystem: error creating render window: RenderingAPIException: Invalid parentWindowHandle (wrong server or screen) in GLXWindow::create at ./.obj-x86_64-linux-gnu/ogre_vendor-prefix/src/ogre_vendor/RenderSystems/GLSupport/src/GLX/OgreGLXWindow.cpp (line 246)
[rviz2-8] [ERROR] [1790760766.281873854] [rviz2]: rviz::RenderSystem: error creating render window: RenderingAPIException: Invalid parentWindowHandle (wrong server or screen) in GLXWindow::create at ./.obj-x86_64-linux-gnu/ogre_vendor-prefix/src/ogre_vendor/RenderSystems/GLSupport/src/GLX/OgreGLXWindow.cpp (line 246)
[rviz2-8] [ERROR] [1790760766.281886251] [rviz2]: rviz::RenderSystem: error creating render window: RenderingAPIException: Invalid parentWindowHandle (wrong server or screen) in GLXWindow::create at ./.obj-x86_64-linux-gnu/ogre_vendor-prefix/src/ogre_vendor/RenderSystems/GLSupport/src/GLX/OgreGLXWindow.cpp (line 246)
[rviz2-8] [ERROR] [1790760766.281898255] [rviz2]: rviz::RenderSystem: error creating render window: RenderingAPIException: Invalid parentWindowHandle (wrong server or screen) in GLXWindow::create at ./.obj-x86_64-linux-gnu/ogre_vendor-prefix/src/ogre_vendor/RenderSystems/GLSupport/src/GLX/OgreGLXWindow.cpp (line 246)
[rviz2-8] [ERROR] [1790760766.281910287] [rviz2]: rviz::RenderSystem: error creating render window: RenderingAPIException: Invalid parentWindowHandle (wrong server or screen) in GLXWindow::create at ./.obj-x86_64-linux-gnu/ogre_vendor-prefix/src/ogre_vendor/RenderSystems/GLSupport/src/GLX/OgreGLXWindow.cpp (line 246)
[rviz2-8] [ERROR] [1790760766.281922612] [rviz2]: rviz::RenderSystem: error creating render window: RenderingAPIException: Invalid parentWindowHandle (wrong server or screen) in GLXWindow::create at ./.obj-x86_64-linux-gnu/ogre_vendor-prefix/src/ogre_vendor/RenderSystems/GLSupport/src/GLX/OgreGLXWindow.cpp (line 246)
[rviz2-8] [ERROR] [1790760766.281934521] [rviz2]: rviz::RenderSystem: error creating render window: RenderingAPIException: Invalid parentWindowHandle (wrong server or screen) in GLXWindow::create at ./.obj-x86_64-linux-gnu/ogre_vendor-prefix/src/ogre_vendor/RenderSystems/GLSupport/src/GLX/OgreGLXWindow.cpp (line 246)
[rviz2-8] [ERROR] [1790760766.281946283] [rviz2]: rviz::RenderSystem: error creating render window: RenderingAPIException: Invalid parentWindowHandle (wrong server or screen) in GLXWindow::create at ./.obj-x86_64-linux-gnu/ogre_vendor-prefix/src/ogre_vendor/RenderSystems/GLSupport/src/GLX/OgreGLXWindow.cpp (line 246)
[rviz2-8] [ERROR] [1790760766.281958156] [rviz2]: rviz::RenderSystem: error creating render window: RenderingAPIException: Invalid parentWindowHandle (wrong server or screen) in GLXWindow::create at ./.obj-x86_64-linux-gnu/ogre_vendor-prefix/src/ogre_vendor/RenderSystems/GLSupport/src/GLX/OgreGLXWindow.cpp (line 246)
[rviz2-8] [ERROR] [1790760766.281970087] [rviz2]: rviz::RenderSystem: error creating render window: RenderingAPIException: Invalid parentWindowHandle (wrong server or screen) in GLXWindow::create at ./.obj-x86_64-linux-gnu/ogre_vendor-prefix/src/ogre_vendor/RenderSystems/GLSupport/src/GLX/OgreGLXWindow.cpp (line 246)
[rviz2-8] [ERROR] [1790760766.281982041] [rviz2]: rviz::RenderSystem: error creating render window: RenderingAPIException: Invalid parentWindowHandle (wrong server or screen) in GLXWindow::create at ./.obj-x86_64-linux-gnu/ogre_vendor-prefix/src/ogre_vendor/RenderSystems/GLSupport/src/GLX/OgreGLXWindow.cpp (line 246)
[rviz2-8] [ERROR] [1790760766.281994163] [rviz2]: rviz::RenderSystem: error creating render window: RenderingAPIException: Invalid parentWindowHandle (wrong server or screen) in GLXWindow::create at ./.obj-x86_64-linux-gnu/ogre_vendor-prefix/src/ogre_vendor/RenderSystems/GLSupport/src/GLX/OgreGLXWindow.cpp (line 246)
[rviz2-8] [ERROR] [1790760766.282005706] [rviz2]: rviz::RenderSystem: error creating render window: RenderingAPIException: Invalid parentWindowHandle (wrong server or screen) in GLXWindow::create at ./.obj-x86_64-linux-gnu/ogre_vendor-prefix/src/ogre_vendor/RenderSystems/GLSupport/src/GLX/OgreGLXWindow.cpp (line 246)
[rviz2-8] [ERROR] [1790760766.282017492] [rviz2]: rviz::RenderSystem: error creating render window: RenderingAPIException: Invalid parentWindowHandle (wrong server or screen) in GLXWindow::create at ./.obj-x86_64-linux-gnu/ogre_vendor-prefix/src/ogre_vendor/RenderSystems/GLSupport/src/GLX/OgreGLXWindow.cpp (line 246)
[rviz2-8] [ERROR] [1790760766.282030346] [rviz2]: rviz::RenderSystem: error creating render window: RenderingAPIException: Invalid parentWindowHandle (wrong server or screen) in GLXWindow::create at ./.obj-x86_64-linux-gnu/ogre_vendor-prefix/src/ogre_vendor/RenderSystems/GLSupport/src/GLX/OgreGLXWindow.cpp (line 246)
[rviz2-8] [ERROR] [1790760766.282042301] [rviz2]: rviz::RenderSystem: error creating render window: RenderingAPIException: Invalid parentWindowHandle (wrong server or screen) in GLXWindow::create at ./.obj-x86_64-linux-gnu/ogre_vendor-prefix/src/ogre_vendor/RenderSystems/GLSupport/src/GLX/OgreGLXWindow.cpp (line 246)
[rviz2-8] [ERROR] [1790760766.282053899] [rviz2]: rviz::RenderSystem: error creating render window: RenderingAPIException: Invalid parentWindowHandle (wrong server or screen) in GLXWindow::create at ./.obj-x86_64-linux-gnu/ogre_vendor-prefix/src/ogre_vendor/RenderSystems/GLSupport/src/GLX/OgreGLXWindow.cpp (line 246)
[rviz2-8] [ERROR] [1790760766.282065610] [rviz2]: rviz::RenderSystem: error creating render window: RenderingAPIException: Invalid parentWindowHandle (wrong server or screen) in GLXWindow::create at ./.obj-x86_64-linux-gnu/ogre_vendor-prefix/src/ogre_vendor/RenderSystems/GLSupport/src/GLX/OgreGLXWindow.cpp (line 246)
[rviz2-8] [ERROR] [1790760766.282077901] [rviz2]: rviz::RenderSystem: error creating render window: RenderingAPIException: Invalid parentWindowHandle (wrong server or screen) in GLXWindow::create at ./.obj-x86_64-linux-gnu/ogre_vendor-prefix/src/ogre_vendor/RenderSystems/GLSupport/src/GLX/OgreGLXWindow.cpp (line 246)
[rviz2-8] [ERROR] [1790760766.282089632] [rviz2]: rviz::RenderSystem: error creating render window: RenderingAPIException: Invalid parentWindowHandle (wrong server or screen) in GLXWindow::create at ./.obj-x86_64-linux-gnu/ogre_vendor-prefix/src/ogre_vendor/RenderSystems/GLSupport/src/GLX/OgreGLXWindow.cpp (line 246)
[rviz2-8] [ERROR] [1790760766.282101281] [rviz2]: rviz::RenderSystem: error creating render window: RenderingAPIException: Invalid parentWindowHandle (wrong server or screen) in GLXWindow::create at ./.obj-x86_64-linux-gnu/ogre_vendor-prefix/src/ogre_vendor/RenderSystems/GLSupport/src/GLX/OgreGLXWindow.cpp (line 246)
[rviz2-8] [ERROR] [1790760766.282112546] [rviz2]: rviz::RenderSystem: error creating render window: RenderingAPIException: Invalid parentWindowHandle (wrong server or screen) in GLXWindow::create at ./.obj-x86_64-linux-gnu/ogre_vendor-prefix/src/ogre_vendor/RenderSystems/GLSupport/src/GLX/OgreGLXWindow.cpp (line 246)
[rviz2-8] [ERROR] [1790760766.282124299] [rviz2]: rviz::RenderSystem: error creating render window: RenderingAPIException: Invalid parentWindowHandle (wrong server or screen) in GLXWindow::create at ./.obj-x86_64-linux-gnu/ogre_vendor-prefix/src/ogre_vendor/RenderSystems/GLSupport/src/GLX/OgreGLXWindow.cpp (line 246)
[rviz2-8] [ERROR] [1790760766.282135878] [rviz2]: rviz::RenderSystem: error creating render window: RenderingAPIException: Invalid parentWindowHandle (wrong server or screen) in GLXWindow::create at ./.obj-x86_64-linux-gnu/ogre_vendor-prefix/src/ogre_vendor/RenderSystems/GLSupport/src/GLX/OgreGLXWindow.cpp (line 246)
[rviz2-8] [ERROR] [1790760766.282147627] [rviz2]: rviz::RenderSystem: error creating render window: RenderingAPIException: Invalid parentWindowHandle (wrong server or screen) in GLXWindow::create at ./.obj-x86_64-linux-gnu/ogre_vendor-prefix/src/ogre_vendor/RenderSystems/GLSupport/src/GLX/OgreGLXWindow.cpp (line 246)
[rviz2-8] [ERROR] [1790760766.282159674] [rviz2]: rviz::RenderSystem: error creating render window: RenderingAPIException: Invalid parentWindowHandle (wrong server or screen) in GLXWindow::create at ./.obj-x86_64-linux-gnu/ogre_vendor-prefix/src/ogre_vendor/RenderSystems/GLSupport/src/GLX/OgreGLXWindow.cpp (line 246)
[rviz2-8] [ERROR] [1790760766.282171195] [rviz2]: rviz::RenderSystem: error creating render window: RenderingAPIException: Invalid parentWindowHandle (wrong server or screen) in GLXWindow::create at ./.obj-x86_64-linux-gnu/ogre_vendor-prefix/src/ogre_vendor/RenderSystems/GLSupport/src/GLX/OgreGLXWindow.cpp (line 246)
[rviz2-8] [ERROR] [1790760766.282183535] [rviz2]: rviz::RenderSystem: error creating render window: RenderingAPIException: Invalid parentWindowHandle (wrong server or screen) in GLXWindow::create at ./.obj-x86_64-linux-gnu/ogre_vendor-prefix/src/ogre_vendor/RenderSystems/GLSupport/src/GLX/OgreGLXWindow.cpp (line 246)
[rviz2-8] [ERROR] [1790760766.282196523] [rviz2]: rviz::RenderSystem: error creating render window: RenderingAPIException: Invalid parentWindowHandle (wrong server or screen) in GLXWindow::create at ./.obj-x86_64-linux-gnu/ogre_vendor-prefix/src/ogre_vendor/RenderSystems/GLSupport/src/GLX/OgreGLXWindow.cpp (line 246)
[rviz2-8] [ERROR] [1790760766.282207770] [rviz2]: rviz::RenderSystem: error creating render window: RenderingAPIException: Invalid parentWindowHandle (wrong server or screen) in GLXWindow::create at ./.obj-x86_64-linux-gnu/ogre_vendor-prefix/src/ogre_vendor/RenderSystems/GLSupport/src/GLX/OgreGLXWindow.cpp (line 246)
[rviz2-8] [ERROR] [1790760766.282219217] [rviz2]: rviz::RenderSystem: error creating render window: RenderingAPIException: Invalid parentWindowHandle (wrong server or screen) in GLXWindow::create at ./.obj-x86_64-linux-gnu/ogre_vendor-prefix/src/ogre_vendor/RenderSystems/GLSupport/src/GLX/OgreGLXWindow.cpp (line 246)
[rviz2-8] [ERROR] [1790760766.282230674] [rviz2]: rviz::RenderSystem: error creating render window: RenderingAPIException: Invalid parentWindowHandle (wrong server or screen) in GLXWindow::create at ./.obj-x86_64-linux-gnu/ogre_vendor-prefix/src/ogre_vendor/RenderSystems/GLSupport/src/GLX/OgreGLXWindow.cpp (line 246)
[rviz2-8] [ERROR] [1790760766.282241892] [rviz2]: rviz::RenderSystem: error creating render window: RenderingAPIException: Invalid parentWindowHandle (wrong server or screen) in GLXWindow::create at ./.obj-x86_64-linux-gnu/ogre_vendor-prefix/src/ogre_vendor/RenderSystems/GLSupport/src/GLX/OgreGLXWindow.cpp (line 246)
[rviz2-8] [ERROR] [1790760766.282253228] [rviz2]: rviz::RenderSystem: error creating render window: RenderingAPIException: Invalid parentWindowHandle (wrong server or screen) in GLXWindow::create at ./.obj-x86_64-linux-gnu/ogre_vendor-prefix/src/ogre_vendor/RenderSystems/GLSupport/src/GLX/OgreGLXWindow.cpp (line 246)
[rviz2-8] [ERROR] [1790760766.282264751] [rviz2]: rviz::RenderSystem: error creating render window: RenderingAPIException: Invalid parentWindowHandle (wrong server or screen) in GLXWindow::create at ./.obj-x86_64-linux-gnu/ogre_vendor-prefix/src/ogre_vendor/RenderSystems/GLSupport/src/GLX/OgreGLXWindow.cpp (line 246)
[rviz2-8] [ERROR] [1790760766.282276304] [rviz2]: rviz::RenderSystem: error creating render window: RenderingAPIException: Invalid parentWindowHandle (wrong server or screen) in GLXWindow::create at ./.obj-x86_64-linux-gnu/ogre_vendor-prefix/src/ogre_vendor/RenderSystems/GLSupport/src/GLX/OgreGLXWindow.cpp (line 246)
[rviz2-8] [ERROR] [1790760766.282287825] [rviz2]: rviz::RenderSystem: error creating render window: RenderingAPIException: Invalid parentWindowHandle (wrong server or screen) in GLXWindow::create at ./.obj-x86_64-linux-gnu/ogre_vendor-prefix/src/ogre_vendor/RenderSystems/GLSupport/src/GLX/OgreGLXWindow.cpp (line 246)
[rviz2-8] [ERROR] [1790760766.282299578] [rviz2]: rviz::RenderSystem: error creating render window: RenderingAPIException: Invalid parentWindowHandle (wrong server or screen) in GLXWindow::create at ./.obj-x86_64-linux-gnu/ogre_vendor-prefix/src/ogre_vendor/RenderSystems/GLSupport/src/GLX/OgreGLXWindow.cpp (line 246)
[rviz2-8] [ERROR] [1790760766.282311038] [rviz2]: rviz::RenderSystem: error creating render window: RenderingAPIException: Invalid parentWindowHandle (wrong server or screen) in GLXWindow::create at ./.obj-x86_64-linux-gnu/ogre_vendor-prefix/src/ogre_vendor/RenderSystems/GLSupport/src/GLX/OgreGLXWindow.cpp (line 246)
[rviz2-8] [ERROR] [1790760766.282322453] [rviz2]: rviz::RenderSystem: error creating render window: RenderingAPIException: Invalid parentWindowHandle (wrong server or screen) in GLXWindow::create at ./.obj-x86_64-linux-gnu/ogre_vendor-prefix/src/ogre_vendor/RenderSystems/GLSupport/src/GLX/OgreGLXWindow.cpp (line 246)
[rviz2-8] [ERROR] [1790760766.282334857] [rviz2]: rviz::RenderSystem: error creating render window: RenderingAPIException: Invalid parentWindowHandle (wrong server or screen) in GLXWindow::create at ./.obj-x86_64-linux-gnu/ogre_vendor-prefix/src/ogre_vendor/RenderSystems/GLSupport/src/GLX/OgreGLXWindow.cpp (line 246)
[rviz2-8] [ERROR] [1790760766.282349258] [rviz2]: rviz::RenderSystem: error creating render window: RenderingAPIException: Invalid parentWindowHandle (wrong server or screen) in GLXWindow::create at ./.obj-x86_64-linux-gnu/ogre_vendor-prefix/src/ogre_vendor/RenderSystems/GLSupport/src/GLX/OgreGLXWindow.cpp (line 246)
[rviz2-8] [ERROR] [1790760766.282772988] [rviz2]: rviz::RenderSystem: error creating render window: RenderingAPIException: Invalid parentWindowHandle (wrong server or screen) in GLXWindow::create at ./.obj-x86_64-linux-gnu/ogre_vendor-prefix/src/ogre_vendor/RenderSystems/GLSupport/src/GLX/OgreGLXWindow.cpp (line 246)
[rviz2-8] [ERROR] [1790760766.282805400] [rviz2]: rviz::RenderSystem: error creating render window: RenderingAPIException: Invalid parentWindowHandle (wrong server or screen) in GLXWindow::create at ./.obj-x86_64-linux-gnu/ogre_vendor-prefix/src/ogre_vendor/RenderSystems/GLSupport/src/GLX/OgreGLXWindow.cpp (line 246)
[rviz2-8] [ERROR] [1790760766.282820254] [rviz2]: rviz::RenderSystem: error creating render window: RenderingAPIException: Invalid parentWindowHandle (wrong server or screen) in GLXWindow::create at ./.obj-x86_64-linux-gnu/ogre_vendor-prefix/src/ogre_vendor/RenderSystems/GLSupport/src/GLX/OgreGLXWindow.cpp (line 246)
[rviz2-8] [ERROR] [1790760766.282833558] [rviz2]: rviz::RenderSystem: error creating render window: RenderingAPIException: Invalid parentWindowHandle (wrong server or screen) in GLXWindow::create at ./.obj-x86_64-linux-gnu/ogre_vendor-prefix/src/ogre_vendor/RenderSystems/GLSupport/src/GLX/OgreGLXWindow.cpp (line 246)
[rviz2-8] [ERROR] [1790760766.282845663] [rviz2]: rviz::RenderSystem: error creating render window: RenderingAPIException: Invalid parentWindowHandle (wrong server or screen) in GLXWindow::create at ./.obj-x86_64-linux-gnu/ogre_vendor-prefix/src/ogre_vendor/RenderSystems/GLSupport/src/GLX/OgreGLXWindow.cpp (line 246)
[rviz2-8] [ERROR] [1790760766.282857377] [rviz2]: rviz::RenderSystem: error creating render window: RenderingAPIException: Invalid parentWindowHandle (wrong server or screen) in GLXWindow::create at ./.obj-x86_64-linux-gnu/ogre_vendor-prefix/src/ogre_vendor/RenderSystems/GLSupport/src/GLX/OgreGLXWindow.cpp (line 246)
[rviz2-8] [ERROR] [1790760766.282859054] [rviz2]: Unable to create the rendering window after 100 tries
[rviz2-8] terminate called after throwing an instance of 'std::runtime_error'
[rviz2-8]   what():  Unable to create the rendering window after 100 tries
[ros2_control_node-4] [INFO] [1790760766.417685581] [controller_manager]: Loading controller : 'joint_trajectory_controller' of type 'joint_trajectory_controller/JointTrajectoryController'
[ros2_control_node-4] [INFO] [1790760766.417736017] [controller_manager]: Loading controller 'joint_trajectory_controller'
[ros2_control_node-4] [INFO] [1790760766.419337773] [controller_manager]: Controller 'joint_trajectory_controller' node arguments: --ros-args -p use_sim_time:=False --params-file /tmp/launch_params_ae6isdvl --params-file /home/mu/Desktop/aubo_e5_jazzy_ws/install/aubo_e5_bringup/share/aubo_e5_bringup/config/controllers.yaml 
[spawner-6] [INFO] [1790760766.435205706] [spawner_joint_trajectory_controller]: Loaded joint_trajectory_controller
[ros2_control_node-4] [INFO] [1790760766.436425112] [controller_manager]: Configuring controller: 'joint_trajectory_controller'
[ros2_control_node-4] [INFO] [1790760766.436538427] [joint_trajectory_controller]: No specific joint names are used for command interfaces. Using 'joints' parameter.
[ros2_control_node-4] [INFO] [1790760766.436553287] [joint_trajectory_controller]: Command interfaces are [position] and state interfaces are [position velocity].
[ros2_control_node-4] [INFO] [1790760766.436566281] [joint_trajectory_controller]: Using 'splines' interpolation method.
[ros2_control_node-4] [INFO] [1790760766.439169451] [joint_trajectory_controller]: Action status changes will be monitored at 20.00 Hz.
[ros2_control_node-4] [INFO] [1790760766.443935384] [joint_trajectory_controller]: Setting initial scaling factor to 1.000000
[ros2_control_node-4] [INFO] [1790760766.443951095] [joint_trajectory_controller]: No scaling interface set. This controller will not read speed scaling from the hardware.
[ros2_control_node-4] [INFO] [1790760766.447532759] [controller_manager]: Activating controllers: [ joint_trajectory_controller ]
[ros2_control_node-4] [INFO] [1790760766.449746382] [controller_manager]: Successfully switched controllers!
[spawner-6] [INFO] [1790760766.455155460] [spawner_joint_trajectory_controller]: Configured and activated joint_trajectory_controller
[peach_observability-12] [WARN] [1790760766.468381888] [peach_observability]: *** 调试操作面已启用：运动类操作=默认拒绝。技能侧既有安全门照常生效；请保持 HTTP 回环绑定 ***
[peach_observability-12] [INFO] [1790760766.471112840] [peach_observability]: 感知抓取过程页（过程监控+单步调试）: http://127.0.0.1:8090
[peach_observability-12] [INFO] [1790760766.472806137] [peach_observability]: 全量录制订阅: /aubo_io_controller/joint_status [aubo_msgs/msg/JointStatus]
[peach_observability-12] [INFO] [1790760766.473185598] [peach_observability]: 全量录制订阅: /aubo_io_controller/robot_status [aubo_msgs/msg/RobotStatus]
[peach_observability-12] [INFO] [1790760766.473548673] [peach_observability]: 全量录制订阅: /camera/color/image_raw [sensor_msgs/msg/Image]
[peach_observability-12] [INFO] [1790760766.473896990] [peach_observability]: 全量录制订阅: /camera/depth/image_raw [sensor_msgs/msg/Image]
[peach_observability-12] [INFO] [1790760766.474247322] [peach_observability]: 全量录制订阅: /camera/depth_registered/points [sensor_msgs/msg/PointCloud2]
[peach_observability-12] [INFO] [1790760766.474605924] [peach_observability]: 全量录制订阅: /diagnostics [diagnostic_msgs/msg/DiagnosticArray]
[peach_observability-12] [INFO] [1790760766.474945821] [peach_observability]: 全量录制订阅: /joint_states [sensor_msgs/msg/JointState]
[peach_observability-12] [INFO] [1790760766.475374078] [peach_observability]: 全量录制订阅: /peach/lifecycle/managed_nodes_activated [std_msgs/msg/Bool]
[peach_observability-12] [INFO] [1790760766.475729493] [peach_observability]: 全量录制订阅: /peach/manipulation/grasp_hypothesis [peach_interfaces/msg/GraspHypothesis]
[peach_observability-12] [INFO] [1790760766.476105192] [peach_observability]: 全量录制订阅: /peach/observability/job [std_msgs/msg/String]
[peach_observability-12] [INFO] [1790760766.476471893] [peach_observability]: 全量录制订阅: /peach/observability/markers [visualization_msgs/msg/MarkerArray]
[peach_observability-12] [INFO] [1790760766.476827196] [peach_observability]: 全量录制订阅: /peach/observability/metrics [std_msgs/msg/String]
[peach_observability-12] [INFO] [1790760766.477179352] [peach_observability]: 全量录制订阅: /peach/observability/selfcheck_passed [std_msgs/msg/Bool]
[peach_observability-12] [INFO] [1790760766.477542220] [peach_observability]: 全量录制订阅: /peach/observability/tcp_path [nav_msgs/msg/Path]
[peach_observability-12] [INFO] [1790760766.477917389] [peach_observability]: 全量录制订阅: /peach/perception/debug_image [sensor_msgs/msg/Image]
[peach_observability-12] [INFO] [1790760766.478263306] [peach_observability]: 全量录制订阅: /peach/perception/debug_image_raw [sensor_msgs/msg/Image]
[peach_observability-12] [INFO] [1790760766.478605039] [peach_observability]: 全量录制订阅: /peach/perception/harvest_state [std_msgs/msg/String]
[peach_observability-12] [INFO] [1790760766.478955532] [peach_observability]: 全量录制订阅: /peach/perception/target_observations [peach_interfaces/msg/PeachTargetObservationArray]
[peach_observability-12] [INFO] [1790760766.479304183] [peach_observability]: 全量录制订阅: /peach/reconstruction/diagnostics [peach_interfaces/msg/ReconstructionStatus]
[peach_observability-12] [INFO] [1790760766.479671110] [peach_observability]: 全量录制订阅: /peach/reconstruction/diagnostics_debug [std_msgs/msg/String]
[peach_observability-12] [INFO] [1790760766.480055718] [peach_observability]: 全量录制订阅: /peach/reconstruction/grasp_decision [peach_interfaces/msg/GraspDecision]
[peach_observability-12] [INFO] [1790760766.480485732] [peach_observability]: 全量录制订阅: /peach/reconstruction/refined_axis [geometry_msgs/msg/Vector3Stamped]
[peach_observability-12] [INFO] [1790760766.480841393] [peach_observability]: 全量录制订阅: /peach/reconstruction/refined_diagnostics [peach_interfaces/msg/BagFittingArray]
[peach_observability-12] [INFO] [1790760766.481189882] [peach_observability]: 全量录制订阅: /peach/reconstruction/refined_pose [peach_interfaces/msg/BagGraspCandidateArray]
[peach_observability-12] [INFO] [1790760766.482416736] [peach_observability]: 全量录制订阅: /peach/reconstruction/status [std_msgs/msg/String]
[peach_observability-12] [INFO] [1790760766.484366779] [peach_observability]: 全量录制订阅: /peach/reconstruction/tsdf_cloud [sensor_msgs/msg/PointCloud2]
[peach_observability-12] [INFO] [1790760766.484858403] [peach_observability]: 全量录制订阅: /peach/scene/obstacles_refresh [std_msgs/msg/Empty]
[peach_observability-12] [INFO] [1790760766.486077087] [peach_observability]: 全量录制订阅: /peach/vegetation/status [std_msgs/msg/String]
[peach_observability-12] [INFO] [1790760766.486644981] [peach_observability]: 全量录制订阅: /peach_arm/execute_target/_action/feedback [peach_interfaces/action/ExecuteTarget_FeedbackMessage]
[peach_observability-12] [INFO] [1790760766.487086708] [peach_observability]: 全量录制订阅: /peach_arm/execute_target/_action/status [action_msgs/msg/GoalStatusArray]
[peach_observability-12] [INFO] [1790760766.487475481] [peach_observability]: 全量录制订阅: /peach_arm/status [std_msgs/msg/String]
[peach_observability-12] [INFO] [1790760766.487838191] [peach_observability]: 全量录制订阅: /peach_arm/survey_scene/_action/feedback [peach_interfaces/action/SurveyScene_FeedbackMessage]
[peach_observability-12] [INFO] [1790760766.488222068] [peach_observability]: 全量录制订阅: /peach_arm/survey_scene/_action/status [action_msgs/msg/GoalStatusArray]
[peach_observability-12] [INFO] [1790760766.488656233] [peach_observability]: 全量录制订阅: /peach_arm/transition_event [lifecycle_msgs/msg/TransitionEvent]
[peach_observability-12] [INFO] [1790760766.489081254] [peach_observability]: 全量录制订阅: /peach_observability/transition_event [lifecycle_msgs/msg/TransitionEvent]
[peach_observability-12] [INFO] [1790760766.489477921] [peach_observability]: 全量录制订阅: /peach_supervisor/events [peach_interfaces/msg/CanonicalEvent]
[peach_observability-12] [INFO] [1790760766.489954671] [peach_observability]: 全量录制订阅: /peach_supervisor/run_harvest/_action/feedback [peach_interfaces/action/RunHarvest_FeedbackMessage]
[peach_observability-12] [INFO] [1790760766.490407042] [peach_observability]: 全量录制订阅: /peach_supervisor/run_harvest/_action/status [action_msgs/msg/GoalStatusArray]
[peach_observability-12] [INFO] [1790760766.491055777] [peach_observability]: 全量录制订阅: /peach_supervisor/scene_snapshot [peach_interfaces/msg/SceneSnapshot]
[peach_observability-12] [INFO] [1790760766.491458035] [peach_observability]: 全量录制订阅: /peach_supervisor/state [peach_interfaces/msg/HarvestState]
[peach_observability-12] [INFO] [1790760766.491818956] [peach_observability]: 全量录制订阅: /peach_target_reconstruction_node/build_target_model/_action/feedback [peach_interfaces/action/BuildTargetModel_FeedbackMessage]
[peach_observability-12] [INFO] [1790760766.492159069] [peach_observability]: 全量录制订阅: /peach_target_reconstruction_node/build_target_model/_action/status [action_msgs/msg/GoalStatusArray]
[peach_observability-12] [INFO] [1790760766.492573239] [peach_observability]: 全量录制订阅: /robot_description [std_msgs/msg/String]
[peach_observability-12] [INFO] [1790760766.492937931] [peach_observability]: 全量录制订阅: /tf [tf2_msgs/msg/TFMessage]
[peach_observability-12] [INFO] [1790760766.493298441] [peach_observability]: 全量录制订阅: /tf_static [tf2_msgs/msg/TFMessage]
[INFO] [spawner-6]: process has finished cleanly [pid 1289777]
[peach_harvester-10] [INFO] [1790760766.856221641] [peach_scene_perception_node]: Subscribed color=/camera/color/image_raw depth=/camera/depth/image_raw info=/camera/color/camera_info slop=0.05s optical=camera_color_optical_frame output=base_link depth_scale_unit=0.25 gravity_mode=tf calib=percipio-640x480-chessboard|hand_eye:import_humble_20260128T114006
[peach_harvester-10] [INFO] [1790760766.856439880] [peach_scene_perception_node]: 目标身份记忆已启用：match_radius=0.06 m, max_targets=50, ema=0.3
[peach_harvester-10] [INFO] [1790760766.867496909] [peach_target_reconstruction_node]: peach_target_reconstruction_node ready: base=base_link color=/camera/color/image_raw depth=/camera/depth/image_raw slop=0.05s depth_scale_unit=0.25 views(min/rec/max)=2/5/24 require_static=True auto_mode=True session_root=/home/mu/Desktop/aubo_e5_jazzy_ws/plans/v1_三末端混合测试/results/runs
[lifecycle_manager-13] [INFO] [1790760766.917398154] [peach_lifecycle_manager]: [34m[1mStarting managed nodes bringup...[0m[0m
[lifecycle_manager-13] [INFO] [1790760766.917448932] [peach_lifecycle_manager]: [34m[1mConfiguring peach_scene_perception_node[0m[0m
[peach_harvester-10] [WARN] [1790760766.934938059] [peach_scene_perception_node]: bond 未生效：缺 ros-jazzy-bondpy（sudo apt install 后重启节点即接入 nav2_lm 心跳监测）
[lifecycle_manager-13] [INFO] [1790760766.936628654] [peach_lifecycle_manager]: [34m[1mConfiguring peach_target_reconstruction_node[0m[0m
[peach_harvester-10] [WARN] [1790760766.948524821] [peach_target_reconstruction_node]: bond 未生效：缺 ros-jazzy-bondpy（sudo apt install 后重启节点即接入 nav2_lm 心跳监测）
[lifecycle_manager-13] [INFO] [1790760766.949909654] [peach_lifecycle_manager]: [34m[1mConfiguring peach_arm[0m[0m
[peach_arm-11] [WARN] [1790760766.950126814] [peach_arm]: scan.protected_zones 丢弃畸形盒: 盒#0 存在 min>=max 的轴（空盒/退化盒），已丢弃
[peach_arm-11] [WARN] [1790760766.968167268] [peach_arm]: scan.protected_zones 丢弃畸形盒: 盒#0 存在 min>=max 的轴（空盒/退化盒），已丢弃
[peach_arm-11] [WARN] [1790760766.968268757] [peach_arm]: scan.protected_zones 丢弃畸形盒: 盒#0 存在 min>=max 的轴（空盒/退化盒），已丢弃
[peach_arm-11] [WARN] [1790760766.969574673] [rcl.logging_rosout]: Publisher already registered for node name: 'peach_arm'. If this is due to multiple nodes with the same name then all logs for the logger named 'peach_arm' will go out over the existing publisher. As soon as any node with that name is destructed it will unregister the publisher, preventing any further logs for that name from being published on the rosout topic.
[peach_arm-11] [INFO] [1790760766.974494817] [peach_arm.moveit.ros.rdf_loader]: Loaded robot model in 0.00192715 seconds
[peach_arm-11] [INFO] [1790760766.974550341] [peach_arm.moveit.core.robot_model]: Loading robot model 'aubo_e5'...
[peach_arm-11] [INFO] [1790760766.974560069] [peach_arm.moveit.core.robot_model]: No root/virtual joint specified in SRDF. Assuming fixed joint
[peach_arm-11] [INFO] [1790760766.994118326] [peach_arm.moveit.kinematics.kdl_kinematics_plugin]: Joint weights for group 'manipulator_e5': 1 1 1 1 1 1
[peach_arm-11] [INFO] [1790760767.001616086] [peach_arm.moveit.ros.move_group_interface]: Ready to take commands for planning group manipulator_e5.
[peach_arm-11] [INFO] [1790760767.001652579] [peach_arm]: 主动视觉靠近节点 ready: group=manipulator_e5 base=base_link tip=tcp camera=camera_depth_optical_frame execution=plan_only grasp=disabled
[peach_arm-11] [INFO] [1790760767.001670984] [peach_arm]: [IDLE] 已配置；activate 后才开放运动输出权限
[lifecycle_manager-13] [INFO] [1790760767.002488652] [peach_lifecycle_manager]: [34m[1mConfiguring peach_supervisor[0m[0m
[peach_harvester-10] [WARN] [1790760767.020138830] [peach_supervisor]: bond 未生效：缺 ros-jazzy-bondpy（sudo apt install 后重启节点即接入 nav2_lm 心跳监测）
[peach_harvester-10] [INFO] [1790760767.021745795] [peach_supervisor]: task executor configured; will not auto-start harvest
[lifecycle_manager-13] [INFO] [1790760767.023666092] [peach_lifecycle_manager]: [34m[1mActivating peach_scene_perception_node[0m[0m
[peach_harvester-10] [WARN] [1790760767.026156413] [peach_scene_perception_node]: bond 未生效：缺 ros-jazzy-bondpy（sudo apt install 后重启节点即接入 nav2_lm 心跳监测）
[peach_harvester-10] [INFO] [1790760767.027688521] [peach_scene_perception_node]: perception Active：开始处理 RGB-D
[lifecycle_manager-13] [INFO] [1790760767.028432480] [peach_lifecycle_manager]: [34m[1mActivating peach_target_reconstruction_node[0m[0m
[peach_harvester-10] [WARN] [1790760767.029918000] [peach_target_reconstruction_node]: bond 未生效：缺 ros-jazzy-bondpy（sudo apt install 后重启节点即接入 nav2_lm 心跳监测）
[peach_harvester-10] [INFO] [1790760767.030859813] [peach_target_reconstruction_node]: reconstruction Active：开始积分
[lifecycle_manager-13] [INFO] [1790760767.031831471] [peach_lifecycle_manager]: [34m[1mActivating peach_arm[0m[0m
[peach_arm-11] [WARN] [1790760767.032015093] [peach_arm]: scan.protected_zones 丢弃畸形盒: 盒#0 存在 min>=max 的轴（空盒/退化盒），已丢弃
[peach_arm-11] [INFO] [1790760767.033272691] [peach_arm]: 节点已激活：运动输出权限开放
[lifecycle_manager-13] [INFO] [1790760767.033494492] [peach_lifecycle_manager]: [34m[1mActivating peach_supervisor[0m[0m
[peach_harvester-10] [WARN] [1790760767.034561743] [peach_supervisor]: bond 未生效：缺 ros-jazzy-bondpy（sudo apt install 后重启节点即接入 nav2_lm 心跳监测）
[lifecycle_manager-13] [INFO] [1790760767.035911030] [peach_lifecycle_manager]: [34m[1mManaged nodes are active[0m[0m
[peach_arm-11] [WARN] [1790760767.037405564] [rcl.logging_rosout]: Publisher already registered for node name: 'peach_arm'. If this is due to multiple nodes with the same name then all logs for the logger named 'peach_arm' will go out over the existing publisher. As soon as any node with that name is destructed it will unregister the publisher, preventing any further logs for that name from being published on the rosout topic.
[peach_lifecycle_flag_bridge-14] [INFO] [1790760767.042621387] [peach_lifecycle_flag_bridge]: 托管栈 Active=True（桥自 nav2_lm is_active）
[peach_arm-11] [WARN] [1790760767.044753538] [rcl.logging_rosout]: Publisher already registered for node name: 'peach_arm'. If this is due to multiple nodes with the same name then all logs for the logger named 'peach_arm' will go out over the existing publisher. As soon as any node with that name is destructed it will unregister the publisher, preventing any further logs for that name from being published on the rosout topic.
[peach_arm-11] [INFO] [1790760767.050582518] [peach_arm]: 场景障碍 ACM 豁免已应用: 26 条（含 <octomap> 保留名）
[ERROR] [rviz2-8]: process has died [pid 1289779, exit code -6, cmd '/opt/ros/jazzy/lib/rviz2/rviz2 -d /home/mu/Desktop/aubo_e5_jazzy_ws/install/aubo_e5_moveit_config/share/aubo_e5_moveit_config/rviz/moveit.rviz --ros-args -p use_sim_time:=False --params-file /tmp/launch_params_f7a3ka14'].
[peach_observability-12] [INFO] [1790760768.497371592] [peach_observability]: 全量录制订阅: /attached_collision_object [moveit_msgs/msg/AttachedCollisionObject]
[peach_observability-12] [INFO] [1790760768.498268826] [peach_observability]: 全量录制订阅: /aubo_io_controller/io_states [aubo_msgs/msg/IOState]
[peach_observability-12] [INFO] [1790760768.501915786] [peach_observability]: 全量录制订阅: /bond [bond/msg/Status]
[peach_observability-12] [INFO] [1790760768.502545660] [peach_observability]: 全量录制订阅: /camera/color/camera_info [sensor_msgs/msg/CameraInfo]
[peach_observability-12] [INFO] [1790760768.503368950] [peach_observability]: 全量录制订阅: /camera/depth/camera_info [sensor_msgs/msg/CameraInfo]
[peach_observability-12] [INFO] [1790760768.504105906] [peach_observability]: 全量录制订阅: /collision_object [moveit_msgs/msg/CollisionObject]
[peach_observability-12] [INFO] [1790760768.505083705] [peach_observability]: 全量录制订阅: /controller_manager/activity [controller_manager_msgs/msg/ControllerManagerActivity]
[peach_observability-12] [INFO] [1790760768.520628592] [peach_observability]: 全量录制订阅: /controller_manager/introspection_data/full [pal_statistics_msgs/msg/Statistics]
[peach_observability-12] [INFO] [1790760768.521335723] [peach_observability]: 全量录制订阅: /controller_manager/introspection_data/names [pal_statistics_msgs/msg/StatisticsNames]
[peach_observability-12] [INFO] [1790760768.521950236] [peach_observability]: 全量录制订阅: /controller_manager/introspection_data/values [pal_statistics_msgs/msg/StatisticsValues]
[peach_observability-12] [INFO] [1790760768.522516775] [peach_observability]: 全量录制订阅: /controller_manager/statistics/full [pal_statistics_msgs/msg/Statistics]
[peach_observability-12] [INFO] [1790760768.523062831] [peach_observability]: 全量录制订阅: /controller_manager/statistics/names [pal_statistics_msgs/msg/StatisticsNames]
[peach_observability-12] [INFO] [1790760768.523639098] [peach_observability]: 全量录制订阅: /controller_manager/statistics/values [pal_statistics_msgs/msg/StatisticsValues]
[peach_observability-12] [INFO] [1790760768.524212357] [peach_observability]: 全量录制订阅: /display_contacts [visualization_msgs/msg/MarkerArray]
[peach_observability-12] [INFO] [1790760768.525195754] [peach_observability]: 全量录制订阅: /display_planned_path [moveit_msgs/msg/DisplayTrajectory]
[stereo_camera_node-1] [INFO] [1790760768.684147490] [camera.peach_stereo_camera_node]: iface eth-fc:9d:05:6c:6f:a00b0afea9: 1 device(s)
[stereo_camera_node-1] [INFO] [1790760768.684201094] [camera.peach_stereo_camera_node]:   dev 207000152740 model PS800-E1 ip 169.254.10.110
[peach_observability-12] [INFO] [1790760768.747559643] [peach_observability]: 全量录制订阅: /dynamic_joint_states [control_msgs/msg/DynamicJointState]
[peach_observability-12] [INFO] [1790760768.773667902] [peach_observability]: 全量录制订阅: /execute_task_solution/_action/feedback [moveit_task_constructor_msgs/action/ExecuteTaskSolution_FeedbackMessage]
[peach_observability-12] [INFO] [1790760768.775342412] [peach_observability]: 全量录制订阅: /execute_task_solution/_action/status [action_msgs/msg/GoalStatusArray]
[peach_observability-12] [INFO] [1790760768.822640296] [peach_observability]: 全量录制订阅: /execute_trajectory/_action/feedback [moveit_msgs/action/ExecuteTrajectory_FeedbackMessage]
[peach_observability-12] [INFO] [1790760768.823499176] [peach_observability]: 全量录制订阅: /execute_trajectory/_action/status [action_msgs/msg/GoalStatusArray]
[stereo_camera_node-1] [INFO] [1790760768.823575674] [camera.peach_stereo_camera_node]: open device 207000152740: status=0
[peach_observability-12] [INFO] [1790760768.824608765] [peach_observability]: 全量录制订阅: /imu_follow/insert_progress [std_msgs/msg/Float64]
[peach_observability-12] [INFO] [1790760768.825392079] [peach_observability]: 全量录制订阅: /joint_state_broadcaster/transition_event [lifecycle_msgs/msg/TransitionEvent]
[peach_observability-12] [INFO] [1790760768.826312402] [peach_observability]: 全量录制订阅: /joint_trajectory_controller/controller_state [control_msgs/msg/JointTrajectoryControllerState]
[peach_observability-12] [INFO] [1790760768.867123748] [peach_observability]: 全量录制订阅: /joint_trajectory_controller/follow_joint_trajectory/_action/feedback [control_msgs/action/FollowJointTrajectory_FeedbackMessage]
[peach_observability-12] [INFO] [1790760768.868933258] [peach_observability]: 全量录制订阅: /joint_trajectory_controller/follow_joint_trajectory/_action/status [action_msgs/msg/GoalStatusArray]
[peach_observability-12] [INFO] [1790760768.870016385] [peach_observability]: 全量录制订阅: /joint_trajectory_controller/joint_trajectory [trajectory_msgs/msg/JointTrajectory]
[peach_observability-12] [INFO] [1790760768.870855944] [peach_observability]: 全量录制订阅: /joint_trajectory_controller/speed_scaling_input [control_msgs/msg/SpeedScalingFactor]
[peach_observability-12] [INFO] [1790760768.871914075] [peach_observability]: 全量录制订阅: /joint_trajectory_controller/transition_event [lifecycle_msgs/msg/TransitionEvent]
[peach_observability-12] [INFO] [1790760768.873051361] [peach_observability]: 全量录制订阅: /monitored_planning_scene [moveit_msgs/msg/PlanningScene]
[peach_observability-12] [INFO] [1790760768.873971429] [peach_observability]: 全量录制订阅: /move_action/_action/feedback [moveit_msgs/action/MoveGroup_FeedbackMessage]
[peach_observability-12] [INFO] [1790760768.874737210] [peach_observability]: 全量录制订阅: /move_action/_action/status [action_msgs/msg/GoalStatusArray]
[peach_observability-12] [INFO] [1790760768.875880449] [peach_observability]: 全量录制订阅: /peach/batch/enables [peach_interfaces/msg/Enables]
[peach_observability-12] [INFO] [1790760768.876732575] [peach_observability]: 全量录制订阅: /peach/perception/axis [geometry_msgs/msg/Vector3Stamped]
[stereo_camera_node-1] [INFO] [1790760768.887518794] [camera.peach_stereo_camera_node]: rectify: R1=2.65deg f=548.9px B=62.2mm proc=640x480 numDisp=128 med=3 mode=3 tk=3
[stereo_camera_node-1] [INFO] [1790760768.888651662] [camera.peach_stereo_camera_node]: color mode set: yuyv 640x480
[peach_observability-12] [INFO] [1790760768.890481407] [peach_observability]: 全量录制订阅: /peach/perception/detections [vision_msgs/msg/Detection2DArray]
[peach_observability-12] [INFO] [1790760768.891421841] [peach_observability]: 全量录制订阅: /peach/perception/diagnostics [peach_interfaces/msg/BagFittingArray]
[peach_observability-12] [INFO] [1790760768.892260223] [peach_observability]: 全量录制订阅: /peach/perception/initial_pose [peach_interfaces/msg/BagGraspCandidateArray]
[peach_observability-12] [INFO] [1790760768.893070037] [peach_observability]: 全量录制订阅: /peach/perception/markers [visualization_msgs/msg/MarkerArray]
[peach_observability-12] [INFO] [1790760768.894588924] [peach_observability]: 全量录制订阅: /peach/perception/masks [sensor_msgs/msg/Image]
[peach_observability-12] [INFO] [1790760768.895527249] [peach_observability]: 全量录制订阅: /peach/perception/single_cloud [sensor_msgs/msg/PointCloud2]
[peach_observability-12] [INFO] [1790760768.896615342] [peach_observability]: 全量录制订阅: /peach/reconstruction/local_cloud [sensor_msgs/msg/PointCloud2]
[peach_observability-12] [INFO] [1790760768.897560581] [peach_observability]: 全量录制订阅: /peach/reconstruction/markers [visualization_msgs/msg/MarkerArray]
[peach_observability-12] [INFO] [1790760768.899212485] [peach_observability]: 全量录制订阅: /peach/reconstruction/pregrasp_verification [peach_interfaces/msg/PregraspVerification]
[peach_observability-12] [INFO] [1790760768.900344521] [peach_observability]: 全量录制订阅: /peach/reconstruction/shape_hypothesis [peach_interfaces/msg/ShapeHypothesis]
[peach_observability-12] [INFO] [1790760768.901147317] [peach_observability]: 全量录制订阅: /peach_arm/move_to/_action/feedback [peach_interfaces/action/MoveTo_FeedbackMessage]
[peach_observability-12] [INFO] [1790760768.902104475] [peach_observability]: 全量录制订阅: /peach_arm/move_to/_action/status [action_msgs/msg/GoalStatusArray]
[peach_observability-12] [INFO] [1790760768.903029051] [peach_observability]: 全量录制订阅: /peach_arm/planned_views [visualization_msgs/msg/MarkerArray]
[peach_observability-12] [INFO] [1790760768.904037760] [peach_observability]: 全量录制订阅: /peach_arm/tool_state [peach_interfaces/msg/ToolState]
[peach_observability-12] [INFO] [1790760768.906351328] [peach_observability]: 全量录制订阅: /peach_scene_perception_node/transition_event [lifecycle_msgs/msg/TransitionEvent]
[peach_observability-12] [INFO] [1790760768.907950282] [peach_observability]: 全量录制订阅: /peach_supervisor/transition_event [lifecycle_msgs/msg/TransitionEvent]
[peach_observability-12] [INFO] [1790760768.908926288] [peach_observability]: 全量录制订阅: /peach_target_reconstruction_node/transition_event [lifecycle_msgs/msg/TransitionEvent]
[peach_observability-12] [INFO] [1790760768.910707327] [peach_observability]: 全量录制订阅: /pipeline_state [moveit_msgs/msg/PipelineState]
[peach_observability-12] [INFO] [1790760768.911730147] [peach_observability]: 全量录制订阅: /planning_scene [moveit_msgs/msg/PlanningScene]
[peach_observability-12] [INFO] [1790760768.912911716] [peach_observability]: 全量录制订阅: /planning_scene_world [moveit_msgs/msg/PlanningSceneWorld]
[peach_observability-12] [INFO] [1790760768.913887128] [peach_observability]: 全量录制订阅: /sequence_move_group/_action/feedback [moveit_msgs/action/MoveGroupSequence_FeedbackMessage]
[peach_observability-12] [INFO] [1790760768.914763512] [peach_observability]: 全量录制订阅: /sequence_move_group/_action/status [action_msgs/msg/GoalStatusArray]
[peach_observability-12] [INFO] [1790760768.915596160] [peach_observability]: 全量录制订阅: /trajectory_execution_event [std_msgs/msg/String]
[peach_harvester-10] [INFO] [1790760769.569841223] [peach_scene_perception_node]: CameraInfo K fx=466.175 fy=465.557 cx=326.071 cy=244.789 640x480
[peach_harvester-10] /home/mu/Desktop/aubo_e5_jazzy_ws/aubo_py3.12/lib/python3.12/site-packages/matplotlib/projections/__init__.py:63: UserWarning: Unable to import Axes3D. This may be due to multiple versions of Matplotlib being installed (e.g. as a system package and as a pip package). As a result, the 3D projection is not available.
[peach_harvester-10]   warnings.warn("Unable to import Axes3D. This may be due to multiple versions of "
[peach_arm-11] [INFO] [1790760770.067984545] [peach_arm]: 场景障碍 ACM 豁免已应用: 26 条（含 <octomap> 保留名）
[extrinsics_publisher-9] [WARN] [1790760770.970280791] [hand_eye_extrinsics_publisher]: diagnostic_updater: No HW_ID was set. This is probably                a bug. Please report it. For devices that do not have a                HW_ID, set this value to none. This warning only occurs                once all diagnostics are OK so it is okay to wait until                the device is open before calling setHardwareID.
[peach_arm-11] [INFO] [1790760773.087781936] [peach_arm]: 场景障碍 ACM 豁免已应用: 26 条（含 <octomap> 保留名）
[peach_harvester-10] [INFO] [1790760774.448833548] [peach_scene_perception_node]: peach_harvester.vision.scene_perception.identity: 目标注册 累计 1 次（最近: target_0 cls=0 累计表规模 1）
[peach_harvester-10] [INFO] [1790760774.457772499] [peach_scene_perception_node]: 目标注册表在册 1 个目标（累计注册 1、累计命中 0）
[peach_harvester-10] [WARN] [1790760774.463642431] [peach_scene_perception_node]: 感知 worker 满队丢帧累计 67（处理跟不上到达率，排查热路径耗时或降低到达率）
[peach_harvester-10] [WARN] [1790760774.605501592] [peach_scene_perception_node]: 感知 worker 满队丢帧累计 68（处理跟不上到达率，排查热路径耗时或降低到达率）
[peach_harvester-10] [WARN] [1790760774.763120678] [peach_scene_perception_node]: 感知 worker 满队丢帧累计 69（处理跟不上到达率，排查热路径耗时或降低到达率）
[peach_harvester-10] [WARN] [1790760774.905774335] [peach_scene_perception_node]: 感知 worker 满队丢帧累计 70（处理跟不上到达率，排查热路径耗时或降低到达率）
[peach_harvester-10] [WARN] [1790760775.037387508] [peach_scene_perception_node]: 感知 worker 满队丢帧累计 71（处理跟不上到达率，排查热路径耗时或降低到达率）
[peach_harvester-10] [WARN] [1790760775.168110901] [peach_scene_perception_node]: 感知 worker 满队丢帧累计 72（处理跟不上到达率，排查热路径耗时或降低到达率）
[peach_harvester-10] [WARN] [1790760775.491413086] [peach_scene_perception_node]: 感知 worker 满队丢帧累计 74（处理跟不上到达率，排查热路径耗时或降低到达率）
[peach_harvester-10] [WARN] [1790760775.802499755] [peach_scene_perception_node]: 感知 worker 满队丢帧累计 76（处理跟不上到达率，排查热路径耗时或降低到达率）
[peach_harvester-10] [WARN] [1790760775.971441143] [peach_scene_perception_node]: 感知 worker 满队丢帧累计 77（处理跟不上到达率，排查热路径耗时或降低到达率）
[peach_harvester-10] [WARN] [1790760776.129274718] [peach_scene_perception_node]: 感知 worker 满队丢帧累计 78（处理跟不上到达率，排查热路径耗时或降低到达率）
[peach_harvester-10] [WARN] [1790760776.288138370] [peach_scene_perception_node]: 感知 worker 满队丢帧累计 79（处理跟不上到达率，排查热路径耗时或降低到达率）
[peach_harvester-10] [WARN] [1790760776.425965273] [peach_scene_perception_node]: 感知 worker 满队丢帧累计 80（处理跟不上到达率，排查热路径耗时或降低到达率）
[peach_observability-12] [WARN] [1790760776.475874932] [peach_observability]: 自检[initial] 12/18 通过，失败: camera_color_rate, camera_depth_rate，跳过: robot_status, imu_topic, model_files, vegetation_status
[peach_harvester-10] [WARN] [1790760776.559471543] [peach_scene_perception_node]: 感知 worker 满队丢帧累计 81（处理跟不上到达率，排查热路径耗时或降低到达率）
[stereo_camera_node-1] [INFO] [1790760776.708195212] [camera.peach_stereo_camera_node]: groups=100 published=100 rate=13.3 gps drop(stream=0 incomplete=0 nostamp=0 depth=0)
[peach_harvester-10] [WARN] [1790760776.760890020] [peach_scene_perception_node]: 感知 worker 满队丢帧累计 83（处理跟不上到达率，排查热路径耗时或降低到达率）
[peach_harvester-10] [WARN] [1790760776.912553533] [peach_scene_perception_node]: 感知 worker 满队丢帧累计 84（处理跟不上到达率，排查热路径耗时或降低到达率）
[peach_harvester-10] [WARN] [1790760777.063226130] [peach_scene_perception_node]: 感知 worker 满队丢帧累计 85（处理跟不上到达率，排查热路径耗时或降低到达率）
[peach_harvester-10] [WARN] [1790760777.206968786] [peach_scene_perception_node]: 感知 worker 满队丢帧累计 86（处理跟不上到达率，排查热路径耗时或降低到达率）
[peach_harvester-10] [WARN] [1790760777.347329293] [peach_scene_perception_node]: 感知 worker 满队丢帧累计 87（处理跟不上到达率，排查热路径耗时或降低到达率）
[peach_harvester-10] [WARN] [1790760777.483272397] [peach_scene_perception_node]: 感知 worker 满队丢帧累计 88（处理跟不上到达率，排查热路径耗时或降低到达率）
[peach_harvester-10] [WARN] [1790760777.612141467] [peach_scene_perception_node]: 感知 worker 满队丢帧累计 89（处理跟不上到达率，排查热路径耗时或降低到达率）
[peach_harvester-10] [WARN] [1790760777.787358754] [peach_scene_perception_node]: 感知 worker 满队丢帧累计 90（处理跟不上到达率，排查热路径耗时或降低到达率）
[peach_harvester-10] [WARN] [1790760777.911706988] [peach_scene_perception_node]: 感知 worker 满队丢帧累计 91（处理跟不上到达率，排查热路径耗时或降低到达率）
[peach_harvester-10] [WARN] [1790760778.032639610] [peach_scene_perception_node]: 感知 worker 满队丢帧累计 92（处理跟不上到达率，排查热路径耗时或降低到达率）
[peach_harvester-10] [WARN] [1790760778.198156146] [peach_scene_perception_node]: 感知 worker 满队丢帧累计 93（处理跟不上到达率，排查热路径耗时或降低到达率）
[peach_harvester-10] [WARN] [1790760778.342785630] [peach_scene_perception_node]: 感知 worker 满队丢帧累计 94（处理跟不上到达率，排查热路径耗时或降低到达率）
[peach_harvester-10] [WARN] [1790760778.478858826] [peach_scene_perception_node]: 感知 worker 满队丢帧累计 95（处理跟不上到达率，排查热路径耗时或降低到达率）
[peach_harvester-10] [WARN] [1790760778.649146893] [peach_scene_perception_node]: 感知 worker 满队丢帧累计 97（处理跟不上到达率，排查热路径耗时或降低到达率）
[peach_harvester-10] [WARN] [1790760778.820119755] [peach_scene_perception_node]: 感知 worker 满队丢帧累计 98（处理跟不上到达率，排查热路径耗时或降低到达率）
[peach_harvester-10] [WARN] [1790760778.966483396] [peach_scene_perception_node]: 感知 worker 满队丢帧累计 99（处理跟不上到达率，排查热路径耗时或降低到达率）
[peach_harvester-10] [WARN] [1790760779.112030282] [peach_scene_perception_node]: 感知 worker 满队丢帧累计 100（处理跟不上到达率，排查热路径耗时或降低到达率）
[peach_harvester-10] [WARN] [1790760779.274303713] [peach_scene_perception_node]: 感知 worker 满队丢帧累计 101（处理跟不上到达率，排查热路径耗时或降低到达率）
[peach_harvester-10] [WARN] [1790760779.451414630] [peach_scene_perception_node]: 感知 worker 满队丢帧累计 103（处理跟不上到达率，排查热路径耗时或降低到达率）
[peach_harvester-10] [WARN] [1790760779.777718681] [peach_scene_perception_node]: 感知 worker 满队丢帧累计 105（处理跟不上到达率，排查热路径耗时或降低到达率）
[peach_harvester-10] [WARN] [1790760779.957840931] [peach_scene_perception_node]: 感知 worker 满队丢帧累计 107（处理跟不上到达率，排查热路径耗时或降低到达率）
[peach_harvester-10] [WARN] [1790760780.143436120] [peach_scene_perception_node]: 感知 worker 满队丢帧累计 108（处理跟不上到达率，排查热路径耗时或降低到达率）
[peach_harvester-10] [WARN] [1790760780.284603117] [peach_scene_perception_node]: 感知 worker 满队丢帧累计 109（处理跟不上到达率，排查热路径耗时或降低到达率）
[peach_harvester-10] [WARN] [1790760780.554132939] [peach_scene_perception_node]: 感知 worker 满队丢帧累计 111（处理跟不上到达率，排查热路径耗时或降低到达率）
[peach_harvester-10] [WARN] [1790760780.887311704] [peach_scene_perception_node]: 感知 worker 满队丢帧累计 114（处理跟不上到达率，排查热路径耗时或降低到达率）
[peach_harvester-10] [WARN] [1790760781.032114829] [peach_scene_perception_node]: 感知 worker 满队丢帧累计 115（处理跟不上到达率，排查热路径耗时或降低到达率）
[peach_harvester-10] [WARN] [1790760781.363266469] [peach_scene_perception_node]: 感知 worker 满队丢帧累计 117（处理跟不上到达率，排查热路径耗时或降低到达率）
[peach_harvester-10] [WARN] [1790760781.494103974] [peach_scene_perception_node]: 感知 worker 满队丢帧累计 118（处理跟不上到达率，排查热路径耗时或降低到达率）
[peach_harvester-10] [WARN] [1790760781.644637382] [peach_scene_perception_node]: 感知 worker 满队丢帧累计 119（处理跟不上到达率，排查热路径耗时或降低到达率）
[peach_harvester-10] [WARN] [1790760781.811647906] [peach_scene_perception_node]: 感知 worker 满队丢帧累计 121（处理跟不上到达率，排查热路径耗时或降低到达率）
[peach_harvester-10] [WARN] [1790760782.081471807] [peach_scene_perception_node]: 感知 worker 满队丢帧累计 122（处理跟不上到达率，���查热路径耗时或降低到达率）
[peach_harvester-10] [WARN] [1790760782.204535545] [peach_scene_perception_node]: 感知 worker 满队丢帧累计 123（处理跟不上到达率，���查热路径耗时或降低到达率）
[peach_harvester-10] [WARN] [1790760782.349246270] [peach_scene_perception_node]: 感知 worker 满队丢帧累计 124（处理跟不上到达率，排查热路径耗时或降低到达率）
[peach_harvester-10] [WARN] [1790760782.546959431] [peach_scene_perception_node]: 感知 worker 满队丢帧累计 126（处理跟不上到达率，排查热路径耗时或降低到达率）
[peach_harvester-10] [WARN] [1790760782.703992846] [peach_scene_perception_node]: 感知 worker 满队丢帧累计 127（处理跟不上到达率，排查热路径耗时或降低到达率）
[peach_harvester-10] [WARN] [1790760782.849447378] [peach_scene_perception_node]: 感知 worker 满队丢帧累计 128（处理跟不上到达率，排查热路径耗时或降低到达率）
[peach_harvester-10] [WARN] [1790760783.016220829] [peach_scene_perception_node]: 感知 worker 满队丢帧累计 129（处理跟不上到达率，排查热路径耗时或降低到达率）
[peach_harvester-10] [WARN] [1790760783.182373872] [peach_scene_perception_node]: 感知 worker 满队丢帧累计 131（处理跟不上到达率，排查热路径耗时或降低到达率）
[peach_harvester-10] [WARN] [1790760783.340954477] [peach_scene_perception_node]: 感知 worker 满队丢帧累计 132（处理跟不上到达率，排查热路径耗时或降低到达率）
[peach_harvester-10] [WARN] [1790760783.519459384] [peach_scene_perception_node]: 感知 worker 满队丢帧累计 133（处理跟不上到达率，排查热路径耗时或降低到达率）
[peach_harvester-10] [WARN] [1790760783.668493339] [peach_scene_perception_node]: 感知 worker 满队丢帧累计 134（处理跟不上到达率，排查热路径耗时或降低到达率）
[peach_harvester-10] [WARN] [1790760783.777320856] [peach_scene_perception_node]: peach_harvester.vision.scene_perception.pose_pipelines: 位姿拟合拒绝 累计 1 次（最近: bag target_2: bag_axis_too_short）
[peach_harvester-10] [WARN] [1790760783.793813512] [peach_scene_perception_node]: 感知 worker 满队丢帧累计 135（处理跟不上到达率，排查热路径耗时或降低到达率）
[stereo_camera_node-1] [INFO] [1790760783.887582158] [camera.peach_stereo_camera_node]: groups=200 published=200 rate=13.6 gps drop(stream=0 incomplete=0 nostamp=0 depth=0)
[peach_harvester-10] [WARN] [1790760783.921990167] [peach_scene_perception_node]: 感知 worker 满队丢帧累计 136（处理跟不上到达率，排查热路径耗时或降低到达率）
[peach_harvester-10] [WARN] [1790760784.069454721] [peach_scene_perception_node]: 感知 worker 满队丢帧累计 137（处理跟不上到达率，排查热路径耗时或降低到达率）
[peach_harvester-10] [WARN] [1790760784.208302450] [peach_scene_perception_node]: 感知 worker 满队丢帧累计 138（处理跟不上到达率，排查热路径耗时或降低到达率）
[peach_harvester-10] [WARN] [1790760784.390063613] [peach_scene_perception_node]: 感知 worker 满队丢帧累计 139（处理跟不上到达率，排查热路径耗时或降低到达率）
[peach_harvester-10] [INFO] [1790760784.550912730] [peach_scene_perception_node]: 目标注册表在册 1 个目标（累计注册 1、累计命中 66）
[peach_harvester-10] [WARN] [1790760784.568310698] [peach_scene_perception_node]: 感知 worker 满队丢帧累计 141（处理跟不上到达率，排查热路径耗时或降低到达率）
[peach_harvester-10] [WARN] [1790760784.738741185] [peach_scene_perception_node]: 感知 worker 满队丢帧累计 142（处理跟不上到达率，排查热路径耗时或降低到达率）
[peach_harvester-10] [WARN] [1790760784.959174564] [peach_scene_perception_node]: 感知 worker 满队丢帧累计 144（处理跟不上到达率，排查热路径耗时或降低到达率）
[peach_harvester-10] [WARN] [1790760785.102107875] [peach_scene_perception_node]: 感知 worker 满队丢帧累计 145（处理跟不上到达率，排查热路径耗时或降低到达率）
[peach_harvester-10] [WARN] [1790760785.241268684] [peach_scene_perception_node]: 感知 worker 满队丢帧累计 146（处理跟不上到达率，排查热路径耗时或降低到达率）
[peach_harvester-10] [WARN] [1790760785.509506855] [peach_scene_perception_node]: 感知 worker 满队丢帧累计 148（处理跟不上到达率，排查热路径耗时或降低到达率）
[peach_harvester-10] [WARN] [1790760785.653708563] [peach_scene_perception_node]: 感知 worker 满队丢帧累计 149（处理跟不上到达率，排查热路径耗时或降低到达率）
[peach_harvester-10] [WARN] [1790760785.928820019] [peach_scene_perception_node]: 感知 worker 满队丢帧累计 150（处理跟不上到达率，排查热路径耗时或降低到达率）
[peach_harvester-10] [WARN] [1790760786.063178376] [peach_scene_perception_node]: 感知 worker 满队丢帧累计 151（处理跟不上到达率，排查热路径耗时或降低到达率）
[peach_harvester-10] [WARN] [1790760786.222625512] [peach_scene_perception_node]: 感知 worker 满队丢帧累计 152（处理跟不上到达率，排查热路径耗时或降低到达率）
[peach_harvester-10] [WARN] [1790760786.360426814] [peach_scene_perception_node]: 感知 worker 满队丢帧累计 153（处理跟不上到达率，排查热路径耗时或降低到达率）
[peach_harvester-10] [WARN] [1790760786.519955866] [peach_scene_perception_node]: 感知 worker 满队丢帧累计 154（处理跟不上到达率，排查热路径耗时或降低到达率）
[peach_harvester-10] [WARN] [1790760786.701138760] [peach_scene_perception_node]: 感知 worker 满队丢帧累计 156（处理跟不上到达率，排查热路径耗时或降低到达率）
[peach_harvester-10] [WARN] [1790760786.845163709] [peach_scene_perception_node]: 感知 worker 满队丢帧累计 157（处理跟不上到达率，排查热路径耗时或降低到达率）
[peach_harvester-10] [WARN] [1790760786.993540265] [peach_scene_perception_node]: 感知 worker 满队丢帧累计 158（处理跟不上到达率，排查热路径耗时或降低到达率）
[peach_harvester-10] [WARN] [1790760787.143171255] [peach_scene_perception_node]: 感知 worker 满队丢帧累计 159（处理跟不上到达率，排查热路径耗时或降低到达率）
[peach_harvester-10] [WARN] [1790760787.258446342] [peach_scene_perception_node]: 感知 worker 满队丢帧累计 160（处理跟不上到达率，排查热路径耗时或降低到达率）
[peach_harvester-10] [WARN] [1790760787.402460826] [peach_scene_perception_node]: 感知 worker 满队丢帧累计 161（处理跟不上到达率，排查热路径耗时或降低到达率）
[peach_harvester-10] [WARN] [1790760787.726394697] [peach_scene_perception_node]: 感知 worker 满队丢帧累计 163（处理跟不上到达率，排查热路径耗时或降低到达率）
[peach_harvester-10] [WARN] [1790760787.882380186] [peach_scene_perception_node]: 感知 worker 满队丢帧累计 164（处理跟不上到达率，���查热路径耗时或降低到达率）
[peach_harvester-10] [WARN] [1790760788.186482300] [peach_scene_perception_node]: 感知 worker 满队丢帧累计 167（处理跟不上到达率，排查热路径耗时或降低到达率）
[peach_harvester-10] [WARN] [1790760788.460953368] [peach_scene_perception_node]: 感知 worker 满队丢帧累计 168（处理跟不上到达率，排查热路径耗时或降低到达率）
[peach_harvester-10] [WARN] [1790760788.601146388] [peach_scene_perception_node]: 感知 worker 满队丢帧累计 169（处理跟不上到达率，排查热路径耗时或降低到达率）
[peach_harvester-10] [WARN] [1790760788.799596517] [peach_scene_perception_node]: 感知 worker 满队丢帧累计 171（处理跟不上到达率，排查热路径耗时或降低到达率）
[peach_harvester-10] [WARN] [1790760788.950936472] [peach_scene_perception_node]: 感知 worker 满队丢帧累计 172（处理跟不上到达率，排查热路径耗时或降低到达率）
[peach_harvester-10] [WARN] [1790760789.107740743] [peach_scene_perception_node]: 感知 worker 满队丢帧累计 173（处理跟不上到达率，排查热路径耗时或降低到达率）
[peach_harvester-10] [WARN] [1790760789.258607208] [peach_scene_perception_node]: 感知 worker 满队丢帧累计 174（处理跟不上到达率，排查热路径耗时或降低到达率）
[peach_harvester-10] [WARN] [1790760789.397188130] [peach_scene_perception_node]: 感知 worker 满队丢帧累计 175（处理跟不上到达率，���查热路径耗时或降低到达率）
[peach_harvester-10] [WARN] [1790760789.560336283] [peach_scene_perception_node]: 感知 worker 满队丢帧累计 177（处理跟不上到达率，排查热路径耗时或降低到达率）
[peach_harvester-10] [WARN] [1790760789.699410721] [peach_scene_perception_node]: 感知 worker 满队丢帧累计 178（处理跟不上到达率，排查热路径耗时或降低到达率）
[peach_harvester-10] [WARN] [1790760789.887760228] [peach_scene_perception_node]: 感知 worker 满队丢帧累计 179（处理跟不上到达率，排查热路径耗时或降低到达率）
[peach_harvester-10] [WARN] [1790760790.029454746] [peach_scene_perception_node]: 感知 worker 满队丢帧累计 180（处理跟不上到达率，排查热路径耗时或降低到达率）
[peach_harvester-10] [WARN] [1790760790.193512364] [peach_scene_perception_node]: 感知 worker 满队丢帧累计 181（处理跟不上到达率，排查热路径耗时或降低到达率）
[peach_harvester-10] [WARN] [1790760790.340934275] [peach_scene_perception_node]: 感知 worker 满队丢帧累计 182（处理跟不上到达率，排查热路径耗时或降低到达率）
[peach_harvester-10] [WARN] [1790760790.490466707] [peach_scene_perception_node]: 感知 worker 满队丢帧累计 183（处理跟不上到达率，排查热路径耗时或降低到达率）
[peach_harvester-10] [WARN] [1790760790.772618778] [peach_scene_perception_node]: 感知 worker 满队丢帧累计 186（处理跟不上到达率，排查热路径耗时或降低到达率）
[peach_harvester-10] [WARN] [1790760790.928356238] [peach_scene_perception_node]: 感知 worker 满队丢帧累计 187（处理跟不上到达率，排查热路径耗时或降低到达率）
[peach_harvester-10] [WARN] [1790760791.071474068] [peach_scene_perception_node]: 感知 worker 满队丢帧累计 188（处理跟不上到达率，排查热路径耗时或降低到达率）
[stereo_camera_node-1] [INFO] [1790760791.144287839] [camera.peach_stereo_camera_node]: groups=300 published=300 rate=13.7 gps drop(stream=0 incomplete=0 nostamp=0 depth=0)
[peach_harvester-10] [WARN] [1790760791.214089376] [peach_scene_perception_node]: 感知 worker 满队丢帧累计 189（处理跟不上到达率，排查热路径耗时或降低到达率）
[peach_harvester-10] [WARN] [1790760791.371359789] [peach_scene_perception_node]: 感知 worker 满队丢帧累计 190（处理跟不上到达率，排查热路径耗时或降低到达率）
[peach_harvester-10] [WARN] [1790760791.519608473] [peach_scene_perception_node]: 感知 worker 满队丢帧累计 191（处理跟不上到达率，排查热路径耗时或降低到达率）
[peach_harvester-10] [WARN] [1790760791.667695603] [peach_scene_perception_node]: 感知 worker 满队丢帧累计 193（处理跟不上到达率，排查热路径耗时或降低到达率）
[peach_harvester-10] [WARN] [1790760791.933047940] [peach_scene_perception_node]: 感知 worker 满队丢帧累计 194（处理跟不上到达率，排查热路径耗时或降低到达率）
[peach_harvester-10] [WARN] [1790760792.102358504] [peach_scene_perception_node]: 感知 worker 满队丢帧累计 195（处理跟不上到达率，排查热路径耗时或降低到达率）
[peach_harvester-10] [WARN] [1790760792.237298057] [peach_scene_perception_node]: 感知 worker 满队丢帧累计 197（处理跟不上到达率，排查热路径耗时或降低到达率）
[peach_harvester-10] [WARN] [1790760792.520919506] [peach_scene_perception_node]: 感知 worker 满队丢帧累计 199（处理跟不上到达率，排查热路径耗时或降低到达率）
[peach_harvester-10] [WARN] [1790760792.661861670] [peach_scene_perception_node]: 感知 worker 满队丢帧累计 200（处理跟不上到达率，排查热路径耗时或降低到达率）
[peach_harvester-10] [WARN] [1790760792.814569805] [peach_scene_perception_node]: 感知 worker 满队丢帧累计 201（处理跟不上到达率，排查热路径耗时或降低到达率）
[peach_harvester-10] [WARN] [1790760792.958685243] [peach_scene_perception_node]: 感知 worker 满队丢帧累计 202（处理跟不上到达率，排查热路径耗时或降低到达率）
[peach_harvester-10] [WARN] [1790760793.252504328] [peach_scene_perception_node]: 感知 worker 满队丢帧累计 204（处理跟不上到达率，排查热路径耗时或降低到达率）
[peach_harvester-10] [WARN] [1790760793.508856688] [peach_scene_perception_node]: 感知 worker 满队丢帧累计 205（处理跟不上到达率，排查热路径耗时或降低到达率）
[peach_harvester-10] [WARN] [1790760793.617431180] [peach_scene_perception_node]: 感知 worker 满队丢帧累计 206（处理跟不上到达率，排查热路径耗时或降低到达率）
[peach_harvester-10] [WARN] [1790760793.766201973] [peach_scene_perception_node]: 感知 worker 满队丢帧累计 207（处理跟不上到达率，排查热路径耗时或降低到达率）
[peach_harvester-10] [WARN] [1790760794.026460836] [peach_scene_perception_node]: 感知 worker 满队丢帧累计 208（处理跟不上到达率，排查热路径耗时或降低到达率）
[peach_harvester-10] [WARN] [1790760794.183585268] [peach_scene_perception_node]: 感知 worker 满队丢帧累计 209（处理跟不上到达率，排查热路径耗时或降低到达率）
[peach_harvester-10] [WARN] [1790760794.334124855] [peach_scene_perception_node]: 感知 worker 满队丢帧累计 210（处理跟不上到达率，排查热路径耗时或降低到达率）
[peach_harvester-10] [WARN] [1790760794.478947659] [peach_scene_perception_node]: 感知 worker 满队丢帧累计 211（处理跟不上到达率，排查热路径耗时或降低到达率）
[peach_harvester-10] [INFO] [1790760794.618026813] [peach_scene_perception_node]: 目标注册表在册 1 个目标（累计注册 1、累计命中 133）
[peach_harvester-10] [WARN] [1790760794.622685431] [peach_scene_perception_node]: 感知 worker 满队丢帧累计 213（处理跟不上到达率，排查热路径耗时或降低到达率）
[peach_harvester-10] [WARN] [1790760794.812093419] [peach_scene_perception_node]: 感知 worker 满队丢帧累计 214（处理跟不上到达率，排查热路径耗时或降低到达率）
[peach_harvester-10] [WARN] [1790760794.953961122] [peach_scene_perception_node]: 感知 worker 满队丢帧累计 215（处理跟不上到达率，排查热路径耗时或降低到达率）
[peach_harvester-10] [WARN] [1790760795.086115179] [peach_scene_perception_node]: 感知 worker 满队丢帧累计 216（处理跟不上到达率，排查热路径耗时或降低到达率）
[peach_harvester-10] [WARN] [1790760795.398764424] [peach_scene_perception_node]: 感知 worker 满队丢帧累计 218（处理跟不上到达率，排查热路径耗时或降低到达率）
[peach_harvester-10] [WARN] [1790760795.578556173] [peach_scene_perception_node]: 感知 worker 满队丢帧累计 220（处理跟不上到达率，排查热路径耗时或降低到达率）
[peach_harvester-10] [WARN] [1790760795.832962711] [peach_scene_perception_node]: 感知 worker 满队丢帧累计 221（处理跟不上到达率，排查热路径耗时或降低到达率）
[peach_harvester-10] [WARN] [1790760795.984701238] [peach_scene_perception_node]: 感知 worker 满队丢帧累计 222（处理跟不上到达率，排查热路径耗时或降低到达率）
[peach_harvester-10] [WARN] [1790760796.106066769] [peach_scene_perception_node]: 感知 worker 满队丢帧累计 223（处理跟不上到达率，���查热路径耗时或降低到达率）
[peach_harvester-10] [WARN] [1790760796.242755229] [peach_scene_perception_node]: 感知 worker 满队丢帧累计 224（处理跟不上到达率，排查热路径耗时或降低到达率）
[peach_observability-12] [WARN] [1790760796.475059029] [peach_observability]: 自检[periodic] 12/18 通过，失败: camera_color_rate, camera_depth_rate，跳过: robot_status, imu_topic, model_files, vegetation_status
[peach_harvester-10] [WARN] [1790760796.510423962] [peach_scene_perception_node]: 感知 worker 满队丢帧累计 225（处理跟不上到达率，排查热路径耗时或降低到达率）
[peach_harvester-10] [WARN] [1790760796.629320719] [peach_scene_perception_node]: 感知 worker 满队丢帧累计 226（处理跟不上到达率，排查热路径耗时或降低到达率）
[peach_harvester-10] [WARN] [1790760796.760548152] [peach_scene_perception_node]: 感知 worker 满队丢帧累计 227（处理跟不上到达率，排查热路径耗时或降低到达率）
[peach_harvester-10] [WARN] [1790760797.023633133] [peach_scene_perception_node]: 感知 worker 满队丢帧累计 228（处理跟不上到达率，排查热路径耗时或降低到达率）
[peach_harvester-10] [WARN] [1790760797.194139566] [peach_scene_perception_node]: 感知 worker 满队丢帧累计 230（处理跟不上到达率，排查热路径耗时或降低到达率）
[peach_harvester-10] [WARN] [1790760797.339054078] [peach_scene_perception_node]: 感知 worker 满队丢帧累计 231（处理跟不上到达率，排查热路径耗时或降低到达率）
[peach_harvester-10] [WARN] [1790760797.493788447] [peach_scene_perception_node]: 感知 worker 满队丢帧累计 232（处理跟不上到达率，排查热路径耗时或降低到达率）
[peach_harvester-10] [WARN] [1790760797.654184800] [peach_scene_perception_node]: 感知 worker 满队丢帧累计 233（处理跟不上到达率，排查热路径耗时或降低到达率）
[peach_harvester-10] [WARN] [1790760797.827331124] [peach_scene_perception_node]: 感知 worker 满队丢帧累计 235（处理跟不上到达率，排查热路径耗时或降低到达率）
[peach_harvester-10] [WARN] [1790760797.960998331] [peach_scene_perception_node]: 感知 worker 满队丢帧累计 236（处理跟不上到达率，排查热路径耗时或降低到达率）
[peach_harvester-10] [WARN] [1790760798.106283877] [peach_scene_perception_node]: 感知 worker 满队丢帧累计 237（处理跟不上到达率，排查热路径耗时或降低到达率）
[stereo_camera_node-1] [INFO] [1790760798.367936874] [camera.peach_stereo_camera_node]: groups=400 published=400 rate=13.7 gps drop(stream=0 incomplete=0 nostamp=0 depth=0)
[peach_harvester-10] [WARN] [1790760798.509334714] [peach_scene_perception_node]: 感知 worker 满队丢帧累计 239（处理跟不上到达率，排查热路径耗时或降低到达率）
[peach_harvester-10] [WARN] [1790760798.672737423] [peach_scene_perception_node]: 感知 worker 满队丢帧累计 240（处理跟不上到达率，排查热路径耗时或降低到达率）
[peach_harvester-10] [WARN] [1790760798.819978674] [peach_scene_perception_node]: 感知 worker 满队丢帧累计 241（处理跟不上到达率，���查热路径耗时或降低到达率）
[peach_harvester-10] [WARN] [1790760798.961311817] [peach_scene_perception_node]: 感知 worker 满队丢帧累计 243（处理跟不上到达率，排查热路径耗时或降低到达率）
[peach_harvester-10] [WARN] [1790760799.250740680] [peach_scene_perception_node]: 感知 worker 满队丢帧累计 244（处理跟不上到达率，排查热路径耗时或降低到达率）
[peach_harvester-10] [WARN] [1790760799.404478549] [peach_scene_perception_node]: 感知 worker 满队丢帧累计 245（处理跟不上到达率，排查热路径耗时或降低到达率）
[peach_harvester-10] [WARN] [1790760799.564985181] [peach_scene_perception_node]: 感知 worker 满队丢帧累计 247（处理跟不上到达率，排查热路径耗时或降低到达率）
[peach_harvester-10] [WARN] [1790760799.738809194] [peach_scene_perception_node]: 感知 worker 满队丢帧累计 248（处理跟不上到达率，排查热路径耗时或降低到达率）
[peach_harvester-10] [WARN] [1790760799.912173017] [peach_scene_perception_node]: 感知 worker 满队丢帧累计 249（处理跟不上到达率，排查热路径耗时或降低到达率）
[peach_harvester-10] [WARN] [1790760800.039185256] [peach_scene_perception_node]: 感知 worker 满队丢帧累计 250（处理跟不上到达率，排查热路径耗时或降低到达率）
[peach_harvester-10] [WARN] [1790760800.331664633] [peach_scene_perception_node]: 感知 worker 满队丢帧累计 252（处理跟不上到达率，排查热路径耗时或降低到达率）
[peach_harvester-10] [WARN] [1790760800.504332365] [peach_scene_perception_node]: 感知 worker 满队丢帧累计 253（处理跟不上到达率，排查热路径耗时或降低到达率）
[peach_harvester-10] [WARN] [1790760800.677788330] [peach_scene_perception_node]: 感知 worker 满队丢帧累计 254（处理跟不上到达率，排查热路径耗时或降低到达率）
[peach_harvester-10] [WARN] [1790760800.827746674] [peach_scene_perception_node]: 感知 worker 满队丢帧累计 255（处理跟不上到达率，排查热路径耗时或降低到达率）
[peach_harvester-10] [WARN] [1790760801.006320425] [peach_scene_perception_node]: 感知 worker 满队丢帧累计 256（处理跟不上到达率，排查热路径耗时或降低到达率）
[peach_harvester-10] [WARN] [1790760801.159507863] [peach_scene_perception_node]: 感知 worker 满队丢帧累计 258（处理跟不上到达率，排查热路径耗时或降低到达率）
[peach_harvester-10] [WARN] [1790760801.294415380] [peach_scene_perception_node]: 感知 worker 满队丢帧累计 259（处理跟不上到达率，排查热路径耗时或降低到达率）
[peach_harvester-10] [WARN] [1790760801.452109246] [peach_scene_perception_node]: 感知 worker 满队丢帧累计 260（处理跟不上到达率，排查热路径耗时或降低到达率）
[peach_harvester-10] [WARN] [1790760801.599086273] [peach_scene_perception_node]: 感知 worker 满队丢帧累计 261（处理跟不上到达率，排查热路径耗时或降低到达率）
[peach_harvester-10] [WARN] [1790760801.753850818] [peach_scene_perception_node]: 感知 worker 满队丢帧累计 262（处理跟不上到达率，排查热路径耗时或降低到达率）
[peach_harvester-10] [WARN] [1790760801.914032522] [peach_scene_perception_node]: 感知 worker 满队丢帧累计 264（处理跟不上到达率，排查热路径耗时或降低到达率）
[peach_harvester-10] [WARN] [1790760802.120204288] [peach_scene_perception_node]: 感知 worker 满队丢帧累计 265（处理跟不上到达率，排查热路径耗时或降低到达率）
[peach_harvester-10] [WARN] [1790760802.263655138] [peach_scene_perception_node]: 感知 worker 满队丢帧累计 266（处理跟不上到达率，排查热路径耗时或降低到达率）
[peach_harvester-10] [WARN] [1790760802.383665826] [peach_scene_perception_node]: 感知 worker 满队丢帧累计 267（处理跟不上到达率，排查热路径耗时或降低到达率）
[peach_harvester-10] [WARN] [1790760802.543492148] [peach_scene_perception_node]: 感知 worker 满队丢帧累计 268（处理跟不上到达率，排查热路径耗时或降低到达率）
[peach_harvester-10] [WARN] [1790760802.689372249] [peach_scene_perception_node]: 感知 worker 满队丢帧累计 269（处理跟不上到达率，排查热路径耗时或降低到达率）
[peach_harvester-10] [WARN] [1790760802.838208578] [peach_scene_perception_node]: 感知 worker 满队丢帧累计 270（处理跟不上到达率，排查热路径耗时或降低到达率）
[peach_harvester-10] [WARN] [1790760802.983699701] [peach_scene_perception_node]: 感知 worker 满队丢帧累计 271（处理跟不上到达率，排查热路径耗时或降低到达率）
[peach_harvester-10] [WARN] [1790760803.139581465] [peach_scene_perception_node]: 感知 worker 满队丢帧累计 272（处理跟不上到达率，排查热路径耗时或降低到达率）
[peach_harvester-10] [WARN] [1790760803.304017618] [peach_scene_perception_node]: 感知 worker 满队丢帧累计 274（处理跟不上到达率，排查热路径耗时或降低到达率）
[peach_harvester-10] [WARN] [1790760803.565843100] [peach_scene_perception_node]: 感知 worker 满队丢帧累计 275（处理跟不上到达率，排查热路径耗时或降低到达率）
[peach_harvester-10] [WARN] [1790760803.741236926] [peach_scene_perception_node]: 感知 worker 满队丢帧累计 276（处理跟不上到达率，排查热路径耗时或降低到达率）
[peach_harvester-10] [WARN] [1790760803.912169846] [peach_scene_perception_node]: 感知 worker 满队丢帧累计 278（处理跟不上到达率，排查热路径耗时或降低到达率）
[peach_harvester-10] [WARN] [1790760804.208160467] [peach_scene_perception_node]: 感知 worker 满队丢帧累计 279（处理跟不上到达率，排查热路径耗时或降低到达率）
[peach_harvester-10] [WARN] [1790760804.384006455] [peach_scene_perception_node]: 感知 worker 满队丢帧累计 282（处理跟不上到达率，排查热路径耗时或降低到达率）
[peach_harvester-10] [WARN] [1790760804.571938538] [peach_scene_perception_node]: 感知 worker 满队丢帧累计 283（处理跟不上到达率，排查热路径耗时或降低到达率）
[peach_harvester-10] [INFO] [1790760804.716967922] [peach_scene_perception_node]: 目标注册表在册 1 个目标（累计注册 1、累计命中 200）
[peach_harvester-10] [WARN] [1790760804.719398425] [peach_scene_perception_node]: 感知 worker 满队丢帧累计 284（处理跟不上到达率，排查热路径耗时或降低到达率）
[peach_harvester-10] [WARN] [1790760804.878098231] [peach_scene_perception_node]: 感知 worker 满队丢帧累计 285（处理跟不上到达率，排查热路径耗时或降低到达率）
[peach_harvester-10] [WARN] [1790760805.022964503] [peach_scene_perception_node]: 感知 worker 满队丢帧累计 286（处理跟不上到达率，排查热路径耗时或降低到达率）
[peach_harvester-10] [WARN] [1790760805.178843092] [peach_scene_perception_node]: 感知 worker 满队丢帧累计 288（处理跟不上到达率，排查热路径耗时或降低到达率）
[peach_harvester-10] [WARN] [1790760805.393069970] [peach_scene_perception_node]: 感知 worker 满队丢帧累计 290（处理跟不上到达率，排查热路径耗时或降低到达率）
[peach_harvester-10] [WARN] [1790760805.551901380] [peach_scene_perception_node]: 感知 worker 满队丢帧累计 291（处理跟不上到达率，排查热路径耗时或降低到达率）
[stereo_camera_node-1] [INFO] [1790760805.668310119] [camera.peach_stereo_camera_node]: groups=500 published=500 rate=13.7 gps drop(stream=0 incomplete=0 nostamp=0 depth=0)
[peach_harvester-10] [WARN] [1790760805.683300571] [peach_scene_perception_node]: 感知 worker 满队丢帧累计 292（处理跟不上到达率，排查热路径耗时或降低到达率）
[peach_harvester-10] [WARN] [1790760806.349205771] [peach_scene_perception_node]: 感知 worker 满队丢帧累计 299（处理跟不上到达率，排查热路径耗时或降低到达率）
[peach_harvester-10] [WARN] [1790760806.506987885] [peach_scene_perception_node]: 感知 worker 满队丢帧累计 300（处理跟不上到达率，排查热路径耗时或降低到达率）
[peach_harvester-10] [WARN] [1790760806.631311252] [peach_scene_perception_node]: 感知 worker 满队丢帧累计 301（处理跟不上到达率，排查热路径耗时或降低到达率）
[peach_harvester-10] [WARN] [1790760806.801751746] [peach_scene_perception_node]: 感知 worker 满队丢帧累计 302（处理跟不上到达率，排查热路径耗时或降低到达率）
[peach_harvester-10] [WARN] [1790760806.954278274] [peach_scene_perception_node]: 感知 worker 满队丢帧累计 303（处理跟不上到达率，排查热路径耗时或降低到达率）
[peach_harvester-10] [WARN] [1790760807.112229345] [peach_scene_perception_node]: 感知 worker 满队丢帧累计 305（处理跟不上到达率，排查热路径耗时或降低到达率）
[peach_harvester-10] [WARN] [1790760807.267814173] [peach_scene_perception_node]: 感知 worker 满队丢帧累计 306（处理跟不上到达率，排查热路径耗时或降低到达率）
[peach_harvester-10] [WARN] [1790760807.462988034] [peach_scene_perception_node]: 感知 worker 满队丢帧累计 307（处理跟不上到达率，排查热路径耗时或降低到达率）
[peach_harvester-10] [WARN] [1790760807.614247412] [peach_scene_perception_node]: 感知 worker 满队丢帧累计 309（处理跟不上到达率，排查热路径耗时或降低到达率）
[peach_harvester-10] [WARN] [1790760807.902880708] [peach_scene_perception_node]: 感知 worker 满队丢帧累计 311（处理跟不上到达率，排查热路径耗时或降低到达率）
[peach_harvester-10] [WARN] [1790760808.060423142] [peach_scene_perception_node]: 感知 worker 满队丢帧累计 312（处理跟不上到达率，排查热路径耗时或降低到达率）
[peach_harvester-10] [WARN] [1790760808.342060558] [peach_scene_perception_node]: 感知 worker 满队丢帧累计 314（处理跟不上到达率，排查热路径耗时或降低到达率）
[peach_harvester-10] [WARN] [1790760808.528894875] [peach_scene_perception_node]: 感知 worker 满队丢帧累计 315（处理跟不上到达率，排查热路径耗时或降低到达率）
[peach_harvester-10] [WARN] [1790760808.695207199] [peach_scene_perception_node]: 感知 worker 满队丢帧累计 317（处理跟不上到达率，排查热路径耗时或降低到达率）
[peach_harvester-10] [WARN] [1790760808.862394800] [peach_scene_perception_node]: 感知 worker 满队丢帧累计 318（处理跟不上到达率，排查热路径耗时或降低到达率）
[peach_harvester-10] [WARN] [1790760809.016677173] [peach_scene_perception_node]: 感知 worker 满队丢帧累计 319（处理跟不上到达率，排查热路径耗时或降低到达率）
[peach_harvester-10] [WARN] [1790760809.159421210] [peach_scene_perception_node]: 感知 worker 满队丢帧累计 320（处理跟不上到达率，排查热路径耗时或降低到达率）
[peach_harvester-10] [WARN] [1790760809.318922006] [peach_scene_perception_node]: 感知 worker 满队丢帧累计 321（处理跟不上到达率，排查热路径耗时或降低到达率）
[peach_harvester-10] [WARN] [1790760809.455986535] [peach_scene_perception_node]: 感知 worker 满队丢帧累计 323（处理跟不上到达率，排查热路径耗时或降低到达率）
[peach_harvester-10] [WARN] [1790760809.601852259] [peach_scene_perception_node]: 感知 worker 满队丢帧累计 324（处理跟不上到达率，排查热路径耗时或降低到达率）
[peach_harvester-10] [WARN] [1790760809.758372571] [peach_scene_perception_node]: 感知 worker 满队丢帧累计 325（处理跟不上到达率，排查热路径耗时或降低到达率）
[peach_harvester-10] [WARN] [1790760809.923350570] [peach_scene_perception_node]: 感知 worker 满队丢帧累计 326（处理跟不上到达率，排查热路径耗时或降低到达率）
[peach_harvester-10] [WARN] [1790760810.082388006] [peach_scene_perception_node]: 感知 worker 满队丢帧累计 327（处理跟不上到达率，排查热路径耗时或降低到达率）
[peach_harvester-10] [WARN] [1790760810.279137949] [peach_scene_perception_node]: 感知 worker 满队丢帧累计 329（处理跟不上到达率，排查热路径耗时或降低到达率）
[peach_harvester-10] [WARN] [1790760810.467152409] [peach_scene_perception_node]: 感知 worker 满队丢帧累计 331（处理跟不上到达率，排查热路径耗时或降低到达率）
[peach_harvester-10] [WARN] [1790760810.684514864] [peach_scene_perception_node]: 感知 worker 满队丢帧累计 332（处理跟不上到达率，排查热路径耗时或降低到达率）
[peach_harvester-10] [WARN] [1790760810.822663446] [peach_scene_perception_node]: 感知 worker 满队丢帧累计 333（处理跟不上到达率，排查热路径耗时或降低到达率）
[peach_harvester-10] [WARN] [1790760810.988665103] [peach_scene_perception_node]: 感知 worker 满队丢帧累计 334（处理跟不上到达率，排查热路径耗时或降低到达率）
[peach_harvester-10] [WARN] [1790760811.173030829] [peach_scene_perception_node]: 感知 worker 满队丢帧累计 336（处理跟不上到达率，排查热路径耗时或降低到达率）
[peach_harvester-10] [WARN] [1790760811.439107834] [peach_scene_perception_node]: 感知 worker 满队丢帧累计 338（处理跟不上到达率，排查热路径耗时或降低到达率）
[peach_harvester-10] [WARN] [1790760811.604923206] [peach_scene_perception_node]: 感知 worker 满队丢帧累计 339（处理跟不上到达率，排查热路径耗时或降低到达率）
[peach_harvester-10] [WARN] [1790760811.787815668] [peach_scene_perception_node]: 感知 worker 满队丢帧累计 340（处理跟不上到达率，排查热路径耗时或降低到达率）
[peach_harvester-10] [WARN] [1790760811.956280171] [peach_scene_perception_node]: 感知 worker 满队丢帧累计 342（处理跟不上到达率，排查热路径耗时或降低到达率）
[peach_harvester-10] [WARN] [1790760812.106735567] [peach_scene_perception_node]: 感知 worker 满队丢帧累计 343（处理跟不上到达率，排查热路径耗时或降低到达率）
[peach_harvester-10] [WARN] [1790760812.282620776] [peach_scene_perception_node]: 感知 worker 满队丢帧累计 344（处理跟不上到达率，排查热路径耗时或降低到达率）
[peach_harvester-10] [WARN] [1790760812.437614104] [peach_scene_perception_node]: 感知 worker 满队丢帧累计 345（处理跟不上到达率，排查热路径耗时或降低到达率）
[peach_harvester-10] [WARN] [1790760812.620166711] [peach_scene_perception_node]: 感知 worker 满队丢帧累计 347（处理跟不上到达率，排查热路径耗时或降低到达率）
[peach_harvester-10] [WARN] [1790760812.812054333] [peach_scene_perception_node]: 感知 worker 满队丢帧累计 348（处理跟不上到达率，排查热路径耗时或降低到达率）
[stereo_camera_node-1] [INFO] [1790760812.888691197] [camera.peach_stereo_camera_node]: groups=600 published=600 rate=13.7 gps drop(stream=0 incomplete=0 nostamp=0 depth=0)
[peach_harvester-10] [WARN] [1790760812.988243292] [peach_scene_perception_node]: 感知 worker 满队丢帧累计 350（处理跟不上到达率，���查热路径耗时或降低到达率）
[peach_harvester-10] [WARN] [1790760813.173888006] [peach_scene_perception_node]: 感知 worker 满队丢帧累计 351（处理跟不上到达率，排查热路径耗时或降低到达率）
[peach_harvester-10] [WARN] [1790760813.334008251] [peach_scene_perception_node]: 感知 worker 满队丢帧累计 352（处理跟不上到达率，排查热路径耗时或降低到达率）
[peach_harvester-10] [WARN] [1790760813.489255258] [peach_scene_perception_node]: 感知 worker 满队丢帧累计 354（处理跟不上到达率，排查热路径耗时或降低到达率）
[peach_harvester-10] [WARN] [1790760813.839901508] [peach_scene_perception_node]: 感知 worker 满队丢帧累计 357（处理跟不上到达率，排查热路径耗时或降低到达率）
[peach_harvester-10] [WARN] [1790760814.024540889] [peach_scene_perception_node]: 感知 worker 满队丢帧累计 358（处理跟不上到达率，排查热路径耗时或降低到达率）
[peach_harvester-10] [WARN] [1790760814.193727839] [peach_scene_perception_node]: 感知 worker 满队丢帧累计 360（处理跟不上到达率，排查热路径耗时或降低到达率）
[peach_harvester-10] [WARN] [1790760814.372610615] [peach_scene_perception_node]: 感知 worker 满队丢帧累计 361（处理跟不上到达率，排查热路径耗时或降低到达率）
[peach_harvester-10] [WARN] [1790760814.523502901] [peach_scene_perception_node]: 感知 worker 满队丢帧累计 362（处理跟不上到达率，排查热路径耗时或降低到达率）
[peach_harvester-10] [WARN] [1790760814.653177621] [peach_scene_perception_node]: 感知 worker 满队丢帧累计 363（处理跟不上到达率，���查热路径耗时或降低到达率）
[peach_harvester-10] [INFO] [1790760814.858013296] [peach_scene_perception_node]: 目标注册表在册 1 个目标（累计注册 1、累计命中 260）
[peach_harvester-10] [WARN] [1790760814.863609313] [peach_scene_perception_node]: 感知 worker 满队丢帧累计 365（处理跟不上到达率，排查热路径耗时或降低到达率）
[peach_harvester-10] [WARN] [1790760815.036093360] [peach_scene_perception_node]: 感知 worker 满队丢帧累计 367（处理跟不上到达率，排查热路径耗时或降低到达率）
[peach_harvester-10] [WARN] [1790760815.209601878] [peach_scene_perception_node]: 感知 worker 满队丢帧累计 368（处理跟不上到达率，排查热路径耗时或降低到达率）
[peach_harvester-10] [WARN] [1790760815.353771844] [peach_scene_perception_node]: 感知 worker 满队丢帧累计 369（处理跟不上到达率，排查热路径耗时或降低到达率）
[peach_harvester-10] [WARN] [1790760815.497280226] [peach_scene_perception_node]: 感知 worker 满队丢帧累计 370（处理跟不上到达率，排查热路径耗时或降低到达率）
[peach_harvester-10] [WARN] [1790760815.620688311] [peach_scene_perception_node]: 感知 worker 满队丢帧累计 371（处理跟不上到达率，排查热路径耗时或降低到达率）
[peach_harvester-10] [WARN] [1790760815.759197222] [peach_scene_perception_node]: 感知 worker 满队丢帧累计 372（处理跟不上到达率，排查热路径耗时或降低到达率）
[peach_harvester-10] [WARN] [1790760815.898690552] [peach_scene_perception_node]: 感知 worker 满队丢帧累计 373（处理跟不上到达率，排查热路径耗时或降低到达率）
[peach_harvester-10] [WARN] [1790760816.221440340] [peach_scene_perception_node]: 感知 worker 满队丢帧累计 375（处理跟不上到达率，���查热路径耗时或降低到达率）
[peach_harvester-10] [WARN] [1790760816.389500524] [peach_scene_perception_node]: 感知 worker 满队丢帧累计 377（处理跟不上到达率，排查热路径耗时或降低到达率）
[peach_harvester-10] [WARN] [1790760816.707813810] [peach_scene_perception_node]: 感知 worker 满队丢帧累计 379（处理跟不上到达率，排查热路径耗时或降低到达率）
[peach_harvester-10] [WARN] [1790760816.839214011] [peach_scene_perception_node]: 感知 worker 满队丢帧累计 380（处理跟不上到达率，排查热路径耗时或降低到达率）
[peach_harvester-10] [WARN] [1790760817.021970315] [peach_scene_perception_node]: 感知 worker 满队丢帧累计 381（处理跟不上到达率，排查热路径耗时或降低到达率）
[peach_harvester-10] [WARN] [1790760817.207190731] [peach_scene_perception_node]: 感知 worker 满队丢帧累计 383（处理跟不上到达率，排查热路径耗时或降低到达率）
[peach_harvester-10] [WARN] [1790760817.374042239] [peach_scene_perception_node]: 感知 worker 满队丢帧累计 384（处理跟不上到达率，排查热路径耗时或降低到达率）
[peach_harvester-10] [WARN] [1790760817.533972077] [peach_scene_perception_node]: 感知 worker 满队丢帧累计 385（处理跟不上到达率，排查热路径耗时或降低到达率）
[peach_harvester-10] [WARN] [1790760817.674165075] [peach_scene_perception_node]: 感知 worker 满队丢帧累计 386（处理跟不上到达率，排查热路径耗时或降低到达率）
[peach_harvester-10] [WARN] [1790760817.814721462] [peach_scene_perception_node]: 感知 worker 满队丢帧累计 387（处理跟不上到达率，排查热路径耗时或降低到达率）
[peach_harvester-10] [WARN] [1790760817.968333353] [peach_scene_perception_node]: 感知 worker 满队丢帧累计 388（处理跟不上到达率，排查热路径耗时或降低到达率）
[peach_harvester-10] [WARN] [1790760818.127526483] [peach_scene_perception_node]: 感知 worker 满队丢帧累计 389（处理跟不上到达率，排查热路径耗时或降低到达率）
[peach_harvester-10] [WARN] [1790760818.264082703] [peach_scene_perception_node]: 感知 worker 满队丢帧累计 390（处理跟不上到达率，排查热路径耗时或降低到达率）
[peach_harvester-10] [WARN] [1790760818.410572193] [peach_scene_perception_node]: 感知 worker 满队丢帧累计 391（处理跟不上到达率，排查热路径耗时或降低到达率）
[peach_harvester-10] [WARN] [1790760818.561208973] [peach_scene_perception_node]: 感知 worker 满队丢帧累计 392（处理跟不上到达率，排查热路径耗时或降低到达率）
[peach_harvester-10] [WARN] [1790760818.700696844] [peach_scene_perception_node]: 感知 worker 满队丢帧累计 393（处理跟不上到达率，排查热路径耗时或降低到达率）
[peach_harvester-10] [WARN] [1790760818.859072464] [peach_scene_perception_node]: 感知 worker 满队丢帧累计 394（处理跟不上到达率，排查热路径耗时或降低到达率）
[peach_harvester-10] [WARN] [1790760819.153826311] [peach_scene_perception_node]: 感知 worker 满队丢帧累计 396（处理跟不上到达率，排查热路径耗时或降低到达率）
[peach_harvester-10] [WARN] [1790760819.418012768] [peach_scene_perception_node]: 感知 worker 满队丢帧累计 399（处理跟不上到达率，排查热路径耗时或降低到达率）
[peach_harvester-10] [WARN] [1790760819.597827205] [peach_scene_perception_node]: 感知 worker 满队丢帧累计 400（处理跟不上到达率，排查热路径耗时或降低到达率）
[peach_harvester-10] [WARN] [1790760819.772144693] [peach_scene_perception_node]: 感知 worker 满队丢帧累计 402（处理跟不上到达率，排查热路径耗时或降低到达率）
[peach_harvester-10] [WARN] [1790760819.932993351] [peach_scene_perception_node]: 感知 worker 满队丢帧累计 403（处理跟不上到达率，排查热路径耗时或降低到达率）
[peach_harvester-10] [WARN] [1790760820.083475646] [peach_scene_perception_node]: 感知 worker 满队丢帧累计 404（处理跟不上到达率，排查热路径耗时或降低到达率）
[stereo_camera_node-1] [INFO] [1790760820.129471985] [camera.peach_stereo_camera_node]: groups=700 published=700 rate=13.7 gps drop(stream=0 incomplete=0 nostamp=0 depth=0)
[peach_harvester-10] [WARN] [1790760820.246529450] [peach_scene_perception_node]: 感知 worker 满队丢帧累计 405（处理跟不上到达率，排查热路径耗时或降低到达率）
[peach_harvester-10] [WARN] [1790760820.407874008] [peach_scene_perception_node]: 感知 worker 满队丢帧累计 406（处理跟不上到达率，排查热路径耗时或降低到达率）
[peach_harvester-10] [WARN] [1790760820.543937321] [peach_scene_perception_node]: 感知 worker 满队丢帧累计 407（处理跟不上到达率，排查热路径耗时或降低到达率）
[peach_harvester-10] [WARN] [1790760820.702726309] [peach_scene_perception_node]: 感知 worker 满队丢帧累计 408（处理跟不上到达率，排查热路径耗时或降低到达率）
[peach_harvester-10] [WARN] [1790760820.978029103] [peach_scene_perception_node]: 感知 worker 满队丢帧累计 410（处理跟不上到达率，排查热路径耗时或降低到达率）
[peach_harvester-10] [WARN] [1790760821.112768469] [peach_scene_perception_node]: 感知 worker 满队丢帧累计 411（处理跟不上到达率，排查热路径耗时或降低到达率）
[peach_harvester-10] [WARN] [1790760821.269682178] [peach_scene_perception_node]: 感知 worker 满队丢帧累计 412（处理跟不上到达率，排查热路径耗时或降低到达率）
[peach_harvester-10] [WARN] [1790760821.433343739] [peach_scene_perception_node]: 感知 worker 满队丢帧累计 413（处理跟不上到达率，排查热路径耗时或降低到达率）
[peach_harvester-10] [WARN] [1790760821.591387139] [peach_scene_perception_node]: 感知 worker 满队丢帧累计 415（处理跟不上到达率，排查热路径耗时或降低到达率）
[peach_harvester-10] [WARN] [1790760821.870375455] [peach_scene_perception_node]: 感知 worker 满队丢帧累计 417（处理跟不上到达率，排查热路径耗时或降低到达率）
[peach_harvester-10] [WARN] [1790760822.027201857] [peach_scene_perception_node]: 感知 worker 满队丢帧累计 418（处理跟不上到达率，排查热路径耗时或降低到达率）
[peach_harvester-10] [WARN] [1790760822.184261393] [peach_scene_perception_node]: 感知 worker 满队丢帧累计 419（处理跟不上到达率，排查热路径耗时或降低到达率）
[peach_harvester-10] [WARN] [1790760822.489350501] [peach_scene_perception_node]: 感知 worker 满队丢帧累计 421（处理跟不上到达率，排查热路径耗时或降低到达率）
[peach_harvester-10] [WARN] [1790760822.634565807] [peach_scene_perception_node]: 感知 worker 满队丢帧累计 422（处理跟不上到达率，排查热路径耗时或降低到达率）
[peach_harvester-10] [WARN] [1790760822.797815847] [peach_scene_perception_node]: 感知 worker 满队丢帧累计 423（处理跟不上到达率，排查热路径耗时或降低到达率）
[peach_harvester-10] [WARN] [1790760822.926229181] [peach_scene_perception_node]: 感知 worker 满队丢帧累计 424（处理跟不上到达率，排查热路径耗时或降低到达率）
[peach_harvester-10] [WARN] [1790760823.051247189] [peach_scene_perception_node]: 感知 worker 满队丢帧累计 425（处理跟不上到达率，排查热路径耗时或降低到达率）
[peach_harvester-10] [WARN] [1790760823.208014196] [peach_scene_perception_node]: 感知 worker 满队丢帧累计 426（处理跟不上到达率，排查热路径耗时或降低到达率）
[peach_harvester-10] [WARN] [1790760823.372365794] [peach_scene_perception_node]: 感知 worker 满队丢帧累计 427（处理跟不上到达率，排查热路径耗时或降低到达率）
[peach_harvester-10] [WARN] [1790760823.527681907] [peach_scene_perception_node]: 感知 worker 满队丢帧累计 428（处理跟不上到达率，排查热路径耗时或降低到达率）
[peach_harvester-10] [WARN] [1790760823.673495680] [peach_scene_perception_node]: 感知 worker 满队丢帧累计 430（处理跟不上到达率，排查热路径耗时或降低到达率）
[peach_harvester-10] [WARN] [1790760823.931110858] [peach_scene_perception_node]: 感知 worker 满队丢帧累计 431（处理跟不上到达率，排查热路径耗时或降低到达率）
[peach_harvester-10] [WARN] [1790760824.081245431] [peach_scene_perception_node]: 感知 worker 满队丢帧累计 432（处理跟不上到达率，排查热路径耗时或降低到达率）
[peach_harvester-10] [WARN] [1790760824.238630762] [peach_scene_perception_node]: 感知 worker 满队丢帧累计 433（处理跟不上到达率，排查热路径耗时或降低到达率）
[peach_harvester-10] [WARN] [1790760824.523476579] [peach_scene_perception_node]: 感知 worker 满队丢帧累计 435（处理跟不上到达率，排查热路径耗时或降低到达率）
[peach_harvester-10] [WARN] [1790760824.857883601] [peach_scene_perception_node]: 感知 worker 满队丢帧累计 438（处理跟不上到达率，排查热路径耗时或降低到达率）
[peach_harvester-10] [INFO] [1790760824.984522272] [peach_scene_perception_node]: 目标注册表在册 1 个目标（累计注册 1、累计命中 326）
[peach_harvester-10] [WARN] [1790760824.994706571] [peach_scene_perception_node]: 感知 worker 满队丢帧累计 439（处理跟不上到达率，排查热路径耗时或降低到达率）
[peach_harvester-10] [WARN] [1790760825.176653476] [peach_scene_perception_node]: 感知 worker 满队丢帧累计 440（处理跟不上到达率，排查热路径耗时或降低到达率）
[peach_harvester-10] [WARN] [1790760825.381590251] [peach_scene_perception_node]: 感知 worker 满队丢帧累计 442（处理跟不上到达率，排查热路径耗时或降低到达率）
[peach_harvester-10] [WARN] [1790760825.533267895] [peach_scene_perception_node]: 感知 worker 满队丢帧累计 443（处理跟不上到达率，排查热路径耗时或降低到达率）
[peach_harvester-10] [WARN] [1790760825.714243626] [peach_scene_perception_node]: 感知 worker 满队丢帧累计 445（处理跟不上到达率，排查热路径耗时或降低到达率）
[peach_harvester-10] [WARN] [1790760825.845039703] [peach_scene_perception_node]: 感知 worker 满队丢帧累计 446（处理跟不上到达率，排查热路径耗时或降低到达率）
[peach_harvester-10] [WARN] [1790760825.983852725] [peach_scene_perception_node]: 感知 worker 满队丢帧累计 447（处理跟不上到达率，排查热路径耗时或降低到达率）
[peach_harvester-10] [WARN] [1790760826.118499730] [peach_scene_perception_node]: 感知 worker 满队丢帧累计 448（处理跟不上到达率，排查热路径耗时或降低到达率）
[peach_harvester-10] [WARN] [1790760826.416653066] [peach_scene_perception_node]: 感知 worker 满队丢帧累计 450（处理跟不上到达率，排查热路径耗时或降低到达率）
[peach_observability-12] [WARN] [1790760826.476108926] [peach_observability]: 自检[periodic] 12/18 通过，失败: camera_color_rate, camera_depth_rate，跳过: robot_status, imu_topic, model_files, vegetation_status
[peach_harvester-10] [WARN] [1790760826.749495304] [peach_scene_perception_node]: 感知 worker 满队丢帧累计 452（处理跟不上到达率，排查热路径耗时或降低到达率）
[peach_harvester-10] [WARN] [1790760826.903411612] [peach_scene_perception_node]: 感知 worker 满队丢帧累计 453（处理跟不上到达率，排查热路径耗时或降低到达率）
[peach_harvester-10] [WARN] [1790760827.053319726] [peach_scene_perception_node]: 感知 worker 满队丢帧累计 454（处理跟不上到达率，���查热路径耗时或降低到达率）
[peach_harvester-10] [WARN] [1790760827.188445043] [peach_scene_perception_node]: 感知 worker 满队丢帧累计 455（处理跟不上到达率，排查热路径耗时或降低到达率）
[peach_harvester-10] [WARN] [1790760827.329818381] [peach_scene_perception_node]: 感知 worker 满队丢帧累计 456（处理跟不上到达率，排查热路径耗时或降低到达率）
[stereo_camera_node-1] [INFO] [1790760827.335269601] [camera.peach_stereo_camera_node]: groups=800 published=800 rate=13.8 gps drop(stream=0 incomplete=0 nostamp=0 depth=0)
[peach_harvester-10] [WARN] [1790760827.473531586] [peach_scene_perception_node]: 感知 worker 满队丢帧累计 457（处理跟不上到达率，排查热路径耗时或降低到达率）
[peach_harvester-10] [WARN] [1790760827.627656237] [peach_scene_perception_node]: 感知 worker 满队丢帧累计 458（处理跟不上到达率，排查热路径耗时或降低到达率）
[peach_harvester-10] [WARN] [1790760827.793009419] [peach_scene_perception_node]: 感知 worker 满队丢帧累计 460（处理跟不上到达率，���查热路径耗时或降低到达率）
[peach_harvester-10] [WARN] [1790760827.991030144] [peach_scene_perception_node]: 感知 worker 满队丢帧累计 461（处理跟不上到达率，排查热路径耗时或降低到达率）
[peach_harvester-10] [WARN] [1790760828.134774701] [peach_scene_perception_node]: 感知 worker 满队丢帧累计 462（处理跟不上到达率，排查热路径耗时或降低到达率）
[peach_harvester-10] [WARN] [1790760828.334233110] [peach_scene_perception_node]: 感知 worker 满队丢帧累计 464（处理跟不上到达率，排查热路径耗时或降低到达率）
[peach_harvester-10] [WARN] [1790760828.468741955] [peach_scene_perception_node]: 感知 worker 满队丢帧累计 465（处理跟不上到达率，排查热路径耗时或降低到达率）
[peach_harvester-10] [WARN] [1790760828.603797593] [peach_scene_perception_node]: 感知 worker 满队丢帧累计 466（处理跟不上到达率，排查热路径耗时或降低到达率）
[peach_harvester-10] [WARN] [1790760828.901291798] [peach_scene_perception_node]: 感知 worker 满队丢帧累计 468（处理跟不上到达率，排查热路径耗时或降低到达率）
[peach_harvester-10] [WARN] [1790760829.061669708] [peach_scene_perception_node]: 感知 worker 满队丢帧累计 469（处理跟不上到达率，排查热路径耗时或降低到达率）
[peach_harvester-10] [WARN] [1790760829.218619812] [peach_scene_perception_node]: 感知 worker 满队丢帧累计 470（处理跟不上到达率，排查热路径耗时或降低到达率）
[peach_harvester-10] [WARN] [1790760829.346723219] [peach_scene_perception_node]: 感知 worker 满队丢帧累计 471（处理跟不上到达率，排查热路径耗时或降低到达率）
[peach_harvester-10] [WARN] [1790760829.504263016] [peach_scene_perception_node]: 感知 worker 满队丢帧累计 472（处理跟不上到达率，排查热路径耗时或降低到达率）
[peach_harvester-10] [WARN] [1790760829.733000018] [peach_scene_perception_node]: 感知 worker 满队丢帧累计 474（处理跟不上到达率，排查热路径耗时或降低到达率）
[peach_harvester-10] [WARN] [1790760829.916411755] [peach_scene_perception_node]: 感知 worker 满队丢帧累计 476（处理跟不上到达率，排查热路径耗时或降低到达率）
[peach_harvester-10] [WARN] [1790760830.073512189] [peach_scene_perception_node]: 感知 worker 满队丢帧累计 477（处理跟不上到达率，���查热路径耗时或降低到达率）
[peach_harvester-10] [WARN] [1790760830.228007260] [peach_scene_perception_node]: 感知 worker 满队丢帧累计 478（处理跟不上到达率，排查热路径耗时或降低到达率）
[peach_harvester-10] [WARN] [1790760830.413532829] [peach_scene_perception_node]: 感知 worker 满队丢帧累计 480（处理跟不上到达率，排查热路径耗时或降低到达率）
[peach_harvester-10] [WARN] [1790760830.561320507] [peach_scene_perception_node]: 感知 worker 满队丢帧累计 481（处理跟不上到达率，排查热路径耗时或降低到达率）
[peach_harvester-10] [WARN] [1790760830.700976413] [peach_scene_perception_node]: 感知 worker 满队丢帧累计 482（处理跟不上到达率，排查热路径耗时或降低到达率）
[peach_harvester-10] [WARN] [1790760830.845588670] [peach_scene_perception_node]: 感知 worker 满队丢帧累计 483（处理跟不上到达率，排查热路径耗时或降低到达率）
[peach_harvester-10] [WARN] [1790760830.981338046] [peach_scene_perception_node]: 感知 worker 满队丢帧累计 484（处理跟不上到达率，排查热路径耗时或降低到达率）
[peach_harvester-10] [WARN] [1790760831.119594516] [peach_scene_perception_node]: 感知 worker 满队丢帧累计 485（处理跟不上到达率，排查热路径耗时或降低到达率）
[peach_harvester-10] [WARN] [1790760831.244675896] [peach_scene_perception_node]: 感知 worker 满队丢帧累计 486（处理跟不上到达率，排查热路径耗时或降低到达率）
[peach_harvester-10] [WARN] [1790760831.537452262] [peach_scene_perception_node]: 感知 worker 满队丢帧累计 487（处理跟不上到达率，排查热路径耗时或降低到达率）
[peach_harvester-10] [WARN] [1790760831.677644761] [peach_scene_perception_node]: 感知 worker 满队丢帧累计 488（处理跟不上到达率，排查热路径耗时或降低到达率）
[peach_harvester-10] [WARN] [1790760831.826473372] [peach_scene_perception_node]: 感知 worker 满队丢帧累计 489（处理跟不上到达率，排查热路径耗时或降低到达率）
[peach_harvester-10] [WARN] [1790760831.982140265] [peach_scene_perception_node]: 感知 worker 满队丢帧累计 491（处理跟不上到达率，排查热路径耗时或降低到达率）
[peach_harvester-10] [WARN] [1790760832.137721898] [peach_scene_perception_node]: 感知 worker 满队丢帧累计 492（处理跟不上到达率，排查热路径耗时或降低到达率）
[peach_harvester-10] [WARN] [1790760832.279943487] [peach_scene_perception_node]: 感知 worker 满队丢帧累计 493（处理跟不上到达率，排查热路径耗时或降低到达率）
[peach_harvester-10] [WARN] [1790760832.452044932] [peach_scene_perception_node]: 感知 worker 满队丢帧累计 494（处理跟不上到达率，排查热路径耗时或降低到达率）
[peach_harvester-10] [WARN] [1790760832.582065591] [peach_scene_perception_node]: 感知 worker 满队丢帧累计 495（处理跟不上到达率，排查热路径耗时或降低到达率）
[peach_harvester-10] [WARN] [1790760832.738265370] [peach_scene_perception_node]: 感知 worker 满队丢帧累计 496（处理跟不上到达率，排查热路径耗时或降低到达率）
[peach_harvester-10] [WARN] [1790760832.881401940] [peach_scene_perception_node]: 感知 worker 满队丢帧累计 497（处理跟不上到达率，排查热路径耗时或降低到达率）
[peach_harvester-10] [WARN] [1790760833.034869797] [peach_scene_perception_node]: 感知 worker 满队丢帧累计 498（处理跟不上到达率，排查热路径耗时或降低到达率）
[peach_harvester-10] [WARN] [1790760833.213221569] [peach_scene_perception_node]: 感知 worker 满队丢帧累计 500（处理跟不上到达率，排查热路径耗时或降低到达率）
[peach_harvester-10] [WARN] [1790760833.329192905] [peach_scene_perception_node]: 感知 worker 满队丢帧累计 501（处理跟不上到达率，排查热路径耗时或降低到达率）
[peach_harvester-10] [WARN] [1790760833.512961986] [peach_scene_perception_node]: 感知 worker 满队丢帧累计 502（处理跟不上到达率，排查热路径耗时或降低到达率）
[peach_harvester-10] [WARN] [1790760833.663538406] [peach_scene_perception_node]: 感知 worker 满队丢帧累计 503（处理跟不上到达率，排查热路径耗时或降低到达率）
[peach_harvester-10] [WARN] [1790760833.808236362] [peach_scene_perception_node]: 感知 worker 满队丢帧累计 504（处理跟不上到达率，排查热路径耗时或降低到达率）
[peach_harvester-10] [WARN] [1790760834.133814269] [peach_scene_perception_node]: 感知 worker 满队丢帧累计 506（处理跟不上到达率，排查热路径耗时或降低到达率）
[peach_harvester-10] [WARN] [1790760834.291497994] [peach_scene_perception_node]: 感知 worker 满队丢帧累计 508（处理跟不上到达率，排查热路径耗时或降低到达率）
[peach_harvester-10] [WARN] [1790760834.442185526] [peach_scene_perception_node]: 感知 worker 满队丢帧累计 509（处理跟不上到达率，排查热路径耗时或降低到达率）
[stereo_camera_node-1] [INFO] [1790760834.564158323] [camera.peach_stereo_camera_node]: groups=900 published=900 rate=13.8 gps drop(stream=0 incomplete=0 nostamp=0 depth=0)
[peach_harvester-10] [WARN] [1790760834.584105814] [peach_scene_perception_node]: 感知 worker 满队丢帧累计 510（处理跟不上到达率，排查热路径耗时或降低到达率）
[peach_harvester-10] [WARN] [1790760834.761243045] [peach_scene_perception_node]: 感知 worker 满队丢帧累计 511（处理跟不上到达率，排查热路径耗时或降低到达率）
[peach_harvester-10] [WARN] [1790760834.910867807] [peach_scene_perception_node]: 感知 worker 满队丢帧累计 512（处理跟不上到达率，排查热路径耗时或降低到达率）
[peach_harvester-10] [INFO] [1790760835.130418079] [peach_scene_perception_node]: 目标注册表在册 1 个目标（累计注册 1、累计命中 391）
[peach_harvester-10] [WARN] [1790760835.139076870] [peach_scene_perception_node]: 感知 worker 满队丢帧累计 513（处理跟不上到达率，排查热路径耗时或降低到达率）
[peach_harvester-10] [WARN] [1790760835.283541030] [peach_scene_perception_node]: 感知 worker 满队丢帧累计 515（处理跟不上到达率，排查热路径耗时或降低到达率）
[peach_harvester-10] [WARN] [1790760835.432900599] [peach_scene_perception_node]: 感知 worker 满队丢帧累计 516（处理跟不上到达率，排查热路径耗时或降低到达率）
[peach_harvester-10] [WARN] [1790760835.562761594] [peach_scene_perception_node]: 感知 worker 满队丢帧累计 517（处理跟不上到达率，排查热路径耗时或降低到达率）
[peach_harvester-10] [WARN] [1790760835.708562131] [peach_scene_perception_node]: 感知 worker 满队丢帧累计 518（处理跟不上到达率，排查热路径耗时或降低到达率）
[peach_harvester-10] [WARN] [1790760835.879427665] [peach_scene_perception_node]: 感知 worker 满队丢帧累计 520（处理跟不上到达率，排查热路径耗时或降低到达率）
[peach_harvester-10] [WARN] [1790760836.043930879] [peach_scene_perception_node]: 感知 worker 满队丢帧累计 521（处理跟不上到达率，排查热路径耗时或降低到达率）
[peach_harvester-10] [WARN] [1790760836.197857713] [peach_scene_perception_node]: 感知 worker 满队丢帧累计 522（处理跟不上到达率，排查热路径耗时或降低到达率）
[peach_harvester-10] [WARN] [1790760836.339482684] [peach_scene_perception_node]: 感知 worker 满队丢帧累计 523（处理跟不上到达率，排查热路径耗时或降低到达率）
[peach_harvester-10] [WARN] [1790760836.497743632] [peach_scene_perception_node]: 感知 worker 满队丢帧累计 524（处理跟不上到达率，排查热路径耗时或降低到达率）
[peach_harvester-10] [WARN] [1790760836.672984487] [peach_scene_perception_node]: 感知 worker 满队丢帧累计 526（处理跟不上到达率，排查热路径耗时或降低到达率）
[peach_harvester-10] [WARN] [1790760836.859097297] [peach_scene_perception_node]: 感知 worker 满队丢帧累计 527（处理跟不上到达率，排查热路径耗时或降低到达率）
[peach_harvester-10] [WARN] [1790760837.003403201] [peach_scene_perception_node]: 感知 worker 满队丢帧累计 528（处理跟不上到达率，排查热路径耗时或降低到达率）
[peach_harvester-10] [WARN] [1790760837.146134239] [peach_scene_perception_node]: 感知 worker 满队丢帧累计 529（处理跟不上到达率，排查热路径耗时或降低到达率）
[peach_harvester-10] [WARN] [1790760837.298906190] [peach_scene_perception_node]: 感知 worker 满队丢帧累计 530（处理跟不上到达率，排查热路径耗时或降低到达率）
[peach_harvester-10] [WARN] [1790760837.443810837] [peach_scene_perception_node]: 感知 worker 满队丢帧累计 531（处理跟不上到达率，排查热路径耗时或降低到达率）
[peach_harvester-10] [WARN] [1790760837.631067143] [peach_scene_perception_node]: 感知 worker 满队丢帧累计 532（处理跟不上到达率，排查热路径耗时或降低到达率）
[peach_harvester-10] [WARN] [1790760837.797950328] [peach_scene_perception_node]: 感知 worker 满队丢帧累计 534（处理跟不上到达率，排查热路径耗时或降低到达率）
[peach_harvester-10] [WARN] [1790760837.979730666] [peach_scene_perception_node]: 感知 worker 满队丢帧累计 535（处理跟不上到达率，排查热路径耗时或降低到达率）
[peach_harvester-10] [WARN] [1790760838.149026496] [peach_scene_perception_node]: 感知 worker 满队丢帧累计 537（处理跟不上到达率，排查热路径耗时或降低到达率）
[peach_harvester-10] [WARN] [1790760838.523635675] [peach_scene_perception_node]: 感知 worker 满队丢帧累计 540（处理跟不上到达率，排查热路径耗时或降低到达率）
[peach_harvester-10] [WARN] [1790760838.819142867] [peach_scene_perception_node]: 感知 worker 满队丢帧累计 542（处理跟不上到达率，排查热路径耗时或降低到达率）
[peach_harvester-10] [WARN] [1790760838.958532573] [peach_scene_perception_node]: 感知 worker 满队丢帧累计 543（处理跟不上到达率，排查热路径耗时或降低到达率）
[peach_harvester-10] [WARN] [1790760839.124013550] [peach_scene_perception_node]: 感知 worker 满队丢帧累计 544（处理跟不上到达率，排查热路径耗时或降低到达率）
[peach_harvester-10] [WARN] [1790760839.302810572] [peach_scene_perception_node]: 感知 worker 满队丢帧累计 546（处理跟不上到达率，排查热路径耗时或降低到达率）
[peach_harvester-10] [WARN] [1790760839.628332325] [peach_scene_perception_node]: 感知 worker 满队丢帧累计 548（处理跟不上到达率，排查热路径耗时或降低到达率）
[peach_harvester-10] [WARN] [1790760839.798617037] [peach_scene_perception_node]: 感知 worker 满队丢帧累计 549（处理跟不上到达率，排查热路径耗时或降低到达率）
[peach_harvester-10] [WARN] [1790760839.937028518] [peach_scene_perception_node]: 感知 worker 满队丢帧累计 551（处理跟不上到达率，排查热路径耗时或降低到达率）
[peach_harvester-10] [WARN] [1790760840.127770179] [peach_scene_perception_node]: 感知 worker 满队丢帧累计 552（处理跟不上到达率，排查热路径耗时或降低到达率）
[peach_harvester-10] [WARN] [1790760840.290873760] [peach_scene_perception_node]: 感知 worker 满队丢帧累计 553（处理跟不上到达率，排查热路径耗时或降低到达率）
[peach_harvester-10] [WARN] [1790760840.466520161] [peach_scene_perception_node]: 感知 worker 满队丢帧累计 554（处理跟不上到达率，排查热路径耗时或降低到达率）
[peach_harvester-10] [WARN] [1790760841.114740113] [peach_target_reconstruction_node]: 重建 worker 队列已满，拒绝新帧以保持积分顺序
[peach_harvester-10] [WARN] [1790760841.244923795] [peach_scene_perception_node]: 感知 worker 满队丢帧累计 562（处理跟不上到达率，排查热路径耗时或降低到达率）
[stereo_camera_node-1] [INFO] [1790760841.771839240] [camera.peach_stereo_camera_node]: groups=1000 published=1000 rate=13.8 gps drop(stream=0 incomplete=0 nostamp=0 depth=0)
[peach_harvester-10] [WARN] [1790760841.854560362] [peach_scene_perception_node]: 感知 worker 满队丢帧累计 568（处理跟不上到达率，排查热路径耗时或降低到达率）
[peach_harvester-10] [WARN] [1790760842.501230702] [peach_scene_perception_node]: 感知 worker 满队丢帧累计 570（处理跟不上到达率，排查热路径耗时或降低到达率）
[peach_harvester-10] [WARN] [1790760842.603068739] [peach_target_reconstruction_node]: 重建 worker 队列已满，拒绝新帧以保持积分顺序
[peach_harvester-10] [WARN] [1790760842.689728973] [peach_scene_perception_node]: 感知 worker 满队丢帧累计 579（处理跟不上到达率，排查热路径耗时或降低到达率）
[peach_harvester-10] [WARN] [1790760843.504280553] [peach_scene_perception_node]: 感知 worker 满队丢帧累计 582（处理跟不上到达率，排查热路径耗时或降低到达率）
[peach_harvester-10] [WARN] [1790760843.619549310] [peach_scene_perception_node]: 感知 worker 满队丢帧累计 585（处理跟不上到达率，排查热路径耗时或降低到达率）
[peach_harvester-10] [WARN] [1790760844.062340028] [peach_target_reconstruction_node]: 重建 worker 队列已满，拒绝新帧以保持积分顺序
[peach_harvester-10] [WARN] [1790760844.282165083] [peach_scene_perception_node]: 感知 worker 满队丢帧累计 594（处理跟不上到达率，排查热路径耗时或降低到达率）
[peach_harvester-10] [WARN] [1790760844.966139978] [peach_scene_perception_node]: 感知 worker 满队丢帧累计 599（处理跟不上到达率，排查热路径耗时或降低到达率）
[peach_harvester-10] [INFO] [1790760845.161074417] [peach_scene_perception_node]: 目标注册表在册 1 个目标（累计注册 1、累计命中 439）
[peach_harvester-10] [WARN] [1790760845.172289123] [peach_scene_perception_node]: 感知 worker 满队丢帧累计 605（处理跟不上到达率，排查热路径耗时或降低到达率）
[peach_harvester-10] [WARN] [1790760845.799649574] [peach_scene_perception_node]: 感知 worker 满队丢帧累计 607（处理跟不上到达率，排查热路径耗时或降低到达率）
[peach_harvester-10] [WARN] [1790760846.259053821] [peach_scene_perception_node]: 感知 worker 满队丢帧累计 609（处理跟不上到达率，���查热路径耗时或降低到达率）
[peach_harvester-10] [WARN] [1790760846.528481598] [peach_scene_perception_node]: 感知 worker 满队丢帧累计 611（处理跟不上到达率，排查热路径耗时或降低到达率）
[peach_harvester-10] [WARN] [1790760846.630954492] [peach_target_reconstruction_node]: 重建 worker 队列已满，拒绝新帧以保持积分顺序
[peach_harvester-10] [WARN] [1790760846.703974140] [peach_scene_perception_node]: 感知 worker 满队丢帧累计 618（处理跟不上到达率，排查热路径耗时或降低到达率）
[peach_harvester-10] [WARN] [1790760847.427546179] [peach_scene_perception_node]: 感知 worker 满队丢帧累计 626（处理跟不上到达率，排查热路径耗时或降低到达率）
[peach_harvester-10] [WARN] [1790760848.102383960] [peach_scene_perception_node]: 感知 worker 满队丢帧累计 629（处理跟不上到达率，排查热路径耗时或降低到达率）
[peach_harvester-10] [WARN] [1790760848.424927666] [peach_scene_perception_node]: 感知 worker 满队丢帧累计 631（处理跟不上到达率，排查热路径耗时或降低到达率）
[peach_harvester-10] [WARN] [1790760848.635828011] [peach_scene_perception_node]: 感知 worker 满队丢帧累计 632（处理跟不上到达率，排查热路径耗时或降低到达率）
[peach_harvester-10] [WARN] [1790760848.641370261] [peach_target_reconstruction_node]: 重建 worker 队列已满，拒绝新帧以保持积分顺序
[peach_harvester-10] [WARN] [1790760848.806091614] [peach_scene_perception_node]: 感知 worker 满队丢帧累计 638（处理跟不上到达率，排查热路径耗时或降低到达率）
[stereo_camera_node-1] [INFO] [1790760849.042702724] [camera.peach_stereo_camera_node]: groups=1100 published=1100 rate=13.8 gps drop(stream=0 incomplete=0 nostamp=0 depth=0)
[peach_harvester-10] [WARN] [1790760849.454213521] [peach_scene_perception_node]: 感知 worker 满队丢帧累计 647（处理跟不上到达率，���查热路径耗时或降低到达率）
[peach_harvester-10] [WARN] [1790760850.082046164] [peach_target_reconstruction_node]: 重建 worker 队列已满，拒绝新帧以保持积分顺序
[peach_harvester-10] [WARN] [1790760850.203040463] [peach_scene_perception_node]: 感知 worker 满队丢帧累计 656（处理跟不上到达率，���查热路径耗时或降低到达率）
[peach_harvester-10] [WARN] [1790760851.033323754] [peach_scene_perception_node]: 感知 worker 满队丢帧累计 657（处理跟不上到达率，排查热路径耗时或降低到达率）
[peach_harvester-10] [WARN] [1790760851.663780681] [peach_target_reconstruction_node]: 重建 worker 队列已满，拒绝新帧以保持积分顺序
[peach_harvester-10] [WARN] [1790760851.817818546] [peach_scene_perception_node]: 感知 worker 满队丢帧累计 666（处理跟不上到达率，排查热路径耗时或降低到达率）
[peach_harvester-10] [WARN] [1790760852.316040937] [peach_scene_perception_node]: 感知 worker 满队丢帧累计 667（处理跟不上到达率，排查热路径耗时或降低到达率）
[peach_harvester-10] [WARN] [1790760852.712600977] [peach_scene_perception_node]: 感知 worker 满队丢帧累计 673（处理跟不上到达率，排查热路径耗时或降低到达率）
[peach_harvester-10] [WARN] [1790760853.296579787] [peach_target_reconstruction_node]: 重建 worker 队列已满，拒绝新帧以保持积分顺序
[peach_harvester-10] [WARN] [1790760853.369796445] [peach_scene_perception_node]: 感知 worker 满队丢帧累计 682（处理跟不上到达率，排查热路径耗时或降低到达率）
[peach_harvester-10] [WARN] [1790760853.519086067] [peach_scene_perception_node]: 感知 worker 满队丢帧累计 683（处理跟不上到达率，排查热路径耗时或降低到达率）
[peach_harvester-10] [WARN] [1790760854.034629656] [peach_scene_perception_node]: 感知 worker 满队丢帧累计 687（处理跟不上到达率，排查热路径耗时或降低到达率）
[peach_harvester-10] [WARN] [1790760854.670661364] [peach_target_reconstruction_node]: 重建 worker 队列已满，拒绝新帧以保持积分顺序
[peach_harvester-10] [WARN] [1790760854.808308983] [peach_scene_perception_node]: 感知 worker 满队丢帧累计 697（处理跟不上到达率，排查热路径耗时或降低到达率）
[peach_harvester-10] [INFO] [1790760855.526785276] [peach_scene_perception_node]: 目标注册表在册 1 个目标（累计注册 1、累计命中 474）
[peach_harvester-10] [WARN] [1790760855.708913867] [peach_scene_perception_node]: 感知 worker 满队丢帧累计 704（处理跟不上到达率，排查热路径耗时或降低到达率）
[peach_harvester-10] [WARN] [1790760856.144245836] [peach_scene_perception_node]: 感知 worker 满队丢帧累计 705（处理跟不上到达率，���查热路径耗时或降低到达率）
[peach_harvester-10] [WARN] [1790760856.318082369] [peach_scene_perception_node]: 感知 worker 满队丢帧累计 707（处理跟不上到达率，���查热路径耗时或降低到达率）
[peach_observability-12] [WARN] [1790760856.475504610] [peach_observability]: 自检[periodic] 13/18 通过，失败: camera_color_rate，跳过: robot_status, imu_topic, model_files, vegetation_status
[peach_harvester-10] [WARN] [1790760856.591935745] [peach_target_reconstruction_node]: 重建 worker 队列已满，拒绝新帧以保持积分顺序
[peach_harvester-10] [WARN] [1790760856.720277993] [peach_scene_perception_node]: 感知 worker 满队丢帧累计 715（处理跟不上到达率，排查热路径耗时或降低到达率）
[stereo_camera_node-1] [INFO] [1790760856.831997965] [camera.peach_stereo_camera_node]: groups=1200 published=1200 rate=13.7 gps drop(stream=0 incomplete=0 nostamp=0 depth=0)
[peach_harvester-10] [WARN] [1790760857.093402465] [peach_scene_perception_node]: 感知 worker 满队丢帧累计 718（处理跟不上到达率，排查热路径耗时或降低到达率）
[peach_harvester-10] [WARN] [1790760857.678908918] [peach_target_reconstruction_node]: 重建 worker 队列已满，拒绝新帧以保持积分顺序
[peach_harvester-10] [WARN] [1790760857.838945013] [peach_scene_perception_node]: 感知 worker 满队丢帧累计 728（处理跟不上到达率，排查热路径耗时或降低到达率）
[peach_harvester-10] [WARN] [1790760858.727053836] [peach_scene_perception_node]: 感知 worker 满队丢帧累计 739（处理跟不上到达率，排查热路径耗时或降低到达率）
[peach_harvester-10] [WARN] [1790760859.551527694] [peach_scene_perception_node]: 感知 worker 满队丢帧累计 746（处理跟不上到达率，排查热路径耗时或降低到达率）
[peach_harvester-10] [WARN] [1790760859.958064944] [peach_target_reconstruction_node]: 重建 worker 队列已满，拒绝新帧以保持积分顺序
[peach_harvester-10] [WARN] [1790760860.102690414] [peach_scene_perception_node]: 感知 worker 满队丢帧累计 753（处理跟不上到达率，排查热路径耗时或降低到达率）
[peach_harvester-10] [WARN] [1790760860.937384217] [peach_scene_perception_node]: 感知 worker 满队丢帧累计 760（处理跟不上到达率，排查热路径耗时或降低到达率）
[peach_harvester-10] [WARN] [1790760861.365404965] [peach_scene_perception_node]: 感知 worker 满队丢帧累计 761（处理跟不上到达率，排查热路径耗时或降低到达率）
[peach_harvester-10] [WARN] [1790760861.735045911] [peach_scene_perception_node]: 感知 worker 满队丢帧累计 768（处理跟不上到达率，排查热路径耗时或降低到达率）
[peach_harvester-10] [WARN] [1790760862.243617812] [peach_scene_perception_node]: 感知 worker 满队丢帧累计 769（处理跟不上到达率，排查热路径耗时或降低到达率）
[peach_harvester-10] [WARN] [1790760862.380712080] [peach_target_reconstruction_node]: 重建 worker 队列已满，拒绝新帧以保持积分顺序
[peach_harvester-10] [WARN] [1790760862.439547594] [peach_scene_perception_node]: 感知 worker 满队丢帧累计 776（处理跟不上到达率，排查热路径耗时或降低到达率）
[peach_harvester-10] [WARN] [1790760863.010630539] [peach_scene_perception_node]: 感知 worker 满队丢帧累计 784（处理跟不上到达率，排查热路径耗时或降低到达率）
[peach_harvester-10] [WARN] [1790760863.621502328] [peach_scene_perception_node]: 感知 worker 满队丢帧累计 785（处理跟不上到达率，排查热路径耗时或降低到达率）
[peach_harvester-10] [WARN] [1790760863.808155293] [peach_target_reconstruction_node]: 重建 worker 队列已满，拒绝新帧以保持积分顺序
[peach_harvester-10] [WARN] [1790760863.965629323] [peach_scene_perception_node]: 感知 worker 满队丢帧累计 795（处理跟不上到达率，排查热路径耗时或降低到达率）
[stereo_camera_node-1] [INFO] [1790760863.993308269] [camera.peach_stereo_camera_node]: groups=1300 published=1300 rate=13.7 gps drop(stream=0 incomplete=0 nostamp=0 depth=0)
[peach_harvester-10] [WARN] [1790760864.813554751] [peach_scene_perception_node]: 感知 worker 满队丢帧累计 796（处理跟不上到达率，排查热路径耗时或降低到达率）
[peach_harvester-10] [WARN] [1790760864.995138006] [peach_scene_perception_node]: 感知 worker 满队丢帧累计 800（处理跟不上到达率，排查热路径耗时或降低到达率）
[peach_harvester-10] [WARN] [1790760865.350250582] [peach_scene_perception_node]: 感知 worker 满队丢帧累计 801（处理跟不上到达率，排查热路径耗时或降低到达率）
[peach_harvester-10] [WARN] [1790760865.573542827] [peach_target_reconstruction_node]: 重建 worker 队列已满，拒绝新帧以保持积分顺序
[peach_harvester-10] [INFO] [1790760865.692862658] [peach_scene_perception_node]: 目标注册表在册 1 个目标（累计注册 1、累计命中 508）
[peach_harvester-10] [WARN] [1790760865.704053120] [peach_scene_perception_node]: 感知 worker 满队丢帧累计 809（处理跟不上到达率，排查热路径耗时或降低到达率）
[peach_harvester-10] [WARN] [1790760866.095608848] [peach_scene_perception_node]: 感知 worker 满队丢帧累计 813（处理跟不上到达率，排查热路径耗时或降低到达率）
[peach_harvester-10] [WARN] [1790760866.690114035] [peach_target_reconstruction_node]: 重建 worker 队列已满，拒绝新帧以保持积分顺序
[peach_harvester-10] [WARN] [1790760866.910364012] [peach_scene_perception_node]: 感知 worker 满队丢帧累计 821（处理跟不上到达率，排查热路径耗时或降低到达率）
[peach_harvester-10] [WARN] [1790760867.616368153] [peach_scene_perception_node]: 感知 worker 满队丢帧累计 831（处理跟不上到达率，排查热路径耗时或降低到达率）
[peach_harvester-10] [WARN] [1790760867.922389718] [peach_scene_perception_node]: 感知 worker 满队丢帧累计 833（处理跟不上到达率，排查热路径耗时或降低到达率）
[peach_harvester-10] [WARN] [1790760868.559573857] [peach_scene_perception_node]: 感知 worker 满队丢帧累计 834（处理跟不上到达率，排查热路径耗时或降低到达率）
[peach_harvester-10] [WARN] [1790760868.571117792] [peach_target_reconstruction_node]: 重建 worker 队列已满，拒绝新帧以保持积分顺序
[peach_harvester-10] [WARN] [1790760868.727165205] [peach_scene_perception_node]: 感知 worker 满队丢帧累计 841（处理跟不上到达率，排查热路径耗时或降低到达率）
[peach_harvester-10] [WARN] [1790760869.052825603] [peach_scene_perception_node]: 感知 worker 满队丢帧累计 844（处理跟不上到达率，排查热路径耗时或降低到达率）
[peach_harvester-10] [WARN] [1790760869.789316118] [peach_scene_perception_node]: 感知 worker 满队丢帧累计 852（处理跟不上到达率，排查热路径耗时或降低到达率）
[peach_harvester-10] [WARN] [1790760870.582555713] [peach_scene_perception_node]: 感知 worker 满队丢帧累计 860（处理跟不上到达率，���查热路径耗时或降低到达率）
[peach_harvester-10] [WARN] [1790760871.086145553] [peach_scene_perception_node]: 感知 worker 满队丢帧累计 861（处理跟不上到达率，排查热路径耗时或降低到达率）
[peach_harvester-10] [WARN] [1790760871.229227085] [peach_scene_perception_node]: 感知 worker 满队丢帧累计 863（处理跟不上到达率，排查热路径耗时或降低到达率）
[peach_harvester-10] [WARN] [1790760871.254418131] [peach_target_reconstruction_node]: 重建 worker 队列已满，拒绝新帧以保持积分顺序
[stereo_camera_node-1] [INFO] [1790760871.274212320] [camera.peach_stereo_camera_node]: groups=1400 published=1400 rate=13.7 gps drop(stream=0 incomplete=0 nostamp=0 depth=0)
[peach_harvester-10] [WARN] [1790760871.394104798] [peach_scene_perception_node]: 感知 worker 满队丢帧累计 871（处理跟不上到达率，排查热路径耗时或降低到达率）
[peach_harvester-10] [WARN] [1790760872.373121586] [peach_scene_perception_node]: 感知 worker 满队丢帧累计 879（处理跟不上到达率，排查热路径耗时或降低到达率）
[peach_harvester-10] [WARN] [1790760872.926445256] [peach_scene_perception_node]: 感知 worker 满队丢帧累计 880（处理跟不上到达率，排查热路径耗时或降低到达率）
[peach_harvester-10] [WARN] [1790760872.967366992] [peach_target_reconstruction_node]: 重建 worker 队列已满，拒绝新帧以保持积分顺序
[peach_harvester-10] [WARN] [1790760873.104679285] [peach_scene_perception_node]: 感知 worker 满队丢帧累计 887（处理跟不上到达率，排查热路径耗时或降低到达率）
[peach_harvester-10] [WARN] [1790760873.737403166] [peach_scene_perception_node]: 感知 worker 满队丢帧累计 891（处理跟不上到达率，排查热路径耗时或降低到达率）
[peach_harvester-10] [WARN] [1790760874.429465434] [peach_scene_perception_node]: 感知 worker 满队丢帧累计 892（处理跟不上到达率，���查热路径耗时或降低到达率）
[peach_harvester-10] [WARN] [1790760874.602259609] [peach_scene_perception_node]: 感知 worker 满队丢帧累计 893（处理跟不上到达率，排查热路径耗时或降低到达率）
[peach_harvester-10] [WARN] [1790760874.789512841] [peach_scene_perception_node]: 感知 worker 满队丢帧累计 903（处理跟不上到达率，排查热路径耗时或降低到达率）
[peach_harvester-10] [WARN] [1790760875.690343390] [peach_target_reconstruction_node]: 重建 worker 队列已满，拒绝新帧以保持积分顺序
[peach_harvester-10] [INFO] [1790760875.796352891] [peach_scene_perception_node]: 目标注册表在册 1 个目标（累计注册 1、累计命中 540）
[peach_harvester-10] [WARN] [1790760875.802363932] [peach_scene_perception_node]: 感知 worker 满队丢帧累计 911（处理跟不上到达率，排查热路径耗时或降低到达率）
[peach_harvester-10] [WARN] [1790760876.504053867] [peach_scene_perception_node]: 感知 worker 满队丢帧累计 921（处理跟不上到达率，排查热路径耗时或降低到达率）
[peach_harvester-10] [WARN] [1790760877.192366883] [peach_target_reconstruction_node]: 重建 worker 队列已满，拒绝新帧以保持积分顺序
[peach_harvester-10] [WARN] [1790760877.347491369] [peach_scene_perception_node]: 感知 worker 满队丢帧累计 930（处理跟不上到达率，排查热路径耗时或降低到达率）
[peach_harvester-10] [WARN] [1790760878.041062746] [peach_scene_perception_node]: 感知 worker 满队丢帧累计 937（处理跟不上到达率，排查热路径耗时或降低到达率）
[peach_harvester-10] [WARN] [1790760878.605339929] [peach_target_reconstruction_node]: 重建 worker 队列已满，拒绝新帧以保持积分顺序
[stereo_camera_node-1] [INFO] [1790760878.711831376] [camera.peach_stereo_camera_node]: groups=1500 published=1500 rate=13.7 gps drop(stream=0 incomplete=0 nostamp=0 depth=0)
[peach_harvester-10] [WARN] [1790760878.769333137] [peach_scene_perception_node]: 感知 worker 满队丢帧累计 945（处理跟不上到达率，排查热路径耗时或降低到达率）
[peach_harvester-10] [WARN] [1790760879.469089609] [peach_scene_perception_node]: 感知 worker 满队丢帧累计 949（处理跟不上到达率，排查热路径耗时或降低到达率）
[peach_harvester-10] [WARN] [1790760879.971914764] [peach_scene_perception_node]: 感知 worker 满队丢帧累计 951（处理跟不上到达率，排查热路径耗时或降低到达率）
[peach_harvester-10] [WARN] [1790760880.141301041] [peach_scene_perception_node]: 感知 worker 满队丢帧累计 956（处理跟不上到达率，排查热路径耗时或降低到达率）
[peach_harvester-10] [WARN] [1790760880.704768269] [peach_scene_perception_node]: 感知 worker 满队丢帧累计 959（处理跟不上到达率，排查热路径耗时或降低到达率）
[peach_harvester-10] [WARN] [1790760880.921693742] [peach_target_reconstruction_node]: 重建 worker 队列已满，拒绝新帧以保持积分顺序
[peach_harvester-10] [WARN] [1790760881.095443990] [peach_scene_perception_node]: 感知 worker 满队丢帧累计 969（处理跟不上到达率，排查热路径耗时或降低到达率）
[peach_harvester-10] [WARN] [1790760881.233711804] [peach_scene_perception_node]: 感知 worker 满队丢帧累计 970（处理跟不上到达率，排查热路径耗时或降低到达率）
[peach_harvester-10] [WARN] [1790760882.031000055] [peach_target_reconstruction_node]: 重建 worker 队列已满，拒绝新帧以保持积分顺序
[peach_harvester-10] [WARN] [1790760882.142085716] [peach_scene_perception_node]: 感知 worker 满队丢帧累计 978（处理跟不上到达率，排查热路径耗时或降低到达率）
[peach_harvester-10] [WARN] [1790760882.727293853] [peach_scene_perception_node]: 感知 worker 满队丢帧累计 981（处理跟不上到达率，排查热路径耗时或降低到达率）
[peach_harvester-10] [WARN] [1790760883.259019341] [peach_scene_perception_node]: 感知 worker 满队丢帧累计 983（处理跟不上到达率，排查热路径耗时或降低到达率）
[peach_harvester-10] [WARN] [1790760883.373054180] [peach_target_reconstruction_node]: 重建 worker 队列已满，拒绝新帧以保持积分顺序
[peach_harvester-10] [WARN] [1790760883.442157356] [peach_scene_perception_node]: 感知 worker 满队丢帧累计 988（处理跟不上到达率，排查热路径耗时或降低到达率）
[peach_harvester-10] [WARN] [1790760884.044954578] [peach_scene_perception_node]: 感知 worker 满队丢帧累计 998（处理跟不上到达率，排查热路径耗时或降低到达率）
[peach_harvester-10] [WARN] [1790760884.868247290] [peach_scene_perception_node]: 感知 worker 满队丢帧累计 1000（处理跟不上到达率，排查热路径耗时或降低到达率）
[peach_harvester-10] [WARN] [1790760884.901680671] [peach_target_reconstruction_node]: 重建 worker 队列已满，拒绝新帧以保持积分顺序
[peach_harvester-10] [WARN] [1790760885.029228442] [peach_scene_perception_node]: 感知 worker 满队丢帧累计 1008（处理跟不上到达率，排查热路径耗时或降低到达率）
[peach_harvester-10] [WARN] [1790760885.577616993] [peach_scene_perception_node]: 感知 worker 满队丢帧累计 1009（处理跟不上到达率，排查热路径耗时或降低到达率）
[peach_harvester-10] [WARN] [1790760885.748932959] [peach_scene_perception_node]: 感知 worker 满队丢帧累计 1016（处理跟不上到达率，排查热路径耗时或降低到达率）
[peach_harvester-10] [INFO] [1790760885.919151570] [peach_scene_perception_node]: 目标注册表在册 1 个目标（累计注册 1、累计命中 575）
[stereo_camera_node-1] [INFO] [1790760885.926262907] [camera.peach_stereo_camera_node]: groups=1600 published=1600 rate=13.7 gps drop(stream=0 incomplete=0 nostamp=0 depth=0)
[peach_harvester-10] [WARN] [1790760886.383631285] [peach_target_reconstruction_node]: 重建 worker 队列已满，拒绝新帧以保持积分顺序
[peach_observability-12] [WARN] [1790760886.485758095] [peach_observability]: 自检[periodic] 13/18 通过，失败: camera_color_rate，跳过: robot_status, imu_topic, model_files, vegetation_status
[peach_harvester-10] [WARN] [1790760886.524221719] [peach_scene_perception_node]: 感知 worker 满队丢帧累计 1024（处理跟不上到达率，排查热路径耗时或降低到达率）
[peach_harvester-10] [WARN] [1790760887.083856908] [peach_scene_perception_node]: 感知 worker 满队丢帧累计 1031（处理跟不上到达率，排查热路径耗时或降低到达率）
[peach_harvester-10] [WARN] [1790760887.825106780] [peach_scene_perception_node]: 感知 worker 满队丢帧累计 1039（处理跟不上到达率，排查热路径耗时或降低到达率）
[peach_harvester-10] [WARN] [1790760888.427817782] [peach_target_reconstruction_node]: 重建 worker 队列已满，拒绝新帧以保持积分顺序
[peach_harvester-10] [WARN] [1790760888.588471074] [peach_scene_perception_node]: 感知 worker 满队丢帧累计 1048（处理跟不上到达率，排查热路径耗时或降低到达率）
[peach_harvester-10] [WARN] [1790760889.187248179] [peach_scene_perception_node]: 感知 worker 满队丢帧累计 1049（处理跟不上到达率，排查热路径耗时或降低到达率）
[peach_harvester-10] [WARN] [1790760889.462752170] [peach_target_reconstruction_node]: 重建 worker 队列已满，拒绝新帧以保持积分顺序
[peach_harvester-10] [WARN] [1790760889.570562202] [peach_scene_perception_node]: 感知 worker 满队丢帧累计 1057（处理跟不上到达率，排查热路径耗时或降低到达率）
[peach_harvester-10] [WARN] [1790760890.107581517] [peach_scene_perception_node]: 感知 worker 满队丢帧累计 1064（处理跟不上到达率，排查热路径耗时或降低到达率）
[peach_harvester-10] [WARN] [1790760890.771960319] [peach_target_reconstruction_node]: 重建 worker 队列已满，拒绝新帧以保持积分顺序
[peach_harvester-10] [WARN] [1790760890.907509643] [peach_scene_perception_node]: 感知 worker 满队丢帧累计 1073（处理跟不上到达率，排查热路径耗时或降低到达率）
[peach_harvester-10] [WARN] [1790760891.592449209] [peach_scene_perception_node]: 感知 worker 满队丢帧累计 1081（处理跟不上到达率，排查热路径耗时或降低到达率）
[peach_harvester-10] [WARN] [1790760892.251479101] [peach_target_reconstruction_node]: 重建 worker 队列已满，拒绝新帧以保持积分顺序
[peach_harvester-10] [WARN] [1790760892.416107129] [peach_scene_perception_node]: 感知 worker 满队丢帧累计 1088（处理跟不上到达率，排查热路径耗时或降低到达率）
[peach_harvester-10] [WARN] [1790760893.076559707] [peach_scene_perception_node]: 感知 worker 满队丢帧累计 1096（处理跟不上到达率，排查热路径耗时或降低到达率）
[stereo_camera_node-1] [INFO] [1790760893.149025279] [camera.peach_stereo_camera_node]: groups=1700 published=1700 rate=13.7 gps drop(stream=0 incomplete=0 nostamp=0 depth=0)
[peach_harvester-10] [WARN] [1790760893.774217668] [peach_scene_perception_node]: 感知 worker 满队丢帧累计 1102（处理跟不上到达率，排查热路径耗时或降低到达率）
[peach_harvester-10] [WARN] [1790760894.339061642] [peach_target_reconstruction_node]: 重建 worker 队列已满，拒绝新帧以保持积分顺序
[peach_harvester-10] [WARN] [1790760894.457894934] [peach_scene_perception_node]: 感知 worker 满队丢帧累计 1110（处理跟不上到达率，排查热路径耗时或降低到达率）
[peach_harvester-10] [WARN] [1790760895.113892791] [peach_scene_perception_node]: 感知 worker 满队丢帧累计 1112（处理跟不上到达率，排查热路径耗时或降低到达率）
[peach_harvester-10] [WARN] [1790760895.263163802] [peach_scene_perception_node]: 感知 worker 满队丢帧累计 1117（处理跟不上到达率，排查热路径耗时或降低到达率）
[peach_harvester-10] [WARN] [1790760895.890659005] [peach_scene_perception_node]: 感知 worker 满队丢帧累计 1118（处理跟不上到达率，排查热路径耗时或降低到达率）
[peach_harvester-10] [WARN] [1790760895.908624461] [peach_target_reconstruction_node]: 重建 worker 队列已满，拒绝新帧以保持积分顺序
[peach_harvester-10] [INFO] [1790760896.056381571] [peach_scene_perception_node]: 目标注册表在册 1 个目标（累计注册 1、累计命中 606）
[peach_harvester-10] [WARN] [1790760896.062624079] [peach_scene_perception_node]: 感知 worker 满队丢帧累计 1127（处理跟不上到达率，排查热路径耗时或降低到达率）
[peach_harvester-10] [WARN] [1790760896.849798365] [peach_scene_perception_node]: 感知 worker 满队丢帧累计 1135（处理跟不上到达率，排查热路径耗时或降低到达率）
[peach_harvester-10] [WARN] [1790760897.393088028] [peach_target_reconstruction_node]: 重建 worker 队列已满，拒绝新帧以保持积分顺序
[peach_harvester-10] [WARN] [1790760897.534800968] [peach_scene_perception_node]: 感知 worker 满队丢帧累计 1143（处理跟不上到达率，排查热路径耗时或降低到达率）
[peach_harvester-10] [WARN] [1790760898.095292396] [peach_scene_perception_node]: 感知 worker 满队丢帧累计 1144（处理跟不上到达率，排查热路径耗时或降低到达率）
[peach_harvester-10] [WARN] [1790760898.314010256] [peach_scene_perception_node]: 感知 worker 满队丢帧累计 1154（处理跟不上到达率，排查热路径耗时或降低到达率）
[peach_harvester-10] [WARN] [1790760898.486377674] [peach_scene_perception_node]: 感知 worker 满队丢帧累计 1155（处理跟不上到达率，排查热路径耗时或降低到达率）
[peach_harvester-10] [WARN] [1790760899.354381863] [peach_scene_perception_node]: 感知 worker 满队丢帧累计 1165（处理跟不上到达率，排查热路径耗时或降低到达率）
[peach_harvester-10] [WARN] [1790760900.099322672] [peach_scene_perception_node]: 感知 worker 满队丢帧累计 1166（处理跟不上到达率，排查热路径耗时或降低到达率）
[peach_harvester-10] [WARN] [1790760900.118249954] [peach_target_reconstruction_node]: 重建 worker 队列已满，拒绝新帧以保持积分顺序
[peach_harvester-10] [WARN] [1790760900.281198696] [peach_scene_perception_node]: 感知 worker 满队丢帧累计 1171（处理跟不上到达率，排查热路径耗时或降低到达率）
[stereo_camera_node-1] [INFO] [1790760900.370057670] [camera.peach_stereo_camera_node]: groups=1800 published=1800 rate=13.7 gps drop(stream=0 incomplete=0 nostamp=0 depth=0)
[peach_harvester-10] [WARN] [1790760900.861744870] [peach_scene_perception_node]: 感知 worker 满队丢帧累计 1179（处理跟不上到达率，排查热路径耗时或降低到达率）
[peach_harvester-10] [WARN] [1790760901.649423062] [peach_target_reconstruction_node]: 重建 worker 队列已满，拒绝新帧以保持积分顺序
[peach_harvester-10] [WARN] [1790760901.689678690] [peach_scene_perception_node]: 感知 worker 满队丢帧累计 1189（处理跟不上到达率，排查热路径耗时或降低到达率）
[peach_harvester-10] [WARN] [1790760902.024473525] [peach_scene_perception_node]: 感知 worker 满队丢帧累计 1191（处理跟不上到达率，排查热路径耗时或降低到达率）
[peach_harvester-10] [WARN] [1790760902.564724468] [peach_scene_perception_node]: 感知 worker 满队丢帧累计 1192（处理跟不上到达率，排查热路径耗时或降低到达率）
[peach_harvester-10] [WARN] [1790760902.772851203] [peach_scene_perception_node]: 感知 worker 满队丢帧累计 1199（处理跟不上到达率，排查热路径耗时或降低到达率）
[peach_harvester-10] [WARN] [1790760903.358210470] [peach_target_reconstruction_node]: 重建 worker 队列已满，拒绝新帧以保持积分顺序
[peach_harvester-10] [WARN] [1790760903.519185848] [peach_scene_perception_node]: 感知 worker 满队丢帧累计 1205（处理跟不上到达率，排查热路径耗时或降低到达率）
[peach_harvester-10] [WARN] [1790760904.091603620] [peach_scene_perception_node]: 感知 worker 满队丢帧累计 1213（处理跟不上到达率，排查热路径耗时或降低到达率）
[peach_harvester-10] [WARN] [1790760904.817203555] [peach_scene_perception_node]: 感知 worker 满队丢帧累计 1222（处理跟不上到达率，排查热路径耗时或降低到达率）
[peach_harvester-10] [WARN] [1790760905.772572847] [peach_target_reconstruction_node]: 重建 worker 队列已满，拒绝新帧以保持积分顺序
[peach_harvester-10] [WARN] [1790760905.806267811] [peach_scene_perception_node]: 感知 worker 满队丢帧累计 1231（处理跟不上到达率，排查热路径耗时或降低到达率）
[peach_harvester-10] [INFO] [1790760906.612750770] [peach_scene_perception_node]: 目标注册表在册 1 个目标（累计注册 1、累计命中 639）
[peach_harvester-10] [WARN] [1790760906.618631775] [peach_scene_perception_node]: 感知 worker 满队丢帧累计 1240（处理跟不上到达率，排查热路径耗时或降低到达率）
[peach_harvester-10] [WARN] [1790760907.260051411] [peach_target_reconstruction_node]: 重建 worker 队列已满，拒绝新帧以保持积分顺序
[peach_harvester-10] [WARN] [1790760907.407380916] [peach_scene_perception_node]: 感知 worker 满队丢帧累计 1247（处理跟不上到达率，排查热路径耗时或降低到达率）
[peach_harvester-10] [WARN] [1790760907.562757110] [peach_scene_perception_node]: 感知 worker 满队丢帧累计 1249（处理跟不上到达率，排查热路径耗时或降低到达率）
[stereo_camera_node-1] [INFO] [1790760907.631926133] [camera.peach_stereo_camera_node]: groups=1900 published=1900 rate=13.7 gps drop(stream=0 incomplete=0 nostamp=0 depth=0)
[peach_harvester-10] [WARN] [1790760907.894459647] [peach_scene_perception_node]: 感知 worker 满队丢帧累计 1250（处理跟不上到达率，排查热路径耗时或降低到达率）
[peach_harvester-10] [WARN] [1790760908.031062971] [peach_scene_perception_node]: 感知 worker 满队丢帧累计 1255（处理跟不上到达率，排查热路径耗时或降低到达率）
[peach_harvester-10] [WARN] [1790760908.704698227] [peach_target_reconstruction_node]: 重建 worker 队列已满，拒绝新帧以保持积分顺序
[peach_harvester-10] [WARN] [1790760908.879267307] [peach_scene_perception_node]: 感知 worker 满队丢帧累计 1264（处理跟不上到达率，排查热路径耗时或降低到达率）
[peach_harvester-10] [WARN] [1790760909.470083595] [peach_scene_perception_node]: 感知 worker 满队丢帧累计 1265（处理跟不上到达率，排查热路径耗时或降低到达率）
[peach_harvester-10] [WARN] [1790760909.631411922] [peach_scene_perception_node]: 感知 worker 满队丢帧累计 1271（处理跟不上到达率，排查热路径耗时或降低到达率）
[peach_harvester-10] [WARN] [1790760910.076429365] [peach_scene_perception_node]: 感知 worker 满队丢帧累计 1272（处理跟不上到达率，排查热路径耗时或降低到达率）
[peach_harvester-10] [WARN] [1790760910.208488548] [peach_scene_perception_node]: 感知 worker 满队丢帧累计 1273（处理跟不上到达率，排查热路径耗时或降低到达率）
[peach_harvester-10] [WARN] [1790760910.311275422] [peach_target_reconstruction_node]: 重建 worker 队列已满，拒绝新帧以保持积分顺序
[peach_harvester-10] [WARN] [1790760910.392290257] [peach_scene_perception_node]: 感知 worker 满队丢帧累计 1281（处理跟不上到达率，排查热路径耗时或降低到达率）
[peach_harvester-10] [WARN] [1790760911.099058145] [peach_scene_perception_node]: 感知 worker 满队丢帧累计 1290（处理跟不上到达率，排查热路径耗时或降低到达率）
[peach_harvester-10] [WARN] [1790760911.898540031] [peach_scene_perception_node]: 感知 worker 满队丢帧累计 1297（处理跟不上到达率，排查热路径耗时或降低到达率）
[peach_harvester-10] [WARN] [1790760912.505794763] [peach_target_reconstruction_node]: 重建 worker 队列已满，拒绝新帧以保持积分顺序
[peach_harvester-10] [WARN] [1790760912.661983233] [peach_scene_perception_node]: 感知 worker 满队丢帧累计 1305（处理跟不上到达率，排查热路径耗时或降低到达率）
[peach_harvester-10] [WARN] [1790760912.813829803] [peach_scene_perception_node]: 感知 worker 满队丢帧累计 1308（处理跟不上到达率，排查热路径耗时或降低到达率）
[peach_harvester-10] [WARN] [1790760913.777414920] [peach_scene_perception_node]: 感知 worker 满队丢帧累计 1310（处理跟不上到达率，排查热路径耗时或降低到达率）
[peach_harvester-10] [WARN] [1790760913.926276234] [peach_target_reconstruction_node]: 重建 worker 队列已满，拒绝新帧以保持积分顺序
[peach_harvester-10] [WARN] [1790760913.950736051] [peach_scene_perception_node]: 感知 worker 满队丢帧累计 1319（处理跟不上到达率，排查热路径耗时或降低到达率）
[peach_harvester-10] [WARN] [1790760914.809352758] [peach_scene_perception_node]: 感知 worker 满队丢帧累计 1325（处理跟不上到达率，排查热路径耗时或降低到达率）
[stereo_camera_node-1] [INFO] [1790760914.824959609] [camera.peach_stereo_camera_node]: groups=2000 published=2000 rate=13.7 gps drop(stream=0 incomplete=0 nostamp=0 depth=0)
[peach_harvester-10] [WARN] [1790760915.279037311] [peach_scene_perception_node]: 感知 worker 满队丢帧累计 1326（处理跟不上到达率，排查热路径耗时或降低到达率）
[peach_harvester-10] [WARN] [1790760915.433346993] [peach_scene_perception_node]: 感知 worker 满队丢帧累计 1328（处理跟不上到达率，排查热路径耗时或降低到达率）
[peach_harvester-10] [WARN] [1790760915.611645990] [peach_scene_perception_node]: 感知 worker 满队丢帧累计 1333（处理跟不上到达率，排查热路径耗时或降低到达率）
[peach_harvester-10] [WARN] [1790760916.150412439] [peach_target_reconstruction_node]: 重建 worker 队列已满，拒绝新帧以保持积分顺序
[peach_harvester-10] [WARN] [1790760916.266632348] [peach_scene_perception_node]: 感知 worker 满队丢帧累计 1341（处理跟不上到达率，排查热路径耗时或降低到达率）
[peach_observability-12] [WARN] [1790760916.476923888] [peach_observability]: 自检[periodic] 13/18 通过，失败: camera_color_rate，跳过: robot_status, imu_topic, model_files, vegetation_status
[peach_harvester-10] [INFO] [1790760917.093990973] [peach_scene_perception_node]: 目标注册表在册 1 个目标（累计注册 1、累计命中 673）
[peach_harvester-10] [WARN] [1790760917.098413335] [peach_scene_perception_node]: 感知 worker 满队丢帧累计 1349（处理跟不上到达率，排查热路径耗时或降低到达率）
[peach_harvester-10] [WARN] [1790760917.795211327] [peach_target_reconstruction_node]: 重建 worker 队列已满，拒绝新帧以保持积分顺序
[peach_harvester-10] [WARN] [1790760917.827862760] [peach_scene_perception_node]: 感知 worker 满队丢帧累计 1357（处理跟不上到达率，排查热路径耗时或降低到达率）
[peach_harvester-10] [WARN] [1790760918.001542172] [peach_scene_perception_node]: 感知 worker 满队丢帧累计 1358（处理跟不上到达率，排查热路径耗时或降低到达率）
[peach_harvester-10] [WARN] [1790760918.666492981] [peach_scene_perception_node]: 感知 worker 满队丢帧累计 1367（处理跟不上到达率，排查热路径耗时或降低到达率）
[peach_harvester-10] [WARN] [1790760919.362707148] [peach_target_reconstruction_node]: 重建 worker 队列已满，拒绝新帧以保持积分顺序
[peach_harvester-10] [WARN] [1790760919.421623086] [peach_scene_perception_node]: 感知 worker 满队丢帧累计 1375（处理跟不上到达率，排查热路径耗时或降低到达率）
[peach_harvester-10] [WARN] [1790760920.116397432] [peach_scene_perception_node]: 感知 worker 满队丢帧累计 1381（处理跟不上到达率，排查热路径耗时或降低到达率）
[peach_harvester-10] [WARN] [1790760920.704302947] [peach_target_reconstruction_node]: 重建 worker 队列已满，拒绝新帧以保持积分顺序
[peach_harvester-10] [WARN] [1790760920.814059182] [peach_scene_perception_node]: 感知 worker 满队丢帧累计 1389（处理跟不上到达率，排查热路径耗时或降低到达率）
[peach_harvester-10] [WARN] [1790760921.551978901] [peach_scene_perception_node]: 感知 worker 满队丢帧累计 1393（处理跟不上到达率，排查热路径耗时或降低到达率）
[peach_harvester-10] [WARN] [1790760921.707300296] [peach_scene_perception_node]: 感知 worker 满队丢帧累计 1396（处理跟不上到达率，排查热路径耗时或降低到达率）
[stereo_camera_node-1] [INFO] [1790760922.082456747] [camera.peach_stereo_camera_node]: groups=2100 published=2100 rate=13.7 gps drop(stream=0 incomplete=0 nostamp=0 depth=0)
[peach_harvester-10] [WARN] [1790760922.192425029] [peach_target_reconstruction_node]: 重建 worker 队列已满，拒绝新帧以保持积分顺序
[peach_harvester-10] [WARN] [1790760922.321375450] [peach_scene_perception_node]: 感知 worker 满队丢帧累计 1405（处理跟不上到达率，排查热路径耗时或降低到达率）
[peach_harvester-10] [WARN] [1790760922.986303820] [peach_scene_perception_node]: 感知 worker 满队丢帧累计 1407（处理跟不上到达率，排查热路径耗时或降低到达率）
[peach_harvester-10] [WARN] [1790760923.135845271] [peach_scene_perception_node]: 感知 worker 满队丢帧累计 1412（处理跟不上到达率，排查热路径耗时或降低到达率）
[peach_harvester-10] [WARN] [1790760923.600003591] [peach_scene_perception_node]: 感知 worker 满队丢帧累计 1413（处理跟不上到达率，排查热路径耗时或降低到达率）
[peach_arm-11] [WARN] [1790760923.676993089] [peach_arm]: scan.protected_zones 丢弃畸形盒: 盒#0 存在 min>=max 的轴（空盒/退化盒），已丢弃
[peach_arm-11] [WARN] [1790760923.677146777] [peach_arm]: scan.protected_zones 丢弃畸形盒: 盒#0 存在 min>=max 的轴（空盒/退化盒），已丢弃
[peach_arm-11] [WARN] [1790760923.727414816] [peach_arm]: scan.protected_zones 丢弃畸形盒: 盒#0 存在 min>=max 的轴（空盒/退化盒），已丢弃
[peach_arm-11] [WARN] [1790760923.727578859] [peach_arm]: scan.protected_zones 丢弃畸形盒: 盒#0 存在 min>=max 的轴（空盒/退化盒），已丢弃
[peach_arm-11] [WARN] [1790760923.727622302] [peach_arm]: scan.protected_zones 丢弃畸形盒: 盒#0 存在 min>=max 的轴（空盒/退化盒），已丢弃
[peach_arm-11] [WARN] [1790760923.727660414] [peach_arm]: scan.protected_zones 丢弃畸形盒: 盒#0 存在 min>=max 的轴（空盒/退化盒），已丢弃
[peach_harvester-10] [WARN] [1790760923.770286310] [peach_scene_perception_node]: 感知 worker 满队丢帧累计 1419（处理跟不上到达率，排查热路径耗时或降低到达率）
[peach_harvester-10] [WARN] [1790760924.365295352] [peach_target_reconstruction_node]: 重建 worker 队列已满，拒绝新帧以保持积分顺序
[peach_harvester-10] [WARN] [1790760924.513771516] [peach_scene_perception_node]: 感知 worker 满队丢帧累计 1427（处理跟不上到达率，排查热路径耗时或降低到达率）
[peach_harvester-10] [WARN] [1790760925.158033126] [peach_scene_perception_node]: 感知 worker 满队丢帧累计 1435（处理跟不上到达率，排查热路径耗时或降低到达率）
[peach_arm-11] [INFO] [1790760925.279609354] [peach_arm]: [PLAN_OBSERVATION] 生成目标导向主动视点
[peach_arm-11] [INFO] [1790760925.279809050] [peach_arm]: [FINALIZE] 等待重建精化几何（BuildTargetModel）
[peach_arm-11] [WARN] [1790760925.279815815] [peach_arm]: quality.allow_unrefined_geometry: 用场景观测几何代替重建精化 target=target_1
[peach_arm-11] [INFO] [1790760925.279829761] [peach_arm]: 接触几何（核对方向） target=target_1 entry=[0.304 -0.614 0.536] axis=[0.042 0.136 0.990] travel=0.060m axis_angle_deg=0.00
[peach_arm-11] [INFO] [1790760925.279863697] [peach_arm]: [RECONFIRM] 抓取前再确认：等待新鲜观测复核身份/锚点漂移/摆动平息
[peach_observability-12] [WARN] [1790760925.290889443] [rosbag2_cpp]: Message definition for topic '/peach_arm/execute_target/_action/status' with type 'action_msgs/msg/GoalStatusArray' not found. Message definition will be left empty in bag.
[peach_observability-12] [WARN] [1790760925.292062537] [rosbag2_cpp]: Message definition for topic '/peach_arm/execute_target/_action/feedback' with type 'peach_interfaces/msg/ExecuteTarget_FeedbackMessage' not found. Message definition will be left empty in bag.
[peach_arm-11] [INFO] [1790760925.540851056] [peach_arm]: [MTC_APPROACH_INSERT] 拍照位再最短路径到预抓取
[peach_arm-11] [INFO] [1790760925.541748563] [peach_arm.moveit.ros.current_state_monitor]: Listening to joint states on topic 'joint_states'
[peach_arm-11] [INFO] [1790760925.545090354] [peach_arm.moveit.ros.move_group_interface]: MoveGroup action client/server ready
[move_group-7] [INFO] [1790760925.545478420] [move_group.moveit.moveit.ros.move_group.move_action]: MoveGroupMoveAction: Received request
[peach_arm-11] [INFO] [1790760925.545599927] [peach_arm.moveit.ros.move_group_interface]: Planning request accepted
[move_group-7] [INFO] [1790760925.545877508] [move_group.moveit.moveit.ros.move_group.move_action]: executing..
[peach_observability-12] [WARN] [1790760925.549492502] [rosbag2_cpp]: Message definition for topic '/move_action/_action/feedback' with type 'moveit_msgs/msg/MoveGroup_FeedbackMessage' not found. Message definition will be left empty in bag.
[peach_observability-12] [WARN] [1790760925.549585445] [rosbag2_cpp]: Message definition for topic '/move_action/_action/status' with type 'action_msgs/msg/GoalStatusArray' not found. Message definition will be left empty in bag.
[move_group-7] [INFO] [1790760925.549880652] [move_group.moveit.moveit.ros.move_group.move_action]: Planning request received for MoveGroup action. Forwarding to planning pipeline.
[move_group-7] [INFO] [1790760925.549916617] [move_group.moveit.moveit.ros.move_group.capability]: Using planning pipeline 'pilz_industrial_motion_planner'
[move_group-7] [INFO] [1790760925.550088866] [move_group]: Calling PlanningRequestAdapter 'ResolveConstraintFrames'
[move_group-7] [INFO] [1790760925.550118832] [move_group]: Calling PlanningRequestAdapter 'ValidateWorkspaceBounds'
[move_group-7] [WARN] [1790760925.550126291] [move_group.moveit.moveit.ros.validate_workspace_bounds]: It looks like the planning volume was not specified. Using default values.
[move_group-7] [INFO] [1790760925.550139339] [move_group]: Calling PlanningRequestAdapter 'CheckStartStateBounds'
[move_group-7] [INFO] [1790760925.550164492] [move_group]: Calling PlanningRequestAdapter 'CheckStartStateCollision'
[move_group-7] [INFO] [1790760925.550357809] [move_group.moveit.moveit.planners.pilz.trajectory_generator.ptp]: Initialized Point-to-Point Trajectory Generator.
[move_group-7] [INFO] [1790760925.550381563] [move_group]: Calling Planner 'Pilz Industrial Motion Planner'
[move_group-7] [INFO] [1790760925.550407458] [move_group.moveit.moveit.planners.pilz.trajectory_generator]: Generating PTP trajectory...
[move_group-7] [INFO] [1790760925.550613001] [move_group]: Calling PlanningResponseAdapter 'ValidateSolution'
[move_group-7] [INFO] [1790760925.550816675] [move_group.moveit.moveit.ros.move_group.move_action]: Motion plan was computed successfully.
[peach_arm-11] [INFO] [1790760925.557114906] [peach_arm.moveit.ros.move_group_interface]: Planning request complete!
[peach_arm-11] [INFO] [1790760925.558827449] [peach_arm.moveit.ros.move_group_interface]: time taken to generate plan: 0.000133471 seconds
[move_group-7] [INFO] [1790760925.560412145] [move_group.moveit.moveit.ros.move_group.clear_octomap_service]: Execution request received
[move_group-7] [INFO] [1790760925.560479577] [move_group.moveit.moveit.plugins.simple_controller_manager]: Returned 1 controllers in list
[move_group-7] [INFO] [1790760925.560502500] [move_group.moveit.moveit.plugins.simple_controller_manager]: Returned 1 controllers in list
[move_group-7] [INFO] [1790760925.560612434] [move_group.moveit.moveit.ros.trajectory_execution_manager]: Validating trajectory with allowed_start_tolerance 0.15
[peach_arm-11] [INFO] [1790760925.560448698] [peach_arm.moveit.ros.move_group_interface]: Execute request accepted
[move_group-7] [INFO] [1790760925.566378626] [move_group.moveit.moveit.ros.trajectory_execution_manager]: Starting trajectory execution ...
[move_group-7] [INFO] [1790760925.566493464] [move_group.moveit.moveit.plugins.simple_controller_manager]: Returned 1 controllers in list
[move_group-7] [INFO] [1790760925.566516257] [move_group.moveit.moveit.plugins.simple_controller_manager]: Returned 1 controllers in list
[move_group-7] [INFO] [1790760925.566877073] [moveit.simple_controller_manager.follow_joint_trajectory_controller_handle]: sending trajectory to joint_trajectory_controller
[ros2_control_node-4] [INFO] [1790760925.568071810] [joint_trajectory_controller]: Received new action goal
[ros2_control_node-4] [INFO] [1790760925.568134400] [joint_trajectory_controller]: Accepted new action goal
[move_group-7] [INFO] [1790760925.568449652] [moveit.simple_controller_manager.follow_joint_trajectory_controller_handle]: joint_trajectory_controller started execution
[move_group-7] [INFO] [1790760925.568465113] [moveit.simple_controller_manager.follow_joint_trajectory_controller_handle]: Goal request accepted!
[peach_observability-12] [WARN] [1790760925.575668633] [rosbag2_cpp]: Message definition for topic '/execute_trajectory/_action/feedback' with type 'moveit_msgs/msg/ExecuteTrajectory_FeedbackMessage' not found. Message definition will be left empty in bag.
[peach_observability-12] [WARN] [1790760925.575736699] [rosbag2_cpp]: Message definition for topic '/execute_trajectory/_action/status' with type 'action_msgs/msg/GoalStatusArray' not found. Message definition will be left empty in bag.
[peach_observability-12] [WARN] [1790760925.575768237] [rosbag2_cpp]: Message definition for topic '/joint_trajectory_controller/follow_joint_trajectory/_action/status' with type 'action_msgs/msg/GoalStatusArray' not found. Message definition will be left empty in bag.
[peach_observability-12] [WARN] [1790760925.628423894] [rosbag2_cpp]: Message definition for topic '/joint_trajectory_controller/follow_joint_trajectory/_action/feedback' with type 'control_msgs/msg/FollowJointTrajectory_FeedbackMessage' not found. Message definition will be left empty in bag.
[peach_arm-11] [WARN] [1790760925.740994495] [peach_arm]: 忽略 refined pose（unrefined_hold）: gate=target_1 actual=target_1
[peach_arm-11] [WARN] [1790760925.741026057] [peach_arm]: 忽略 refined diagnostics（unrefined_hold）: expected=target_1 actual=target_1
[peach_harvester-10] [WARN] [1790760925.858710550] [peach_scene_perception_node]: 感知 worker 满队丢帧累计 1436（处理跟不上到达率，排查热路径耗时或降低到达率）
[peach_harvester-10] [WARN] [1790760926.071663903] [peach_scene_perception_node]: 感知 worker 满队丢帧累计 1443（处理跟不上到达率，排查热路径耗时或降低到达率）
[ros2_control_node-4] [INFO] [1790760926.159515094] [joint_trajectory_controller]: Goal reached, success!
[move_group-7] [INFO] [1790760926.168696297] [moveit.simple_controller_manager.follow_joint_trajectory_controller_handle]: Controller 'joint_trajectory_controller' successfully finished
[move_group-7] [INFO] [1790760926.179714861] [move_group.moveit.moveit.ros.trajectory_execution_manager]: Completed trajectory execution with status SUCCEEDED ...
[move_group-7] [INFO] [1790760926.179812026] [move_group.moveit.moveit.ros.move_group.clear_octomap_service]: Execution completed: SUCCEEDED
[peach_arm-11] [INFO] [1790760926.180047935] [peach_arm.moveit.ros.move_group_interface]: Execute request success!
[peach_arm-11] [INFO] [1790760926.184738503] [peach_arm]: 预抓取从拍照位出发: 已到达全局拍照位姿
[peach_arm-11] [INFO] [1790760926.184784936] [peach_arm]: 接近：距入口 0.404m 轴向 -0.203m 侧向 0.349m 夹角 8.4° 扫角 120.3° 半径 0.404m 沿轴LIN 0.030m 刀口滚转 0° 原语 staging
[peach_arm-11] [INFO] [1790760926.271955434] [peach_arm]: staging IK 择优：滚转 0°（20 候选，腕轴加权距离² 7.480）
[peach_arm-11] [INFO] [1790760926.271990453] [peach_arm]: PTP 接近（主路径）：关节空间到中段点正下方 + 垂直入冠 0.050m + 沿轴 0.050m（滚转 0°）
[peach_arm-11] [INFO] [1790760926.291240965] [peach_arm.moveit.ros.rdf_loader]: Loaded robot model in 0.00157111 seconds
[peach_arm-11] [INFO] [1790760926.291266107] [peach_arm.moveit.core.robot_model]: Loading robot model 'aubo_e5'...
[peach_arm-11] [INFO] [1790760926.291268636] [peach_arm.moveit.core.robot_model]: No root/virtual joint specified in SRDF. Assuming fixed joint
[peach_arm-11] [INFO] [1790760926.311723677] [peach_arm.moveit.kinematics.kdl_kinematics_plugin]: Joint weights for group 'manipulator_e5': 1 1 1 1 1 1
[peach_arm-11] [INFO] [1790760926.325462310] [peach_arm]: 场景障碍 ACM 豁免已应用: 26 条（含 <octomap> 保留名）
[peach_arm-11] [INFO] [1790760926.335553782] [peach_arm.moveit.planners.pilz.joint_limits_aggregator]: Reading limits from namespace robot_description_planning
[peach_arm-11] [INFO] [1790760926.336034953] [peach_arm.moveit.planners.pilz.command_planner]: Available plugins: pilz_industrial_motion_planner/PlanningContextLoaderCIRC pilz_industrial_motion_planner/PlanningContextLoaderLIN pilz_industrial_motion_planner/PlanningContextLoaderPTP 
[peach_arm-11] [INFO] [1790760926.336040065] [peach_arm.moveit.planners.pilz.command_planner]: About to load: pilz_industrial_motion_planner/PlanningContextLoaderCIRC
[peach_arm-11] [INFO] [1790760926.336798125] [peach_arm.moveit.planners.pilz.command_planner]: Registered Algorithm [CIRC]
[peach_arm-11] [INFO] [1790760926.336803828] [peach_arm.moveit.planners.pilz.command_planner]: About to load: pilz_industrial_motion_planner/PlanningContextLoaderLIN
[peach_arm-11] [INFO] [1790760926.337315398] [peach_arm.moveit.planners.pilz.command_planner]: Registered Algorithm [LIN]
[peach_arm-11] [INFO] [1790760926.337319486] [peach_arm.moveit.planners.pilz.command_planner]: About to load: pilz_industrial_motion_planner/PlanningContextLoaderPTP
[peach_arm-11] [INFO] [1790760926.337798098] [peach_arm.moveit.planners.pilz.command_planner]: Registered Algorithm [PTP]
[peach_arm-11] [INFO] [1790760926.337801491] [peach_arm.moveit.ros.planning_pipeline]: Successfully loaded planner 'Pilz Industrial Motion Planner'
[peach_arm-11] [INFO] [1790760926.338452831] [peach_arm]: Try loading adapter 'default_planning_request_adapters/ResolveConstraintFrames'
[peach_arm-11] [INFO] [1790760926.339042153] [peach_arm]: Loaded adapter 'default_planning_request_adapters/ResolveConstraintFrames'
[peach_arm-11] [INFO] [1790760926.339044387] [peach_arm]: Try loading adapter 'default_planning_request_adapters/ValidateWorkspaceBounds'
[peach_arm-11] [INFO] [1790760926.339085839] [peach_arm]: Loaded adapter 'default_planning_request_adapters/ValidateWorkspaceBounds'
[peach_arm-11] [INFO] [1790760926.339087229] [peach_arm]: Try loading adapter 'default_planning_request_adapters/CheckStartStateBounds'
[peach_arm-11] [INFO] [1790760926.339092700] [peach_arm]: Loaded adapter 'default_planning_request_adapters/CheckStartStateBounds'
[peach_arm-11] [INFO] [1790760926.339093533] [peach_arm]: Try loading adapter 'default_planning_request_adapters/CheckStartStateCollision'
[peach_arm-11] [INFO] [1790760926.339096999] [peach_arm]: Loaded adapter 'default_planning_request_adapters/CheckStartStateCollision'
[peach_arm-11] [INFO] [1790760926.339794218] [peach_arm]: Try loading adapter 'default_planning_response_adapters/ValidateSolution'
[peach_arm-11] [INFO] [1790760926.340949470] [peach_arm]: Loaded adapter 'default_planning_response_adapters/ValidateSolution'
[peach_arm-11] [INFO] [1790760926.408552790] [peach_arm]: Calling PlanningRequestAdapter 'ResolveConstraintFrames'
[peach_arm-11] [INFO] [1790760926.408750676] [peach_arm]: Calling PlanningRequestAdapter 'ValidateWorkspaceBounds'
[peach_arm-11] [WARN] [1790760926.408756157] [peach_arm.moveit.ros.validate_workspace_bounds]: It looks like the planning volume was not specified. Using default values.
[peach_arm-11] [INFO] [1790760926.408778957] [peach_arm]: Calling PlanningRequestAdapter 'CheckStartStateBounds'
[peach_arm-11] [INFO] [1790760926.408818174] [peach_arm]: Calling PlanningRequestAdapter 'CheckStartStateCollision'
[peach_arm-11] [INFO] [1790760926.409020027] [peach_arm.moveit.planners.pilz.trajectory_generator.ptp]: Initialized Point-to-Point Trajectory Generator.
[peach_arm-11] [INFO] [1790760926.409038245] [peach_arm]: Calling Planner 'Pilz Industrial Motion Planner'
[peach_arm-11] [INFO] [1790760926.409064608] [peach_arm.moveit.planners.pilz.trajectory_generator]: Generating PTP trajectory...
[peach_arm-11] [INFO] [1790760926.409433741] [peach_arm]: Calling PlanningResponseAdapter 'ValidateSolution'
[peach_arm-11] [INFO] [1790760926.410152529] [peach_arm]: MTC 接近短路径审查: segments=1 allowed=true points=15 duration=1.343s joint_total=4.266rad joint_max=1.128rad (短路径门通过)
[peach_arm-11] [INFO] [1790760926.410191133] [peach_arm]: MTC 接近果实胶囊审查(seg0 转移): allowed=true min_clearance=0.069m (果实胶囊审查通过)
[peach_arm-11] [INFO] [1790760926.410196289] [peach_arm]: MTC 接近笛卡尔审查: allowed=true path=0.520m chord=0.477m ratio=1.09 max_dev=0.088m recede=0.000m (笛卡尔短路径门通过)
[peach_arm-11] [INFO] [1790760926.410202464] [peach_arm]: MTC 接近姿态审查: allowed=true max_from_start=8.4deg (TCP 姿态行程通过)
[move_group-7] [WARN] [1790760926.422050652] [moveit_task_constructor_visualization.execute_task_solution]: The trajectory of stage '0' from task '' does not have any controllers specified for trajectory execution. This might lead to unexpected controller selection.
[move_group-7] [INFO] [1790760926.422074588] [moveit_task_constructor_visualization.execute_task_solution]: Executing TaskSolution
[move_group-7] [INFO] [1790760926.422125591] [move_group.moveit.moveit.plugins.simple_controller_manager]: Returned 1 controllers in list
[move_group-7] [INFO] [1790760926.422166167] [move_group.moveit.moveit.plugins.simple_controller_manager]: Returned 1 controllers in list
[move_group-7] [INFO] [1790760926.422221076] [move_group.moveit.moveit.ros.trajectory_execution_manager]: Validating trajectory with allowed_start_tolerance 0.15
[move_group-7] [INFO] [1790760926.425576925] [move_group.moveit.moveit.ros.trajectory_execution_manager]: Starting trajectory execution ...
[move_group-7] [INFO] [1790760926.425722923] [move_group.moveit.moveit.plugins.simple_controller_manager]: Returned 1 controllers in list
[move_group-7] [INFO] [1790760926.425756817] [move_group.moveit.moveit.plugins.simple_controller_manager]: Returned 1 controllers in list
[move_group-7] [INFO] [1790760926.426317481] [move_group.moveit.moveit.plugins.simple_controller_manager]: Returned 1 controllers in list
[move_group-7] [INFO] [1790760926.426343409] [move_group.moveit.moveit.plugins.simple_controller_manager]: Returned 1 controllers in list
[move_group-7] [INFO] [1790760926.426624350] [moveit.simple_controller_manager.follow_joint_trajectory_controller_handle]: sending trajectory to joint_trajectory_controller
[move_group-7] [INFO] [1790760926.427433201] [moveit.simple_controller_manager.follow_joint_trajectory_controller_handle]: joint_trajectory_controller started execution
[move_group-7] [INFO] [1790760926.427442029] [moveit.simple_controller_manager.follow_joint_trajectory_controller_handle]: Goal request accepted!
[ros2_control_node-4] [INFO] [1790760926.427316643] [joint_trajectory_controller]: Received new action goal
[ros2_control_node-4] [INFO] [1790760926.427357877] [joint_trajectory_controller]: Accepted new action goal
[peach_observability-12] [WARN] [1790760926.427826335] [rosbag2_cpp]: Message definition for topic '/execute_task_solution/_action/status' with type 'action_msgs/msg/GoalStatusArray' not found. Message definition will be left empty in bag.
[peach_observability-12] [WARN] [1790760926.432524130] [rosbag2_cpp]: Message definition for topic '/execute_task_solution/_action/feedback' with type 'moveit_task_constructor_msgs/msg/ExecuteTaskSolution_FeedbackMessage' not found. Message definition will be left empty in bag.
[peach_harvester-10] [WARN] [1790760926.650287245] [peach_target_reconstruction_node]: 重建 worker 队列已满，拒绝新帧以保持积分顺序
[peach_harvester-10] [WARN] [1790760926.786879554] [peach_scene_perception_node]: 感知 worker 满队丢帧累计 1451（处理跟不上到达率，排查热路径耗时或降低到达率）
[peach_harvester-10] [INFO] [1790760927.397934628] [peach_scene_perception_node]: 目标注册表在册 1 个目标（累计注册 1、累计命中 704）
[peach_harvester-10] [WARN] [1790760927.400385941] [peach_scene_perception_node]: 感知 worker 满队丢帧累计 1457（处理跟不上到达率，排查热路径耗时或降低到达率）
[peach_harvester-10] [WARN] [1790760927.511714353] [peach_scene_perception_node]: 感知 worker 满队丢帧累计 1459（处理跟不上到达率，排查热路径耗时或降低到达率）
[ros2_control_node-4] [INFO] [1790760927.769513998] [joint_trajectory_controller]: Goal reached, success!
[move_group-7] [INFO] [1790760927.778104620] [moveit.simple_controller_manager.follow_joint_trajectory_controller_handle]: Controller 'joint_trajectory_controller' successfully finished
[move_group-7] [INFO] [1790760927.789718311] [move_group.moveit.moveit.ros.trajectory_execution_manager]: Completed trajectory execution with status SUCCEEDED ...
[peach_arm-11] Warning: class_loader.ClassLoader: SEVERE WARNING!!! Attempting to unload library while objects created by this loader exist in the heap! You should delete your objects before attempting to unload the library or destroying the ClassLoader. The library will NOT be unloaded.
[peach_arm-11]          at line 127 in ./src/class_loader.cpp
[move_group-7] [INFO] [1790760927.823931521] [move_group.moveit.moveit.ros.move_group.capability]: Using planning pipeline 'pilz_industrial_motion_planner'
[move_group-7] [INFO] [1790760927.824057948] [move_group]: Calling PlanningRequestAdapter 'ResolveConstraintFrames'
[move_group-7] [INFO] [1790760927.824138671] [move_group]: Calling PlanningRequestAdapter 'ValidateWorkspaceBounds'
[move_group-7] [WARN] [1790760927.824143613] [move_group.moveit.moveit.ros.validate_workspace_bounds]: It looks like the planning volume was not specified. Using default values.
[move_group-7] [INFO] [1790760927.824154623] [move_group]: Calling PlanningRequestAdapter 'CheckStartStateBounds'
[move_group-7] [ERROR] [1790760927.824171021] [move_group.moveit.moveit.core.conversions]: Found empty JointState message
[move_group-7] [INFO] [1790760927.824186785] [move_group]: Calling PlanningRequestAdapter 'CheckStartStateCollision'
[move_group-7] [ERROR] [1790760927.824192165] [move_group.moveit.moveit.core.conversions]: Found empty JointState message
[move_group-7] [INFO] [1790760927.824287042] [move_group]: Calling Planner 'Pilz Industrial Motion Planner'
[move_group-7] [INFO] [1790760927.824298611] [move_group.moveit.moveit.planners.pilz.trajectory_generator]: Generating LIN trajectory...
[move_group-7] [ERROR] [1790760927.824328880] [move_group.moveit.moveit.core.conversions]: Found empty JointState message
[move_group-7] [INFO] [1790760927.824844332] [move_group]: Calling PlanningResponseAdapter 'ValidateSolution'
[move_group-7] [INFO] [1790760927.825009806] [move_group]: Calling PlanningRequestAdapter 'ResolveConstraintFrames'
[move_group-7] [INFO] [1790760927.825018376] [move_group]: Calling PlanningRequestAdapter 'ValidateWorkspaceBounds'
[move_group-7] [WARN] [1790760927.825020994] [move_group.moveit.moveit.ros.validate_workspace_bounds]: It looks like the planning volume was not specified. Using default values.
[move_group-7] [INFO] [1790760927.825027298] [move_group]: Calling PlanningRequestAdapter 'CheckStartStateBounds'
[move_group-7] [INFO] [1790760927.825037170] [move_group]: Calling PlanningRequestAdapter 'CheckStartStateCollision'
[move_group-7] [INFO] [1790760927.825066838] [move_group]: Calling Planner 'Pilz Industrial Motion Planner'
[move_group-7] [INFO] [1790760927.825070910] [move_group.moveit.moveit.planners.pilz.trajectory_generator]: Generating LIN trajectory...
[move_group-7] [INFO] [1790760927.825412246] [move_group]: Calling PlanningResponseAdapter 'ValidateSolution'
[move_group-7] [INFO] [1790760927.825551455] [move_group.moveit.moveit.planners.pilz.trajectory_blender_transition_window]: Start trajectory blending using transition window.
[move_group-7] [INFO] [1790760927.825569524] [move_group.moveit.moveit.planners.pilz.trajectory_blender_transition_window]: Search for start and end point of blending trajectory.
[move_group-7] [INFO] [1790760927.825580885] [move_group.moveit.moveit.planners.pilz.trajectory_blender_transition_window]: Intersection point of first trajectory found, index: 4
[move_group-7] [INFO] [1790760927.825589193] [move_group.moveit.moveit.planners.pilz.trajectory_blender_transition_window]: Intersection point of second trajectory found, index: 2
[peach_arm-11] [INFO] [1790760927.825960988] [peach_arm]: sequence 冠内审查: segments=1 allowed=true points=13 duration=1.132s joint_total=0.531rad (短路径门通过)
[move_group-7] [INFO] [1790760927.827821726] [move_group.moveit.moveit.ros.move_group.clear_octomap_service]: Execution request received
[move_group-7] [INFO] [1790760927.827850615] [move_group.moveit.moveit.plugins.simple_controller_manager]: Returned 1 controllers in list
[move_group-7] [INFO] [1790760927.827860690] [move_group.moveit.moveit.plugins.simple_controller_manager]: Returned 1 controllers in list
[move_group-7] [INFO] [1790760927.827890146] [move_group.moveit.moveit.ros.trajectory_execution_manager]: Validating trajectory with allowed_start_tolerance 0.15
[move_group-7] [INFO] [1790760927.829821400] [move_group.moveit.moveit.ros.trajectory_execution_manager]: Starting trajectory execution ...
[move_group-7] [INFO] [1790760927.829867640] [move_group.moveit.moveit.plugins.simple_controller_manager]: Returned 1 controllers in list
[move_group-7] [INFO] [1790760927.829883644] [move_group.moveit.moveit.plugins.simple_controller_manager]: Returned 1 controllers in list
[move_group-7] [INFO] [1790760927.830059336] [moveit.simple_controller_manager.follow_joint_trajectory_controller_handle]: sending trajectory to joint_trajectory_controller
[ros2_control_node-4] [INFO] [1790760927.830202086] [joint_trajectory_controller]: Received new action goal
[ros2_control_node-4] [INFO] [1790760927.830233904] [joint_trajectory_controller]: Accepted new action goal
[move_group-7] [INFO] [1790760927.830300660] [moveit.simple_controller_manager.follow_joint_trajectory_controller_handle]: joint_trajectory_controller started execution
[move_group-7] [INFO] [1790760927.830308339] [moveit.simple_controller_manager.follow_joint_trajectory_controller_handle]: Goal request accepted!
[peach_harvester-10] [WARN] [1790760928.113430589] [peach_scene_perception_node]: 感知 worker 满队丢帧累计 1463（处理跟不上到达率，排查热路径耗时或降低到达率）
[peach_harvester-10] [WARN] [1790760928.219775203] [peach_scene_perception_node]: 感知 worker 满队丢帧累计 1465（处理跟不上到达率，排查热路径耗时或降低到达率）
[peach_harvester-10] [WARN] [1790760928.819569739] [peach_scene_perception_node]: 感知 worker 满队丢帧累计 1469（处理跟不上到达率，排查热路径耗时或降低到达率）
[ros2_control_node-4] [INFO] [1790760928.964520765] [joint_trajectory_controller]: Goal reached, success!
[move_group-7] [INFO] [1790760928.980494113] [moveit.simple_controller_manager.follow_joint_trajectory_controller_handle]: Controller 'joint_trajectory_controller' successfully finished
[move_group-7] [INFO] [1790760928.995140404] [move_group.moveit.moveit.ros.trajectory_execution_manager]: Completed trajectory execution with status SUCCEEDED ...
[move_group-7] [INFO] [1790760928.995307368] [move_group.moveit.moveit.ros.move_group.clear_octomap_service]: Execution completed: SUCCEEDED
[peach_arm-11] [INFO] [1790760928.997605184] [peach_arm]: 检查点 2（到预抓取）
[peach_arm-11] [INFO] [1790760928.997712203] [peach_arm]: [RECONFIRM] 预抓取停稳验证（不 SetIO）
[peach_harvester-10] [WARN] [1790760929.090984949] [peach_scene_perception_node]: 感知 worker 满队丢帧累计 1470（处理跟不上到达率，排查热路径耗时或降低到达率）
[peach_arm-11] [INFO] [1790760929.197904677] [peach_arm]: [PREVIEW_CONTACT_PLANNING] 预规划套入与反向撤退
[peach_arm-11] [INFO] [1790760929.207635798] [peach_arm.moveit.ros.rdf_loader]: Loaded robot model in 0.000852836 seconds
[peach_arm-11] [INFO] [1790760929.207649423] [peach_arm.moveit.core.robot_model]: Loading robot model 'aubo_e5'...
[peach_arm-11] [INFO] [1790760929.207651743] [peach_arm.moveit.core.robot_model]: No root/virtual joint specified in SRDF. Assuming fixed joint
[peach_arm-11] [INFO] [1790760929.230475261] [peach_arm.moveit.kinematics.kdl_kinematics_plugin]: Joint weights for group 'manipulator_e5': 1 1 1 1 1 1
[peach_arm-11] [INFO] [1790760929.318694320] [peach_arm]: 场景障碍 ACM 豁免已应用: 26 条（含 <octomap> 保留名）
[stereo_camera_node-1] [INFO] [1790760929.329827034] [camera.peach_stereo_camera_node]: groups=2200 published=2200 rate=13.7 gps drop(stream=0 incomplete=0 nostamp=0 depth=0)
[peach_arm-11] [INFO] [1790760929.409186823] [peach_arm]: 检查点 3（套入与反向撤退预规划过门）
[peach_arm-11] [INFO] [1790760929.409550085] [peach_arm]: [MTC_APPROACH_INSERT] 沿轴 LIN 套入
[peach_arm-11] [INFO] [1790760929.419916709] [peach_arm.moveit.ros.rdf_loader]: Loaded robot model in 0.000843308 seconds
[peach_arm-11] [INFO] [1790760929.419931651] [peach_arm.moveit.core.robot_model]: Loading robot model 'aubo_e5'...
[peach_arm-11] [INFO] [1790760929.419934108] [peach_arm.moveit.core.robot_model]: No root/virtual joint specified in SRDF. Assuming fixed joint
[peach_arm-11] [INFO] [1790760929.437381001] [peach_arm.moveit.kinematics.kdl_kinematics_plugin]: Joint weights for group 'manipulator_e5': 1 1 1 1 1 1
[peach_arm-11] [INFO] [1790760929.451222745] [peach_arm]: 场景障碍 ACM 豁免已应用: 26 条（含 <octomap> 保留名）
[peach_harvester-10] [WARN] [1790760929.555239396] [peach_scene_perception_node]: 感知 worker 满队丢帧累计 1476（处理跟不上到达率，排查热路径耗时或降低到达率）
[peach_arm-11] [INFO] [1790760929.610546606] [peach_arm]: MTC 接近短路径审查: segments=1 allowed=true points=21 duration=1.948s joint_total=0.511rad joint_max=0.222rad (短路径门通过)
[peach_arm-11] [INFO] [1790760929.610574830] [peach_arm]: MTC 接近笛卡尔审查: allowed=true path=0.090m chord=0.090m ratio=1.00 max_dev=0.000m recede=0.000m (笛卡尔短路径门通过)
[peach_arm-11] [INFO] [1790760929.610577798] [peach_arm]: MTC 接近姿态审查: allowed=true max_from_start=0.0deg (TCP 姿态行程通过)
[move_group-7] [WARN] [1790760929.619651375] [moveit_task_constructor_visualization.execute_task_solution]: The trajectory of stage '0' from task '' does not have any controllers specified for trajectory execution. This might lead to unexpected controller selection.
[move_group-7] [INFO] [1790760929.619675973] [moveit_task_constructor_visualization.execute_task_solution]: Executing TaskSolution
[move_group-7] [INFO] [1790760929.619720279] [move_group.moveit.moveit.plugins.simple_controller_manager]: Returned 1 controllers in list
[move_group-7] [INFO] [1790760929.619758659] [move_group.moveit.moveit.plugins.simple_controller_manager]: Returned 1 controllers in list
[move_group-7] [INFO] [1790760929.619797412] [move_group.moveit.moveit.ros.trajectory_execution_manager]: Validating trajectory with allowed_start_tolerance 0.15
[move_group-7] [INFO] [1790760929.625196441] [move_group.moveit.moveit.ros.trajectory_execution_manager]: Starting trajectory execution ...
[move_group-7] [INFO] [1790760929.625253077] [move_group.moveit.moveit.plugins.simple_controller_manager]: Returned 1 controllers in list
[move_group-7] [INFO] [1790760929.625271531] [move_group.moveit.moveit.plugins.simple_controller_manager]: Returned 1 controllers in list
[move_group-7] [INFO] [1790760929.625732808] [move_group.moveit.moveit.plugins.simple_controller_manager]: Returned 1 controllers in list
[move_group-7] [INFO] [1790760929.625746147] [move_group.moveit.moveit.plugins.simple_controller_manager]: Returned 1 controllers in list
[move_group-7] [INFO] [1790760929.625927330] [moveit.simple_controller_manager.follow_joint_trajectory_controller_handle]: sending trajectory to joint_trajectory_controller
[ros2_control_node-4] [INFO] [1790760929.626940541] [joint_trajectory_controller]: Received new action goal
[ros2_control_node-4] [INFO] [1790760929.626966723] [joint_trajectory_controller]: Accepted new action goal
[move_group-7] [INFO] [1790760929.628216363] [moveit.simple_controller_manager.follow_joint_trajectory_controller_handle]: joint_trajectory_controller started execution
[move_group-7] [INFO] [1790760929.628233807] [moveit.simple_controller_manager.follow_joint_trajectory_controller_handle]: Goal request accepted!
[peach_harvester-10] [WARN] [1790760930.235475141] [peach_target_reconstruction_node]: 重建 worker 队列已满，拒绝新帧以保持积分顺序
[peach_harvester-10] [WARN] [1790760930.268499367] [peach_scene_perception_node]: 感知 worker 满队丢帧累计 1483（处理跟不上到达率，排查热路径耗时或降低到达率）
[peach_harvester-10] [WARN] [1790760931.033597901] [peach_scene_perception_node]: 感知 worker 满队丢帧累计 1490（处理跟不上到达率，排查热路径耗时或降低到达率）
[peach_harvester-10] [WARN] [1790760931.321387945] [peach_scene_perception_node]: 感知 worker 满队丢帧累计 1491（处理跟不上到达率，排查热路径耗时或降低到达率）
[peach_harvester-10] [WARN] [1790760931.363384114] [peach_scene_perception_node]: 感知 worker 满队丢帧累计 1492（处理跟不上到达率，排查热路径耗时或降低到达率）
[peach_arm-11] [WARN] [1790760931.455841472] [rclcpp]: Failed to get parameters: moveit.velocity_scaling
[ros2_control_node-4] [INFO] [1790760931.574535903] [joint_trajectory_controller]: Goal reached, success!
[move_group-7] [INFO] [1790760931.579253120] [moveit.simple_controller_manager.follow_joint_trajectory_controller_handle]: Controller 'joint_trajectory_controller' successfully finished
[move_group-7] [INFO] [1790760931.589677961] [move_group.moveit.moveit.ros.trajectory_execution_manager]: Completed trajectory execution with status SUCCEEDED ...
[peach_arm-11] [INFO] [1790760931.621706928] [peach_arm]: 检查点 4（沿轴套入到位）
[peach_arm-11] [INFO] [1790760931.621759142] [peach_arm]: [ACTUATE_TOOL] tool.enabled=false，跳过末端 IO
[peach_arm-11] [INFO] [1790760931.621773591] [peach_arm]: [MTC_RETREAT] MTC 沿插入反方向保持直线撤离
[peach_arm-11] [INFO] [1790760931.631215287] [peach_arm.moveit.ros.rdf_loader]: Loaded robot model in 0.000863761 seconds
[peach_arm-11] [INFO] [1790760931.631228849] [peach_arm.moveit.core.robot_model]: Loading robot model 'aubo_e5'...
[peach_arm-11] [INFO] [1790760931.631231287] [peach_arm.moveit.core.robot_model]: No root/virtual joint specified in SRDF. Assuming fixed joint
[peach_arm-11] [INFO] [1790760931.655040597] [peach_arm.moveit.kinematics.kdl_kinematics_plugin]: Joint weights for group 'manipulator_e5': 1 1 1 1 1 1
[peach_arm-11] [INFO] [1790760931.666452331] [peach_arm]: 场景障碍 ACM 豁免已应用: 26 条（含 <octomap> 保留名）
[move_group-7] [WARN] [1790760931.755186696] [moveit_task_constructor_visualization.execute_task_solution]: The trajectory of stage '0' from task '' does not have any controllers specified for trajectory execution. This might lead to unexpected controller selection.
[move_group-7] [INFO] [1790760931.755208399] [moveit_task_constructor_visualization.execute_task_solution]: Executing TaskSolution
[move_group-7] [INFO] [1790760931.755240013] [move_group.moveit.moveit.plugins.simple_controller_manager]: Returned 1 controllers in list
[move_group-7] [INFO] [1790760931.755272231] [move_group.moveit.moveit.plugins.simple_controller_manager]: Returned 1 controllers in list
[move_group-7] [INFO] [1790760931.755299174] [move_group.moveit.moveit.ros.trajectory_execution_manager]: Validating trajectory with allowed_start_tolerance 0.15
[move_group-7] [INFO] [1790760931.759850294] [move_group.moveit.moveit.ros.trajectory_execution_manager]: Starting trajectory execution ...
[move_group-7] [INFO] [1790760931.759972435] [move_group.moveit.moveit.plugins.simple_controller_manager]: Returned 1 controllers in list
[move_group-7] [INFO] [1790760931.759993031] [move_group.moveit.moveit.plugins.simple_controller_manager]: Returned 1 controllers in list
[move_group-7] [INFO] [1790760931.760563544] [move_group.moveit.moveit.plugins.simple_controller_manager]: Returned 1 controllers in list
[move_group-7] [INFO] [1790760931.760581863] [move_group.moveit.moveit.plugins.simple_controller_manager]: Returned 1 controllers in list
[move_group-7] [INFO] [1790760931.760772319] [moveit.simple_controller_manager.follow_joint_trajectory_controller_handle]: sending trajectory to joint_trajectory_controller
[ros2_control_node-4] [INFO] [1790760931.761007674] [joint_trajectory_controller]: Received new action goal
[ros2_control_node-4] [INFO] [1790760931.761130731] [joint_trajectory_controller]: Accepted new action goal
[move_group-7] [INFO] [1790760931.761421090] [moveit.simple_controller_manager.follow_joint_trajectory_controller_handle]: joint_trajectory_controller started execution
[move_group-7] [INFO] [1790760931.761429102] [moveit.simple_controller_manager.follow_joint_trajectory_controller_handle]: Goal request accepted!
[peach_harvester-10] [WARN] [1790760931.909893236] [peach_scene_perception_node]: 感知 worker 满队丢帧累计 1496（处理跟不上到达率，排查热路径耗时或降低到达率）
[peach_harvester-10] [WARN] [1790760932.048241804] [peach_scene_perception_node]: 感知 worker 满队丢帧累计 1497（处理跟不上到达率，排查热路径耗时或降低到达率）
[peach_harvester-10] [WARN] [1790760932.055986553] [peach_target_reconstruction_node]: 重建 worker 队列已满，拒绝新帧以保持积分顺序
[peach_harvester-10] [WARN] [1790760932.074766420] [peach_scene_perception_node]: 感知 worker 满队丢帧累计 1499（处理跟不上到达率，排查热路径耗时或降低到达率）
[peach_harvester-10] [WARN] [1790760932.806989446] [peach_scene_perception_node]: 感知 worker 满队丢帧累计 1502（处理跟不上到达率，排查热路径耗时或降低到达率）
[peach_harvester-10] [WARN] [1790760933.118892747] [peach_target_reconstruction_node]: 重建 worker 队列已满，拒绝新帧以保持积分顺序
[peach_harvester-10] [WARN] [1790760933.139465131] [peach_scene_perception_node]: 感知 worker 满队丢帧累计 1508（处理跟不上到达率，排查热路径耗时或降低到达率）
[peach_harvester-10] [WARN] [1790760933.228243325] [peach_scene_perception_node]: 感知 worker 满队丢帧累计 1509（处理跟不上到达率，排查热路径耗时或降低到达率）
[ros2_control_node-4] [INFO] [1790760933.709509901] [joint_trajectory_controller]: Goal reached, success!
[move_group-7] [INFO] [1790760933.711449702] [moveit.simple_controller_manager.follow_joint_trajectory_controller_handle]: Controller 'joint_trajectory_controller' successfully finished
[move_group-7] [INFO] [1790760933.726729664] [move_group.moveit.moveit.ros.trajectory_execution_manager]: Completed trajectory execution with status SUCCEEDED ...
[peach_arm-11] [INFO] [1790760933.759008029] [peach_arm]: 检查点 8（原路撤回预抓取）
[peach_arm-11] [INFO] [1790760933.759063200] [peach_arm]: [MTC_RETREAT] 返回 harvest_stow
[peach_arm-11] [INFO] [1790760933.765529112] [peach_arm.moveit.ros.move_group_interface]: MoveGroup action client/server ready
[move_group-7] [INFO] [1790760933.766322501] [move_group.moveit.moveit.ros.move_group.move_action]: MoveGroupMoveAction: Received request
[peach_arm-11] [INFO] [1790760933.766496530] [peach_arm.moveit.ros.move_group_interface]: Planning request accepted
[move_group-7] [INFO] [1790760933.766525342] [move_group.moveit.moveit.ros.move_group.move_action]: executing..
[move_group-7] [INFO] [1790760933.769895818] [move_group.moveit.moveit.ros.move_group.move_action]: Planning request received for MoveGroup action. Forwarding to planning pipeline.
[move_group-7] [INFO] [1790760933.769931883] [move_group.moveit.moveit.ros.move_group.capability]: Using planning pipeline 'pilz_industrial_motion_planner'
[move_group-7] [INFO] [1790760933.770006864] [move_group]: Calling PlanningRequestAdapter 'ResolveConstraintFrames'
[move_group-7] [INFO] [1790760933.770027163] [move_group]: Calling PlanningRequestAdapter 'ValidateWorkspaceBounds'
[move_group-7] [WARN] [1790760933.770031853] [move_group.moveit.moveit.ros.validate_workspace_bounds]: It looks like the planning volume was not specified. Using default values.
[move_group-7] [INFO] [1790760933.770041516] [move_group]: Calling PlanningRequestAdapter 'CheckStartStateBounds'
[move_group-7] [INFO] [1790760933.770055713] [move_group]: Calling PlanningRequestAdapter 'CheckStartStateCollision'
[move_group-7] [INFO] [1790760933.770146447] [move_group.moveit.moveit.planners.pilz.trajectory_generator.ptp]: Initialized Point-to-Point Trajectory Generator.
[move_group-7] [INFO] [1790760933.770169735] [move_group]: Calling Planner 'Pilz Industrial Motion Planner'
[move_group-7] [INFO] [1790760933.770180929] [move_group.moveit.moveit.planners.pilz.trajectory_generator]: Generating PTP trajectory...
[move_group-7] [INFO] [1790760933.770277398] [move_group]: Calling PlanningResponseAdapter 'ValidateSolution'
[move_group-7] [INFO] [1790760933.770595571] [move_group.moveit.moveit.ros.move_group.move_action]: Motion plan was computed successfully.
[peach_arm-11] [INFO] [1790760933.770726172] [peach_arm.moveit.ros.move_group_interface]: Planning request complete!
[peach_arm-11] [INFO] [1790760933.771538636] [peach_arm.moveit.ros.move_group_interface]: time taken to generate plan: 5.991e-05 seconds
[move_group-7] [INFO] [1790760933.772234423] [move_group.moveit.moveit.ros.move_group.clear_octomap_service]: Execution request received
[peach_arm-11] [INFO] [1790760933.772244395] [peach_arm.moveit.ros.move_group_interface]: Execute request accepted
[move_group-7] [INFO] [1790760933.772266995] [move_group.moveit.moveit.plugins.simple_controller_manager]: Returned 1 controllers in list
[move_group-7] [INFO] [1790760933.772280231] [move_group.moveit.moveit.plugins.simple_controller_manager]: Returned 1 controllers in list
[move_group-7] [INFO] [1790760933.772314420] [move_group.moveit.moveit.ros.trajectory_execution_manager]: Validating trajectory with allowed_start_tolerance 0.15
[move_group-7] [INFO] [1790760933.775395279] [move_group.moveit.moveit.ros.trajectory_execution_manager]: Starting trajectory execution ...
[move_group-7] [INFO] [1790760933.775433282] [move_group.moveit.moveit.plugins.simple_controller_manager]: Returned 1 controllers in list
[move_group-7] [INFO] [1790760933.775453584] [move_group.moveit.moveit.plugins.simple_controller_manager]: Returned 1 controllers in list
[move_group-7] [INFO] [1790760933.775633784] [moveit.simple_controller_manager.follow_joint_trajectory_controller_handle]: sending trajectory to joint_trajectory_controller
[ros2_control_node-4] [INFO] [1790760933.775915284] [joint_trajectory_controller]: Received new action goal
[ros2_control_node-4] [INFO] [1790760933.775947660] [joint_trajectory_controller]: Accepted new action goal
[move_group-7] [INFO] [1790760933.776097382] [moveit.simple_controller_manager.follow_joint_trajectory_controller_handle]: joint_trajectory_controller started execution
[move_group-7] [INFO] [1790760933.776105598] [moveit.simple_controller_manager.follow_joint_trajectory_controller_handle]: Goal request accepted!
[peach_harvester-10] [WARN] [1790760933.923314660] [peach_scene_perception_node]: 感知 worker 满队丢帧累计 1511（处理跟不上到达率，排查热路径耗时或降低到达率）
[peach_harvester-10] [WARN] [1790760933.980732996] [peach_scene_perception_node]: 感知 worker 满队丢帧累计 1512（处理跟不上到达率，排查热路径耗时或降低到达率）
[peach_harvester-10] [WARN] [1790760934.017238460] [peach_scene_perception_node]: 感知 worker 满队丢帧累计 1514（处理跟不上到达率，排查热路径耗时或降低到达率）
[peach_harvester-10] [WARN] [1790760935.060929859] [peach_scene_perception_node]: 感知 worker 满队丢帧累计 1516（处理跟不上到达率，排查热路径耗时或降低到达率）
[peach_harvester-10] [WARN] [1790760935.102319975] [peach_scene_perception_node]: 感知 worker 满队丢帧累计 1517（处理跟不上到达率，排查热路径耗时或降低到达率）
[ros2_control_node-4] [INFO] [1790760935.109518449] [joint_trajectory_controller]: Goal reached, success!
[move_group-7] [INFO] [1790760935.126387375] [moveit.simple_controller_manager.follow_joint_trajectory_controller_handle]: Controller 'joint_trajectory_controller' successfully finished
[peach_harvester-10] [WARN] [1790760935.138206836] [peach_scene_perception_node]: 感知 worker 满队丢帧累计 1519（处理跟不上到达率，排查热路径耗时或降低到达率）
[move_group-7] [INFO] [1790760935.139965835] [move_group.moveit.moveit.ros.trajectory_execution_manager]: Completed trajectory execution with status SUCCEEDED ...
[move_group-7] [INFO] [1790760935.140176338] [move_group.moveit.moveit.ros.move_group.clear_octomap_service]: Execution completed: SUCCEEDED
[peach_arm-11] [INFO] [1790760935.140316651] [peach_arm.moveit.ros.move_group_interface]: Execute request success!
[peach_arm-11] [INFO] [1790760935.154930963] [peach_arm.moveit.ros.move_group_interface]: MoveGroup action client/server ready
[move_group-7] [INFO] [1790760935.155101386] [move_group.moveit.moveit.ros.move_group.move_action]: MoveGroupMoveAction: Received request
[peach_arm-11] [INFO] [1790760935.155194636] [peach_arm.moveit.ros.move_group_interface]: Planning request accepted
[move_group-7] [INFO] [1790760935.155206516] [move_group.moveit.moveit.ros.move_group.move_action]: executing..
[move_group-7] [INFO] [1790760935.159737761] [move_group.moveit.moveit.ros.move_group.move_action]: Planning request received for MoveGroup action. Forwarding to planning pipeline.
[move_group-7] [INFO] [1790760935.159792850] [move_group.moveit.moveit.ros.move_group.capability]: Using planning pipeline 'pilz_industrial_motion_planner'
[move_group-7] [INFO] [1790760935.159933917] [move_group]: Calling PlanningRequestAdapter 'ResolveConstraintFrames'
[move_group-7] [INFO] [1790760935.159966075] [move_group]: Calling PlanningRequestAdapter 'ValidateWorkspaceBounds'
[move_group-7] [WARN] [1790760935.159972130] [move_group.moveit.moveit.ros.validate_workspace_bounds]: It looks like the planning volume was not specified. Using default values.
[move_group-7] [INFO] [1790760935.159988154] [move_group]: Calling PlanningRequestAdapter 'CheckStartStateBounds'
[move_group-7] [INFO] [1790760935.160012066] [move_group]: Calling PlanningRequestAdapter 'CheckStartStateCollision'
[move_group-7] [INFO] [1790760935.160133012] [move_group.moveit.moveit.planners.pilz.trajectory_generator.ptp]: Initialized Point-to-Point Trajectory Generator.
[move_group-7] [INFO] [1790760935.160157673] [move_group]: Calling Planner 'Pilz Industrial Motion Planner'
[move_group-7] [INFO] [1790760935.160169723] [move_group.moveit.moveit.planners.pilz.trajectory_generator]: Generating PTP trajectory...
[move_group-7] [INFO] [1790760935.160270531] [move_group]: Calling PlanningResponseAdapter 'ValidateSolution'
[move_group-7] [INFO] [1790760935.160507842] [move_group.moveit.moveit.ros.move_group.move_action]: Motion plan was computed successfully.
[peach_arm-11] [INFO] [1790760935.160643497] [peach_arm.moveit.ros.move_group_interface]: Planning request complete!
[peach_arm-11] [INFO] [1790760935.161344782] [peach_arm.moveit.ros.move_group_interface]: time taken to generate plan: 5.3277e-05 seconds
[peach_arm-11] [INFO] [1790760935.161888836] [peach_arm.moveit.ros.move_group_interface]: Execute request accepted
[move_group-7] [INFO] [1790760935.161902469] [move_group.moveit.moveit.ros.move_group.clear_octomap_service]: Execution request received
[move_group-7] [INFO] [1790760935.161939093] [move_group.moveit.moveit.plugins.simple_controller_manager]: Returned 1 controllers in list
[move_group-7] [INFO] [1790760935.161962524] [move_group.moveit.moveit.plugins.simple_controller_manager]: Returned 1 controllers in list
[move_group-7] [INFO] [1790760935.162015932] [move_group.moveit.moveit.ros.trajectory_execution_manager]: Validating trajectory with allowed_start_tolerance 0.15
[move_group-7] [INFO] [1790760935.164880413] [move_group.moveit.moveit.ros.trajectory_execution_manager]: Starting trajectory execution ...
[move_group-7] [INFO] [1790760935.164988263] [move_group.moveit.moveit.plugins.simple_controller_manager]: Returned 1 controllers in list
[move_group-7] [INFO] [1790760935.165006075] [move_group.moveit.moveit.plugins.simple_controller_manager]: Returned 1 controllers in list
[move_group-7] [INFO] [1790760935.165283259] [moveit.simple_controller_manager.follow_joint_trajectory_controller_handle]: sending trajectory to joint_trajectory_controller
[ros2_control_node-4] [INFO] [1790760935.166006308] [joint_trajectory_controller]: Received new action goal
[ros2_control_node-4] [INFO] [1790760935.166044980] [joint_trajectory_controller]: Accepted new action goal
[move_group-7] [INFO] [1790760935.166265870] [moveit.simple_controller_manager.follow_joint_trajectory_controller_handle]: joint_trajectory_controller started execution
[move_group-7] [INFO] [1790760935.166277212] [moveit.simple_controller_manager.follow_joint_trajectory_controller_handle]: Goal request accepted!
[peach_arm-11] [WARN] [1790760935.741281927] [peach_arm]: 忽略 refined pose（unrefined_hold）: gate=target_1 actual=target_1
[peach_arm-11] [WARN] [1790760935.741340056] [peach_arm]: 忽略 refined diagnostics（unrefined_hold）: expected=target_1 actual=target_1
[ros2_control_node-4] [INFO] [1790760935.759538579] [joint_trajectory_controller]: Goal reached, success!
[move_group-7] [INFO] [1790760935.766794444] [moveit.simple_controller_manager.follow_joint_trajectory_controller_handle]: Controller 'joint_trajectory_controller' successfully finished
[move_group-7] [INFO] [1790760935.779918088] [move_group.moveit.moveit.ros.trajectory_execution_manager]: Completed trajectory execution with status SUCCEEDED ...
[move_group-7] [INFO] [1790760935.780051784] [move_group.moveit.moveit.ros.move_group.clear_octomap_service]: Execution completed: SUCCEEDED
[peach_arm-11] [INFO] [1790760935.780400058] [peach_arm.moveit.ros.move_group_interface]: Execute request success!
[peach_arm-11] [INFO] [1790760935.784722539] [peach_arm]: 检查点 9（回收纳位）
[peach_arm-11] [INFO] [1790760935.784806227] [peach_arm]: [SUCCEEDED] 周期完成；tool.enabled=false 或未宣称采摘成功
[peach_harvester-10] [WARN] [1790760935.787315524] [peach_scene_perception_node]: 感知 worker 满队丢帧累计 1520（处理跟不上到达率，排查热路径耗时或降低到达率）
[peach_harvester-10] [WARN] [1790760935.823000779] [peach_scene_perception_node]: 感知 worker 满队丢帧累计 1521（处理跟不上到达率，排查热路径耗时或降低到达率）
[peach_harvester-10] [WARN] [1790760936.215765622] [peach_scene_perception_node]: 感知 worker 满队丢帧累计 1523（处理跟不上到达率，排查热路径耗时或降低到达率）
[peach_harvester-10] [WARN] [1790760936.476571043] [peach_target_reconstruction_node]: 重建 worker 队列已满，拒绝新帧以保持积分顺序
[peach_harvester-10] [WARN] [1790760936.514301515] [peach_scene_perception_node]: 感知 worker 满队丢帧累计 1527（处理跟不上到达率，排查热路径耗时或降低到达率）
[stereo_camera_node-1] [INFO] [1790760936.670260380] [camera.peach_stereo_camera_node]: groups=2300 published=2300 rate=13.7 gps drop(stream=0 incomplete=0 nostamp=0 depth=0)
[peach_harvester-10] [WARN] [1790760937.027990548] [peach_scene_perception_node]: 感知 worker 满队丢帧累计 1531（处理跟不上到达率，排查热路径耗时或降低到达率）
[peach_harvester-10] [INFO] [1790760937.491588250] [peach_scene_perception_node]: 目标注册表在册 1 个目标（累计注册 1、累计命中 708）
[peach_harvester-10] [WARN] [1790760937.497300471] [peach_scene_perception_node]: 感知 worker 满队丢帧累计 1535（处理跟不上到达率，排查热路径耗时或降低到达率）
[peach_harvester-10] [WARN] [1790760937.987749572] [peach_scene_perception_node]: 感知 worker 满队丢帧累计 1540（处理跟不上到达率，排查热路径耗时或降低到达率）
[peach_harvester-10] [WARN] [1790760938.156197044] [peach_scene_perception_node]: 感知 worker 满队丢帧累计 1544（处理跟不上到达率，排查热路径耗时或降低到达率）
[peach_harvester-10] [WARN] [1790760938.518536935] [peach_scene_perception_node]: 感知 worker 满队丢帧累计 1545（处理跟不上到达率，排查热路径耗时或降低到达率）
[peach_harvester-10] [WARN] [1790760938.909336013] [peach_scene_perception_node]: 感知 worker 满队丢帧累计 1554（处理跟不上到达率，排查热路径耗时或降低到达率）
[peach_harvester-10] [WARN] [1790760939.347782067] [peach_scene_perception_node]: 感知 worker 满队丢帧累计 1556（处理跟不上到达率，排查热路径耗时或降低到达率）
[peach_harvester-10] [WARN] [1790760939.503628414] [peach_scene_perception_node]: 感知 worker 满队丢帧累计 1557（处理跟不上到达率，排查热路径耗时或降低到达率）
[peach_harvester-10] [WARN] [1790760939.668981243] [peach_scene_perception_node]: 感知 worker 满队丢帧累计 1559（处理跟不上到达率，排查热路径耗时或降低到达率）
[peach_harvester-10] [WARN] [1790760939.936739298] [peach_scene_perception_node]: 感知 worker 满队丢帧累计 1560（处理跟不上到达率，排查热路径耗时或降低到达率）
[peach_harvester-10] [WARN] [1790760940.083042605] [peach_scene_perception_node]: 感知 worker 满队丢帧累计 1561（处理跟不上到达率，排查热路径耗时或降低到达率）
[peach_harvester-10] [WARN] [1790760940.225332321] [peach_scene_perception_node]: 感知 worker 满队丢帧累计 1562（处理跟不上到达率，排查热路径耗时或降低到达率）
[peach_harvester-10] [WARN] [1790760940.392128162] [peach_scene_perception_node]: 感知 worker 满队丢帧累计 1564（处理跟不上到达率，排查热路径耗时或降低到达率）
[peach_harvester-10] [WARN] [1790760940.566596008] [peach_scene_perception_node]: 感知 worker 满队丢帧累计 1565（处理跟不上到达率，排查热路径耗时或降低到达率）
[peach_harvester-10] [WARN] [1790760940.689267134] [peach_scene_perception_node]: 感知 worker 满队丢帧累计 1566（处理跟不上到达率，排查热路径耗时或降低到达率）
[peach_harvester-10] [WARN] [1790760940.874297326] [peach_scene_perception_node]: 感知 worker 满队丢帧累计 1567（处理跟不上到达率，排查热路径耗时或降低到达率）
[peach_harvester-10] [WARN] [1790760941.047927122] [peach_scene_perception_node]: 感知 worker 满队丢帧累计 1568（处理跟不上到达率，排查热路径耗时或降低到达率）
[peach_harvester-10] [WARN] [1790760941.188497789] [peach_scene_perception_node]: 感知 worker 满队丢帧累计 1569（处理跟不上到达率，排查热路径耗时或降低到达率）
[peach_harvester-10] [WARN] [1790760941.343654411] [peach_scene_perception_node]: 感知 worker 满队丢帧累计 1570（处理跟不上到达率，排查热路径耗时或降低到达率）
[peach_harvester-10] [WARN] [1790760941.505785173] [peach_scene_perception_node]: 感知 worker 满队丢帧累计 1572（处理跟不上到达率，排查热路径耗时或降低到达率）
[WARNING] [launch]: user interrupted with ctrl-c (SIGINT)
[INFO] [peach_lifecycle_flag_bridge-14]: sending signal 'SIGINT' to process[peach_lifecycle_flag_bridge-14]
[ERROR] [peach_lifecycle_flag_bridge-14]: process has died [pid 1289785, exit code -2, cmd '/home/mu/Desktop/aubo_e5_jazzy_ws/install/peach_bringup/lib/peach_bringup/peach_lifecycle_flag_bridge --ros-args -r __node:=peach_lifecycle_flag_bridge -p use_sim_time:=False'].
[ERROR] [peach_scene_obstacles-2]: process has died [pid 1289773, exit code -2, cmd '/home/mu/Desktop/aubo_e5_jazzy_ws/install/peach_harvester/lib/peach_harvester/peach_scene_obstacles --ros-args -p use_sim_time:=False'].
[INFO] [robot_state_publisher-3]: process has finished cleanly [pid 1289774]
[INFO] [lifecycle_manager-13]: process has finished cleanly [pid 1289784]
[INFO] [ros2_control_node-4]: process has finished cleanly [pid 1289775]
[INFO] [extrinsics_publisher-9]: process has finished cleanly [pid 1289780]
[INFO] [stereo_camera_node-1]: process has finished cleanly [pid 1289772]
[INFO] [peach_observability-12]: sending signal 'SIGINT' to process[peach_observability-12]
[INFO] [peach_arm-11]: sending signal 'SIGINT' to process[peach_arm-11]
[INFO] [peach_harvester-10]: sending signal 'SIGINT' to process[peach_harvester-10]
[INFO] [move_group-7]: sending signal 'SIGINT' to process[move_group-7]
[peach_arm-11] [INFO] [1790760941.566507034] [rclcpp]: signal_handler(SIGINT/SIGTERM)
[peach_arm-11] [INFO] [1790760941.567914867] [peach_arm]: requestCancelAll: 停止当前执行（来源：deactivate 收口）
[stereo_camera_node-1] [INFO] [1790760941.566528785] [rclcpp]: signal_handler(SIGINT/SIGTERM)
[move_group-7] [INFO] [1790760941.566532536] [rclcpp]: signal_handler(SIGINT/SIGTERM)
[ros2_control_node-4] [INFO] [1790760941.566600997] [rclcpp]: signal_handler(SIGINT/SIGTERM)
[ros2_control_node-4] [INFO] [1790760941.566658078] [controller_manager]: Shutdown request received....
[ros2_control_node-4] [INFO] [1790760941.566697137] [controller_manager]: Shutting down all controllers in the controller manager.
[ros2_control_node-4] [INFO] [1790760941.566712238] [controller_manager]: Deactivating controller 'joint_trajectory_controller'
[ros2_control_node-4] [INFO] [1790760941.566763478] [controller_manager]: Shutting down controller 'joint_trajectory_controller'
[ros2_control_node-4] [INFO] [1790760941.566839174] [controller_manager]: Deactivating controller 'joint_state_broadcaster'
[ros2_control_node-4] [INFO] [1790760941.566863916] [controller_manager]: Shutting down controller 'joint_state_broadcaster'
[ros2_control_node-4] [INFO] [1790760941.566889547] [resource_manager]: 'deactivate' hardware 'AuboE5System' 
[ros2_control_node-4] [INFO] [1790760941.566898118] [resource_manager]: Successful 'deactivate' of hardware 'AuboE5System'
[ros2_control_node-4] [INFO] [1790760941.566899636] [resource_manager]: 'shutdown' hardware 'AuboE5System' 
[ros2_control_node-4] [INFO] [1790760941.566902923] [resource_manager]: Successful 'shutdown' of hardware 'AuboE5System'
[ros2_control_node-4] [INFO] [1790760941.566950402] [controller_manager]: Shutting down the controller manager.
[ros2_control_node-4] [ERROR] [1790760941.567091634] [controller_manager.pal_statistics]: Exception in publisher thread: context cannot be slept with because it's invalid!. Aborting!
[ros2_control_node-4] [ERROR] [1790760941.567193417] [controller_manager.pal_statistics]: Exception in publisher thread: context cannot be slept with because it's invalid!. Aborting!
[ros2_control_node-4] [INFO] [1790760941.569588674] [controller_manager.pal_statistics]: Async messages lost 0
[ros2_control_node-4] [INFO] [1790760941.569596264] [controller_manager.pal_statistics]: publish_async_failures_ 0
[ros2_control_node-4] [INFO] [1790760941.576993750] [controller_manager.pal_statistics]: Async messages lost 0
[ros2_control_node-4] [INFO] [1790760941.576999145] [controller_manager.pal_statistics]: publish_async_failures_ 0
[robot_state_publisher-3] [INFO] [1790760941.567279168] [rclcpp]: signal_handler(SIGINT/SIGTERM)
[lifecycle_manager-13] [INFO] [1790760941.566511168] [rclcpp]: signal_handler(SIGINT/SIGTERM)
[lifecycle_manager-13] [INFO] [1790760941.567384264] [peach_lifecycle_manager]: Running Nav2 LifecycleManager rcl preshutdown (peach_lifecycle_manager)
[lifecycle_manager-13] [INFO] [1790760941.573798055] [peach_lifecycle_manager]: Destroying peach_lifecycle_manager
[peach_lifecycle_flag_bridge-14] Traceback (most recent call last):
[peach_lifecycle_flag_bridge-14]   File "/home/mu/Desktop/aubo_e5_jazzy_ws/install/peach_bringup/lib/peach_bringup/peach_lifecycle_flag_bridge", line 33, in <module>
[peach_lifecycle_flag_bridge-14]     sys.exit(load_entry_point('peach-bringup==0.1.0', 'console_scripts', 'peach_lifecycle_flag_bridge')())
[peach_lifecycle_flag_bridge-14]              ^^^^^^^^^^^^^^^^^^^^^^^^^^^^^^^^^^^^^^^^^^^^^^^^^^^^^^^^^^^^^^^^^^^^^^^^^^^^^^^^^^^^^^^^^^^^
[peach_lifecycle_flag_bridge-14]   File "/home/mu/Desktop/aubo_e5_jazzy_ws/install/peach_bringup/lib/python3.12/site-packages/peach_bringup/lifecycle_flag_bridge.py", line 79, in main
[peach_lifecycle_flag_bridge-14]     rclpy.spin(node)
[peach_lifecycle_flag_bridge-14]   File "/opt/ros/jazzy/lib/python3.12/site-packages/rclpy/__init__.py", line 247, in spin
[peach_lifecycle_flag_bridge-14]     executor.spin_once()
[peach_lifecycle_flag_bridge-14]   File "/opt/ros/jazzy/lib/python3.12/site-packages/rclpy/executors.py", line 926, in spin_once
[peach_lifecycle_flag_bridge-14]     self._spin_once_impl(timeout_sec)
[peach_lifecycle_flag_bridge-14]   File "/opt/ros/jazzy/lib/python3.12/site-packages/rclpy/executors.py", line 907, in _spin_once_impl
[peach_lifecycle_flag_bridge-14]     handler, entity, node = self.wait_for_ready_callbacks(
[peach_lifecycle_flag_bridge-14]                             ^^^^^^^^^^^^^^^^^^^^^^^^^^^^^^
[peach_lifecycle_flag_bridge-14]   File "/opt/ros/jazzy/lib/python3.12/site-packages/rclpy/executors.py", line 877, in wait_for_ready_callbacks
[peach_lifecycle_flag_bridge-14]     return next(self._cb_iter)
[peach_lifecycle_flag_bridge-14]            ^^^^^^^^^^^^^^^^^^^
[peach_lifecycle_flag_bridge-14]   File "/opt/ros/jazzy/lib/python3.12/site-packages/rclpy/executors.py", line 781, in _wait_for_ready_callbacks
[peach_lifecycle_flag_bridge-14]     wait_set.wait(timeout_nsec)
[peach_lifecycle_flag_bridge-14] KeyboardInterrupt
[peach_scene_obstacles-2] Traceback (most recent call last):
[peach_scene_obstacles-2]   File "/home/mu/Desktop/aubo_e5_jazzy_ws/install/peach_harvester/lib/peach_harvester/peach_scene_obstacles", line 33, in <module>
[peach_scene_obstacles-2]     sys.exit(load_entry_point('peach-harvester==0.1.0', 'console_scripts', 'peach_scene_obstacles')())
[peach_scene_obstacles-2]              ^^^^^^^^^^^^^^^^^^^^^^^^^^^^^^^^^^^^^^^^^^^^^^^^^^^^^^^^^^^^^^^^^^^^^^^^^^^^^^^^^^^^^^^^
[peach_scene_obstacles-2]   File "/home/mu/Desktop/aubo_e5_jazzy_ws/install/peach_harvester/lib/python3.12/site-packages/peach_harvester/vision/scene_obstacles/node.py", line 340, in main
[peach_scene_obstacles-2]     rclpy.spin(node)
[peach_scene_obstacles-2]   File "/opt/ros/jazzy/lib/python3.12/site-packages/rclpy/__init__.py", line 247, in spin
[peach_scene_obstacles-2]     executor.spin_once()
[peach_scene_obstacles-2]   File "/opt/ros/jazzy/lib/python3.12/site-packages/rclpy/executors.py", line 926, in spin_once
[peach_scene_obstacles-2]     self._spin_once_impl(timeout_sec)
[peach_scene_obstacles-2]   File "/opt/ros/jazzy/lib/python3.12/site-packages/rclpy/executors.py", line 907, in _spin_once_impl
[peach_scene_obstacles-2]     handler, entity, node = self.wait_for_ready_callbacks(
[peach_scene_obstacles-2]                             ^^^^^^^^^^^^^^^^^^^^^^^^^^^^^^
[peach_scene_obstacles-2]   File "/opt/ros/jazzy/lib/python3.12/site-packages/rclpy/executors.py", line 877, in wait_for_ready_callbacks
[peach_scene_obstacles-2]     return next(self._cb_iter)
[peach_scene_obstacles-2]            ^^^^^^^^^^^^^^^^^^^
[peach_scene_obstacles-2]   File "/opt/ros/jazzy/lib/python3.12/site-packages/rclpy/executors.py", line 781, in _wait_for_ready_callbacks
[peach_scene_obstacles-2]     wait_set.wait(timeout_nsec)
[peach_scene_obstacles-2] KeyboardInterrupt
[move_group-7] Stack trace (most recent call last):
[move_group-7] #6    Object "", at 0xffffffffffffffff, in 
[peach_observability-12] [WARN] [1790760941.592142829] [peach_observability]: 性能采样失败（本轮跳过）: Failed to publish: publisher's context is invalid, at ./src/rcl/publisher.c:423
[peach_observability-12] Failed to publish log message to rosout: publisher's context is invalid, at ./src/rcl/publisher.c:423
[peach_arm-11] terminate called without an active exception
[peach_harvester-10] [ERROR] [1790760941.617927355] [peach_scene_perception_node]: peach_harvester.vision.common.runtime: bounded-worker 任务处理异常（连续第 1 次）:
[peach_harvester-10] Traceback (most recent call last):
[peach_harvester-10]   File "/home/mu/Desktop/aubo_e5_jazzy_ws/install/peach_harvester/lib/python3.12/site-packages/peach_harvester/vision/common/runtime.py", line 138, in _run
[peach_harvester-10]     self._process(item)
[peach_harvester-10]   File "/home/mu/Desktop/aubo_e5_jazzy_ws/install/peach_harvester/lib/python3.12/site-packages/peach_harvester/vision/scene_perception/scene_perception_node.py", line 635, in _process_rgbd
[peach_harvester-10]     self._publish_frame(synced, out)
[peach_harvester-10]   File "/home/mu/Desktop/aubo_e5_jazzy_ws/install/peach_harvester/lib/python3.12/site-packages/peach_harvester/vision/scene_perception/scene_perception_node.py", line 668, in _publish_frame
[peach_harvester-10]     self.pub_norm_dets.publish(det_msg)
[peach_harvester-10]   File "/opt/ros/jazzy/lib/python3.12/site-packages/rclpy/lifecycle/managed_entity.py", line 77, in only_when_enabled_wrapper
[peach_harvester-10]     wrapped(self, *args, **kwargs)
[peach_harvester-10]   File "/opt/ros/jazzy/lib/python3.12/site-packages/rclpy/lifecycle/publisher.py", line 37, in publish
[peach_harvester-10]     Publisher.publish(self, msg)
[peach_harvester-10]   File "/opt/ros/jazzy/lib/python3.12/site-packages/rclpy/publisher.py", line 70, in publish
[peach_harvester-10]     self.__publisher.publish(msg)
[peach_harvester-10] rclpy._rclpy_pybind11.RCLError: Failed to publish: publisher's context is invalid, at ./src/rcl/publisher.c:423
[peach_harvester-10] 
[peach_harvester-10] Failed to publish log message to rosout: publisher's context is invalid, at ./src/rcl/publisher.c:423
[peach_harvester-10] Traceback (most recent call last):
[peach_harvester-10]   File "/home/mu/Desktop/aubo_e5_jazzy_ws/install/peach_harvester/lib/peach_harvester/peach_harvester", line 33, in <module>
[peach_harvester-10]     sys.exit(load_entry_point('peach-harvester==0.1.0', 'console_scripts', 'peach_harvester')())
[peach_harvester-10]              ^^^^^^^^^^^^^^^^^^^^^^^^^^^^^^^^^^^^^^^^^^^^^^^^^^^^^^^^^^^^^^^^^^^^^^^^^^^^^^^^^^
[peach_harvester-10]   File "/home/mu/Desktop/aubo_e5_jazzy_ws/install/peach_harvester/lib/python3.12/site-packages/peach_harvester/brain.py", line 36, in main
[peach_harvester-10]     executor.spin()
[peach_harvester-10]   File "/opt/ros/jazzy/lib/python3.12/site-packages/rclpy/executors.py", line 359, in spin
[peach_harvester-10]     self._spin_once_impl()
[peach_harvester-10]   File "/opt/ros/jazzy/lib/python3.12/site-packages/rclpy/executors.py", line 991, in _spin_once_impl
[peach_harvester-10]     handler, entity, node = self.wait_for_ready_callbacks(
[peach_harvester-10]                             ^^^^^^^^^^^^^^^^^^^^^^^^^^^^^^
[peach_harvester-10]   File "/opt/ros/jazzy/lib/python3.12/site-packages/rclpy/executors.py", line 877, in wait_for_ready_callbacks
[peach_harvester-10]     return next(self._cb_iter)
[peach_harvester-10]            ^^^^^^^^^^^^^^^^^^^
[peach_harvester-10]   File "/opt/ros/jazzy/lib/python3.12/site-packages/rclpy/executors.py", line 781, in _wait_for_ready_callbacks
[peach_harvester-10]     wait_set.wait(timeout_nsec)
[peach_harvester-10] KeyboardInterrupt
[stereo_camera_node-1] [INFO] [1790760941.759062482] [camera.peach_stereo_camera_node]: device closed, laser restored
[ERROR] [move_group-7]: process has died [pid 1289778, exit code -2, cmd '/opt/ros/jazzy/lib/moveit_ros_move_group/move_group --ros-args -p use_sim_time:=False --params-file /tmp/launch_params_oxl_24i5 --params-file /tmp/launch_params_y997o95f'].
[peach_observability-12] Traceback (most recent call last):
[peach_observability-12]   File "/home/mu/Desktop/aubo_e5_jazzy_ws/install/peach_observability/lib/peach_observability/peach_observability", line 33, in <module>
[ERROR] [peach_harvester-10]: process has died [pid 1289781, exit code -2, cmd '/home/mu/Desktop/aubo_e5_jazzy_ws/install/peach_harvester/lib/peach_harvester/peach_harvester --ros-args -r __ns:=/ -p use_sim_time:=False --params-file /tmp/launch_params_sohonjrd --params-file /tmp/launch_params_7hun24_p --params-file /tmp/launch_params_pr3z4abk --params-file /tmp/peach_brain_overlay_uf6ewtru.yaml'].
[peach_observability-12]     sys.exit(load_entry_point('peach-observability==0.1.0', 'console_scripts', 'peach_observability')())
[peach_observability-12]              ^^^^^^^^^^^^^^^^^^^^^^^^^^^^^^^^^^^^^^^^^^^^^^^^^^^^^^^^^^^^^^^^^^^^^^^^^^^^^^^^^^^^^^^^^^
[peach_observability-12]   File "/home/mu/Desktop/aubo_e5_jazzy_ws/install/peach_observability/lib/python3.12/site-packages/peach_observability/observability_node.py", line 1348, in main
[peach_observability-12]     node.join_report()
[peach_observability-12]   File "/home/mu/Desktop/aubo_e5_jazzy_ws/install/peach_observability/lib/python3.12/site-packages/peach_observability/observability_node.py", line 1325, in join_report
[peach_observability-12]     self._report_thread.join(timeout=timeout)
[peach_observability-12]   File "/usr/lib/python3.12/threading.py", line 1151, in join
[peach_observability-12]     self._wait_for_tstate_lock(timeout=max(timeout, 0))
[peach_observability-12]   File "/usr/lib/python3.12/threading.py", line 1167, in _wait_for_tstate_lock
[ERROR] [peach_arm-11]: process has died [pid 1289782, exit code -6, cmd '/home/mu/Desktop/aubo_e5_jazzy_ws/install/peach_arm/lib/peach_arm/peach_arm --ros-args -r __node:=peach_arm -r __ns:=/ -p use_sim_time:=False --params-file /tmp/launch_params_563ozk9k --params-file /tmp/launch_params_nwu28kkz --params-file /tmp/launch_params_47gvva0w --params-file /tmp/launch_params_hft6fwd0 --params-file /tmp/launch_params_odfrh39m --params-file /tmp/launch_params_qy6ks5b6 --params-file /tmp/launch_params_j6uzlhbn --params-file /tmp/launch_params__dq77wxu --params-file /tmp/launch_params_ru4el7kw --params-file /tmp/launch_params_a0jwm6kz --params-file /tmp/launch_params_9dn9pyc1 --params-file /tmp/launch_params_p90mtq3d'].
[peach_observability-12]     if lock.acquire(block, timeout):
[peach_observability-12]        ^^^^^^^^^^^^^^^^^^^^^^^^^^^^
[peach_observability-12] KeyboardInterrupt
[peach_observability-12] The following exception was never retrieved: cannot use Destroyable because destruction was requested
[peach_observability-12] The following exception was never retrieved: cannot use Destroyable because destruction was requested
[peach_observability-12] The following exception was never retrieved: cannot use Destroyable because destruction was requested
[peach_observability-12] The following exception was never retrieved: cannot use Destroyable because destruction was requested
[peach_observability-12] The following exception was never retrieved: cannot use Destroyable because destruction was requested
[peach_observability-12] The following exception was never retrieved: cannot use Destroyable because destruction was requested
[peach_observability-12] The following exception was never retrieved: cannot use Destroyable because destruction was requested
[peach_observability-12] The following exception was never retrieved: cannot use Destroyable because destruction was requested
[peach_observability-12] The following exception was never retrieved: cannot use Destroyable because destruction was requested
[peach_observability-12] The following exception was never retrieved: cannot use Destroyable because destruction was requested
[peach_observability-12] The following exception was never retrieved: cannot use Destroyable because destruction was requested
[ERROR] [peach_observability-12]: process has died [pid 1289783, exit code -2, cmd '/home/mu/Desktop/aubo_e5_jazzy_ws/install/peach_observability/lib/peach_observability/peach_observability --ros-args -r __node:=peach_observability -r __ns:=/ -p use_sim_time:=False --params-file /tmp/launch_params_vx8rlbhn --params-file /tmp/launch_params_2jgqvw5g'].
