[INFO] [launch]: All log files can be found below /home/mu/.ros/log/2026-09-30-17-29-47-731029-mu-MS-7E34-1285363
[INFO] [launch]: Default logging verbosity is set to INFO
[preflight] ROS_DOMAIN_ID=71
[WARN] [1790760588.054912709] [rcl]: ROS_LOCALHOST_ONLY is deprecated but still honored if it is enabled. Use ROS_AUTOMATIC_DISCOVERY_RANGE and ROS_STATIC_PEERS instead.
[WARN] [1790760588.054929487] [rcl]: 'localhost_only' is disabled, 'automatic_discovery_range' and 'static_peers' will be used.
[INFO] [stereo_camera_node-1]: process started with pid [1285460]
[INFO] [peach_scene_obstacles-2]: process started with pid [1285461]
[INFO] [robot_state_publisher-3]: process started with pid [1285462]
[INFO] [ros2_control_node-4]: process started with pid [1285463]
[INFO] [spawner-5]: process started with pid [1285464]
[INFO] [spawner-6]: process started with pid [1285465]
[INFO] [move_group-7]: process started with pid [1285466]
[INFO] [rviz2-8]: process started with pid [1285467]
[INFO] [extrinsics_publisher-9]: process started with pid [1285468]
[INFO] [peach_harvester-10]: process started with pid [1285469]
[INFO] [peach_arm-11]: process started with pid [1285470]
[INFO] [peach_observability-12]: process started with pid [1285471]
[INFO] [lifecycle_manager-13]: process started with pid [1285472]
[INFO] [peach_lifecycle_flag_bridge-14]: process started with pid [1285473]
[robot_state_publisher-3] [WARN] [1790760588.191001713] [rcl]: ROS_LOCALHOST_ONLY is deprecated but still honored if it is enabled. Use ROS_AUTOMATIC_DISCOVERY_RANGE and ROS_STATIC_PEERS instead.
[robot_state_publisher-3] [WARN] [1790760588.191009890] [rcl]: 'localhost_only' is disabled, 'automatic_discovery_range' and 'static_peers' will be used.
[ros2_control_node-4] [WARN] [1790760588.193861766] [rcl]: ROS_LOCALHOST_ONLY is deprecated but still honored if it is enabled. Use ROS_AUTOMATIC_DISCOVERY_RANGE and ROS_STATIC_PEERS instead.
[ros2_control_node-4] [WARN] [1790760588.193870140] [rcl]: 'localhost_only' is disabled, 'automatic_discovery_range' and 'static_peers' will be used.
[lifecycle_manager-13] [WARN] [1790760588.197900417] [rcl]: ROS_LOCALHOST_ONLY is deprecated but still honored if it is enabled. Use ROS_AUTOMATIC_DISCOVERY_RANGE and ROS_STATIC_PEERS instead.
[lifecycle_manager-13] [WARN] [1790760588.197911359] [rcl]: 'localhost_only' is disabled, 'automatic_discovery_range' and 'static_peers' will be used.
[robot_state_publisher-3] [INFO] [1790760588.206664369] [robot_state_publisher]: Robot initialized
[move_group-7] [WARN] [1790760588.207831789] [rcl]: ROS_LOCALHOST_ONLY is deprecated but still honored if it is enabled. Use ROS_AUTOMATIC_DISCOVERY_RANGE and ROS_STATIC_PEERS instead.
[move_group-7] [WARN] [1790760588.207840742] [rcl]: 'localhost_only' is disabled, 'automatic_discovery_range' and 'static_peers' will be used.
[ros2_control_node-4] [INFO] [1790760588.209811340] [controller_manager]: Using Steady (Monotonic) clock for triggering controller manager cycles.
[lifecycle_manager-13] [INFO] [1790760588.211221248] [peach_lifecycle_manager]: Creating
[ros2_control_node-4] [INFO] [1790760588.212939844] [controller_manager]: Subscribing to '/robot_description' topic for robot description.
[ros2_control_node-4] [INFO] [1790760588.212984059] [controller_manager]: update rate is 200 Hz
[ros2_control_node-4] [INFO] [1790760588.212987141] [controller_manager]: Overruns handling is : enabled
[ros2_control_node-4] [INFO] [1790760588.212989306] [controller_manager]: Spawning controller_manager RT thread with scheduler priority: 50
[ros2_control_node-4] [INFO] [1790760588.213044908] [controller_manager]: Successful set up FIFO RT scheduling policy with priority 50.
[lifecycle_manager-13] [INFO] [1790760588.213579191] [peach_lifecycle_manager]: [34m[1mCreating and initializing lifecycle service clients[0m[0m
[rviz2-8] [WARN] [1790760588.214973918] [rcl]: ROS_LOCALHOST_ONLY is deprecated but still honored if it is enabled. Use ROS_AUTOMATIC_DISCOVERY_RANGE and ROS_STATIC_PEERS instead.
[rviz2-8] [WARN] [1790760588.214986036] [rcl]: 'localhost_only' is disabled, 'automatic_discovery_range' and 'static_peers' will be used.
[ros2_control_node-4] [INFO] [1790760588.223226699] [controller_manager]: Received robot description from topic.
[ros2_control_node-4] [INFO] [1790760588.223269310] [controller_manager]: Enforcing command limits is disabled. Command limits from URDF will be ignored.
[ros2_control_node-4] [INFO] [1790760588.225007179] [controller_manager]: Loading hardware 'AuboE5System' 
[ros2_control_node-4] [INFO] [1790760588.225269068] [controller_manager]: Loaded hardware 'AuboE5System' from plugin 'mock_components/GenericSystem'
[ros2_control_node-4] [INFO] [1790760588.225305549] [controller_manager]: Initialize hardware 'AuboE5System' 
[move_group-7] [INFO] [1790760588.226509013] [move_group.moveit.moveit.ros.rdf_loader]: Loaded robot model in 0.00170336 seconds
[move_group-7] [INFO] [1790760588.226571034] [move_group.moveit.moveit.core.robot_model]: Loading robot model 'aubo_e5'...
[move_group-7] [INFO] [1790760588.226579884] [move_group.moveit.moveit.core.robot_model]: No root/virtual joint specified in SRDF. Assuming fixed joint
[peach_arm-11] [WARN] [1790760588.226696416] [rcl]: ROS_LOCALHOST_ONLY is deprecated but still honored if it is enabled. Use ROS_AUTOMATIC_DISCOVERY_RANGE and ROS_STATIC_PEERS instead.
[peach_arm-11] [WARN] [1790760588.226704594] [rcl]: 'localhost_only' is disabled, 'automatic_discovery_range' and 'static_peers' will be used.
[ros2_control_node-4] [INFO] [1790760588.228487209] [controller_manager]: Successful initialization of hardware 'AuboE5System'
[ros2_control_node-4] [INFO] [1790760588.228861422] [controller_manager]: Activating component 'AuboE5System'.
[ros2_control_node-4] [INFO] [1790760588.228868664] [resource_manager]: 'configure' hardware 'AuboE5System' 
[ros2_control_node-4] [INFO] [1790760588.228874570] [resource_manager]: Successful 'configure' of hardware 'AuboE5System'
[ros2_control_node-4] [INFO] [1790760588.228885503] [resource_manager]: 'activate' hardware 'AuboE5System' 
[ros2_control_node-4] [INFO] [1790760588.228889091] [resource_manager]: Successful 'activate' of hardware 'AuboE5System'
[ros2_control_node-4] [INFO] [1790760588.228928277] [controller_manager]: Registering statistics for : AuboE5System
[ros2_control_node-4] [INFO] [1790760588.228956649] [controller_manager]: Resource Manager has been successfully initialized. Starting Controller Manager services...
[move_group-7] [INFO] [1790760588.247642555] [move_group.moveit.moveit.kinematics.kdl_kinematics_plugin]: Joint weights for group 'manipulator_e5': 1 1 1 1 1 1
[peach_arm-11] [WARN] [1790760588.249809477] [rcl.logging_rosout]: Publisher already registered for node name: 'peach_arm'. If this is due to multiple nodes with the same name then all logs for the logger named 'peach_arm' will go out over the existing publisher. As soon as any node with that name is destructed it will unregister the publisher, preventing any further logs for that name from being published on the rosout topic.
[peach_arm-11] [WARN] [1790760588.252689680] [peach_arm]: scan.protected_zones 丢弃畸形盒: 盒#0 存在 min>=max 的轴（空盒/退化盒），已丢弃
[stereo_camera_node-1] [WARN] [1790760588.308912596] [rcl]: ROS_LOCALHOST_ONLY is deprecated but still honored if it is enabled. Use ROS_AUTOMATIC_DISCOVERY_RANGE and ROS_STATIC_PEERS instead.
[stereo_camera_node-1] [WARN] [1790760588.308922362] [rcl]: 'localhost_only' is disabled, 'automatic_discovery_range' and 'static_peers' will be used.
[move_group-7] [INFO] [1790760588.318415294] [move_group.moveit.moveit.ros.planning_scene_monitor]: Publishing maintained planning scene on 'monitored_planning_scene'
[move_group-7] [INFO] [1790760588.318535428] [move_group.moveit.moveit.ros.moveit_cpp]: Listening to 'joint_states' for joint states
[move_group-7] [INFO] [1790760588.318980700] [move_group.moveit.moveit.ros.current_state_monitor]: Listening to joint states on topic 'joint_states'
[move_group-7] [INFO] [1790760588.319329402] [move_group.moveit.moveit.ros.planning_scene_monitor]: Listening to '/attached_collision_object' for attached collision objects
[move_group-7] [INFO] [1790760588.319338270] [move_group.moveit.moveit.ros.planning_scene_monitor]: Stopping existing planning scene publisher.
[move_group-7] [INFO] [1790760588.319408801] [move_group.moveit.moveit.ros.planning_scene_monitor]: Stopped publishing maintained planning scene.
[move_group-7] [INFO] [1790760588.319578943] [move_group.moveit.moveit.ros.planning_scene_monitor]: Publishing maintained planning scene on 'monitored_planning_scene'
[move_group-7] [INFO] [1790760588.319617497] [move_group.moveit.moveit.ros.planning_scene_monitor]: Starting planning scene monitor
[move_group-7] [INFO] [1790760588.319752055] [move_group.moveit.moveit.ros.planning_scene_monitor]: Listening to '/planning_scene'
[move_group-7] [INFO] [1790760588.319757375] [move_group.moveit.moveit.ros.planning_scene_monitor]: Starting world geometry update monitor for collision objects, attached objects, octomap updates.
[move_group-7] [INFO] [1790760588.319908378] [move_group.moveit.moveit.ros.planning_scene_monitor]: Listening to 'collision_object'
[move_group-7] [INFO] [1790760588.320047169] [move_group.moveit.moveit.ros.planning_scene_monitor]: Listening to 'planning_scene_world' for planning scene world geometry
[move_group-7] [WARN] [1790760588.320400357] [move_group.moveit.moveit.ros.occupancy_map_monitor]: Resolution not specified for Octomap. Assuming resolution = 0.1 instead
[move_group-7] [ERROR] [1790760588.320409629] [move_group.moveit.moveit.ros.occupancy_map_monitor]: No 3D sensor plugin(s) defined for octomap updates
[stereo_camera_node-1] [INFO] [1790760588.341362298] [camera.peach_stereo_camera_node]: color camera_info override from /home/mu/Desktop/aubo_e5_jazzy_ws/install/percipio_camera/share/percipio_camera/config/color_camera_info.yaml (camera=camera_color)
[stereo_camera_node-1] [INFO] [1790760588.350215907] [camera.peach_stereo_camera_node]: interface list: status=0 count=4
[spawner-6] [WARN] [1790760588.373052673] [rcl]: ROS_LOCALHOST_ONLY is deprecated but still honored if it is enabled. Use ROS_AUTOMATIC_DISCOVERY_RANGE and ROS_STATIC_PEERS instead.
[spawner-6] [WARN] [1790760588.373061085] [rcl]: 'localhost_only' is disabled, 'automatic_discovery_range' and 'static_peers' will be used.
[spawner-5] [WARN] [1790760588.373162000] [rcl]: ROS_LOCALHOST_ONLY is deprecated but still honored if it is enabled. Use ROS_AUTOMATIC_DISCOVERY_RANGE and ROS_STATIC_PEERS instead.
[spawner-5] [WARN] [1790760588.373166790] [rcl]: 'localhost_only' is disabled, 'automatic_discovery_range' and 'static_peers' will be used.
[move_group-7] [INFO] [1790760588.373678652] [move_group.moveit.moveit.ros.planning_pipeline]: Successfully loaded planner 'OMPL'
[move_group-7] [INFO] [1790760588.374480468] [move_group]: Try loading adapter 'default_planning_request_adapters/ResolveConstraintFrames'
[move_group-7] [INFO] [1790760588.378050740] [move_group]: Loaded adapter 'default_planning_request_adapters/ResolveConstraintFrames'
[move_group-7] [INFO] [1790760588.378066422] [move_group]: Try loading adapter 'default_planning_request_adapters/ValidateWorkspaceBounds'
[move_group-7] [INFO] [1790760588.378311958] [move_group]: Loaded adapter 'default_planning_request_adapters/ValidateWorkspaceBounds'
[move_group-7] [INFO] [1790760588.378317637] [move_group]: Try loading adapter 'default_planning_request_adapters/CheckStartStateBounds'
[move_group-7] [INFO] [1790760588.378331560] [move_group]: Loaded adapter 'default_planning_request_adapters/CheckStartStateBounds'
[move_group-7] [INFO] [1790760588.378333574] [move_group]: Try loading adapter 'default_planning_request_adapters/CheckStartStateCollision'
[move_group-7] [INFO] [1790760588.378338947] [move_group]: Loaded adapter 'default_planning_request_adapters/CheckStartStateCollision'
[move_group-7] [INFO] [1790760588.379194013] [move_group]: Try loading adapter 'default_planning_response_adapters/AddTimeOptimalParameterization'
[move_group-7] [INFO] [1790760588.383350891] [move_group]: Loaded adapter 'default_planning_response_adapters/AddTimeOptimalParameterization'
[move_group-7] [INFO] [1790760588.383364501] [move_group]: Try loading adapter 'default_planning_response_adapters/AddRuckigTrajectorySmoothing'
[move_group-7] [INFO] [1790760588.383376446] [move_group]: Loaded adapter 'default_planning_response_adapters/AddRuckigTrajectorySmoothing'
[move_group-7] [INFO] [1790760588.383378019] [move_group]: Try loading adapter 'default_planning_response_adapters/ValidateSolution'
[move_group-7] [INFO] [1790760588.384552849] [move_group]: Loaded adapter 'default_planning_response_adapters/ValidateSolution'
[move_group-7] [INFO] [1790760588.386145418] [move_group.moveit.moveit.planners.pilz.joint_limits_aggregator]: Reading limits from namespace robot_description_planning
[move_group-7] [INFO] [1790760588.391033454] [move_group.moveit.moveit.planners.pilz.command_planner]: Available plugins: pilz_industrial_motion_planner/PlanningContextLoaderCIRC pilz_industrial_motion_planner/PlanningContextLoaderLIN pilz_industrial_motion_planner/PlanningContextLoaderPTP 
[move_group-7] [INFO] [1790760588.391050355] [move_group.moveit.moveit.planners.pilz.command_planner]: About to load: pilz_industrial_motion_planner/PlanningContextLoaderCIRC
[move_group-7] [INFO] [1790760588.391729488] [move_group.moveit.moveit.planners.pilz.command_planner]: Registered Algorithm [CIRC]
[move_group-7] [INFO] [1790760588.391737613] [move_group.moveit.moveit.planners.pilz.command_planner]: About to load: pilz_industrial_motion_planner/PlanningContextLoaderLIN
[move_group-7] [INFO] [1790760588.392158421] [move_group.moveit.moveit.planners.pilz.command_planner]: Registered Algorithm [LIN]
[move_group-7] [INFO] [1790760588.392164084] [move_group.moveit.moveit.planners.pilz.command_planner]: About to load: pilz_industrial_motion_planner/PlanningContextLoaderPTP
[move_group-7] [INFO] [1790760588.392546204] [move_group.moveit.moveit.planners.pilz.command_planner]: Registered Algorithm [PTP]
[move_group-7] [INFO] [1790760588.392552167] [move_group.moveit.moveit.ros.planning_pipeline]: Successfully loaded planner 'Pilz Industrial Motion Planner'
[move_group-7] [INFO] [1790760588.393236196] [move_group]: Try loading adapter 'default_planning_request_adapters/ResolveConstraintFrames'
[move_group-7] [INFO] [1790760588.393315402] [move_group]: Loaded adapter 'default_planning_request_adapters/ResolveConstraintFrames'
[move_group-7] [INFO] [1790760588.393318097] [move_group]: Try loading adapter 'default_planning_request_adapters/ValidateWorkspaceBounds'
[move_group-7] [INFO] [1790760588.396850791] [move_group]: Loaded adapter 'default_planning_request_adapters/ValidateWorkspaceBounds'
[move_group-7] [INFO] [1790760588.396874566] [move_group]: Try loading adapter 'default_planning_request_adapters/CheckStartStateBounds'
[move_group-7] [INFO] [1790760588.396891602] [move_group]: Loaded adapter 'default_planning_request_adapters/CheckStartStateBounds'
[move_group-7] [INFO] [1790760588.396893395] [move_group]: Try loading adapter 'default_planning_request_adapters/CheckStartStateCollision'
[move_group-7] [INFO] [1790760588.396899311] [move_group]: Loaded adapter 'default_planning_request_adapters/CheckStartStateCollision'
[move_group-7] [INFO] [1790760588.397617647] [move_group]: Try loading adapter 'default_planning_response_adapters/ValidateSolution'
[move_group-7] [INFO] [1790760588.398089689] [move_group]: Loaded adapter 'default_planning_response_adapters/ValidateSolution'
[move_group-7] [INFO] [1790760588.399905096] [move_group.moveit.moveit.ros.planning_pipeline]: Successfully loaded planner 'STOMP'
[move_group-7] [INFO] [1790760588.400581665] [move_group]: Try loading adapter 'default_planning_request_adapters/ResolveConstraintFrames'
[move_group-7] [INFO] [1790760588.400655090] [move_group]: Loaded adapter 'default_planning_request_adapters/ResolveConstraintFrames'
[move_group-7] [INFO] [1790760588.400657498] [move_group]: Try loading adapter 'default_planning_request_adapters/ValidateWorkspaceBounds'
[move_group-7] [INFO] [1790760588.400717470] [move_group]: Loaded adapter 'default_planning_request_adapters/ValidateWorkspaceBounds'
[move_group-7] [INFO] [1790760588.400719779] [move_group]: Try loading adapter 'default_planning_request_adapters/CheckStartStateBounds'
[move_group-7] [INFO] [1790760588.400726609] [move_group]: Loaded adapter 'default_planning_request_adapters/CheckStartStateBounds'
[move_group-7] [INFO] [1790760588.400727975] [move_group]: Try loading adapter 'default_planning_request_adapters/CheckStartStateCollision'
[move_group-7] [INFO] [1790760588.400732802] [move_group]: Loaded adapter 'default_planning_request_adapters/CheckStartStateCollision'
[move_group-7] [INFO] [1790760588.401356873] [move_group]: Try loading adapter 'default_planning_response_adapters/AddTimeOptimalParameterization'
[move_group-7] [INFO] [1790760588.401538901] [move_group]: Loaded adapter 'default_planning_response_adapters/AddTimeOptimalParameterization'
[move_group-7] [INFO] [1790760588.401541714] [move_group]: Try loading adapter 'default_planning_response_adapters/ValidateSolution'
[move_group-7] [INFO] [1790760588.401780394] [move_group]: Loaded adapter 'default_planning_response_adapters/ValidateSolution'
[move_group-7] [INFO] [1790760588.401785187] [move_group]: Try loading adapter 'default_planning_response_adapters/DisplayMotionPath'
[move_group-7] [INFO] [1790760588.402077386] [move_group]: Loaded adapter 'default_planning_response_adapters/DisplayMotionPath'
[peach_lifecycle_flag_bridge-14] [WARN] [1790760588.402344570] [rcl]: ROS_LOCALHOST_ONLY is deprecated but still honored if it is enabled. Use ROS_AUTOMATIC_DISCOVERY_RANGE and ROS_STATIC_PEERS instead.
[peach_lifecycle_flag_bridge-14] [WARN] [1790760588.402350549] [rcl]: 'localhost_only' is disabled, 'automatic_discovery_range' and 'static_peers' will be used.
[move_group-7] [INFO] [1790760588.418972494] [move_group.moveit.moveit.plugins.simple_controller_manager]: Added FollowJointTrajectory controller for joint_trajectory_controller
[move_group-7] [INFO] [1790760588.419099181] [move_group.moveit.moveit.plugins.simple_controller_manager]: Returned 1 controllers in list
[move_group-7] [INFO] [1790760588.419113312] [move_group.moveit.moveit.plugins.simple_controller_manager]: Returned 1 controllers in list
[move_group-7] [INFO] [1790760588.419447137] [move_group.moveit.moveit.ros.trajectory_execution_manager]: Trajectory execution is not managing controllers
[move_group-7] [INFO] [1790760588.419456547] [move_group]: MoveGroup debug mode is ON
[spawner-6] [INFO] [1790760588.428188198] [spawner_joint_trajectory_controller]: waiting for service /controller_manager/list_controllers to become available...
[move_group-7] [INFO] [1790760588.431625736] [move_group.moveit.moveit.planners.pilz.move_group_sequence_action]: initialize move group sequence action
[move_group-7] [INFO] [1790760588.432852280] [move_group.moveit.moveit.planners.pilz.joint_limits_aggregator]: Reading limits from namespace robot_description_planning
[move_group-7] [INFO] [1790760588.432963499] [move_group.moveit.moveit.planners.pilz.joint_limits_aggregator]: Reading limits from namespace robot_description_planning
[move_group-7] [INFO] [1790760588.433308776] [move_group.moveit.moveit.ros.move_group.executable]: 
[move_group-7] 
[move_group-7] ********************************************************
[move_group-7] * MoveGroup using: 
[move_group-7] *     - apply_planning_scene_service
[move_group-7] *     - clear_octomap_service
[move_group-7] *     - ExecuteTaskSolution
[move_group-7] *     - get_group_urdf
[move_group-7] *     - load_geometry_from_file
[move_group-7] *     - CartesianPathService
[move_group-7] *     - execute_trajectory_action
[move_group-7] *     - get_planning_scene_service
[move_group-7] *     - kinematics_service
[move_group-7] *     - move_action
[move_group-7] *     - motion_plan_service
[move_group-7] *     - query_planners_service
[move_group-7] *     - state_validation_service
[move_group-7] *     - save_geometry_to_file
[move_group-7] *     - SequenceAction
[move_group-7] *     - SequenceService
[move_group-7] ********************************************************
[move_group-7] 
[move_group-7] [INFO] [1790760588.433332456] [move_group.moveit.moveit.ros.move_group.context]: MoveGroup context using pipeline pilz_industrial_motion_planner
[move_group-7] [INFO] [1790760588.433337185] [move_group.moveit.moveit.ros.move_group.context]: MoveGroup context initialization complete
[move_group-7] [96mLoading 'move_group/ApplyPlanningSceneService'...[0m
[move_group-7] [96mLoading 'move_group/ClearOctomapService'...[0m
[move_group-7] [96mLoading 'move_group/ExecuteTaskSolutionCapability'...[0m
[move_group-7] [96mLoading 'move_group/GetUrdfService'...[0m
[move_group-7] [96mLoading 'move_group/LoadGeometryFromFileService'...[0m
[move_group-7] [96mLoading 'move_group/MoveGroupCartesianPathService'...[0m
[move_group-7] [96mLoading 'move_group/MoveGroupExecuteTrajectoryAction'...[0m
[move_group-7] [96mLoading 'move_group/MoveGroupGetPlanningSceneService'...[0m
[move_group-7] [96mLoading 'move_group/MoveGroupKinematicsService'...[0m
[move_group-7] [96mLoading 'move_group/MoveGroupMoveAction'...[0m
[move_group-7] [96mLoading 'move_group/MoveGroupPlanService'...[0m
[move_group-7] [96mLoading 'move_group/MoveGroupQueryPlannersService'...[0m
[move_group-7] [96mLoading 'move_group/MoveGroupStateValidationService'...[0m
[move_group-7] [96mLoading 'move_group/SaveGeometryToFileService'...[0m
[move_group-7] [96mLoading 'pilz_industrial_motion_planner/MoveGroupSequenceAction'...[0m
[move_group-7] [96mLoading 'pilz_industrial_motion_planner/MoveGroupSequenceService'...[0m
[move_group-7] 
[move_group-7] [92mYou can start planning now![0m
[move_group-7] 
[peach_scene_obstacles-2] [WARN] [1790760588.539743476] [rcl]: ROS_LOCALHOST_ONLY is deprecated but still honored if it is enabled. Use ROS_AUTOMATIC_DISCOVERY_RANGE and ROS_STATIC_PEERS instead.
[peach_scene_obstacles-2] [WARN] [1790760588.539751532] [rcl]: 'localhost_only' is disabled, 'automatic_discovery_range' and 'static_peers' will be used.
[extrinsics_publisher-9] [WARN] [1790760588.549890011] [rcl]: ROS_LOCALHOST_ONLY is deprecated but still honored if it is enabled. Use ROS_AUTOMATIC_DISCOVERY_RANGE and ROS_STATIC_PEERS instead.
[extrinsics_publisher-9] [WARN] [1790760588.549897614] [rcl]: 'localhost_only' is disabled, 'automatic_discovery_range' and 'static_peers' will be used.
[rviz2-8] [INFO] [1790760588.582315844] [rviz2]: Stereo is NOT SUPPORTED
[rviz2-8] [INFO] [1790760588.582367035] [rviz2]: OpenGl version: 4.6 (GLSL 4.6)
[rviz2-8] [ERROR] [1790760588.585551881] [rviz2]: rviz::RenderSystem: error creating render window: RenderingAPIException: Invalid parentWindowHandle (wrong server or screen) in GLXWindow::create at ./.obj-x86_64-linux-gnu/ogre_vendor-prefix/src/ogre_vendor/RenderSystems/GLSupport/src/GLX/OgreGLXWindow.cpp (line 246)
[rviz2-8] [ERROR] [1790760588.585598758] [rviz2]: rviz::RenderSystem: error creating render window: RenderingAPIException: Invalid parentWindowHandle (wrong server or screen) in GLXWindow::create at ./.obj-x86_64-linux-gnu/ogre_vendor-prefix/src/ogre_vendor/RenderSystems/GLSupport/src/GLX/OgreGLXWindow.cpp (line 246)
[rviz2-8] [ERROR] [1790760588.585615369] [rviz2]: rviz::RenderSystem: error creating render window: RenderingAPIException: Invalid parentWindowHandle (wrong server or screen) in GLXWindow::create at ./.obj-x86_64-linux-gnu/ogre_vendor-prefix/src/ogre_vendor/RenderSystems/GLSupport/src/GLX/OgreGLXWindow.cpp (line 246)
[rviz2-8] [ERROR] [1790760588.585629297] [rviz2]: rviz::RenderSystem: error creating render window: RenderingAPIException: Invalid parentWindowHandle (wrong server or screen) in GLXWindow::create at ./.obj-x86_64-linux-gnu/ogre_vendor-prefix/src/ogre_vendor/RenderSystems/GLSupport/src/GLX/OgreGLXWindow.cpp (line 246)
[rviz2-8] [ERROR] [1790760588.585642941] [rviz2]: rviz::RenderSystem: error creating render window: RenderingAPIException: Invalid parentWindowHandle (wrong server or screen) in GLXWindow::create at ./.obj-x86_64-linux-gnu/ogre_vendor-prefix/src/ogre_vendor/RenderSystems/GLSupport/src/GLX/OgreGLXWindow.cpp (line 246)
[rviz2-8] [ERROR] [1790760588.585657351] [rviz2]: rviz::RenderSystem: error creating render window: RenderingAPIException: Invalid parentWindowHandle (wrong server or screen) in GLXWindow::create at ./.obj-x86_64-linux-gnu/ogre_vendor-prefix/src/ogre_vendor/RenderSystems/GLSupport/src/GLX/OgreGLXWindow.cpp (line 246)
[rviz2-8] [ERROR] [1790760588.585670947] [rviz2]: rviz::RenderSystem: error creating render window: RenderingAPIException: Invalid parentWindowHandle (wrong server or screen) in GLXWindow::create at ./.obj-x86_64-linux-gnu/ogre_vendor-prefix/src/ogre_vendor/RenderSystems/GLSupport/src/GLX/OgreGLXWindow.cpp (line 246)
[rviz2-8] [ERROR] [1790760588.585683932] [rviz2]: rviz::RenderSystem: error creating render window: RenderingAPIException: Invalid parentWindowHandle (wrong server or screen) in GLXWindow::create at ./.obj-x86_64-linux-gnu/ogre_vendor-prefix/src/ogre_vendor/RenderSystems/GLSupport/src/GLX/OgreGLXWindow.cpp (line 246)
[rviz2-8] [ERROR] [1790760588.585697112] [rviz2]: rviz::RenderSystem: error creating render window: RenderingAPIException: Invalid parentWindowHandle (wrong server or screen) in GLXWindow::create at ./.obj-x86_64-linux-gnu/ogre_vendor-prefix/src/ogre_vendor/RenderSystems/GLSupport/src/GLX/OgreGLXWindow.cpp (line 246)
[rviz2-8] [ERROR] [1790760588.585709818] [rviz2]: rviz::RenderSystem: error creating render window: RenderingAPIException: Invalid parentWindowHandle (wrong server or screen) in GLXWindow::create at ./.obj-x86_64-linux-gnu/ogre_vendor-prefix/src/ogre_vendor/RenderSystems/GLSupport/src/GLX/OgreGLXWindow.cpp (line 246)
[rviz2-8] [ERROR] [1790760588.585722637] [rviz2]: rviz::RenderSystem: error creating render window: RenderingAPIException: Invalid parentWindowHandle (wrong server or screen) in GLXWindow::create at ./.obj-x86_64-linux-gnu/ogre_vendor-prefix/src/ogre_vendor/RenderSystems/GLSupport/src/GLX/OgreGLXWindow.cpp (line 246)
[rviz2-8] [ERROR] [1790760588.585735707] [rviz2]: rviz::RenderSystem: error creating render window: RenderingAPIException: Invalid parentWindowHandle (wrong server or screen) in GLXWindow::create at ./.obj-x86_64-linux-gnu/ogre_vendor-prefix/src/ogre_vendor/RenderSystems/GLSupport/src/GLX/OgreGLXWindow.cpp (line 246)
[rviz2-8] [ERROR] [1790760588.585748433] [rviz2]: rviz::RenderSystem: error creating render window: RenderingAPIException: Invalid parentWindowHandle (wrong server or screen) in GLXWindow::create at ./.obj-x86_64-linux-gnu/ogre_vendor-prefix/src/ogre_vendor/RenderSystems/GLSupport/src/GLX/OgreGLXWindow.cpp (line 246)
[rviz2-8] [ERROR] [1790760588.585764929] [rviz2]: rviz::RenderSystem: error creating render window: RenderingAPIException: Invalid parentWindowHandle (wrong server or screen) in GLXWindow::create at ./.obj-x86_64-linux-gnu/ogre_vendor-prefix/src/ogre_vendor/RenderSystems/GLSupport/src/GLX/OgreGLXWindow.cpp (line 246)
[rviz2-8] [ERROR] [1790760588.585777886] [rviz2]: rviz::RenderSystem: error creating render window: RenderingAPIException: Invalid parentWindowHandle (wrong server or screen) in GLXWindow::create at ./.obj-x86_64-linux-gnu/ogre_vendor-prefix/src/ogre_vendor/RenderSystems/GLSupport/src/GLX/OgreGLXWindow.cpp (line 246)
[rviz2-8] [ERROR] [1790760588.585791165] [rviz2]: rviz::RenderSystem: error creating render window: RenderingAPIException: Invalid parentWindowHandle (wrong server or screen) in GLXWindow::create at ./.obj-x86_64-linux-gnu/ogre_vendor-prefix/src/ogre_vendor/RenderSystems/GLSupport/src/GLX/OgreGLXWindow.cpp (line 246)
[rviz2-8] [ERROR] [1790760588.585818390] [rviz2]: rviz::RenderSystem: error creating render window: RenderingAPIException: Invalid parentWindowHandle (wrong server or screen) in GLXWindow::create at ./.obj-x86_64-linux-gnu/ogre_vendor-prefix/src/ogre_vendor/RenderSystems/GLSupport/src/GLX/OgreGLXWindow.cpp (line 246)
[rviz2-8] [ERROR] [1790760588.585832056] [rviz2]: rviz::RenderSystem: error creating render window: RenderingAPIException: Invalid parentWindowHandle (wrong server or screen) in GLXWindow::create at ./.obj-x86_64-linux-gnu/ogre_vendor-prefix/src/ogre_vendor/RenderSystems/GLSupport/src/GLX/OgreGLXWindow.cpp (line 246)
[rviz2-8] [ERROR] [1790760588.585845044] [rviz2]: rviz::RenderSystem: error creating render window: RenderingAPIException: Invalid parentWindowHandle (wrong server or screen) in GLXWindow::create at ./.obj-x86_64-linux-gnu/ogre_vendor-prefix/src/ogre_vendor/RenderSystems/GLSupport/src/GLX/OgreGLXWindow.cpp (line 246)
[rviz2-8] [ERROR] [1790760588.585857910] [rviz2]: rviz::RenderSystem: error creating render window: RenderingAPIException: Invalid parentWindowHandle (wrong server or screen) in GLXWindow::create at ./.obj-x86_64-linux-gnu/ogre_vendor-prefix/src/ogre_vendor/RenderSystems/GLSupport/src/GLX/OgreGLXWindow.cpp (line 246)
[rviz2-8] [ERROR] [1790760588.585870808] [rviz2]: rviz::RenderSystem: error creating render window: RenderingAPIException: Invalid parentWindowHandle (wrong server or screen) in GLXWindow::create at ./.obj-x86_64-linux-gnu/ogre_vendor-prefix/src/ogre_vendor/RenderSystems/GLSupport/src/GLX/OgreGLXWindow.cpp (line 246)
[rviz2-8] [ERROR] [1790760588.585883509] [rviz2]: rviz::RenderSystem: error creating render window: RenderingAPIException: Invalid parentWindowHandle (wrong server or screen) in GLXWindow::create at ./.obj-x86_64-linux-gnu/ogre_vendor-prefix/src/ogre_vendor/RenderSystems/GLSupport/src/GLX/OgreGLXWindow.cpp (line 246)
[rviz2-8] [ERROR] [1790760588.585896465] [rviz2]: rviz::RenderSystem: error creating render window: RenderingAPIException: Invalid parentWindowHandle (wrong server or screen) in GLXWindow::create at ./.obj-x86_64-linux-gnu/ogre_vendor-prefix/src/ogre_vendor/RenderSystems/GLSupport/src/GLX/OgreGLXWindow.cpp (line 246)
[rviz2-8] [ERROR] [1790760588.585909663] [rviz2]: rviz::RenderSystem: error creating render window: RenderingAPIException: Invalid parentWindowHandle (wrong server or screen) in GLXWindow::create at ./.obj-x86_64-linux-gnu/ogre_vendor-prefix/src/ogre_vendor/RenderSystems/GLSupport/src/GLX/OgreGLXWindow.cpp (line 246)
[rviz2-8] [ERROR] [1790760588.585922567] [rviz2]: rviz::RenderSystem: error creating render window: RenderingAPIException: Invalid parentWindowHandle (wrong server or screen) in GLXWindow::create at ./.obj-x86_64-linux-gnu/ogre_vendor-prefix/src/ogre_vendor/RenderSystems/GLSupport/src/GLX/OgreGLXWindow.cpp (line 246)
[rviz2-8] [ERROR] [1790760588.585935293] [rviz2]: rviz::RenderSystem: error creating render window: RenderingAPIException: Invalid parentWindowHandle (wrong server or screen) in GLXWindow::create at ./.obj-x86_64-linux-gnu/ogre_vendor-prefix/src/ogre_vendor/RenderSystems/GLSupport/src/GLX/OgreGLXWindow.cpp (line 246)
[rviz2-8] [ERROR] [1790760588.585947818] [rviz2]: rviz::RenderSystem: error creating render window: RenderingAPIException: Invalid parentWindowHandle (wrong server or screen) in GLXWindow::create at ./.obj-x86_64-linux-gnu/ogre_vendor-prefix/src/ogre_vendor/RenderSystems/GLSupport/src/GLX/OgreGLXWindow.cpp (line 246)
[rviz2-8] [ERROR] [1790760588.585961687] [rviz2]: rviz::RenderSystem: error creating render window: RenderingAPIException: Invalid parentWindowHandle (wrong server or screen) in GLXWindow::create at ./.obj-x86_64-linux-gnu/ogre_vendor-prefix/src/ogre_vendor/RenderSystems/GLSupport/src/GLX/OgreGLXWindow.cpp (line 246)
[rviz2-8] [ERROR] [1790760588.585974305] [rviz2]: rviz::RenderSystem: error creating render window: RenderingAPIException: Invalid parentWindowHandle (wrong server or screen) in GLXWindow::create at ./.obj-x86_64-linux-gnu/ogre_vendor-prefix/src/ogre_vendor/RenderSystems/GLSupport/src/GLX/OgreGLXWindow.cpp (line 246)
[rviz2-8] [ERROR] [1790760588.585986758] [rviz2]: rviz::RenderSystem: error creating render window: RenderingAPIException: Invalid parentWindowHandle (wrong server or screen) in GLXWindow::create at ./.obj-x86_64-linux-gnu/ogre_vendor-prefix/src/ogre_vendor/RenderSystems/GLSupport/src/GLX/OgreGLXWindow.cpp (line 246)
[rviz2-8] [ERROR] [1790760588.585999417] [rviz2]: rviz::RenderSystem: error creating render window: RenderingAPIException: Invalid parentWindowHandle (wrong server or screen) in GLXWindow::create at ./.obj-x86_64-linux-gnu/ogre_vendor-prefix/src/ogre_vendor/RenderSystems/GLSupport/src/GLX/OgreGLXWindow.cpp (line 246)
[rviz2-8] [ERROR] [1790760588.586012034] [rviz2]: rviz::RenderSystem: error creating render window: RenderingAPIException: Invalid parentWindowHandle (wrong server or screen) in GLXWindow::create at ./.obj-x86_64-linux-gnu/ogre_vendor-prefix/src/ogre_vendor/RenderSystems/GLSupport/src/GLX/OgreGLXWindow.cpp (line 246)
[rviz2-8] [ERROR] [1790760588.586024791] [rviz2]: rviz::RenderSystem: error creating render window: RenderingAPIException: Invalid parentWindowHandle (wrong server or screen) in GLXWindow::create at ./.obj-x86_64-linux-gnu/ogre_vendor-prefix/src/ogre_vendor/RenderSystems/GLSupport/src/GLX/OgreGLXWindow.cpp (line 246)
[rviz2-8] [ERROR] [1790760588.586037800] [rviz2]: rviz::RenderSystem: error creating render window: RenderingAPIException: Invalid parentWindowHandle (wrong server or screen) in GLXWindow::create at ./.obj-x86_64-linux-gnu/ogre_vendor-prefix/src/ogre_vendor/RenderSystems/GLSupport/src/GLX/OgreGLXWindow.cpp (line 246)
[rviz2-8] [ERROR] [1790760588.586050568] [rviz2]: rviz::RenderSystem: error creating render window: RenderingAPIException: Invalid parentWindowHandle (wrong server or screen) in GLXWindow::create at ./.obj-x86_64-linux-gnu/ogre_vendor-prefix/src/ogre_vendor/RenderSystems/GLSupport/src/GLX/OgreGLXWindow.cpp (line 246)
[rviz2-8] [ERROR] [1790760588.586063329] [rviz2]: rviz::RenderSystem: error creating render window: RenderingAPIException: Invalid parentWindowHandle (wrong server or screen) in GLXWindow::create at ./.obj-x86_64-linux-gnu/ogre_vendor-prefix/src/ogre_vendor/RenderSystems/GLSupport/src/GLX/OgreGLXWindow.cpp (line 246)
[rviz2-8] [ERROR] [1790760588.586075976] [rviz2]: rviz::RenderSystem: error creating render window: RenderingAPIException: Invalid parentWindowHandle (wrong server or screen) in GLXWindow::create at ./.obj-x86_64-linux-gnu/ogre_vendor-prefix/src/ogre_vendor/RenderSystems/GLSupport/src/GLX/OgreGLXWindow.cpp (line 246)
[rviz2-8] [ERROR] [1790760588.586088914] [rviz2]: rviz::RenderSystem: error creating render window: RenderingAPIException: Invalid parentWindowHandle (wrong server or screen) in GLXWindow::create at ./.obj-x86_64-linux-gnu/ogre_vendor-prefix/src/ogre_vendor/RenderSystems/GLSupport/src/GLX/OgreGLXWindow.cpp (line 246)
[rviz2-8] [ERROR] [1790760588.586101464] [rviz2]: rviz::RenderSystem: error creating render window: RenderingAPIException: Invalid parentWindowHandle (wrong server or screen) in GLXWindow::create at ./.obj-x86_64-linux-gnu/ogre_vendor-prefix/src/ogre_vendor/RenderSystems/GLSupport/src/GLX/OgreGLXWindow.cpp (line 246)
[rviz2-8] [ERROR] [1790760588.586114868] [rviz2]: rviz::RenderSystem: error creating render window: RenderingAPIException: Invalid parentWindowHandle (wrong server or screen) in GLXWindow::create at ./.obj-x86_64-linux-gnu/ogre_vendor-prefix/src/ogre_vendor/RenderSystems/GLSupport/src/GLX/OgreGLXWindow.cpp (line 246)
[rviz2-8] [ERROR] [1790760588.586129190] [rviz2]: rviz::RenderSystem: error creating render window: RenderingAPIException: Invalid parentWindowHandle (wrong server or screen) in GLXWindow::create at ./.obj-x86_64-linux-gnu/ogre_vendor-prefix/src/ogre_vendor/RenderSystems/GLSupport/src/GLX/OgreGLXWindow.cpp (line 246)
[rviz2-8] [ERROR] [1790760588.586141739] [rviz2]: rviz::RenderSystem: error creating render window: RenderingAPIException: Invalid parentWindowHandle (wrong server or screen) in GLXWindow::create at ./.obj-x86_64-linux-gnu/ogre_vendor-prefix/src/ogre_vendor/RenderSystems/GLSupport/src/GLX/OgreGLXWindow.cpp (line 246)
[rviz2-8] [ERROR] [1790760588.586154588] [rviz2]: rviz::RenderSystem: error creating render window: RenderingAPIException: Invalid parentWindowHandle (wrong server or screen) in GLXWindow::create at ./.obj-x86_64-linux-gnu/ogre_vendor-prefix/src/ogre_vendor/RenderSystems/GLSupport/src/GLX/OgreGLXWindow.cpp (line 246)
[rviz2-8] [ERROR] [1790760588.586167257] [rviz2]: rviz::RenderSystem: error creating render window: RenderingAPIException: Invalid parentWindowHandle (wrong server or screen) in GLXWindow::create at ./.obj-x86_64-linux-gnu/ogre_vendor-prefix/src/ogre_vendor/RenderSystems/GLSupport/src/GLX/OgreGLXWindow.cpp (line 246)
[rviz2-8] [ERROR] [1790760588.586179949] [rviz2]: rviz::RenderSystem: error creating render window: RenderingAPIException: Invalid parentWindowHandle (wrong server or screen) in GLXWindow::create at ./.obj-x86_64-linux-gnu/ogre_vendor-prefix/src/ogre_vendor/RenderSystems/GLSupport/src/GLX/OgreGLXWindow.cpp (line 246)
[rviz2-8] [ERROR] [1790760588.586192980] [rviz2]: rviz::RenderSystem: error creating render window: RenderingAPIException: Invalid parentWindowHandle (wrong server or screen) in GLXWindow::create at ./.obj-x86_64-linux-gnu/ogre_vendor-prefix/src/ogre_vendor/RenderSystems/GLSupport/src/GLX/OgreGLXWindow.cpp (line 246)
[rviz2-8] [ERROR] [1790760588.586205645] [rviz2]: rviz::RenderSystem: error creating render window: RenderingAPIException: Invalid parentWindowHandle (wrong server or screen) in GLXWindow::create at ./.obj-x86_64-linux-gnu/ogre_vendor-prefix/src/ogre_vendor/RenderSystems/GLSupport/src/GLX/OgreGLXWindow.cpp (line 246)
[rviz2-8] [ERROR] [1790760588.586218215] [rviz2]: rviz::RenderSystem: error creating render window: RenderingAPIException: Invalid parentWindowHandle (wrong server or screen) in GLXWindow::create at ./.obj-x86_64-linux-gnu/ogre_vendor-prefix/src/ogre_vendor/RenderSystems/GLSupport/src/GLX/OgreGLXWindow.cpp (line 246)
[rviz2-8] [ERROR] [1790760588.586230955] [rviz2]: rviz::RenderSystem: error creating render window: RenderingAPIException: Invalid parentWindowHandle (wrong server or screen) in GLXWindow::create at ./.obj-x86_64-linux-gnu/ogre_vendor-prefix/src/ogre_vendor/RenderSystems/GLSupport/src/GLX/OgreGLXWindow.cpp (line 246)
[rviz2-8] [ERROR] [1790760588.586243699] [rviz2]: rviz::RenderSystem: error creating render window: RenderingAPIException: Invalid parentWindowHandle (wrong server or screen) in GLXWindow::create at ./.obj-x86_64-linux-gnu/ogre_vendor-prefix/src/ogre_vendor/RenderSystems/GLSupport/src/GLX/OgreGLXWindow.cpp (line 246)
[rviz2-8] [ERROR] [1790760588.586256376] [rviz2]: rviz::RenderSystem: error creating render window: RenderingAPIException: Invalid parentWindowHandle (wrong server or screen) in GLXWindow::create at ./.obj-x86_64-linux-gnu/ogre_vendor-prefix/src/ogre_vendor/RenderSystems/GLSupport/src/GLX/OgreGLXWindow.cpp (line 246)
[rviz2-8] [ERROR] [1790760588.586269064] [rviz2]: rviz::RenderSystem: error creating render window: RenderingAPIException: Invalid parentWindowHandle (wrong server or screen) in GLXWindow::create at ./.obj-x86_64-linux-gnu/ogre_vendor-prefix/src/ogre_vendor/RenderSystems/GLSupport/src/GLX/OgreGLXWindow.cpp (line 246)
[rviz2-8] [ERROR] [1790760588.586281496] [rviz2]: rviz::RenderSystem: error creating render window: RenderingAPIException: Invalid parentWindowHandle (wrong server or screen) in GLXWindow::create at ./.obj-x86_64-linux-gnu/ogre_vendor-prefix/src/ogre_vendor/RenderSystems/GLSupport/src/GLX/OgreGLXWindow.cpp (line 246)
[rviz2-8] [ERROR] [1790760588.586295325] [rviz2]: rviz::RenderSystem: error creating render window: RenderingAPIException: Invalid parentWindowHandle (wrong server or screen) in GLXWindow::create at ./.obj-x86_64-linux-gnu/ogre_vendor-prefix/src/ogre_vendor/RenderSystems/GLSupport/src/GLX/OgreGLXWindow.cpp (line 246)
[rviz2-8] [ERROR] [1790760588.586308044] [rviz2]: rviz::RenderSystem: error creating render window: RenderingAPIException: Invalid parentWindowHandle (wrong server or screen) in GLXWindow::create at ./.obj-x86_64-linux-gnu/ogre_vendor-prefix/src/ogre_vendor/RenderSystems/GLSupport/src/GLX/OgreGLXWindow.cpp (line 246)
[rviz2-8] [ERROR] [1790760588.586320649] [rviz2]: rviz::RenderSystem: error creating render window: RenderingAPIException: Invalid parentWindowHandle (wrong server or screen) in GLXWindow::create at ./.obj-x86_64-linux-gnu/ogre_vendor-prefix/src/ogre_vendor/RenderSystems/GLSupport/src/GLX/OgreGLXWindow.cpp (line 246)
[rviz2-8] [ERROR] [1790760588.586333265] [rviz2]: rviz::RenderSystem: error creating render window: RenderingAPIException: Invalid parentWindowHandle (wrong server or screen) in GLXWindow::create at ./.obj-x86_64-linux-gnu/ogre_vendor-prefix/src/ogre_vendor/RenderSystems/GLSupport/src/GLX/OgreGLXWindow.cpp (line 246)
[rviz2-8] [ERROR] [1790760588.586345857] [rviz2]: rviz::RenderSystem: error creating render window: RenderingAPIException: Invalid parentWindowHandle (wrong server or screen) in GLXWindow::create at ./.obj-x86_64-linux-gnu/ogre_vendor-prefix/src/ogre_vendor/RenderSystems/GLSupport/src/GLX/OgreGLXWindow.cpp (line 246)
[rviz2-8] [ERROR] [1790760588.586358493] [rviz2]: rviz::RenderSystem: error creating render window: RenderingAPIException: Invalid parentWindowHandle (wrong server or screen) in GLXWindow::create at ./.obj-x86_64-linux-gnu/ogre_vendor-prefix/src/ogre_vendor/RenderSystems/GLSupport/src/GLX/OgreGLXWindow.cpp (line 246)
[rviz2-8] [ERROR] [1790760588.586370843] [rviz2]: rviz::RenderSystem: error creating render window: RenderingAPIException: Invalid parentWindowHandle (wrong server or screen) in GLXWindow::create at ./.obj-x86_64-linux-gnu/ogre_vendor-prefix/src/ogre_vendor/RenderSystems/GLSupport/src/GLX/OgreGLXWindow.cpp (line 246)
[rviz2-8] [ERROR] [1790760588.586383453] [rviz2]: rviz::RenderSystem: error creating render window: RenderingAPIException: Invalid parentWindowHandle (wrong server or screen) in GLXWindow::create at ./.obj-x86_64-linux-gnu/ogre_vendor-prefix/src/ogre_vendor/RenderSystems/GLSupport/src/GLX/OgreGLXWindow.cpp (line 246)
[rviz2-8] [ERROR] [1790760588.586395941] [rviz2]: rviz::RenderSystem: error creating render window: RenderingAPIException: Invalid parentWindowHandle (wrong server or screen) in GLXWindow::create at ./.obj-x86_64-linux-gnu/ogre_vendor-prefix/src/ogre_vendor/RenderSystems/GLSupport/src/GLX/OgreGLXWindow.cpp (line 246)
[rviz2-8] [ERROR] [1790760588.586408666] [rviz2]: rviz::RenderSystem: error creating render window: RenderingAPIException: Invalid parentWindowHandle (wrong server or screen) in GLXWindow::create at ./.obj-x86_64-linux-gnu/ogre_vendor-prefix/src/ogre_vendor/RenderSystems/GLSupport/src/GLX/OgreGLXWindow.cpp (line 246)
[rviz2-8] [ERROR] [1790760588.586420746] [rviz2]: rviz::RenderSystem: error creating render window: RenderingAPIException: Invalid parentWindowHandle (wrong server or screen) in GLXWindow::create at ./.obj-x86_64-linux-gnu/ogre_vendor-prefix/src/ogre_vendor/RenderSystems/GLSupport/src/GLX/OgreGLXWindow.cpp (line 246)
[rviz2-8] [ERROR] [1790760588.586433233] [rviz2]: rviz::RenderSystem: error creating render window: RenderingAPIException: Invalid parentWindowHandle (wrong server or screen) in GLXWindow::create at ./.obj-x86_64-linux-gnu/ogre_vendor-prefix/src/ogre_vendor/RenderSystems/GLSupport/src/GLX/OgreGLXWindow.cpp (line 246)
[rviz2-8] [ERROR] [1790760588.586446084] [rviz2]: rviz::RenderSystem: error creating render window: RenderingAPIException: Invalid parentWindowHandle (wrong server or screen) in GLXWindow::create at ./.obj-x86_64-linux-gnu/ogre_vendor-prefix/src/ogre_vendor/RenderSystems/GLSupport/src/GLX/OgreGLXWindow.cpp (line 246)
[rviz2-8] [ERROR] [1790760588.586460475] [rviz2]: rviz::RenderSystem: error creating render window: RenderingAPIException: Invalid parentWindowHandle (wrong server or screen) in GLXWindow::create at ./.obj-x86_64-linux-gnu/ogre_vendor-prefix/src/ogre_vendor/RenderSystems/GLSupport/src/GLX/OgreGLXWindow.cpp (line 246)
[rviz2-8] [ERROR] [1790760588.586473047] [rviz2]: rviz::RenderSystem: error creating render window: RenderingAPIException: Invalid parentWindowHandle (wrong server or screen) in GLXWindow::create at ./.obj-x86_64-linux-gnu/ogre_vendor-prefix/src/ogre_vendor/RenderSystems/GLSupport/src/GLX/OgreGLXWindow.cpp (line 246)
[rviz2-8] [ERROR] [1790760588.586485531] [rviz2]: rviz::RenderSystem: error creating render window: RenderingAPIException: Invalid parentWindowHandle (wrong server or screen) in GLXWindow::create at ./.obj-x86_64-linux-gnu/ogre_vendor-prefix/src/ogre_vendor/RenderSystems/GLSupport/src/GLX/OgreGLXWindow.cpp (line 246)
[rviz2-8] [ERROR] [1790760588.586498568] [rviz2]: rviz::RenderSystem: error creating render window: RenderingAPIException: Invalid parentWindowHandle (wrong server or screen) in GLXWindow::create at ./.obj-x86_64-linux-gnu/ogre_vendor-prefix/src/ogre_vendor/RenderSystems/GLSupport/src/GLX/OgreGLXWindow.cpp (line 246)
[rviz2-8] [ERROR] [1790760588.586511690] [rviz2]: rviz::RenderSystem: error creating render window: RenderingAPIException: Invalid parentWindowHandle (wrong server or screen) in GLXWindow::create at ./.obj-x86_64-linux-gnu/ogre_vendor-prefix/src/ogre_vendor/RenderSystems/GLSupport/src/GLX/OgreGLXWindow.cpp (line 246)
[rviz2-8] [ERROR] [1790760588.586523990] [rviz2]: rviz::RenderSystem: error creating render window: RenderingAPIException: Invalid parentWindowHandle (wrong server or screen) in GLXWindow::create at ./.obj-x86_64-linux-gnu/ogre_vendor-prefix/src/ogre_vendor/RenderSystems/GLSupport/src/GLX/OgreGLXWindow.cpp (line 246)
[rviz2-8] [ERROR] [1790760588.586536554] [rviz2]: rviz::RenderSystem: error creating render window: RenderingAPIException: Invalid parentWindowHandle (wrong server or screen) in GLXWindow::create at ./.obj-x86_64-linux-gnu/ogre_vendor-prefix/src/ogre_vendor/RenderSystems/GLSupport/src/GLX/OgreGLXWindow.cpp (line 246)
[rviz2-8] [ERROR] [1790760588.586549272] [rviz2]: rviz::RenderSystem: error creating render window: RenderingAPIException: Invalid parentWindowHandle (wrong server or screen) in GLXWindow::create at ./.obj-x86_64-linux-gnu/ogre_vendor-prefix/src/ogre_vendor/RenderSystems/GLSupport/src/GLX/OgreGLXWindow.cpp (line 246)
[rviz2-8] [ERROR] [1790760588.586562180] [rviz2]: rviz::RenderSystem: error creating render window: RenderingAPIException: Invalid parentWindowHandle (wrong server or screen) in GLXWindow::create at ./.obj-x86_64-linux-gnu/ogre_vendor-prefix/src/ogre_vendor/RenderSystems/GLSupport/src/GLX/OgreGLXWindow.cpp (line 246)
[rviz2-8] [ERROR] [1790760588.586575148] [rviz2]: rviz::RenderSystem: error creating render window: RenderingAPIException: Invalid parentWindowHandle (wrong server or screen) in GLXWindow::create at ./.obj-x86_64-linux-gnu/ogre_vendor-prefix/src/ogre_vendor/RenderSystems/GLSupport/src/GLX/OgreGLXWindow.cpp (line 246)
[rviz2-8] [ERROR] [1790760588.586587620] [rviz2]: rviz::RenderSystem: error creating render window: RenderingAPIException: Invalid parentWindowHandle (wrong server or screen) in GLXWindow::create at ./.obj-x86_64-linux-gnu/ogre_vendor-prefix/src/ogre_vendor/RenderSystems/GLSupport/src/GLX/OgreGLXWindow.cpp (line 246)
[rviz2-8] [ERROR] [1790760588.586601507] [rviz2]: rviz::RenderSystem: error creating render window: RenderingAPIException: Invalid parentWindowHandle (wrong server or screen) in GLXWindow::create at ./.obj-x86_64-linux-gnu/ogre_vendor-prefix/src/ogre_vendor/RenderSystems/GLSupport/src/GLX/OgreGLXWindow.cpp (line 246)
[rviz2-8] [ERROR] [1790760588.586614863] [rviz2]: rviz::RenderSystem: error creating render window: RenderingAPIException: Invalid parentWindowHandle (wrong server or screen) in GLXWindow::create at ./.obj-x86_64-linux-gnu/ogre_vendor-prefix/src/ogre_vendor/RenderSystems/GLSupport/src/GLX/OgreGLXWindow.cpp (line 246)
[rviz2-8] [ERROR] [1790760588.586629863] [rviz2]: rviz::RenderSystem: error creating render window: RenderingAPIException: Invalid parentWindowHandle (wrong server or screen) in GLXWindow::create at ./.obj-x86_64-linux-gnu/ogre_vendor-prefix/src/ogre_vendor/RenderSystems/GLSupport/src/GLX/OgreGLXWindow.cpp (line 246)
[rviz2-8] [ERROR] [1790760588.586644167] [rviz2]: rviz::RenderSystem: error creating render window: RenderingAPIException: Invalid parentWindowHandle (wrong server or screen) in GLXWindow::create at ./.obj-x86_64-linux-gnu/ogre_vendor-prefix/src/ogre_vendor/RenderSystems/GLSupport/src/GLX/OgreGLXWindow.cpp (line 246)
[rviz2-8] [ERROR] [1790760588.586656757] [rviz2]: rviz::RenderSystem: error creating render window: RenderingAPIException: Invalid parentWindowHandle (wrong server or screen) in GLXWindow::create at ./.obj-x86_64-linux-gnu/ogre_vendor-prefix/src/ogre_vendor/RenderSystems/GLSupport/src/GLX/OgreGLXWindow.cpp (line 246)
[rviz2-8] [ERROR] [1790760588.586667495] [rviz2]: rviz::RenderSystem: error creating render window: RenderingAPIException: Invalid parentWindowHandle (wrong server or screen) in GLXWindow::create at ./.obj-x86_64-linux-gnu/ogre_vendor-prefix/src/ogre_vendor/RenderSystems/GLSupport/src/GLX/OgreGLXWindow.cpp (line 246)
[rviz2-8] [ERROR] [1790760588.586680097] [rviz2]: rviz::RenderSystem: error creating render window: RenderingAPIException: Invalid parentWindowHandle (wrong server or screen) in GLXWindow::create at ./.obj-x86_64-linux-gnu/ogre_vendor-prefix/src/ogre_vendor/RenderSystems/GLSupport/src/GLX/OgreGLXWindow.cpp (line 246)
[rviz2-8] [ERROR] [1790760588.586692419] [rviz2]: rviz::RenderSystem: error creating render window: RenderingAPIException: Invalid parentWindowHandle (wrong server or screen) in GLXWindow::create at ./.obj-x86_64-linux-gnu/ogre_vendor-prefix/src/ogre_vendor/RenderSystems/GLSupport/src/GLX/OgreGLXWindow.cpp (line 246)
[rviz2-8] [ERROR] [1790760588.586704683] [rviz2]: rviz::RenderSystem: error creating render window: RenderingAPIException: Invalid parentWindowHandle (wrong server or screen) in GLXWindow::create at ./.obj-x86_64-linux-gnu/ogre_vendor-prefix/src/ogre_vendor/RenderSystems/GLSupport/src/GLX/OgreGLXWindow.cpp (line 246)
[rviz2-8] [ERROR] [1790760588.586717175] [rviz2]: rviz::RenderSystem: error creating render window: RenderingAPIException: Invalid parentWindowHandle (wrong server or screen) in GLXWindow::create at ./.obj-x86_64-linux-gnu/ogre_vendor-prefix/src/ogre_vendor/RenderSystems/GLSupport/src/GLX/OgreGLXWindow.cpp (line 246)
[rviz2-8] [ERROR] [1790760588.586729891] [rviz2]: rviz::RenderSystem: error creating render window: RenderingAPIException: Invalid parentWindowHandle (wrong server or screen) in GLXWindow::create at ./.obj-x86_64-linux-gnu/ogre_vendor-prefix/src/ogre_vendor/RenderSystems/GLSupport/src/GLX/OgreGLXWindow.cpp (line 246)
[rviz2-8] [ERROR] [1790760588.586742447] [rviz2]: rviz::RenderSystem: error creating render window: RenderingAPIException: Invalid parentWindowHandle (wrong server or screen) in GLXWindow::create at ./.obj-x86_64-linux-gnu/ogre_vendor-prefix/src/ogre_vendor/RenderSystems/GLSupport/src/GLX/OgreGLXWindow.cpp (line 246)
[rviz2-8] [ERROR] [1790760588.586755025] [rviz2]: rviz::RenderSystem: error creating render window: RenderingAPIException: Invalid parentWindowHandle (wrong server or screen) in GLXWindow::create at ./.obj-x86_64-linux-gnu/ogre_vendor-prefix/src/ogre_vendor/RenderSystems/GLSupport/src/GLX/OgreGLXWindow.cpp (line 246)
[rviz2-8] [ERROR] [1790760588.586767471] [rviz2]: rviz::RenderSystem: error creating render window: RenderingAPIException: Invalid parentWindowHandle (wrong server or screen) in GLXWindow::create at ./.obj-x86_64-linux-gnu/ogre_vendor-prefix/src/ogre_vendor/RenderSystems/GLSupport/src/GLX/OgreGLXWindow.cpp (line 246)
[rviz2-8] [ERROR] [1790760588.586781350] [rviz2]: rviz::RenderSystem: error creating render window: RenderingAPIException: Invalid parentWindowHandle (wrong server or screen) in GLXWindow::create at ./.obj-x86_64-linux-gnu/ogre_vendor-prefix/src/ogre_vendor/RenderSystems/GLSupport/src/GLX/OgreGLXWindow.cpp (line 246)
[rviz2-8] [ERROR] [1790760588.586794605] [rviz2]: rviz::RenderSystem: error creating render window: RenderingAPIException: Invalid parentWindowHandle (wrong server or screen) in GLXWindow::create at ./.obj-x86_64-linux-gnu/ogre_vendor-prefix/src/ogre_vendor/RenderSystems/GLSupport/src/GLX/OgreGLXWindow.cpp (line 246)
[rviz2-8] [ERROR] [1790760588.586812919] [rviz2]: rviz::RenderSystem: error creating render window: RenderingAPIException: Invalid parentWindowHandle (wrong server or screen) in GLXWindow::create at ./.obj-x86_64-linux-gnu/ogre_vendor-prefix/src/ogre_vendor/RenderSystems/GLSupport/src/GLX/OgreGLXWindow.cpp (line 246)
[rviz2-8] [ERROR] [1790760588.586827173] [rviz2]: rviz::RenderSystem: error creating render window: RenderingAPIException: Invalid parentWindowHandle (wrong server or screen) in GLXWindow::create at ./.obj-x86_64-linux-gnu/ogre_vendor-prefix/src/ogre_vendor/RenderSystems/GLSupport/src/GLX/OgreGLXWindow.cpp (line 246)
[rviz2-8] [ERROR] [1790760588.586840129] [rviz2]: rviz::RenderSystem: error creating render window: RenderingAPIException: Invalid parentWindowHandle (wrong server or screen) in GLXWindow::create at ./.obj-x86_64-linux-gnu/ogre_vendor-prefix/src/ogre_vendor/RenderSystems/GLSupport/src/GLX/OgreGLXWindow.cpp (line 246)
[rviz2-8] [ERROR] [1790760588.586852662] [rviz2]: rviz::RenderSystem: error creating render window: RenderingAPIException: Invalid parentWindowHandle (wrong server or screen) in GLXWindow::create at ./.obj-x86_64-linux-gnu/ogre_vendor-prefix/src/ogre_vendor/RenderSystems/GLSupport/src/GLX/OgreGLXWindow.cpp (line 246)
[rviz2-8] [ERROR] [1790760588.586865516] [rviz2]: rviz::RenderSystem: error creating render window: RenderingAPIException: Invalid parentWindowHandle (wrong server or screen) in GLXWindow::create at ./.obj-x86_64-linux-gnu/ogre_vendor-prefix/src/ogre_vendor/RenderSystems/GLSupport/src/GLX/OgreGLXWindow.cpp (line 246)
[rviz2-8] [ERROR] [1790760588.586878274] [rviz2]: rviz::RenderSystem: error creating render window: RenderingAPIException: Invalid parentWindowHandle (wrong server or screen) in GLXWindow::create at ./.obj-x86_64-linux-gnu/ogre_vendor-prefix/src/ogre_vendor/RenderSystems/GLSupport/src/GLX/OgreGLXWindow.cpp (line 246)
[rviz2-8] [ERROR] [1790760588.586890654] [rviz2]: rviz::RenderSystem: error creating render window: RenderingAPIException: Invalid parentWindowHandle (wrong server or screen) in GLXWindow::create at ./.obj-x86_64-linux-gnu/ogre_vendor-prefix/src/ogre_vendor/RenderSystems/GLSupport/src/GLX/OgreGLXWindow.cpp (line 246)
[rviz2-8] [ERROR] [1790760588.586892394] [rviz2]: Unable to create the rendering window after 100 tries
[rviz2-8] terminate called after throwing an instance of 'std::runtime_error'
[rviz2-8]   what():  Unable to create the rendering window after 100 tries
[peach_scene_obstacles-2] [INFO] [1790760588.632502150] [peach_scene_obstacles]: scene obstacles snapshot node ready (waits refresh trigger)
[extrinsics_publisher-9] [INFO] [1790760588.642950552] [hand_eye_extrinsics_publisher]: Published active camera extrinsic from /home/mu/Desktop/aubo_e5_jazzy_ws/src/aubo_hand_eye_calibration/hand_eye/active.yaml: xyz_m=[0.044852, 0.108401, 0.001697] quat_xyzw=[0.502841, 0.496407, 0.508405, -0.492194]
[peach_harvester-10] [WARN] [1790760588.657746419] [rcl]: ROS_LOCALHOST_ONLY is deprecated but still honored if it is enabled. Use ROS_AUTOMATIC_DISCOVERY_RANGE and ROS_STATIC_PEERS instead.
[peach_harvester-10] [WARN] [1790760588.657753886] [rcl]: 'localhost_only' is disabled, 'automatic_discovery_range' and 'static_peers' will be used.
[peach_observability-12] [WARN] [1790760588.667179880] [rcl]: ROS_LOCALHOST_ONLY is deprecated but still honored if it is enabled. Use ROS_AUTOMATIC_DISCOVERY_RANGE and ROS_STATIC_PEERS instead.
[peach_observability-12] [WARN] [1790760588.667186877] [rcl]: 'localhost_only' is disabled, 'automatic_discovery_range' and 'static_peers' will be used.
[ros2_control_node-4] [INFO] [1790760588.679467163] [controller_manager]: Loading controller : 'joint_trajectory_controller' of type 'joint_trajectory_controller/JointTrajectoryController'
[ros2_control_node-4] [INFO] [1790760588.679497323] [controller_manager]: Loading controller 'joint_trajectory_controller'
[ros2_control_node-4] [INFO] [1790760588.681891985] [controller_manager]: Controller 'joint_trajectory_controller' node arguments: --ros-args -p use_sim_time:=False --params-file /tmp/launch_params_egd25jod --params-file /home/mu/Desktop/aubo_e5_jazzy_ws/install/aubo_e5_bringup/share/aubo_e5_bringup/config/controllers.yaml 
[spawner-6] [INFO] [1790760588.694016557] [spawner_joint_trajectory_controller]: Loaded joint_trajectory_controller
[ros2_control_node-4] [INFO] [1790760588.695375202] [controller_manager]: Configuring controller: 'joint_trajectory_controller'
[ros2_control_node-4] [INFO] [1790760588.695536562] [joint_trajectory_controller]: No specific joint names are used for command interfaces. Using 'joints' parameter.
[ros2_control_node-4] [INFO] [1790760588.695551953] [joint_trajectory_controller]: Command interfaces are [position] and state interfaces are [position velocity].
[ros2_control_node-4] [INFO] [1790760588.695567552] [joint_trajectory_controller]: Using 'splines' interpolation method.
[ros2_control_node-4] [INFO] [1790760588.698957365] [joint_trajectory_controller]: Action status changes will be monitored at 20.00 Hz.
[ros2_control_node-4] [INFO] [1790760588.701155777] [joint_trajectory_controller]: Setting initial scaling factor to 1.000000
[ros2_control_node-4] [INFO] [1790760588.701196049] [joint_trajectory_controller]: No scaling interface set. This controller will not read speed scaling from the hardware.
[ros2_control_node-4] [INFO] [1790760588.704312175] [controller_manager]: Activating controllers: [ joint_trajectory_controller ]
[ros2_control_node-4] [INFO] [1790760588.708299782] [controller_manager]: Successfully switched controllers!
[spawner-6] [INFO] [1790760588.713719414] [spawner_joint_trajectory_controller]: Configured and activated joint_trajectory_controller
[peach_harvester-10] [INFO] [1790760588.720222218] [peach_scene_perception_node]: YOLO=/home/mu/Desktop/aubo_e5_jazzy_ws/install/peach_harvester/share/peach_harvester/model/best.pt
[peach_harvester-10] [INFO] [1790760588.720389599] [peach_scene_perception_node]: SAM=/home/mu/Desktop/aubo_e5_jazzy_ws/install/peach_harvester/share/peach_harvester/model/mobile_sam.pt
[spawner-5] [INFO] [1790760588.782652039] [spawner_joint_state_broadcaster]: waiting for service /controller_manager/list_controllers to become available...
[INFO] [spawner-6]: process has finished cleanly [pid 1285465]
[peach_observability-12] [WARN] [1790760588.847634253] [peach_observability]: *** 调试操作面已启用：运动类操作=默认拒绝。技能侧既有安全门照常生效；请保持 HTTP 回环绑定 ***
[peach_observability-12] [INFO] [1790760588.850192755] [peach_observability]: 感知抓取过程页（过程监控+单步调试）: http://127.0.0.1:8090
[peach_observability-12] [INFO] [1790760588.851671336] [peach_observability]: 全量录制订阅: /aubo_io_controller/joint_status [aubo_msgs/msg/JointStatus]
[peach_observability-12] [INFO] [1790760588.852057960] [peach_observability]: 全量录制订阅: /aubo_io_controller/robot_status [aubo_msgs/msg/RobotStatus]
[peach_observability-12] [INFO] [1790760588.852408465] [peach_observability]: 全量录制订阅: /camera/color/image_raw [sensor_msgs/msg/Image]
[peach_observability-12] [INFO] [1790760588.852788268] [peach_observability]: 全量录制订阅: /camera/depth/image_raw [sensor_msgs/msg/Image]
[peach_observability-12] [INFO] [1790760588.853195741] [peach_observability]: 全量录制订阅: /diagnostics [diagnostic_msgs/msg/DiagnosticArray]
[peach_observability-12] [INFO] [1790760588.853536067] [peach_observability]: 全量录制订阅: /joint_states [sensor_msgs/msg/JointState]
[peach_observability-12] [INFO] [1790760588.853877450] [peach_observability]: 全量录制订阅: /peach/lifecycle/managed_nodes_activated [std_msgs/msg/Bool]
[peach_observability-12] [INFO] [1790760588.854213431] [peach_observability]: 全量录制订阅: /peach/manipulation/grasp_hypothesis [peach_interfaces/msg/GraspHypothesis]
[peach_observability-12] [INFO] [1790760588.854587630] [peach_observability]: 全量录制订阅: /peach/observability/job [std_msgs/msg/String]
[peach_observability-12] [INFO] [1790760588.854964370] [peach_observability]: 全量录制订阅: /peach/observability/markers [visualization_msgs/msg/MarkerArray]
[peach_observability-12] [INFO] [1790760588.855306844] [peach_observability]: 全量录制订阅: /peach/observability/metrics [std_msgs/msg/String]
[peach_observability-12] [INFO] [1790760588.855633449] [peach_observability]: 全量录制订阅: /peach/observability/selfcheck_passed [std_msgs/msg/Bool]
[peach_observability-12] [INFO] [1790760588.855970648] [peach_observability]: 全量录制订阅: /peach/observability/tcp_path [nav_msgs/msg/Path]
[peach_observability-12] [INFO] [1790760588.856286871] [peach_observability]: 全量录制订阅: /peach/perception/debug_image [sensor_msgs/msg/Image]
[peach_observability-12] [INFO] [1790760588.856601890] [peach_observability]: 全量录制订阅: /peach/perception/debug_image_raw [sensor_msgs/msg/Image]
[peach_observability-12] [INFO] [1790760588.856963090] [peach_observability]: 全量录制订阅: /peach/perception/harvest_state [std_msgs/msg/String]
[peach_observability-12] [INFO] [1790760588.857296751] [peach_observability]: 全量录制订阅: /peach/perception/target_observations [peach_interfaces/msg/PeachTargetObservationArray]
[peach_observability-12] [INFO] [1790760588.857628923] [peach_observability]: 全量录制订阅: /peach/reconstruction/diagnostics [peach_interfaces/msg/ReconstructionStatus]
[peach_observability-12] [INFO] [1790760588.857960672] [peach_observability]: 全量录制订阅: /peach/reconstruction/diagnostics_debug [std_msgs/msg/String]
[peach_observability-12] [INFO] [1790760588.858356507] [peach_observability]: 全量录制订阅: /peach/reconstruction/grasp_decision [peach_interfaces/msg/GraspDecision]
[peach_observability-12] [INFO] [1790760588.858697790] [peach_observability]: 全量录制订阅: /peach/reconstruction/refined_axis [geometry_msgs/msg/Vector3Stamped]
[peach_observability-12] [INFO] [1790760588.859097966] [peach_observability]: 全量录制订阅: /peach/reconstruction/refined_diagnostics [peach_interfaces/msg/BagFittingArray]
[peach_observability-12] [INFO] [1790760588.859473911] [peach_observability]: 全量录制订阅: /peach/reconstruction/refined_pose [peach_interfaces/msg/BagGraspCandidateArray]
[peach_observability-12] [INFO] [1790760588.859805076] [peach_observability]: 全量录制订阅: /peach/reconstruction/status [std_msgs/msg/String]
[peach_observability-12] [INFO] [1790760588.860163138] [peach_observability]: 全量录制订阅: /peach/reconstruction/tsdf_cloud [sensor_msgs/msg/PointCloud2]
[peach_observability-12] [INFO] [1790760588.860488982] [peach_observability]: 全量录制订阅: /peach/vegetation/status [std_msgs/msg/String]
[peach_observability-12] [INFO] [1790760588.860823528] [peach_observability]: 全量录制订阅: /peach_arm/execute_target/_action/feedback [peach_interfaces/action/ExecuteTarget_FeedbackMessage]
[peach_observability-12] [INFO] [1790760588.861143718] [peach_observability]: 全量录制订阅: /peach_arm/execute_target/_action/status [action_msgs/msg/GoalStatusArray]
[peach_observability-12] [INFO] [1790760588.861490418] [peach_observability]: 全量录制订阅: /peach_arm/status [std_msgs/msg/String]
[peach_observability-12] [INFO] [1790760588.861820528] [peach_observability]: 全量录制订阅: /peach_arm/survey_scene/_action/feedback [peach_interfaces/action/SurveyScene_FeedbackMessage]
[peach_observability-12] [INFO] [1790760588.862173406] [peach_observability]: 全量录制订阅: /peach_arm/survey_scene/_action/status [action_msgs/msg/GoalStatusArray]
[peach_observability-12] [INFO] [1790760588.862533855] [peach_observability]: 全量录制订阅: /peach_arm/transition_event [lifecycle_msgs/msg/TransitionEvent]
[peach_observability-12] [INFO] [1790760588.863187993] [peach_observability]: 全量录制订阅: /peach_observability/transition_event [lifecycle_msgs/msg/TransitionEvent]
[peach_observability-12] [INFO] [1790760588.863564303] [peach_observability]: 全量录制订阅: /peach_supervisor/events [peach_interfaces/msg/CanonicalEvent]
[peach_observability-12] [INFO] [1790760588.863905670] [peach_observability]: 全量录制订阅: /peach_supervisor/run_harvest/_action/feedback [peach_interfaces/action/RunHarvest_FeedbackMessage]
[peach_observability-12] [INFO] [1790760588.864234948] [peach_observability]: 全量录制订阅: /peach_supervisor/run_harvest/_action/status [action_msgs/msg/GoalStatusArray]
[peach_observability-12] [INFO] [1790760588.864562695] [peach_observability]: 全量录制订阅: /peach_supervisor/scene_snapshot [peach_interfaces/msg/SceneSnapshot]
[peach_observability-12] [INFO] [1790760588.864883861] [peach_observability]: 全量录制订阅: /peach_supervisor/state [peach_interfaces/msg/HarvestState]
[peach_observability-12] [INFO] [1790760588.865208285] [peach_observability]: 全量录制订阅: /peach_target_reconstruction_node/build_target_model/_action/feedback [peach_interfaces/action/BuildTargetModel_FeedbackMessage]
[peach_observability-12] [INFO] [1790760588.865518852] [peach_observability]: 全量录制订阅: /peach_target_reconstruction_node/build_target_model/_action/status [action_msgs/msg/GoalStatusArray]
[peach_observability-12] [INFO] [1790760588.865858119] [peach_observability]: 全量录制订阅: /robot_description [std_msgs/msg/String]
[peach_observability-12] [INFO] [1790760588.866186556] [peach_observability]: 全量录制订阅: /tf [tf2_msgs/msg/TFMessage]
[peach_observability-12] [INFO] [1790760588.866501672] [peach_observability]: 全量录制订阅: /tf_static [tf2_msgs/msg/TFMessage]
[ERROR] [rviz2-8]: process has died [pid 1285467, exit code -6, cmd '/opt/ros/jazzy/lib/rviz2/rviz2 -d /home/mu/Desktop/aubo_e5_jazzy_ws/install/aubo_e5_moveit_config/share/aubo_e5_moveit_config/rviz/moveit.rviz --ros-args -p use_sim_time:=False --params-file /tmp/launch_params_43mgl0k2'].
[peach_harvester-10] [INFO] [1790760589.785038495] [peach_scene_perception_node]: Subscribed color=/camera/color/image_raw depth=/camera/depth/image_raw info=/camera/color/camera_info slop=0.05s optical=camera_color_optical_frame output=base_link depth_scale_unit=0.25 gravity_mode=tf calib=percipio-640x480-chessboard|hand_eye:import_humble_20260128T114006
[peach_harvester-10] [INFO] [1790760589.785261779] [peach_scene_perception_node]: 目标身份记忆已启用：match_radius=0.06 m, max_targets=50, ema=0.3
[peach_harvester-10] [INFO] [1790760589.796077666] [peach_target_reconstruction_node]: peach_target_reconstruction_node ready: base=base_link color=/camera/color/image_raw depth=/camera/depth/image_raw slop=0.05s depth_scale_unit=0.25 views(min/rec/max)=2/5/24 require_static=True auto_mode=True session_root=/home/mu/Desktop/aubo_e5_jazzy_ws/plans/v1_三末端混合测试/results/runs
[lifecycle_manager-13] [INFO] [1790760589.806658743] [peach_lifecycle_manager]: [34m[1mStarting managed nodes bringup...[0m[0m
[lifecycle_manager-13] [INFO] [1790760589.806708533] [peach_lifecycle_manager]: [34m[1mConfiguring peach_scene_perception_node[0m[0m
[peach_harvester-10] [WARN] [1790760589.827092384] [peach_scene_perception_node]: bond 未生效：缺 ros-jazzy-bondpy（sudo apt install 后重启节点即接入 nav2_lm 心跳监测）
[lifecycle_manager-13] [INFO] [1790760589.829044418] [peach_lifecycle_manager]: [34m[1mConfiguring peach_target_reconstruction_node[0m[0m
[peach_harvester-10] [WARN] [1790760589.846534372] [peach_target_reconstruction_node]: bond 未生效：缺 ros-jazzy-bondpy（sudo apt install 后重启节点即接入 nav2_lm 心跳监测）
[lifecycle_manager-13] [INFO] [1790760589.848033676] [peach_lifecycle_manager]: [34m[1mConfiguring peach_arm[0m[0m
[peach_arm-11] [WARN] [1790760589.848229278] [peach_arm]: scan.protected_zones 丢弃畸形盒: 盒#0 存在 min>=max 的轴（空盒/退化盒），已丢弃
[peach_arm-11] [WARN] [1790760589.867911648] [peach_arm]: scan.protected_zones 丢弃畸形盒: 盒#0 存在 min>=max 的轴（空盒/退化盒），已丢弃
[peach_arm-11] [WARN] [1790760589.868003498] [peach_arm]: scan.protected_zones 丢弃畸形盒: 盒#0 存在 min>=max 的轴（空盒/退化盒），已丢弃
[peach_arm-11] [WARN] [1790760589.869319263] [rcl.logging_rosout]: Publisher already registered for node name: 'peach_arm'. If this is due to multiple nodes with the same name then all logs for the logger named 'peach_arm' will go out over the existing publisher. As soon as any node with that name is destructed it will unregister the publisher, preventing any further logs for that name from being published on the rosout topic.
[peach_arm-11] [INFO] [1790760589.874250144] [peach_arm.moveit.ros.rdf_loader]: Loaded robot model in 0.00183305 seconds
[peach_arm-11] [INFO] [1790760589.874294511] [peach_arm.moveit.core.robot_model]: Loading robot model 'aubo_e5'...
[peach_arm-11] [INFO] [1790760589.874306037] [peach_arm.moveit.core.robot_model]: No root/virtual joint specified in SRDF. Assuming fixed joint
[peach_arm-11] [INFO] [1790760589.894151961] [peach_arm.moveit.kinematics.kdl_kinematics_plugin]: Joint weights for group 'manipulator_e5': 1 1 1 1 1 1
[peach_arm-11] [INFO] [1790760589.902862176] [peach_arm.moveit.ros.move_group_interface]: Ready to take commands for planning group manipulator_e5.
[peach_arm-11] [INFO] [1790760589.903666499] [peach_arm]: 主动视觉靠近节点 ready: group=manipulator_e5 base=base_link tip=tcp camera=camera_depth_optical_frame execution=plan_only grasp=disabled
[peach_arm-11] [INFO] [1790760589.903688184] [peach_arm]: [IDLE] 已配置；activate 后才开放运动输出权限
[lifecycle_manager-13] [INFO] [1790760589.904200631] [peach_lifecycle_manager]: [34m[1mConfiguring peach_supervisor[0m[0m
[peach_harvester-10] [WARN] [1790760589.923228020] [peach_supervisor]: bond 未生效：缺 ros-jazzy-bondpy（sudo apt install 后重启节点即接入 nav2_lm 心跳监测）
[peach_harvester-10] [INFO] [1790760589.925983483] [peach_supervisor]: task executor configured; will not auto-start harvest
[lifecycle_manager-13] [INFO] [1790760589.927145909] [peach_lifecycle_manager]: [34m[1mActivating peach_scene_perception_node[0m[0m
[peach_harvester-10] [WARN] [1790760589.928505098] [peach_scene_perception_node]: bond 未生效：缺 ros-jazzy-bondpy（sudo apt install 后重启节点即接入 nav2_lm 心跳监测）
[peach_harvester-10] [INFO] [1790760589.928646034] [peach_scene_perception_node]: perception Active：开始处理 RGB-D
[lifecycle_manager-13] [INFO] [1790760589.929453904] [peach_lifecycle_manager]: [34m[1mActivating peach_target_reconstruction_node[0m[0m
[peach_harvester-10] [WARN] [1790760589.930993694] [peach_target_reconstruction_node]: bond 未生效：缺 ros-jazzy-bondpy（sudo apt install 后重启节点即接入 nav2_lm 心跳监测）
[peach_harvester-10] [INFO] [1790760589.933168793] [peach_target_reconstruction_node]: reconstruction Active：开始积分
[lifecycle_manager-13] [INFO] [1790760589.933968241] [peach_lifecycle_manager]: [34m[1mActivating peach_arm[0m[0m
[peach_arm-11] [WARN] [1790760589.934287325] [peach_arm]: scan.protected_zones 丢弃畸形盒: 盒#0 存在 min>=max 的轴（空盒/退化盒），已丢弃
[peach_arm-11] [INFO] [1790760589.936455895] [peach_arm]: 节点已激活：运动输出权限开放
[lifecycle_manager-13] [INFO] [1790760589.936895632] [peach_lifecycle_manager]: [34m[1mActivating peach_supervisor[0m[0m
[peach_harvester-10] [WARN] [1790760589.938401384] [peach_supervisor]: bond 未生效：缺 ros-jazzy-bondpy（sudo apt install 后重启节点即接入 nav2_lm 心跳监测）
[lifecycle_manager-13] [INFO] [1790760589.940249636] [peach_lifecycle_manager]: [34m[1mManaged nodes are active[0m[0m
[peach_arm-11] [WARN] [1790760589.942881860] [rcl.logging_rosout]: Publisher already registered for node name: 'peach_arm'. If this is due to multiple nodes with the same name then all logs for the logger named 'peach_arm' will go out over the existing publisher. As soon as any node with that name is destructed it will unregister the publisher, preventing any further logs for that name from being published on the rosout topic.
[peach_lifecycle_flag_bridge-14] [INFO] [1790760589.947912148] [peach_lifecycle_flag_bridge]: 托管栈 Active=True（桥自 nav2_lm is_active）
[peach_arm-11] [WARN] [1790760589.949251139] [rcl.logging_rosout]: Publisher already registered for node name: 'peach_arm'. If this is due to multiple nodes with the same name then all logs for the logger named 'peach_arm' will go out over the existing publisher. As soon as any node with that name is destructed it will unregister the publisher, preventing any further logs for that name from being published on the rosout topic.
[move_group-7] [WARN] [1790760589.957996057] [move_group.moveit.moveit.ros.planning_scene_monitor]: Unable to transform object from frame 'camera_link' to planning frame'world' (Could not find a connection between 'world' and 'camera_link' because they are not part of the same tree.Tf has two or more unconnected trees.)
[peach_arm-11] [INFO] [1790760589.958847049] [peach_arm]: 场景障碍 ACM 豁免已应用: 26 条（含 <octomap> 保留名）
[peach_observability-12] [INFO] [1790760590.881638050] [peach_observability]: 全量录制订阅: /attached_collision_object [moveit_msgs/msg/AttachedCollisionObject]
[peach_observability-12] [INFO] [1790760590.882316692] [peach_observability]: 全量录制订阅: /aubo_io_controller/io_states [aubo_msgs/msg/IOState]
[peach_observability-12] [INFO] [1790760590.885952483] [peach_observability]: 全量录制订阅: /bond [bond/msg/Status]
[peach_observability-12] [INFO] [1790760590.886447537] [peach_observability]: 全量录制订阅: /camera/color/camera_info [sensor_msgs/msg/CameraInfo]
[peach_observability-12] [INFO] [1790760590.886799204] [peach_observability]: 全量录制订阅: /camera/depth/camera_info [sensor_msgs/msg/CameraInfo]
[peach_observability-12] [INFO] [1790760590.887182645] [peach_observability]: 全量录制订阅: /camera/depth_registered/points [sensor_msgs/msg/PointCloud2]
[peach_observability-12] [INFO] [1790760590.888001166] [peach_observability]: 全量录制订阅: /collision_object [moveit_msgs/msg/CollisionObject]
[peach_observability-12] [INFO] [1790760590.889168525] [peach_observability]: 全量录制订阅: /controller_manager/activity [controller_manager_msgs/msg/ControllerManagerActivity]
[peach_observability-12] [INFO] [1790760590.895786300] [peach_observability]: 全量录制订阅: /controller_manager/introspection_data/full [pal_statistics_msgs/msg/Statistics]
[peach_observability-12] [INFO] [1790760590.896475412] [peach_observability]: 全量录制订阅: /controller_manager/introspection_data/names [pal_statistics_msgs/msg/StatisticsNames]
[peach_observability-12] [INFO] [1790760590.896914533] [peach_observability]: 全量录制订阅: /controller_manager/introspection_data/values [pal_statistics_msgs/msg/StatisticsValues]
[peach_observability-12] [INFO] [1790760590.897564305] [peach_observability]: 全量录制订阅: /controller_manager/statistics/full [pal_statistics_msgs/msg/Statistics]
[peach_observability-12] [INFO] [1790760590.898110606] [peach_observability]: 全量录制订阅: /controller_manager/statistics/names [pal_statistics_msgs/msg/StatisticsNames]
[peach_observability-12] [INFO] [1790760590.898629408] [peach_observability]: 全量录制订阅: /controller_manager/statistics/values [pal_statistics_msgs/msg/StatisticsValues]
[peach_observability-12] [INFO] [1790760590.899172191] [peach_observability]: 全量录制订阅: /display_contacts [visualization_msgs/msg/MarkerArray]
[peach_observability-12] [INFO] [1790760590.900150333] [peach_observability]: 全量录制订阅: /display_planned_path [moveit_msgs/msg/DisplayTrajectory]
[peach_observability-12] [INFO] [1790760590.910767530] [peach_observability]: 全量录制订阅: /execute_task_solution/_action/feedback [moveit_task_constructor_msgs/action/ExecuteTaskSolution_FeedbackMessage]
[peach_observability-12] [INFO] [1790760590.911411680] [peach_observability]: 全量录制订阅: /execute_task_solution/_action/status [action_msgs/msg/GoalStatusArray]
[peach_observability-12] [INFO] [1790760590.954346485] [peach_observability]: 全量录制订阅: /execute_trajectory/_action/feedback [moveit_msgs/action/ExecuteTrajectory_FeedbackMessage]
[peach_observability-12] [INFO] [1790760590.955146161] [peach_observability]: 全量录制订阅: /execute_trajectory/_action/status [action_msgs/msg/GoalStatusArray]
[peach_observability-12] [INFO] [1790760590.955578594] [peach_observability]: 全量录制订阅: /imu_follow/insert_progress [std_msgs/msg/Float64]
[peach_observability-12] [INFO] [1790760590.985891424] [peach_observability]: 全量录制订阅: /joint_trajectory_controller/controller_state [control_msgs/msg/JointTrajectoryControllerState]
[peach_observability-12] [INFO] [1790760591.024421533] [peach_observability]: 全量录制订阅: /joint_trajectory_controller/follow_joint_trajectory/_action/feedback [control_msgs/action/FollowJointTrajectory_FeedbackMessage]
[peach_observability-12] [INFO] [1790760591.027571511] [peach_observability]: 全量录制订阅: /joint_trajectory_controller/follow_joint_trajectory/_action/status [action_msgs/msg/GoalStatusArray]
[peach_observability-12] [INFO] [1790760591.029131545] [peach_observability]: 全量录制订阅: /joint_trajectory_controller/joint_trajectory [trajectory_msgs/msg/JointTrajectory]
[peach_observability-12] [INFO] [1790760591.029959512] [peach_observability]: 全量录制订阅: /joint_trajectory_controller/speed_scaling_input [control_msgs/msg/SpeedScalingFactor]
[peach_observability-12] [INFO] [1790760591.030638429] [peach_observability]: 全量录制订阅: /joint_trajectory_controller/transition_event [lifecycle_msgs/msg/TransitionEvent]
[peach_observability-12] [INFO] [1790760591.031609091] [peach_observability]: 全量录制订阅: /monitored_planning_scene [moveit_msgs/msg/PlanningScene]
[peach_observability-12] [INFO] [1790760591.032442266] [peach_observability]: 全量录制订阅: /move_action/_action/feedback [moveit_msgs/action/MoveGroup_FeedbackMessage]
[peach_observability-12] [INFO] [1790760591.032846262] [peach_observability]: 全量录制订阅: /move_action/_action/status [action_msgs/msg/GoalStatusArray]
[peach_observability-12] [INFO] [1790760591.033912168] [peach_observability]: 全量录制订阅: /peach/batch/enables [peach_interfaces/msg/Enables]
[peach_observability-12] [INFO] [1790760591.034557172] [peach_observability]: 全量录制订阅: /peach/perception/axis [geometry_msgs/msg/Vector3Stamped]
[peach_observability-12] [INFO] [1790760591.047417738] [peach_observability]: 全量录制订阅: /peach/perception/detections [vision_msgs/msg/Detection2DArray]
[peach_observability-12] [INFO] [1790760591.048319859] [peach_observability]: 全量录制订阅: /peach/perception/diagnostics [peach_interfaces/msg/BagFittingArray]
[peach_observability-12] [INFO] [1790760591.048979403] [peach_observability]: 全量录制订阅: /peach/perception/initial_pose [peach_interfaces/msg/BagGraspCandidateArray]
[peach_observability-12] [INFO] [1790760591.049624676] [peach_observability]: 全量录制订阅: /peach/perception/markers [visualization_msgs/msg/MarkerArray]
[peach_observability-12] [INFO] [1790760591.050294844] [peach_observability]: 全量录制订阅: /peach/perception/masks [sensor_msgs/msg/Image]
[peach_observability-12] [INFO] [1790760591.050897562] [peach_observability]: 全量录制订阅: /peach/perception/single_cloud [sensor_msgs/msg/PointCloud2]
[peach_observability-12] [INFO] [1790760591.051477436] [peach_observability]: 全量录制订阅: /peach/reconstruction/local_cloud [sensor_msgs/msg/PointCloud2]
[peach_observability-12] [INFO] [1790760591.052095619] [peach_observability]: 全量录制订阅: /peach/reconstruction/markers [visualization_msgs/msg/MarkerArray]
[peach_observability-12] [INFO] [1790760591.052732938] [peach_observability]: 全量录制订阅: /peach/reconstruction/pregrasp_verification [peach_interfaces/msg/PregraspVerification]
[peach_observability-12] [INFO] [1790760591.053411607] [peach_observability]: 全量录制订阅: /peach/reconstruction/shape_hypothesis [peach_interfaces/msg/ShapeHypothesis]
[peach_observability-12] [INFO] [1790760591.054106934] [peach_observability]: 全量录制订阅: /peach/scene/obstacles_refresh [std_msgs/msg/Empty]
[peach_observability-12] [INFO] [1790760591.054828888] [peach_observability]: 全量录制订阅: /peach_arm/move_to/_action/feedback [peach_interfaces/action/MoveTo_FeedbackMessage]
[peach_observability-12] [INFO] [1790760591.055469480] [peach_observability]: 全量录制订阅: /peach_arm/move_to/_action/status [action_msgs/msg/GoalStatusArray]
[peach_observability-12] [INFO] [1790760591.057495235] [peach_observability]: 全量录制订阅: /peach_arm/planned_views [visualization_msgs/msg/MarkerArray]
[peach_observability-12] [INFO] [1790760591.058937864] [peach_observability]: 全量录制订阅: /peach_arm/tool_state [peach_interfaces/msg/ToolState]
[peach_observability-12] [INFO] [1790760591.060616245] [peach_observability]: 全量录制订阅: /peach_scene_perception_node/transition_event [lifecycle_msgs/msg/TransitionEvent]
[peach_observability-12] [INFO] [1790760591.061212551] [peach_observability]: 全量录制订阅: /peach_supervisor/transition_event [lifecycle_msgs/msg/TransitionEvent]
[peach_observability-12] [INFO] [1790760591.061875063] [peach_observability]: 全量录制订阅: /peach_target_reconstruction_node/transition_event [lifecycle_msgs/msg/TransitionEvent]
[peach_observability-12] [INFO] [1790760591.063329650] [peach_observability]: 全量录制订阅: /pipeline_state [moveit_msgs/msg/PipelineState]
[peach_observability-12] [INFO] [1790760591.064047196] [peach_observability]: 全量录制订阅: /planning_scene [moveit_msgs/msg/PlanningScene]
[peach_observability-12] [INFO] [1790760591.065015906] [peach_observability]: 全量录制订阅: /planning_scene_world [moveit_msgs/msg/PlanningSceneWorld]
[peach_observability-12] [INFO] [1790760591.065911832] [peach_observability]: 全量录制订阅: /sequence_move_group/_action/feedback [moveit_msgs/action/MoveGroupSequence_FeedbackMessage]
[peach_observability-12] [INFO] [1790760591.066562413] [peach_observability]: 全量录制订阅: /sequence_move_group/_action/status [action_msgs/msg/GoalStatusArray]
[peach_observability-12] [INFO] [1790760591.067433820] [peach_observability]: 全量录制订阅: /trajectory_execution_event [std_msgs/msg/String]
[stereo_camera_node-1] [INFO] [1790760591.371909544] [camera.peach_stereo_camera_node]: iface eth-fc:9d:05:6c:6f:a00b0afea9: 1 device(s)
[stereo_camera_node-1] [INFO] [1790760591.371959962] [camera.peach_stereo_camera_node]:   dev 207000152740 model PS800-E1 ip 169.254.10.110
[stereo_camera_node-1] [INFO] [1790760591.506356957] [camera.peach_stereo_camera_node]: open device 207000152740: status=0
[stereo_camera_node-1] [INFO] [1790760591.577899568] [camera.peach_stereo_camera_node]: rectify: R1=2.65deg f=548.9px B=62.2mm proc=640x480 numDisp=128 med=3 mode=3 tk=3
[stereo_camera_node-1] [INFO] [1790760591.579014218] [camera.peach_stereo_camera_node]: color mode set: yuyv 640x480
[peach_harvester-10] [INFO] [1790760592.003415778] [peach_scene_perception_node]: CameraInfo K fx=466.175 fy=465.557 cx=326.071 cy=244.789 640x480
[ros2_control_node-4] [INFO] [1790760592.117499660] [controller_manager]: Loading controller : 'joint_state_broadcaster' of type 'joint_state_broadcaster/JointStateBroadcaster'
[ros2_control_node-4] [INFO] [1790760592.117550220] [controller_manager]: Loading controller 'joint_state_broadcaster'
[ros2_control_node-4] [INFO] [1790760592.118792031] [controller_manager]: Controller 'joint_state_broadcaster' node arguments: --ros-args -p use_sim_time:=False --params-file /tmp/launch_params_egd25jod --params-file /home/mu/Desktop/aubo_e5_jazzy_ws/install/aubo_e5_bringup/share/aubo_e5_bringup/config/controllers.yaml 
[spawner-5] [INFO] [1790760592.134860229] [spawner_joint_state_broadcaster]: Loaded joint_state_broadcaster
[ros2_control_node-4] [INFO] [1790760592.136090573] [controller_manager]: Configuring controller: 'joint_state_broadcaster'
[ros2_control_node-4] [INFO] [1790760592.136136831] [joint_state_broadcaster]: 'joints' or 'interfaces' parameter is empty. All available state interfaces will be published
[ros2_control_node-4] [INFO] [1790760592.144861603] [controller_manager]: Activating controllers: [ joint_state_broadcaster ]
[ros2_control_node-4] [INFO] [1790760592.148308352] [controller_manager]: Successfully switched controllers!
[spawner-5] [INFO] [1790760592.155171212] [spawner_joint_state_broadcaster]: Configured and activated joint_state_broadcaster
[INFO] [spawner-5]: process has finished cleanly [pid 1285464]
[peach_harvester-10] [WARN] [1790760592.522390077] [peach_scene_perception_node]: TF base_link←camera_color_optical_frame 按 stamp 失败，已用最新 TF（确认 extrinsics_publisher 已启动）
[peach_observability-12] [INFO] [1790760592.870028271] [peach_observability]: 全量录制订阅: /dynamic_joint_states [control_msgs/msg/DynamicJointState]
[peach_observability-12] [INFO] [1790760592.870831770] [peach_observability]: 全量录制订阅: /joint_state_broadcaster/transition_event [lifecycle_msgs/msg/TransitionEvent]
[peach_harvester-10] /home/mu/Desktop/aubo_e5_jazzy_ws/aubo_py3.12/lib/python3.12/site-packages/matplotlib/projections/__init__.py:63: UserWarning: Unable to import Axes3D. This may be due to multiple versions of Matplotlib being installed (e.g. as a system package and as a pip package). As a result, the 3D projection is not available.
[peach_harvester-10]   warnings.warn("Unable to import Axes3D. This may be due to multiple versions of "
[peach_arm-11] [INFO] [1790760593.054244110] [peach_arm]: 场景障碍 ACM 豁免已应用: 26 条（含 <octomap> 保留名）
[extrinsics_publisher-9] [WARN] [1790760593.632218872] [hand_eye_extrinsics_publisher]: diagnostic_updater: No HW_ID was set. This is probably                a bug. Please report it. For devices that do not have a                HW_ID, set this value to none. This warning only occurs                once all diagnostics are OK so it is okay to wait until                the device is open before calling setHardwareID.
[peach_arm-11] [INFO] [1790760596.074492220] [peach_arm]: 场景障碍 ACM 豁免已应用: 26 条（含 <octomap> 保留名）
[peach_harvester-10] [INFO] [1790760597.607878430] [peach_scene_perception_node]: 目标注册表在册 0 个目标（累计注册 0、累计命中 0）
[peach_harvester-10] [WARN] [1790760597.610822295] [peach_scene_perception_node]: 感知 worker 满队丢帧累计 75（处理跟不上到达率，排查热路径耗时或降低到达率）
[peach_harvester-10] [INFO] [1790760597.780810485] [peach_scene_perception_node]: peach_harvester.vision.scene_perception.identity: 目标注册 累计 1 次（最近: target_0 cls=0 累计表规模 1）
[peach_harvester-10] [WARN] [1790760597.789712775] [peach_scene_perception_node]: 感知 worker 满队丢帧累计 77（处理跟不上到达率，排查热路径耗时或降低到达率）
[peach_harvester-10] [WARN] [1790760597.950395419] [peach_scene_perception_node]: 感知 worker 满队丢帧累计 78（处理跟不上到达率，排查热路径耗时或降低到达率）
[peach_harvester-10] [WARN] [1790760598.075392551] [peach_scene_perception_node]: 感知 worker 满队丢帧累计 79（处理跟不上到达率，排查热路径耗时或降低到达率）
[peach_harvester-10] [WARN] [1790760598.217318824] [peach_scene_perception_node]: 感知 worker 满队丢帧累计 80（处理跟不上到达率，排查热路径耗时或降低到达率）
[peach_harvester-10] [WARN] [1790760598.362009726] [peach_scene_perception_node]: 感知 worker 满队丢帧累计 81（处理跟不上到达率，排查热路径耗时或降低到达率）
[peach_harvester-10] [WARN] [1790760598.522853418] [peach_scene_perception_node]: 感知 worker 满队丢帧累计 82（处理跟不上到达率，排查热路径耗时或降低到达率）
[peach_harvester-10] [WARN] [1790760598.692387983] [peach_scene_perception_node]: 感知 worker 满队丢帧累计 83（处理跟不上到达率，排查热路径耗时或降低到达率）
[peach_harvester-10] [WARN] [1790760598.833009890] [peach_scene_perception_node]: peach_harvester.vision.scene_perception.pose_pipelines: 位姿拟合拒绝 累计 1 次（最近: bag target_2: bag_axis_too_short）
[peach_harvester-10] [WARN] [1790760598.853487694] [peach_scene_perception_node]: 感知 worker 满队丢帧累计 84（处理跟不上到达率，排查热路径耗时或降低到达率）
[peach_observability-12] [WARN] [1790760598.858821784] [peach_observability]: 自检[initial] 12/18 通过，失败: camera_color_rate, camera_depth_rate，跳过: robot_status, imu_topic, model_files, vegetation_status
[peach_harvester-10] [WARN] [1790760599.017766126] [peach_scene_perception_node]: 感知 worker 满队丢帧累计 86（处理跟不上到达率，排查热路径耗时或降低到达率）
[peach_harvester-10] [WARN] [1790760599.188624105] [peach_scene_perception_node]: 感知 worker 满队丢帧累计 87（处理跟不上到达率，排查热路径耗时或降低到达率）
[stereo_camera_node-1] [INFO] [1790760599.217982660] [camera.peach_stereo_camera_node]: groups=100 published=100 rate=13.5 gps drop(stream=0 incomplete=0 nostamp=0 depth=0)
[peach_harvester-10] [WARN] [1790760599.370642143] [peach_scene_perception_node]: 感知 worker 满队丢帧累计 88（处理跟不上到达率，排查热路径耗时或降低到达率）
[peach_harvester-10] [WARN] [1790760599.487854001] [peach_scene_perception_node]: 感知 worker 满队丢帧累计 89（处理跟不上到达率，排查热路径耗时或降低到达率）
[peach_harvester-10] [WARN] [1790760599.617897048] [peach_scene_perception_node]: 感知 worker 满队丢帧累计 90（处理跟不上到达率，排查热路径耗时或降低到达率）
[peach_harvester-10] [WARN] [1790760599.788118912] [peach_scene_perception_node]: 感知 worker 满队丢帧累计 91（处理跟不上到达率，排查热路径耗时或降低到达率）
[peach_harvester-10] [WARN] [1790760599.935418132] [peach_scene_perception_node]: 感知 worker 满队丢帧累计 92（处理跟不上到达率，排查热路径耗时或降低到达率）
[peach_harvester-10] [WARN] [1790760600.073412821] [peach_scene_perception_node]: 感知 worker 满队丢帧累计 93（处理跟不上到达率，排查热路径耗时或降低到达率）
[peach_harvester-10] [WARN] [1790760600.217453873] [peach_scene_perception_node]: 感知 worker 满队丢帧累计 94（处理跟不上到达率，排查热路径耗时或降低到达率）
[peach_harvester-10] [WARN] [1790760600.353922115] [peach_scene_perception_node]: 感知 worker 满队丢帧累计 95（处理跟不上到达率，排查热路径耗时或降低到达率）
[peach_harvester-10] [WARN] [1790760600.703626979] [peach_scene_perception_node]: 感知 worker 满队丢帧累计 98（处理跟不上到达率，排查热路径耗时或降低到达率）
[peach_harvester-10] [WARN] [1790760600.892780855] [peach_scene_perception_node]: 感知 worker 满队丢帧累计 99（处理跟不上到达率，排查热路径耗时或降低到达率）
[peach_harvester-10] [WARN] [1790760601.013568744] [peach_scene_perception_node]: 感知 worker 满队丢帧累计 100（处理跟不上到达率，排查热路径耗时或降低到达率）
[peach_harvester-10] [WARN] [1790760601.347736287] [peach_scene_perception_node]: 感知 worker 满队丢帧累计 103（处理跟不上到达率，排查热路径耗时或降低到达率）
[peach_harvester-10] [WARN] [1790760601.504884814] [peach_scene_perception_node]: 感知 worker 满队丢帧累计 104（处理跟不上到达率，排查热路径耗时或降低到达率）
[peach_harvester-10] [WARN] [1790760601.660443258] [peach_scene_perception_node]: 感知 worker 满队丢帧累计 105（处理跟不上到达率，排查热路径耗时或降低到达率）
[peach_harvester-10] [WARN] [1790760601.803273768] [peach_scene_perception_node]: 感知 worker 满队丢帧累计 106（处理跟不上到达率，排查热路径耗时或降低到达率）
[peach_harvester-10] [WARN] [1790760601.971912020] [peach_scene_perception_node]: 感知 worker 满队丢帧累计 107（处理跟不上到达率，排查热路径耗时或降低到达率）
[peach_harvester-10] [WARN] [1790760602.317635133] [peach_scene_perception_node]: 感知 worker 满队丢帧累计 110（处理跟不上到达率，排查热路径耗时或降低到达率）
[peach_harvester-10] [WARN] [1790760602.482904135] [peach_scene_perception_node]: 感知 worker 满队丢帧累计 111（处理跟不上到达率，排查热路径耗时或降低到达率）
[peach_harvester-10] [WARN] [1790760602.646987585] [peach_scene_perception_node]: 感知 worker 满队丢帧累计 113（处理跟不上到达率，排查热路径耗时或降低到达率）
[peach_harvester-10] [WARN] [1790760602.898419127] [peach_scene_perception_node]: 感知 worker 满队丢帧累计 114（处理跟不上到达率，排查热路径耗时或降低到达率）
[peach_harvester-10] [WARN] [1790760603.056963099] [peach_scene_perception_node]: 感知 worker 满队丢帧累计 115（处理跟不上到达率，排查热路径耗时或降低到达率）
[peach_harvester-10] [WARN] [1790760603.181608964] [peach_scene_perception_node]: 感知 worker 满队丢帧累计 116（处理跟不上到达率，排查热路径耗时或降低到达率）
[peach_harvester-10] [WARN] [1790760603.306896860] [peach_scene_perception_node]: 感知 worker 满队丢帧累计 117（处理跟不上到达率，排查热路径耗时或降低到达率）
[peach_harvester-10] [WARN] [1790760603.473893954] [peach_scene_perception_node]: 感知 worker 满队丢帧累计 118（处理跟不上到达率，排查热路径耗时或降低到达率）
[peach_harvester-10] [WARN] [1790760603.606615225] [peach_scene_perception_node]: 感知 worker 满队丢帧累计 119（处理跟不上到达率，排查热路径耗时或降低到达率）
[peach_harvester-10] [WARN] [1790760603.753506354] [peach_scene_perception_node]: 感知 worker 满队丢帧累计 120（处理跟不上到达率，排查热路径耗时或降低到达率）
[peach_harvester-10] [WARN] [1790760603.911543464] [peach_scene_perception_node]: 感知 worker 满队丢帧累计 121（处理跟不上到达率，排查热路径耗时或降低到达率）
[peach_harvester-10] [WARN] [1790760604.052980285] [peach_scene_perception_node]: 感知 worker 满队丢帧累计 122（处理跟不上到达率，排查热路径耗时或降低到达率）
[peach_harvester-10] [WARN] [1790760604.175276203] [peach_scene_perception_node]: 感知 worker 满队丢帧累计 123（处理跟不上到达率，排查热路径耗时或降低到达率）
[peach_harvester-10] [WARN] [1790760604.327091821] [peach_scene_perception_node]: 感知 worker 满队丢帧累计 124（处理跟不上到达率，排查热路径耗时或降低到达率）
[peach_harvester-10] [WARN] [1790760604.607080276] [peach_scene_perception_node]: 感知 worker 满队丢帧累计 125（处理跟不上到达率，排查热路径耗时或降低到达率）
[peach_harvester-10] [WARN] [1790760604.726494284] [peach_scene_perception_node]: 感知 worker 满队丢帧累计 126（处理跟不上到达率，排查热路径耗时或降低到达率）
[peach_harvester-10] [WARN] [1790760605.016306165] [peach_scene_perception_node]: 感知 worker 满队丢帧累计 128（处理跟不上到达率，排查热路径耗时或降低到达率）
[peach_harvester-10] [WARN] [1790760605.286824864] [peach_scene_perception_node]: 感知 worker 满队丢帧累计 130（处理跟不上到达率，排查热路径耗时或降低到达率）
[peach_harvester-10] [WARN] [1790760605.458072907] [peach_scene_perception_node]: 感知 worker 满队丢帧累计 131（处理跟不上到达率，排查热路径耗时或降低到达率）
[peach_harvester-10] [WARN] [1790760605.763579950] [peach_scene_perception_node]: 感知 worker 满队丢帧累计 133（处理跟不上到达率，排查热路径耗时或降低到达率）
[peach_harvester-10] [WARN] [1790760605.906071781] [peach_scene_perception_node]: 感知 worker 满队丢帧累计 134（处理跟不上到达率，排查热路径耗时或降低到达率）
[peach_harvester-10] [WARN] [1790760606.051202145] [peach_scene_perception_node]: 感知 worker 满队丢帧累计 135（处理跟不上到达率，排查热路径耗时或降低到达率）
[peach_harvester-10] [WARN] [1790760606.203272739] [peach_scene_perception_node]: 感知 worker 满队丢帧累计 136（处理跟不上到达率，排查热路径耗时或降低到达率）
[peach_harvester-10] [WARN] [1790760606.366036834] [peach_scene_perception_node]: 感知 worker 满队丢帧累计 137（处理跟不上到达率，排查热路径耗时或降低到达率）
[peach_harvester-10] [WARN] [1790760606.518369620] [peach_scene_perception_node]: 感知 worker 满队丢帧累计 138（处理跟不上到达率，排查热路径耗时或降低到达率）
[stereo_camera_node-1] [INFO] [1790760606.521194101] [camera.peach_stereo_camera_node]: groups=200 published=200 rate=13.6 gps drop(stream=0 incomplete=0 nostamp=0 depth=0)
[peach_harvester-10] [WARN] [1790760606.666688289] [peach_scene_perception_node]: 感知 worker 满队丢帧累计 139（处理跟不上到达率，排查热路径耗时或降低到达率）
[peach_harvester-10] [WARN] [1790760606.856628482] [peach_scene_perception_node]: 感知 worker 满队丢帧累计 141（处理跟不上到达率，排查热路径耗时或降低到达率）
[peach_harvester-10] [WARN] [1790760607.198811508] [peach_scene_perception_node]: 感知 worker 满队丢帧累计 143（处理跟不上到达率，排查热路径耗时或降低到达率）
[peach_harvester-10] [WARN] [1790760607.368916830] [peach_scene_perception_node]: 感知 worker 满队丢帧累计 145（处理跟不上到达率，排查热路径耗时或降低到达率）
[peach_harvester-10] [WARN] [1790760607.520423444] [peach_scene_perception_node]: 感知 worker 满队丢帧累计 146（处理跟不上到达率，排查热路径耗时或降低到达率）
[peach_harvester-10] [INFO] [1790760607.678396196] [peach_scene_perception_node]: 目标注册表在册 1 个目标（累计注册 1、累计命中 65）
[peach_harvester-10] [WARN] [1790760607.685893167] [peach_scene_perception_node]: 感知 worker 满队丢帧累计 147（处理跟不上到达率，排查热路径耗时或降低到达率）
[peach_harvester-10] [WARN] [1790760607.852313843] [peach_scene_perception_node]: 感知 worker 满队丢帧累计 149（处理跟不上到达率，排查热路径耗时或降低到达率）
[peach_harvester-10] [WARN] [1790760607.997197728] [peach_scene_perception_node]: 感知 worker 满队丢帧累计 150（处理跟不上到达率，���查热路径耗时或降低到达率）
[peach_harvester-10] [WARN] [1790760608.162563031] [peach_scene_perception_node]: 感知 worker 满队丢帧累计 151（处理跟不上到达率，排查热路径耗时或降低到达率）
[peach_harvester-10] [WARN] [1790760608.305765286] [peach_scene_perception_node]: 感知 worker 满队丢帧累计 152（处理跟不上到达率，排查热路径耗时或降低到达率）
[peach_harvester-10] [WARN] [1790760608.435514483] [peach_scene_perception_node]: 感知 worker 满队丢帧累计 153（处理跟不上到达率，���查热路径耗时或降低到达率）
[peach_harvester-10] [WARN] [1790760608.593177108] [peach_scene_perception_node]: 感知 worker 满队丢帧累计 154（处理跟不上到达率，排查热路径耗时或降低到达率）
[peach_harvester-10] [WARN] [1790760608.756789748] [peach_scene_perception_node]: 感知 worker 满队丢帧累计 155（处理跟不上到达率，排查热路径耗时或降低到达率）
[peach_harvester-10] [WARN] [1790760608.915694721] [peach_scene_perception_node]: 感知 worker 满队丢帧累计 157（处理跟不上到达率，排查热路径耗时或降低到达率）
[peach_harvester-10] [WARN] [1790760609.107765731] [peach_scene_perception_node]: 感知 worker 满队丢帧累计 158（处理跟不上到达率，排查热路径耗时或降低到达率）
[peach_harvester-10] [WARN] [1790760609.287462722] [peach_scene_perception_node]: 感知 worker 满队丢帧累计 160（处理跟不上到达率，排查热路径耗时或降低到达率）
[peach_harvester-10] [WARN] [1790760609.462899837] [peach_scene_perception_node]: 感知 worker 满队丢帧累计 161（处理跟不上到达率，排查热路径耗时或降低到达率）
[peach_harvester-10] [WARN] [1790760609.620792666] [peach_scene_perception_node]: 感知 worker 满队丢帧累计 162（处理跟不上到达率，排查热路径耗时或降低到达率）
[peach_harvester-10] [WARN] [1790760609.792585846] [peach_scene_perception_node]: 感知 worker 满队丢帧累计 164（处理跟不上到达率，排查热路径耗时或降低到达率）
[peach_harvester-10] [WARN] [1790760609.949062541] [peach_scene_perception_node]: 感知 worker 满队丢帧累计 165（处理跟不上到达率，排查热路径耗时或降低到达率）
[peach_harvester-10] [WARN] [1790760610.553628503] [peach_scene_perception_node]: 感知 worker 满队丢帧累计 166（处理跟不上到达率，排查热路径耗时或降低到达率）
[peach_harvester-10] [WARN] [1790760610.706280570] [peach_scene_perception_node]: 感知 worker 满队丢帧累计 167（处理跟不上到达率，排查热路径耗时或降低到达率）
[peach_harvester-10] [WARN] [1790760610.838154381] [peach_scene_perception_node]: 感知 worker 满队丢帧累计 168（处理跟不上到达率，排查热路径耗时或降低到达率）
[peach_harvester-10] [WARN] [1790760610.979120646] [peach_scene_perception_node]: 感知 worker 满队丢帧累计 169（处理跟不上到达率，排查热路径耗时或降低到达率）
[peach_harvester-10] [WARN] [1790760611.148291415] [peach_scene_perception_node]: 感知 worker 满队丢帧累计 170（处理跟不上到达率，排查热路径耗时或降低到达率）
[peach_harvester-10] [WARN] [1790760611.311539564] [peach_scene_perception_node]: 感知 worker 满队丢帧累计 171（处理跟不上到达率，排查热路径耗时或降低到达率）
[peach_harvester-10] [WARN] [1790760611.477151752] [peach_scene_perception_node]: 感知 worker 满队丢帧累计 173（处理跟不上到达率，排查热路径耗时或降低到达率）
[peach_harvester-10] [WARN] [1790760611.643246254] [peach_scene_perception_node]: 感知 worker 满队丢帧累计 174（处理跟不上到达率，排查热路径耗时或降低到达率）
[peach_harvester-10] [WARN] [1790760611.963149388] [peach_scene_perception_node]: 感知 worker 满队丢帧累计 176（处理跟不上到达率，排查热路径耗时或降低到达率）
[peach_harvester-10] [WARN] [1790760612.120962818] [peach_scene_perception_node]: 感知 worker 满队丢帧累计 177（处理跟不上到达率，排查热路径耗时或降低到达率）
[peach_harvester-10] [WARN] [1790760612.312861917] [peach_scene_perception_node]: 感知 worker 满队丢帧累计 179（处理跟不上到达率，排查热路径耗时或降低到达率）
[peach_harvester-10] [WARN] [1790760612.438159894] [peach_scene_perception_node]: 感知 worker 满队丢帧累计 180（处理跟不上到达率，排查热路径耗时或降低到达率）
[peach_harvester-10] [WARN] [1790760612.641571772] [peach_scene_perception_node]: 感知 worker 满队丢帧累计 182（处理跟不上到达率，排查热路径耗时或降低到达率）
[peach_harvester-10] [WARN] [1790760612.792139231] [peach_scene_perception_node]: 感知 worker 满队丢帧累计 183（处理跟不上到达率，排查热路径耗时或降低到达率）
[peach_harvester-10] [WARN] [1790760613.074682207] [peach_scene_perception_node]: 感知 worker 满队丢帧累计 185（处理跟不上到达率，排查热路径耗时或降低到达率）
[peach_harvester-10] [WARN] [1790760613.513567464] [peach_scene_perception_node]: 感知 worker 满队丢帧累计 188（处理跟不上到达率，排查热路径耗时或降低到达率）
[peach_harvester-10] [WARN] [1790760613.668518606] [peach_scene_perception_node]: 感知 worker 满队丢帧累计 189（处理跟不上到达率，排查热路径耗时或降低到达率）
[peach_harvester-10] [WARN] [1790760613.831657375] [peach_scene_perception_node]: 感知 worker 满队丢帧累计 190（处理跟不上到达率，排查热路径耗时或降低到达率）
[peach_harvester-10] [WARN] [1790760613.957007411] [peach_scene_perception_node]: 感知 worker 满队丢帧累计 191（处理跟不上到达率，排查热路径耗时或降低到达率）
[stereo_camera_node-1] [INFO] [1790760614.062170423] [camera.peach_stereo_camera_node]: groups=300 published=300 rate=13.5 gps drop(stream=0 incomplete=0 nostamp=0 depth=0)
[peach_harvester-10] [WARN] [1790760614.087525478] [peach_scene_perception_node]: 感知 worker 满队丢帧累计 192（处理跟不上到达率，排查热路径耗时或降低到达率）
[peach_harvester-10] [WARN] [1790760614.353532846] [peach_scene_perception_node]: 感知 worker 满队丢帧累计 193（处理跟不上到达率，排查热路径耗时或降低到达率）
[peach_harvester-10] [WARN] [1790760614.502683431] [peach_scene_perception_node]: 感知 worker 满队丢帧累计 194（处理跟不上到达率，排查热路径耗时或降低到达率）
[peach_harvester-10] [WARN] [1790760614.639862565] [peach_scene_perception_node]: 感知 worker 满队丢帧累计 195（处理跟不上到达率，排查热路径耗时或降低到达率）
[peach_harvester-10] [WARN] [1790760614.781098943] [peach_scene_perception_node]: 感知 worker 满队丢帧累计 196（处理跟不上到达率，排查热路径耗时或降低到达率）
[peach_harvester-10] [WARN] [1790760614.920445893] [peach_scene_perception_node]: 感知 worker 满队丢帧累计 197（处理跟不上到达率，排查热路径耗时或降低到达率）
[peach_harvester-10] [WARN] [1790760615.067509097] [peach_scene_perception_node]: 感知 worker 满队丢帧累计 198（处理跟不上到达率，排查热路径耗时或降低到达率）
[peach_harvester-10] [WARN] [1790760615.218252948] [peach_scene_perception_node]: 感知 worker 满队丢帧累计 199（处理跟不上到达率，排查热路径耗时或降低到达率）
[peach_harvester-10] [WARN] [1790760615.372379674] [peach_scene_perception_node]: 感知 worker 满队丢帧累计 201（处理跟不上到达率，排查热路径耗时或降低到达率）
[peach_harvester-10] [WARN] [1790760615.729950314] [peach_scene_perception_node]: 感知 worker 满队丢帧累计 202（处理跟不上到达率，排查热路径耗时或降低到达率）
[peach_harvester-10] [WARN] [1790760615.880120369] [peach_scene_perception_node]: 感知 worker 满队丢帧累计 204（处理跟不上到达率，排查热路径耗时或降低到达率）
[peach_harvester-10] [WARN] [1790760615.974583959] [peach_scene_perception_node]: 感知 worker 满队丢帧累计 205（处理跟不上到达率，排查热路径耗时或降低到达率）
[peach_harvester-10] [WARN] [1790760616.292546130] [peach_scene_perception_node]: 感知 worker 满队丢帧累计 206（处理跟不上到达率，排查热路径耗时或降低到达率）
[peach_harvester-10] [WARN] [1790760616.468374522] [peach_scene_perception_node]: 感知 worker 满队丢帧累计 208（处理跟不上到达率，���查热路径耗时或降低到达率）
[peach_harvester-10] [WARN] [1790760616.729000970] [peach_scene_perception_node]: 感知 worker 满队丢帧累计 209（处理跟不上到达率，排查热路径耗时或降低到达率）
[peach_harvester-10] [WARN] [1790760616.866638487] [peach_scene_perception_node]: 感知 worker 满队丢帧累计 210（处理跟不上到达率，排查热路径耗时或降低到达率）
[peach_harvester-10] [WARN] [1790760616.991499104] [peach_scene_perception_node]: 感知 worker 满队丢帧累计 211（处理跟不上到达率，排查热路径耗时或降低到达率）
[peach_harvester-10] [WARN] [1790760617.160326427] [peach_scene_perception_node]: 感知 worker 满队丢帧累计 212（处理跟不上到达率，排查热路径耗时或降低到达率）
[peach_harvester-10] [WARN] [1790760617.316219976] [peach_scene_perception_node]: 感知 worker 满队丢帧累计 213（处理跟不上到达率，排查热路径耗时或降低到达率）
[peach_harvester-10] [WARN] [1790760617.491938796] [peach_scene_perception_node]: 感知 worker 满队丢帧累计 215（处理跟不上到达率，排查热路径耗时或降低到达率）
[peach_harvester-10] [INFO] [1790760617.776746188] [peach_scene_perception_node]: 目标注册表在册 1 个目标（累计注册 1、累计命中 131）
[peach_harvester-10] [WARN] [1790760617.782546200] [peach_scene_perception_node]: 感知 worker 满队丢帧累计 216（处理跟不上到达率，排查热路径耗时或降低到达率）
[peach_harvester-10] [WARN] [1790760617.937314238] [peach_scene_perception_node]: 感知 worker 满队丢帧累计 218（处理跟不上到达率，排查热路径耗时或降低到达率）
[peach_harvester-10] [WARN] [1790760618.227246795] [peach_scene_perception_node]: 感知 worker 满队丢帧累计 220（处理跟不上到达率，排查热路径耗时或降低到达率）
[peach_harvester-10] [WARN] [1790760618.513184440] [peach_scene_perception_node]: 感知 worker 满队丢帧累计 221（处理跟不上到达率，���查热路径耗时或降低到达率）
[peach_harvester-10] [WARN] [1790760618.672533689] [peach_scene_perception_node]: 感知 worker 满队丢帧累计 222（处理跟不上到达率，排查热路径耗时或降低到达率）
[peach_harvester-10] [WARN] [1790760618.852842957] [peach_scene_perception_node]: 感知 worker 满队丢帧累计 224（处理跟不上到达率，���查热路径耗时或降低到达率）
[peach_observability-12] [WARN] [1790760618.857843122] [peach_observability]: 自检[periodic] 12/18 通过，失败: camera_color_rate, camera_depth_rate，跳过: robot_status, imu_topic, model_files, vegetation_status
[peach_harvester-10] [WARN] [1790760619.022367766] [peach_scene_perception_node]: 感知 worker 满队丢帧累计 225（处理跟不上到达率，排查热路径耗时或降低到达率）
[peach_harvester-10] [WARN] [1790760619.194976041] [peach_scene_perception_node]: 感知 worker 满队丢帧累计 227（处理跟不上到达率，排查热路径耗时或降低到达率）
[peach_harvester-10] [WARN] [1790760619.340812526] [peach_scene_perception_node]: 感知 worker 满队丢帧累计 228（处理跟不上到达率，排查热路径耗时或降低到达率）
[peach_harvester-10] [WARN] [1790760619.469176324] [peach_scene_perception_node]: 感知 worker 满队丢帧累计 229（处理跟不上到达率，排查热路径耗时或降低到达率）
[peach_harvester-10] [WARN] [1790760619.810909185] [peach_scene_perception_node]: 感知 worker 满队丢帧累计 231（处理跟不上到达率，排查热路径耗时或降低到达率）
[peach_harvester-10] [WARN] [1790760619.953168290] [peach_scene_perception_node]: 感知 worker 满队丢帧累计 232（处理跟不上到达率，排查热路径耗时或降低到达率）
[peach_harvester-10] [WARN] [1790760620.257374316] [peach_scene_perception_node]: 感知 worker 满队丢帧累计 234（处理跟不上到达率，排查热路径耗时或降低到达率）
[peach_harvester-10] [WARN] [1790760620.403729420] [peach_scene_perception_node]: 感知 worker 满队丢帧累计 235（处理跟不上到达率，排查热路径耗时或降低到达率）
[peach_harvester-10] [WARN] [1790760620.520732908] [peach_scene_perception_node]: 感知 worker 满队丢帧累计 236（处理跟不上到达率，排查热路径耗时或降低到达率）
[peach_harvester-10] [WARN] [1790760620.716092385] [peach_scene_perception_node]: 感知 worker 满队丢帧累计 237（处理跟不上到达率，排查热路径耗时或降低到达率）
[peach_harvester-10] [WARN] [1790760620.898042582] [peach_scene_perception_node]: 感知 worker 满队丢帧累计 239（处理跟不上到达率，排查热路径耗时或降低到达率）
[peach_harvester-10] [WARN] [1790760621.048458653] [peach_scene_perception_node]: 感知 worker 满队丢帧累计 240（处理跟不上到达率，排查热路径耗时或降低到达率）
[peach_harvester-10] [WARN] [1790760621.197730587] [peach_scene_perception_node]: 感知 worker 满队丢帧累计 241（处理跟不上到达率，排查热路径耗时或降低到达率）
[stereo_camera_node-1] [INFO] [1790760621.342058678] [camera.peach_stereo_camera_node]: groups=400 published=400 rate=13.6 gps drop(stream=0 incomplete=0 nostamp=0 depth=0)
[peach_harvester-10] [WARN] [1790760621.356537395] [peach_scene_perception_node]: 感知 worker 满队丢帧累计 242（处理跟不上到达率，排查热路径耗时或降低到达率）
[peach_harvester-10] [WARN] [1790760621.525149240] [peach_scene_perception_node]: 感知 worker 满队丢帧累计 244（处理跟不上到达率，排查热路径耗时或降低到达率）
[peach_harvester-10] [WARN] [1790760621.673787328] [peach_scene_perception_node]: 感知 worker 满队丢帧累计 245（处理跟不上到达率，排查热路径耗时或降低到达率）
[peach_harvester-10] [WARN] [1790760621.977554786] [peach_scene_perception_node]: 感知 worker 满队丢帧累计 247（处理跟不上到达率，排查热路径耗时或降低到达率）
[peach_harvester-10] [WARN] [1790760622.118774058] [peach_scene_perception_node]: 感知 worker 满队丢帧累计 248（处理跟不上到达率，排查热路径耗时或降低到达率）
[peach_harvester-10] [WARN] [1790760622.272834307] [peach_scene_perception_node]: 感知 worker 满队丢帧累计 249（处理跟不上到达率，排查热路径耗时或降低到达率）
[peach_harvester-10] [WARN] [1790760622.432888084] [peach_scene_perception_node]: 感知 worker 满队丢帧累计 250（处理跟不上到达率，排查热路径耗时或降低到达率）
[peach_harvester-10] [WARN] [1790760622.585641477] [peach_scene_perception_node]: 感知 worker 满队丢帧累计 251（处理跟不上到达率，排查热路径耗时或降低到达率）
[peach_harvester-10] [WARN] [1790760622.958502383] [peach_scene_perception_node]: 感知 worker 满队丢帧累计 254（处理跟不上到达率，排查热路径耗时或降低到达率）
[peach_harvester-10] [WARN] [1790760623.147058003] [peach_scene_perception_node]: 感知 worker 满队丢帧累计 256（处理跟不上到达率，排查热路径耗时或降低到达率）
[peach_harvester-10] [WARN] [1790760623.307394367] [peach_scene_perception_node]: 感知 worker 满队丢帧累计 257（处理跟不上到达率，排查热路径耗时或降低到达率）
[peach_harvester-10] [WARN] [1790760623.477835161] [peach_scene_perception_node]: 感知 worker 满队丢帧累计 259（处理跟不上到达率，排查热路径耗时或降低到达率）
[peach_harvester-10] [WARN] [1790760623.627579433] [peach_scene_perception_node]: 感知 worker 满队丢帧累计 260（处理跟不上到达率，排查热路径耗时或降低到达率）
[peach_harvester-10] [WARN] [1790760623.767350027] [peach_scene_perception_node]: 感知 worker 满队丢帧累计 261（处理跟不上到达率，排查热路径耗时或降低到达率）
[peach_harvester-10] [WARN] [1790760623.925647493] [peach_scene_perception_node]: 感知 worker 满队丢帧累计 262（处理跟不上到达率，排查热路径耗时或降低到达率）
[peach_harvester-10] [WARN] [1790760624.092209923] [peach_scene_perception_node]: 感知 worker 满队丢帧累计 263（处理跟不上到达率，排查热路径耗时或降低到达率）
[peach_harvester-10] [WARN] [1790760624.225530135] [peach_scene_perception_node]: 感知 worker 满队丢帧累计 264（处理跟不上到达率，排查热路径耗时或降低到达率）
[peach_harvester-10] [WARN] [1790760624.387809877] [peach_scene_perception_node]: 感知 worker 满队丢帧累计 265（处理跟不上到达率，排查热路径耗时或降低到达率）
[peach_harvester-10] [WARN] [1790760624.522073481] [peach_scene_perception_node]: 感知 worker 满队丢帧累计 266（处理跟不上到达率，排查热路径耗时或降低到达率）
[peach_harvester-10] [WARN] [1790760624.807042637] [peach_scene_perception_node]: 感知 worker 满队丢帧累计 268（处理跟不上到达率，排查热路径耗时或降低到达率）
[peach_harvester-10] [WARN] [1790760625.016296811] [peach_scene_perception_node]: 感知 worker 满队丢帧累计 270（处理跟不上到达率，排查热路径耗时或降低到达率）
[peach_harvester-10] [WARN] [1790760625.174345105] [peach_scene_perception_node]: 感知 worker 满队丢帧累计 271（处理跟不上到达率，排查热路径耗时或降低到达率）
[peach_harvester-10] [WARN] [1790760625.298993734] [peach_scene_perception_node]: 感知 worker 满队丢帧累计 272（处理跟不上到达率，排查热路径耗时或降低到达率）
[peach_harvester-10] [WARN] [1790760625.440644932] [peach_scene_perception_node]: 感知 worker 满队丢帧累计 273（处理跟不上到达率，排查热路径耗时或降低到达率）
[peach_harvester-10] [WARN] [1790760625.589937751] [peach_scene_perception_node]: 感知 worker 满队丢帧累计 274（处理跟不上到达率，排查热路径耗时或降低到达率）
[peach_harvester-10] [WARN] [1790760625.915526310] [peach_scene_perception_node]: 感知 worker 满队丢帧累计 276（处理跟不上到达率，排查热路径耗时或降低到达率）
[peach_harvester-10] [WARN] [1790760626.098002539] [peach_scene_perception_node]: 感知 worker 满队丢帧累计 278（处理跟不上到达率，排查热路径耗时或降低到达率）
[peach_harvester-10] [WARN] [1790760626.238957492] [peach_scene_perception_node]: 感知 worker 满队丢帧累计 279（处理跟不上到达率，排查热路径耗时或降低到达率）
[peach_harvester-10] [WARN] [1790760626.377921597] [peach_scene_perception_node]: 感知 worker 满队丢帧累计 280（处理跟不上到达率，排查热路径耗时或降低到达率）
[peach_harvester-10] [WARN] [1790760626.543192579] [peach_scene_perception_node]: 感知 worker 满队丢帧累计 281（处理跟不上到达率，���查热路径耗时或降低到达率）
[peach_harvester-10] [WARN] [1790760626.711119970] [peach_scene_perception_node]: 感知 worker 满队丢帧累计 282（处理跟不上到达率，排查热路径耗时或降低到达率）
[peach_harvester-10] [WARN] [1790760626.890457952] [peach_scene_perception_node]: 感知 worker 满队丢帧累计 284（处理跟不上到达率，排查热路径耗时或降低到达率）
[peach_harvester-10] [WARN] [1790760627.055732040] [peach_scene_perception_node]: 感知 worker 满队丢帧累计 285（处理跟不上到达率，排查热路径耗时或降低到达率）
[peach_harvester-10] [WARN] [1790760627.202528571] [peach_scene_perception_node]: 感知 worker 满队丢帧累计 286（处理跟不上到达率，排查热路径耗时或降低到达率）
[peach_harvester-10] [WARN] [1790760627.346911161] [peach_scene_perception_node]: 感知 worker 满队丢帧累计 287（处理跟不上到达率，排查热路径耗时或降低到达率）
[peach_harvester-10] [WARN] [1790760627.492673009] [peach_scene_perception_node]: 感知 worker 满队丢帧累计 288（处理跟不上到达率，排查热路径耗时或降低到达率）
[peach_harvester-10] [WARN] [1790760627.665654571] [peach_scene_perception_node]: 感知 worker 满队丢帧累计 289（处理跟不上到达率，排查热路径耗时或降低到达率）
[peach_harvester-10] [INFO] [1790760627.792926653] [peach_scene_perception_node]: 目标注册表在册 1 个目标（累计注册 1、累计命中 195）
[peach_harvester-10] [WARN] [1790760627.796886524] [peach_scene_perception_node]: 感知 worker 满队丢帧累计 290（处理跟不上到达率，排查热路径耗时或降低到达率）
[peach_harvester-10] [WARN] [1790760627.937384380] [peach_scene_perception_node]: 感知 worker 满队丢帧累计 291（处理跟不上到达率，排查热路径耗时或降低到达率）
[peach_harvester-10] [WARN] [1790760628.052123139] [peach_scene_perception_node]: 感知 worker 满队丢帧累计 292（处理跟不上到达率，排查热路径耗时或降低到达率）
[peach_harvester-10] [WARN] [1790760628.207652099] [peach_scene_perception_node]: 感知 worker 满队丢帧累计 294（处理跟不上到达率，排查热路径耗时或降低到达率）
[peach_harvester-10] [WARN] [1790760628.362180518] [peach_scene_perception_node]: 感知 worker 满队丢帧累计 295（处理跟不上到达率，排查热路径耗时或降低到达率）
[peach_harvester-10] [WARN] [1790760628.512153726] [peach_scene_perception_node]: 感知 worker 满队丢帧累计 296（处理跟不上到达率，排查热路径耗时或降低到达率）
[stereo_camera_node-1] [INFO] [1790760628.564028419] [camera.peach_stereo_camera_node]: groups=500 published=500 rate=13.6 gps drop(stream=0 incomplete=0 nostamp=0 depth=0)
[peach_harvester-10] [WARN] [1790760628.663794518] [peach_scene_perception_node]: 感知 worker 满队丢帧累计 297（处理跟不上到达率，排查热路径耗时或降低到达率）
[peach_harvester-10] [WARN] [1790760628.826117745] [peach_scene_perception_node]: 感知 worker 满队丢帧累计 298（处理跟不上到达率，排查热路径耗时或降低到达率）
[peach_harvester-10] [WARN] [1790760628.937592843] [peach_scene_perception_node]: 感知 worker 满队丢帧累计 299（处理跟不上到达率，排查热路径耗时或降低到达率）
[peach_harvester-10] [WARN] [1790760629.191898498] [peach_scene_perception_node]: 感知 worker 满队丢帧累计 300（处理跟不上到达率，排查热路径耗时或降低到达率）
[peach_harvester-10] [WARN] [1790760629.368314150] [peach_scene_perception_node]: 感知 worker 满队丢帧累计 302（处理跟不上到达率，排查热路径耗时或降低到达率）
[peach_harvester-10] [WARN] [1790760629.699144582] [peach_scene_perception_node]: 感知 worker 满队丢帧累计 304（处理跟不上到达率，排查热路径耗时或降低到达率）
[peach_harvester-10] [WARN] [1790760629.885078677] [peach_scene_perception_node]: 感知 worker 满队丢帧累计 306（处理跟不上到达率，排查热路径耗时或降低到达率）
[peach_harvester-10] [WARN] [1790760630.061488791] [peach_scene_perception_node]: 感知 worker 满队丢帧累计 307（处理跟不上到达率，排查热路径耗时或降低到达率）
[peach_harvester-10] [WARN] [1790760630.225547003] [peach_scene_perception_node]: 感知 worker 满队丢帧累计 309（处理跟不上到达率，排查热路径耗时或降低到达率）
[peach_harvester-10] [WARN] [1790760630.396962930] [peach_scene_perception_node]: 感知 worker 满队丢帧累计 310（处理跟不上到达率，排查热路径耗时或降低到达率）
[peach_harvester-10] [WARN] [1790760630.547958141] [peach_scene_perception_node]: 感知 worker 满队丢帧累计 311（处理跟不上到达率，排查热路径耗时或降低到达率）
[peach_harvester-10] [WARN] [1790760630.685895691] [peach_scene_perception_node]: 感知 worker 满队丢帧累计 312（处理跟不上到达率，排查热路径耗时或降低到达率）
[peach_harvester-10] [WARN] [1790760630.839766776] [peach_scene_perception_node]: 感知 worker 满队丢帧累计 313（处理跟不上到达率，排查热路径耗时或降低到达率）
[peach_harvester-10] [WARN] [1790760631.025715895] [peach_scene_perception_node]: 感知 worker 满队丢帧累计 315（处理跟不上到达率，排查热路径耗时或降低到达率）
[peach_harvester-10] [WARN] [1790760631.168854824] [peach_scene_perception_node]: 感知 worker 满队丢帧累计 316（处理跟不上到达率，排查热路径耗时或降低到达率）
[peach_harvester-10] [WARN] [1790760631.467021868] [peach_scene_perception_node]: 感知 worker 满队丢帧累计 317（处理跟不上到达率，排查热路径耗时或降低到达率）
[peach_harvester-10] [WARN] [1790760631.623284530] [peach_scene_perception_node]: 感知 worker 满队丢帧累计 319（处理跟不上到达率，排查热路径耗时或降低到达率）
[peach_harvester-10] [WARN] [1790760631.800832013] [peach_scene_perception_node]: 感知 worker 满队丢帧累计 320（处理跟不上到达率，排查热路径耗时或降低到达率）
[peach_harvester-10] [WARN] [1790760631.951709303] [peach_scene_perception_node]: 感知 worker 满队丢帧累计 321（处理跟不上到达率，排查热路径耗时或降低到达率）
[peach_harvester-10] [WARN] [1790760632.093224656] [peach_scene_perception_node]: 感知 worker 满队丢帧累计 322（处理跟不上到达率，排查热路径耗时或降低到达率）
[peach_harvester-10] [WARN] [1790760632.227759358] [peach_scene_perception_node]: 感知 worker 满队丢帧累计 323（处理跟不上到达率，排查热路径耗时或降低到达率）
[peach_harvester-10] [WARN] [1790760632.393095639] [peach_scene_perception_node]: 感知 worker 满队丢帧累计 325（处理跟不上到达率，排查热路径耗时或降低到达率）
[peach_harvester-10] [WARN] [1790760632.548003037] [peach_scene_perception_node]: 感知 worker 满队丢帧累计 326（处理跟不上到达率，排查热路径耗时或降低到达率）
[peach_harvester-10] [WARN] [1790760632.677258934] [peach_scene_perception_node]: 感知 worker 满队丢帧累计 327（处理跟不上到达率，排查热路径耗时或降低到达率）
[peach_harvester-10] [WARN] [1790760632.837916755] [peach_scene_perception_node]: 感知 worker 满队丢帧累计 328（处理跟不上到达率，排查热路径耗时或降低到达率）
[peach_harvester-10] [WARN] [1790760633.005181459] [peach_scene_perception_node]: 感知 worker 满队丢帧累计 329（处理跟不上到达率，排查热路径耗时或降低到达率）
[peach_harvester-10] [WARN] [1790760633.173653263] [peach_scene_perception_node]: 感知 worker 满队丢帧累计 331（处理跟不上到达率，排查热路径耗时或降低到达率）
[peach_harvester-10] [WARN] [1790760633.327824898] [peach_scene_perception_node]: 感知 worker 满队丢帧累计 332（处理跟不上到达率，排查热路径耗时或降低到达率）
[peach_harvester-10] [WARN] [1790760633.498034887] [peach_scene_perception_node]: 感知 worker 满队丢帧累计 333（处理跟不上到达率，排查热路径耗时或降低到达率）
[peach_harvester-10] [WARN] [1790760633.656716155] [peach_scene_perception_node]: 感知 worker 满队丢帧累计 334（处理跟不上到达率，排查热路径耗时或降低到达率）
[peach_harvester-10] [WARN] [1790760633.785189242] [peach_scene_perception_node]: 感知 worker 满队丢帧累计 335（处理跟不上到达率，排查热路径耗时或降低到达率）
[peach_harvester-10] [WARN] [1790760633.936762160] [peach_scene_perception_node]: 感知 worker 满队丢帧累计 336（处理跟不上到达率，排查热路径耗时或降低到达率）
[peach_harvester-10] [WARN] [1790760634.067996303] [peach_scene_perception_node]: 感知 worker 满队丢帧累计 337（处理跟不上到达率，排查热路径耗时或降低到达率）
[peach_harvester-10] [WARN] [1790760634.221249535] [peach_scene_perception_node]: 感知 worker 满队丢帧累计 338（处理跟不上到达率，排查热路径耗时或降低到达率）
[peach_harvester-10] [WARN] [1790760634.375522777] [peach_scene_perception_node]: 感知 worker 满队丢帧累计 339（处理跟不上到达率，排查热路径耗时或降低到达率）
[peach_harvester-10] [WARN] [1790760634.518172148] [peach_scene_perception_node]: 感知 worker 满队丢帧累计 340（处理跟不上到达率，排查热路径耗时或降低到达率）
[peach_harvester-10] [WARN] [1790760634.676811716] [peach_scene_perception_node]: 感知 worker 满队丢帧累计 342（处理跟不上到达率，排查热路径耗时或降低到达率）
[peach_harvester-10] [WARN] [1790760634.853963262] [peach_scene_perception_node]: 感知 worker 满队丢帧累计 343（处理跟不上到达率，排查热路径耗时或降低到达率）
[peach_harvester-10] [WARN] [1790760635.002312337] [peach_scene_perception_node]: 感知 worker 满队丢帧累计 344（处理跟不上到达率，排查热路径耗时或降低到达率）
[peach_harvester-10] [WARN] [1790760635.166562913] [peach_scene_perception_node]: 感知 worker 满队丢帧累计 345（处理跟不上到达率，排查热路径耗时或降低到达率）
[peach_harvester-10] [WARN] [1790760635.315340900] [peach_scene_perception_node]: 感知 worker 满队丢帧累计 346（处理跟不上到达率，排查热路径耗时或降低到达率）
[peach_harvester-10] [WARN] [1790760635.470025636] [peach_scene_perception_node]: 感知 worker 满队丢帧累计 348（处理跟不上到达率，排查热路径耗时或降低到达率）
[peach_harvester-10] [WARN] [1790760635.632089623] [peach_scene_perception_node]: 感知 worker 满队丢帧累计 349（处理跟不上到达率，排查热路径耗时或降低到达率）
[stereo_camera_node-1] [INFO] [1790760635.714148040] [camera.peach_stereo_camera_node]: groups=600 published=600 rate=13.7 gps drop(stream=0 incomplete=0 nostamp=0 depth=0)
[peach_harvester-10] [WARN] [1790760635.773295653] [peach_scene_perception_node]: 感知 worker 满队丢帧累计 350（处理跟不上到达率，排查热路径耗时或降低到达率）
[peach_harvester-10] [WARN] [1790760635.941624138] [peach_scene_perception_node]: 感知 worker 满队丢帧累计 351（处理跟不上到达率，排查热路径耗时或降低到达率）
[peach_harvester-10] [WARN] [1790760636.085350801] [peach_scene_perception_node]: 感知 worker 满队丢帧累计 352（处理跟不上到达率，排查热路径耗时或降低到达率）
[peach_harvester-10] [WARN] [1790760636.231951729] [peach_scene_perception_node]: 感知 worker 满队丢帧累计 354（处理跟不上到达率，排查热路径耗时或降低到达率）
[peach_harvester-10] [WARN] [1790760636.372354770] [peach_scene_perception_node]: 感知 worker 满队丢帧累计 355（处理跟不上到达率，排查热路径耗时或降低到达率）
[peach_harvester-10] [WARN] [1790760636.564287582] [peach_scene_perception_node]: 感知 worker 满队丢帧累计 356（处理跟不上到达率，排查热路径耗时或降低到达率）
[peach_harvester-10] [WARN] [1790760636.831575494] [peach_scene_perception_node]: 感知 worker 满队丢帧累计 358（处理跟不上到达率，排查热路径耗时或降低到达率）
[peach_harvester-10] [WARN] [1790760636.958162862] [peach_scene_perception_node]: 感知 worker 满队丢帧累计 359（处理跟不上到达率，排查热路径耗时或降低到达率）
[peach_harvester-10] [WARN] [1790760637.097417400] [peach_scene_perception_node]: 感知 worker 满队丢帧累计 360（处理跟不上到达率，排查热路径耗时或降低到达率）
[peach_harvester-10] [WARN] [1790760637.256158770] [peach_scene_perception_node]: 感知 worker 满队丢帧累计 361（处理跟不上到达率，排查热路径耗时或降低到达率）
[peach_harvester-10] [WARN] [1790760637.787579460] [peach_scene_perception_node]: 感知 worker 满队丢帧累计 365（处理跟不上到达率，排查热路径耗时或降低到达率）
[peach_harvester-10] [INFO] [1790760637.961618776] [peach_scene_perception_node]: 目标注册表在册 1 个目标（累计注册 1、累计命中 261）
[peach_harvester-10] [WARN] [1790760637.967964102] [peach_scene_perception_node]: 感知 worker 满队丢帧累计 367（处理跟不上到达率，排查热路径耗时或降低到达率）
[peach_harvester-10] [WARN] [1790760638.116095609] [peach_scene_perception_node]: 感知 worker 满队丢帧累计 368（处理跟不上到达率，排查热路径耗时或降低到达率）
[peach_harvester-10] [WARN] [1790760638.263458918] [peach_scene_perception_node]: 感知 worker 满队丢帧累计 369（处理跟不上到达率，排查热路径耗时或降低到达率）
[peach_harvester-10] [WARN] [1790760638.406046406] [peach_scene_perception_node]: 感知 worker 满队丢帧累计 370（处理跟不上到达率，���查热路径耗时或降低到达率）
[peach_harvester-10] [WARN] [1790760638.536938251] [peach_scene_perception_node]: 感知 worker 满队丢帧累计 371（处理跟不上到达率，排查热路径耗时或降低到达率）
[peach_harvester-10] [WARN] [1790760638.676641190] [peach_scene_perception_node]: 感知 worker 满队丢帧累计 372（处理跟不上到达率，排查热路径耗时或降低到达率）
[peach_harvester-10] [WARN] [1790760638.853483061] [peach_scene_perception_node]: 感知 worker 满队丢帧累计 373（处理跟不上到达率，排查热路径耗时或降低到达率）
[peach_harvester-10] [WARN] [1790760638.992133472] [peach_scene_perception_node]: 感知 worker 满队丢帧累计 374（处理跟不上到达率，排查热路径耗时或降低到达率）
[peach_harvester-10] [WARN] [1790760639.297182468] [peach_scene_perception_node]: 感知 worker 满队丢帧累计 376（处理跟不上到达率，排查热路径耗时或降低到达率）
[peach_harvester-10] [WARN] [1790760639.427975125] [peach_scene_perception_node]: 感知 worker 满队丢帧累计 377（处理跟不上到达率，排查热路径耗时或降低到达率）
[peach_harvester-10] [WARN] [1790760639.543029518] [peach_scene_perception_node]: 感知 worker 满队丢帧累计 378（处理跟不上到达率，排查热路径耗时或降低到达率）
[peach_harvester-10] [WARN] [1790760639.828125381] [peach_scene_perception_node]: 感知 worker 满队丢帧累计 379（处理跟不上到达率，排查热路径耗时或降低到达率）
[peach_harvester-10] [WARN] [1790760639.984146186] [peach_scene_perception_node]: 感知 worker 满队丢帧累计 381（处理跟不上到达率，排查热路径耗时或降低到达率）
[peach_harvester-10] [WARN] [1790760640.318249083] [peach_scene_perception_node]: 感知 worker 满队丢帧累计 383（处理跟不上到达率，排查热路径耗时或降低到达率）
[peach_harvester-10] [WARN] [1790760640.581248817] [peach_scene_perception_node]: 感知 worker 满队丢帧累计 385（处理跟不上到达率，排查热路径耗时或降低到达率）
[peach_harvester-10] [WARN] [1790760640.721815398] [peach_scene_perception_node]: 感知 worker 满队丢帧累计 386（处理跟不上到达率，排查热路径耗时或降低到达率）
[peach_harvester-10] [WARN] [1790760640.890457324] [peach_scene_perception_node]: 感知 worker 满队丢帧累计 387（处理跟不上到达率，排查热路径耗时或降低到达率）
[peach_harvester-10] [WARN] [1790760641.039545206] [peach_scene_perception_node]: 感知 worker 满队丢帧累计 388（处理跟不上到达率，排查热路径耗时或降低到达率）
[peach_harvester-10] [WARN] [1790760641.323414675] [peach_scene_perception_node]: 感知 worker 满队丢帧累计 390（处理跟不上到达率，排查热路径耗时或降低到达率）
[peach_harvester-10] [WARN] [1790760641.473653485] [peach_scene_perception_node]: 感知 worker 满队丢帧累计 391（处理跟不上到达率，排查热路径耗时或降低到达率）
[peach_harvester-10] [WARN] [1790760641.627157831] [peach_scene_perception_node]: 感知 worker 满队丢帧累计 392（处理跟不上到达率，排查热路径耗时或降低到达率）
[peach_harvester-10] [WARN] [1790760641.777286315] [peach_scene_perception_node]: 感知 worker 满队丢帧累计 393（处理跟不上到达率，排查热路径耗时或降低到达率）
[peach_harvester-10] [WARN] [1790760641.922694438] [peach_scene_perception_node]: 感知 worker 满队丢帧累计 394（处理跟不上到达率，排查热路径耗时或降低到达率）
[peach_harvester-10] [WARN] [1790760642.073038598] [peach_scene_perception_node]: 感知 worker 满队丢帧累计 396（处理跟不上到达率，排查热路径耗时或降低到达率）
[peach_harvester-10] [WARN] [1790760642.228590942] [peach_scene_perception_node]: 感知 worker 满队丢帧累计 397（处理跟不上到达率，排查热路径耗时或降低到达率）
[peach_harvester-10] [WARN] [1790760642.371731636] [peach_scene_perception_node]: 感知 worker 满队丢帧累计 398（处理跟不上到达率，排查热路径耗时或降低到达率）
[peach_harvester-10] [WARN] [1790760642.530328290] [peach_scene_perception_node]: 感知 worker 满队丢帧累计 399（处理跟不上到达率，排查热路径耗时或降低到达率）
[peach_harvester-10] [WARN] [1790760642.685553608] [peach_scene_perception_node]: 感知 worker 满队丢帧累计 400（处理跟不上到达率，排查热路径耗时或降低到达率）
[peach_harvester-10] [WARN] [1790760642.897831949] [peach_scene_perception_node]: 感知 worker 满队丢帧累计 402（处理跟不上到达率，排查热路径耗时或降低到达率）
[stereo_camera_node-1] [INFO] [1790760642.952368664] [camera.peach_stereo_camera_node]: groups=700 published=700 rate=13.7 gps drop(stream=0 incomplete=0 nostamp=0 depth=0)
[peach_harvester-10] [WARN] [1790760643.052101012] [peach_scene_perception_node]: 感知 worker 满队丢帧累计 403（处理跟不上到达率，排查热路径耗时或降低到达率）
[peach_harvester-10] [WARN] [1790760643.225728075] [peach_scene_perception_node]: 感知 worker 满队丢帧累计 404（处理跟不上到达率，排查热路径耗时或降低到达率）
[peach_harvester-10] [WARN] [1790760643.386268199] [peach_scene_perception_node]: 感知 worker 满队丢帧累计 405（处理跟不上到达率，���查热路径耗时或降低到达率）
[peach_harvester-10] [WARN] [1790760643.569063720] [peach_scene_perception_node]: 感知 worker 满队丢帧累计 407（处理跟不上到达率，排查热路径耗时或降低到达率）
[peach_harvester-10] [WARN] [1790760643.731547743] [peach_scene_perception_node]: 感知 worker 满队丢帧累计 408（处理跟不上到达率，排查热路径耗时或降低到达率）
[peach_harvester-10] [WARN] [1790760643.913246534] [peach_scene_perception_node]: 感知 worker 满队丢帧累计 410（处理跟不上到达率，排查热路径耗时或降低到达率）
[peach_harvester-10] [WARN] [1790760644.085986625] [peach_scene_perception_node]: 感知 worker 满队丢帧累计 411（处理跟不上到达率，排查热路径耗时或降低到达率）
[peach_harvester-10] [WARN] [1790760644.237644070] [peach_scene_perception_node]: 感知 worker 满队丢帧累计 412（处理跟不上到达率，排查热路径耗时或降低到达率）
[peach_harvester-10] [WARN] [1790760644.368720830] [peach_scene_perception_node]: 感知 worker 满队丢帧累计 413（处理跟不上到达率，排查热路径耗时或降低到达率）
[peach_harvester-10] [WARN] [1790760644.502507718] [peach_scene_perception_node]: 感知 worker 满队丢帧累计 414（处理跟不上到达率，排查热路径耗时或降低到达率）
[peach_harvester-10] [WARN] [1790760644.665731476] [peach_scene_perception_node]: 感知 worker 满队丢帧累计 415（处理跟不上到达率，排查热路径耗时或降低到达率）
[peach_harvester-10] [WARN] [1790760644.822290134] [peach_scene_perception_node]: 感知 worker 满队丢帧累计 416（处理跟不上到达率，排查热路径耗时或降低到达率）
[peach_harvester-10] [WARN] [1790760644.974896623] [peach_scene_perception_node]: 感知 worker 满队丢帧累计 417（处理跟不上到达率，排查热路径耗时或降低到达率）
[peach_harvester-10] [WARN] [1790760645.115795074] [peach_scene_perception_node]: 感知 worker 满队丢帧累计 418（处理跟不上到达率，排查热路径耗时或降低到达率）
[peach_harvester-10] [WARN] [1790760645.253670190] [peach_scene_perception_node]: 感知 worker 满队丢帧累计 419（处理跟不上到达率，排查热路径耗时或降低到达率）
[peach_harvester-10] [WARN] [1790760645.423219065] [peach_scene_perception_node]: 感知 worker 满队丢帧累计 421（处理跟不上到达率，排查热路径耗时或降低到达率）
[peach_harvester-10] [WARN] [1790760645.716171486] [peach_scene_perception_node]: 感知 worker 满队丢帧累计 423（处理跟不上到达率，排查热路径耗时或降低到达率）
[peach_harvester-10] [WARN] [1790760645.872177569] [peach_scene_perception_node]: 感知 worker 满队丢帧累计 424（处理跟不上到达率，排查热路径耗时或降低到达率）
[peach_harvester-10] [WARN] [1790760646.016028522] [peach_scene_perception_node]: 感知 worker 满队丢帧累计 425（处理跟不上到达率，排查热路径耗时或降低到达率）
[peach_harvester-10] [WARN] [1790760646.307695260] [peach_scene_perception_node]: 感知 worker 满队丢帧累计 427（处理跟不上到达率，排查热路径耗时或降低到达率）
[peach_harvester-10] [WARN] [1790760646.573071030] [peach_scene_perception_node]: 感知 worker 满队丢帧累计 428（处理跟不上到达率，排查热路径耗时或降低到达率）
[peach_harvester-10] [WARN] [1790760646.727100595] [peach_scene_perception_node]: 感知 worker 满队丢帧累计 429（处理跟不上到达率，排查热路径耗时或降低到达率）
[peach_harvester-10] [WARN] [1790760646.886506677] [peach_scene_perception_node]: 感知 worker 满队丢帧累计 430（处理跟不上到达率，排查热路径耗时或降低到达率）
[peach_harvester-10] [WARN] [1790760647.012712173] [peach_scene_perception_node]: 感知 worker 满队丢帧累计 431（处理跟不上到达率，排查热路径耗时或降低到达率）
[peach_harvester-10] [WARN] [1790760647.160870305] [peach_scene_perception_node]: 感知 worker 满队丢帧累计 432（处理跟不上到达率，���查热路径耗时或降低到达率）
[peach_harvester-10] [WARN] [1790760647.297900647] [peach_scene_perception_node]: 感知 worker 满队丢帧累计 433（处理跟不上到达率，排查热路径耗时或降低到达率）
[peach_harvester-10] [WARN] [1790760647.436190626] [peach_scene_perception_node]: 感知 worker 满队丢帧累计 434（处理跟不上到达率，���查热路径耗时或降低到达率）
[peach_harvester-10] [WARN] [1790760647.550947408] [peach_scene_perception_node]: 感知 worker 满队丢帧累计 435（处理跟不上到达率，排查热路径耗时或降低到达率）
[peach_harvester-10] [WARN] [1790760647.689340175] [peach_scene_perception_node]: 感知 worker 满队丢帧累计 436（处理跟不上到达率，���查热路径耗时或降低到达率）
[peach_harvester-10] [WARN] [1790760647.957977572] [peach_scene_perception_node]: 感知 worker 满队丢帧累计 437（处理跟不上到达率，���查热路径耗时或降低到达率）
[peach_harvester-10] [INFO] [1790760648.104617416] [peach_scene_perception_node]: 目标注册表在册 1 个目标（累计注册 1、累计命中 329）
[peach_harvester-10] [WARN] [1790760648.107469639] [peach_scene_perception_node]: 感知 worker 满队丢帧累计 438（处理跟不上到达率，���查热路径耗时或降低到达率）
[peach_harvester-10] [WARN] [1790760648.247065131] [peach_scene_perception_node]: 感知 worker 满队丢帧累计 439（处理跟不上到达率，���查热路径耗时或降低到达率）
[peach_harvester-10] [WARN] [1790760648.410721241] [peach_scene_perception_node]: 感知 worker 满队丢帧累计 440（处理跟不上到达率，排查热路径耗时或降低到达率）
[peach_harvester-10] [WARN] [1790760648.542858947] [peach_scene_perception_node]: 感知 worker 满队丢帧累计 441（处理跟不上到达率，排查热路径耗时或降低到达率）
[peach_harvester-10] [WARN] [1790760648.702620348] [peach_scene_perception_node]: 感知 worker 满队丢帧累计 443（处理跟不上到达率，排查热路径耗时或降低到达率）
[peach_observability-12] [WARN] [1790760648.857947712] [peach_observability]: 自检[periodic] 12/18 通过，失败: camera_color_rate, camera_depth_rate，跳过: robot_status, imu_topic, model_files, vegetation_status
[peach_harvester-10] [WARN] [1790760648.871556191] [peach_scene_perception_node]: 感知 worker 满队丢帧累计 444（处理跟不上到达率，排查热路径耗时或降低到达率）
[peach_harvester-10] [WARN] [1790760649.022074047] [peach_scene_perception_node]: 感知 worker 满队丢帧累计 445（处理跟不上到达率，排查热路径耗时或降低到达率）
[peach_harvester-10] [WARN] [1790760649.190445441] [peach_scene_perception_node]: 感知 worker 满队丢帧累计 447（处理跟不上到达率，排查热路径耗时或降低到达率）
[peach_harvester-10] [WARN] [1790760649.503020949] [peach_scene_perception_node]: 感知 worker 满队丢帧累计 449（处理跟不上到达率，排查热路径耗时或降低到达率）
[peach_harvester-10] [WARN] [1790760649.649792416] [peach_scene_perception_node]: 感知 worker 满队丢帧累计 450（处理跟不上到达率，排查热路径耗时或降低到达率）
[peach_harvester-10] [WARN] [1790760649.827537347] [peach_scene_perception_node]: 感知 worker 满队丢帧累计 451（处理跟不上到达率，排查热路径耗时或降低到达率）
[peach_harvester-10] [WARN] [1790760649.963038507] [peach_scene_perception_node]: 感知 worker 满队丢帧累计 452（处理跟不上到达率，排查热路径耗时或降低到达率）
[peach_harvester-10] [WARN] [1790760650.106116539] [peach_scene_perception_node]: 感知 worker 满队丢帧累计 453（处理跟不上到达率，排查热路径耗时或降低到达率）
[stereo_camera_node-1] [INFO] [1790760650.192332647] [camera.peach_stereo_camera_node]: groups=800 published=800 rate=13.7 gps drop(stream=0 incomplete=0 nostamp=0 depth=0)
[peach_harvester-10] [WARN] [1790760650.249656005] [peach_scene_perception_node]: 感知 worker 满队丢帧累计 454（处理跟不上到达率，���查热路径耗时或降低到达率）
[peach_harvester-10] [WARN] [1790760651.028066063] [peach_scene_perception_node]: 感知 worker 满队丢帧累计 457（处理跟不上到达率，���查热路径耗时或降低到达率）
[peach_harvester-10] [WARN] [1790760651.341940111] [peach_scene_perception_node]: 感知 worker 满队丢帧累计 459（处理跟不上到达率，排查热路径耗时或降低到达率）
[peach_harvester-10] [WARN] [1790760651.493466787] [peach_scene_perception_node]: 感知 worker 满队丢帧累计 460（处理跟不上到达率，排查热路径耗时或降低到达率）
[peach_harvester-10] [WARN] [1790760651.594599618] [peach_target_reconstruction_node]: 重建 worker 队列已满，拒绝新帧以保持积分顺序
[peach_harvester-10] [WARN] [1790760651.658110319] [peach_scene_perception_node]: 感知 worker 满队丢帧累计 465（处理跟不上到达率，排查热路径耗时或降低到达率）
[peach_harvester-10] [WARN] [1790760652.257550772] [peach_scene_perception_node]: 感知 worker 满队丢帧累计 468（处理跟不上到达率，排查热路径耗时或降低到达率）
[peach_harvester-10] [WARN] [1790760652.452817323] [peach_scene_perception_node]: 感知 worker 满队丢帧累计 469（处理跟不上到达率，排查热路径耗时或降低到达率）
[peach_harvester-10] [WARN] [1790760652.642898863] [peach_scene_perception_node]: 感知 worker 满队丢帧累计 474（处理跟不上到达率，排查热路径耗时或降低到达率）
[peach_harvester-10] [WARN] [1790760652.787128736] [peach_scene_perception_node]: 感知 worker 满队丢帧累计 478（处理跟不上到达率，排查热路径耗时或降低到达率）
[peach_harvester-10] [WARN] [1790760653.477948152] [peach_scene_perception_node]: 感知 worker 满队丢帧累计 479（处理跟不上到达率，排查热路径耗时或降低到达率）
[peach_harvester-10] [WARN] [1790760653.657382101] [peach_scene_perception_node]: 感知 worker 满队丢帧累计 486（处理跟不上到达率，排查热路径耗时或降低到达率）
[peach_harvester-10] [WARN] [1790760654.122682751] [peach_scene_perception_node]: 感知 worker 满队丢帧累计 487（处理跟不上到达率，���查热路径耗时或降低到达率）
[peach_harvester-10] [WARN] [1790760654.387086669] [peach_scene_perception_node]: 感知 worker 满队丢帧累计 488（处理跟不上到达率，排查热路径耗时或降低到达率）
[peach_harvester-10] [WARN] [1790760654.543048191] [peach_scene_perception_node]: 感知 worker 满队丢帧累计 492（处理跟不上到达率，排查热路径耗时或降低到达率）
[peach_harvester-10] [WARN] [1790760654.962845043] [peach_scene_perception_node]: 感知 worker 满队丢帧累计 493（处理跟不上到达率，排查热路径耗时或降低到达率）
[peach_harvester-10] [WARN] [1790760655.337131785] [peach_scene_perception_node]: 感知 worker 满队丢帧累计 497（处理跟不上到达率，排查热路径耗时或降低到达率）
[peach_harvester-10] [WARN] [1790760655.677582296] [peach_scene_perception_node]: 感知 worker 满队丢帧累计 500（处理跟不上到达率，排查热路径耗时或降低到达率）
[peach_harvester-10] [WARN] [1790760655.887419455] [peach_scene_perception_node]: 感知 worker 满队丢帧累计 507（处理跟不上到达率，排查热路径耗时或降低到达率）
[peach_harvester-10] [WARN] [1790760656.768481531] [peach_target_reconstruction_node]: 重建 worker 队列已满，拒绝新帧以保持积分顺序
[peach_harvester-10] [WARN] [1790760656.919436264] [peach_scene_perception_node]: 感知 worker 满队丢帧累计 515（处理跟不上到达率，排查热路径耗时或降低到达率）
[stereo_camera_node-1] [INFO] [1790760657.445444219] [camera.peach_stereo_camera_node]: groups=900 published=900 rate=13.7 gps drop(stream=0 incomplete=0 nostamp=0 depth=0)
[peach_harvester-10] [WARN] [1790760657.511859429] [peach_scene_perception_node]: 感知 worker 满队丢帧累计 516（处理跟不上到达率，排查热路径耗时或降低到达率）
[peach_harvester-10] [WARN] [1790760657.701086073] [peach_scene_perception_node]: 感知 worker 满队丢帧累计 521（处理跟不上到达率，排查热路径耗时或降低到达率）
[peach_harvester-10] [INFO] [1790760658.261081159] [peach_scene_perception_node]: 目标注册表在册 1 个目标（累计注册 1、累计命中 373）
[peach_harvester-10] [WARN] [1790760658.266374684] [peach_scene_perception_node]: 感知 worker 满队丢帧累计 522（处理跟不上到达率，排查热路径耗时或降低到达率）
[peach_harvester-10] [WARN] [1790760658.370336912] [peach_target_reconstruction_node]: 重建 worker 队列已满，拒绝新帧以保持积分顺序
[peach_harvester-10] [WARN] [1790760658.448044926] [peach_scene_perception_node]: 感知 worker 满队丢帧累计 529（处理跟不上到达率，排查热路径耗时或降低到达率）
[peach_harvester-10] [WARN] [1790760658.775315241] [peach_scene_perception_node]: 感知 worker 满队丢帧累计 530（处理跟不上到达率，排查热路径耗时或降低到达率）
[peach_harvester-10] [WARN] [1790760658.971216296] [peach_scene_perception_node]: 感知 worker 满队丢帧累计 535（处理跟不上到达率，排查热路径耗时或降低到达率）
[peach_harvester-10] [WARN] [1790760659.525449007] [peach_target_reconstruction_node]: 重建 worker 队列已满，拒绝新帧以保持积分顺序
[peach_harvester-10] [WARN] [1790760659.692535796] [peach_scene_perception_node]: 感知 worker 满队丢帧累计 543（处理跟不上到达率，排查热路径耗时或降低到达率）
[peach_harvester-10] [WARN] [1790760660.445796843] [peach_scene_perception_node]: 感知 worker 满队丢帧累计 552（处理跟不上到达率，排查热路径耗时或降低到达率）
[peach_harvester-10] [WARN] [1790760661.222878960] [peach_scene_perception_node]: 感知 worker 满队丢帧累计 555（处理跟不上到达率，排查热路径耗时或降低到达率）
[peach_harvester-10] [WARN] [1790760661.373944261] [peach_scene_perception_node]: 感知 worker 满队丢帧累计 559（处理跟不上到达率，排查热路径耗时或降低到达率）
[peach_harvester-10] [WARN] [1790760661.518114332] [peach_scene_perception_node]: 感知 worker 满队丢帧累计 563（处理跟不上到达率，排查热路径耗时或降低到达率）
[peach_harvester-10] [WARN] [1790760661.832125884] [peach_scene_perception_node]: 感知 worker 满队丢帧累计 566（处理跟不上到达率，排查热路径耗时或降低到达率）
[peach_harvester-10] [WARN] [1790760662.570547177] [peach_scene_perception_node]: 感知 worker 满队丢帧累计 567（处理跟不上到达率，排查热路径耗时或降低到达率）
[peach_harvester-10] [WARN] [1790760662.731634183] [peach_scene_perception_node]: 感知 worker 满队丢帧累计 572（处理跟不上到达率，排查热路径耗时或降低到达率）
[peach_harvester-10] [WARN] [1790760663.131347807] [peach_target_reconstruction_node]: 重建 worker 队列已满，拒绝新帧以保持积分顺序
[peach_harvester-10] [WARN] [1790760663.306558335] [peach_scene_perception_node]: 感知 worker 满队丢帧累计 576（处理跟不上到达率，排查热路径耗时或降低到达率）
[peach_harvester-10] [WARN] [1790760663.693963182] [peach_scene_perception_node]: 感知 worker 满队丢帧累计 582（处理跟不上到达率，排查热路径耗时或降低到达率）
[peach_harvester-10] [WARN] [1790760664.262295302] [peach_scene_perception_node]: 感知 worker 满队丢帧累计 590（处理跟不上到达率，排查热路径耗时或降低到达率）
[peach_harvester-10] [WARN] [1790760664.710213900] [peach_target_reconstruction_node]: 重建 worker 队列已满，拒绝新帧以保持积分顺序
[stereo_camera_node-1] [INFO] [1790760664.721903811] [camera.peach_stereo_camera_node]: groups=1000 published=1000 rate=13.7 gps drop(stream=0 incomplete=0 nostamp=0 depth=0)
[peach_harvester-10] [WARN] [1790760664.861398864] [peach_scene_perception_node]: 感知 worker 满队丢帧累计 596（处理跟不上到达率，排查热路径耗时或降低到达率）
[peach_harvester-10] [WARN] [1790760665.612926755] [peach_scene_perception_node]: 感知 worker 满队丢帧累计 603（处理跟不上到达率，排查热路径耗时或降低到达率）
[peach_harvester-10] [WARN] [1790760666.295620494] [peach_target_reconstruction_node]: 重建 worker 队列已满，拒绝新帧以保持积分顺序
[peach_harvester-10] [WARN] [1790760666.305487194] [peach_scene_perception_node]: 感知 worker 满队丢帧累计 612（处理跟不上到达率，排查热路径耗时或降低到达率）
[peach_harvester-10] [WARN] [1790760667.103134135] [peach_scene_perception_node]: 感知 worker 满队丢帧累计 620（处理跟不上到达率，排查热路径耗时或降低到达率）
[peach_harvester-10] [WARN] [1790760667.732907057] [peach_scene_perception_node]: 感知 worker 满队丢帧累计 629（处理跟不上到达率，排查热路径耗时或降低到达率）
[peach_harvester-10] [WARN] [1790760668.469274935] [peach_scene_perception_node]: 感知 worker 满队丢帧累计 630（处理跟不上到达率，排查热路径耗时或降低到达率）
[peach_harvester-10] [WARN] [1790760668.475908153] [peach_target_reconstruction_node]: 重建 worker 队列已满，拒绝新帧以保持积分顺序
[peach_harvester-10] [INFO] [1790760668.602817103] [peach_scene_perception_node]: 目标注册表在册 1 个目标（累计注册 1、累计命中 407）
[peach_harvester-10] [WARN] [1790760668.606265813] [peach_scene_perception_node]: 感知 worker 满队丢帧累计 636（处理跟不上到达率，排查热路径耗时或降低到达率）
[peach_harvester-10] [WARN] [1790760669.508443782] [peach_scene_perception_node]: 感知 worker 满队丢帧累计 638（处理跟不上到达率，排查热路径耗时或降低到达率）
[peach_harvester-10] [WARN] [1790760669.641237029] [peach_target_reconstruction_node]: 重建 worker 队列已满，拒绝新帧以保持积分顺序
[peach_harvester-10] [WARN] [1790760669.785123663] [peach_scene_perception_node]: 感知 worker 满队丢帧累计 643（处理跟不上到达率，排查热路径耗时或降低到达率）
[peach_harvester-10] [WARN] [1790760670.066578143] [peach_scene_perception_node]: 感知 worker 满队丢帧累计 644（处理跟不上到达率，排查热路径耗时或降低到达率）
[peach_harvester-10] [WARN] [1790760670.202943550] [peach_scene_perception_node]: 感知 worker 满队丢帧累计 646（处理跟不上到达率，排查热路径耗时或降低到达率）
[peach_harvester-10] [WARN] [1790760670.494478797] [peach_scene_perception_node]: 感知 worker 满队丢帧累计 648（处理跟不上到达率，排查热路径耗时或降低到达率）
[peach_harvester-10] [WARN] [1790760670.667915686] [peach_scene_perception_node]: 感知 worker 满队丢帧累计 649（处理跟不上到达率，排查热路径耗时或降低到达率）
[peach_harvester-10] [WARN] [1790760670.700549397] [peach_target_reconstruction_node]: 重建 worker 队列已满，拒绝新帧以保持积分顺序
[peach_harvester-10] [WARN] [1790760670.835981898] [peach_scene_perception_node]: 感知 worker 满队丢帧累计 655（处理跟不上到达率，排查热路径耗时或降低到达率）
[peach_harvester-10] [WARN] [1790760671.540650760] [peach_scene_perception_node]: 感知 worker 满队丢帧累计 661（处理跟不上到达率，排查热路径耗时或降低到达率）
[peach_harvester-10] [WARN] [1790760671.677957341] [peach_scene_perception_node]: 感知 worker 满队丢帧累计 664（处理跟不上到达率，排查热路径耗时或降低到达率）
[stereo_camera_node-1] [INFO] [1790760672.241691300] [camera.peach_stereo_camera_node]: groups=1100 published=1100 rate=13.7 gps drop(stream=0 incomplete=0 nostamp=0 depth=0)
[peach_harvester-10] [WARN] [1790760672.342643899] [peach_scene_perception_node]: 感知 worker 满队丢帧累计 665（处理跟不上到达率，排查热路径耗时或降低到达率）
[peach_harvester-10] [WARN] [1790760672.653314175] [peach_scene_perception_node]: 感知 worker 满队丢帧累计 671（处理跟不上到达率，排查热路径耗时或降低到达率）
[peach_harvester-10] [WARN] [1790760673.060067543] [peach_scene_perception_node]: 感知 worker 满队丢帧累计 675（处理跟不上到达率，排查热路径耗时或降低到达率）
[peach_harvester-10] [WARN] [1790760673.655480381] [peach_target_reconstruction_node]: 重建 worker 队列已满，拒绝新帧以保持积分顺序
[peach_harvester-10] [WARN] [1790760673.712672948] [peach_scene_perception_node]: 感知 worker 满队丢帧累计 685（处理跟不上到达率，排查热路径耗时或降低到达率）
[peach_harvester-10] [WARN] [1790760674.622439638] [peach_scene_perception_node]: 感知 worker 满队丢帧累计 693（处理跟不上到达率，排查热路径耗时或降低到达率）
[peach_harvester-10] [WARN] [1790760675.124750596] [peach_scene_perception_node]: 感知 worker 满队丢帧累计 694（处理跟不上到达率，排查热路径耗时或降低到达率）
[peach_harvester-10] [WARN] [1790760675.212281907] [peach_target_reconstruction_node]: 重建 worker 队列已满，拒绝新帧以保持积分顺序
[peach_harvester-10] [WARN] [1790760675.382745849] [peach_scene_perception_node]: 感知 worker 满队丢帧累计 704（处理跟不上到达率，排查热路径耗时或降低到达率）
[peach_harvester-10] [WARN] [1790760676.242059057] [peach_scene_perception_node]: 感知 worker 满队丢帧累计 707（处理跟不上到达率，排查热路径耗时或降低到达率）
[peach_harvester-10] [WARN] [1790760676.412953216] [peach_scene_perception_node]: 感知 worker 满队丢帧累计 715（处理跟不上到达率，排查热路径耗时或降低到达率）
[peach_harvester-10] [WARN] [1790760676.891895662] [peach_scene_perception_node]: 感知 worker 满队丢帧累计 718（处理跟不上到达率，排查热路径耗时或降低到达率）
[peach_harvester-10] [WARN] [1790760677.626702270] [peach_scene_perception_node]: 感知 worker 满队丢帧累计 726（处理跟不上到达率，排查热路径耗时或降低到达率）
[peach_harvester-10] [WARN] [1790760678.263389592] [peach_target_reconstruction_node]: 重建 worker 队列已满，拒绝新帧以保持积分顺序
[peach_harvester-10] [WARN] [1790760678.330267706] [peach_scene_perception_node]: 感知 worker 满队丢帧累计 735（处理跟不上到达率，排查热路径耗时或降低到达率）
[peach_observability-12] [WARN] [1790760678.861370244] [peach_observability]: 自检[periodic] 13/18 通过，失败: camera_color_rate，跳过: robot_status, imu_topic, model_files, vegetation_status
[peach_harvester-10] [INFO] [1790760679.247585053] [peach_scene_perception_node]: 目标注册表在册 1 个目标（累计注册 1、累计命中 442）
[peach_harvester-10] [WARN] [1790760679.256624147] [peach_scene_perception_node]: 感知 worker 满队丢帧累计 744（处理跟不上到达率，排查热路径耗时或降低到达率）
[stereo_camera_node-1] [INFO] [1790760679.541863730] [camera.peach_stereo_camera_node]: groups=1200 published=1200 rate=13.7 gps drop(stream=0 incomplete=0 nostamp=0 depth=0)
[peach_harvester-10] [WARN] [1790760679.700625482] [peach_scene_perception_node]: 感知 worker 满队丢帧累计 745（处理跟不上到达率，排查热路径耗时或降低到达率）
[peach_harvester-10] [WARN] [1790760679.764050675] [peach_target_reconstruction_node]: 重建 worker 队列已满，拒绝新帧以保持积分顺序
[peach_harvester-10] [WARN] [1790760679.894874741] [peach_scene_perception_node]: 感知 worker 满队丢帧累计 752（处理跟不上到达率，���查热路径耗时或降低到达率）
[peach_harvester-10] [WARN] [1790760680.802740386] [peach_scene_perception_node]: 感知 worker 满队丢帧累计 758（处理跟不上到达率，���查热路径耗时或降低到达率）
[peach_harvester-10] [WARN] [1790760681.067317285] [peach_scene_perception_node]: 感知 worker 满队丢帧累计 759（处理跟不上到达率，排查热路径耗时或降低到达率）
[peach_harvester-10] [WARN] [1790760681.238085808] [peach_scene_perception_node]: 感知 worker 满队丢帧累计 760（处理跟不上到达率，排查热路径耗时或降低到达率）
[peach_harvester-10] [WARN] [1790760681.676034499] [peach_scene_perception_node]: 感知 worker 满队丢帧累计 766（处理跟不上到达率，排查热路径耗时或降低到达率）
[peach_harvester-10] [WARN] [1790760682.072731907] [peach_scene_perception_node]: 感知 worker 满队丢帧累计 767（处理跟不上到达率，排查热路径耗时或降低到达率）
[peach_harvester-10] [WARN] [1790760682.512410565] [peach_scene_perception_node]: 感知 worker 满队丢帧累计 772（处理跟不上到达率，排查热路径耗时或降低到达率）
[peach_harvester-10] [WARN] [1790760683.271217701] [peach_scene_perception_node]: 感知 worker 满队丢帧累计 778（处理跟不上到达率，排查热路径耗时或降低到达率）
[peach_harvester-10] [WARN] [1790760683.467159621] [peach_target_reconstruction_node]: 重建 worker 队列已满，拒绝新帧以保持积分顺序
[peach_harvester-10] [WARN] [1790760683.554115979] [peach_scene_perception_node]: 感知 worker 满队丢帧累计 786（处理跟不上到达率，排查热路径耗时或降低到达率）
[peach_harvester-10] [WARN] [1790760684.398190359] [peach_scene_perception_node]: 感知 worker 满队丢帧累计 796（处理跟不上到达率，���查热路径耗时或降低到达率）
[peach_harvester-10] [WARN] [1790760684.925866145] [peach_scene_perception_node]: 感知 worker 满队丢帧累计 797（处理跟不上到达率，排查热路径耗时或降低到达率）
[peach_harvester-10] [WARN] [1790760685.309923624] [peach_target_reconstruction_node]: 重建 worker 队列已满，拒绝新帧以保持积分顺序
[peach_harvester-10] [WARN] [1790760685.480652816] [peach_scene_perception_node]: 感知 worker 满队丢帧累计 802（处理跟不上到达率，排查热路径耗时或降低到达率）
[peach_harvester-10] [WARN] [1790760685.976063772] [peach_scene_perception_node]: 感知 worker 满队丢帧累计 811（处理跟不上到达率，排查热路径耗时或降低到达率）
[peach_harvester-10] [WARN] [1790760686.776437507] [peach_scene_perception_node]: 感知 worker 满队丢帧累计 820（处理跟不上到达率，排查热路径耗时或降低到达率）
[stereo_camera_node-1] [INFO] [1790760686.787062657] [camera.peach_stereo_camera_node]: groups=1300 published=1300 rate=13.7 gps drop(stream=0 incomplete=0 nostamp=0 depth=0)
[peach_harvester-10] [WARN] [1790760687.409948653] [peach_scene_perception_node]: 感知 worker 满队丢帧累计 821（处理跟不上到达率，排查热路径耗时或降低到达率）
[peach_harvester-10] [WARN] [1790760687.579286171] [peach_target_reconstruction_node]: 重建 worker 队列已满，拒绝新帧以保持积分顺序
[peach_harvester-10] [WARN] [1790760687.620311686] [peach_scene_perception_node]: 感知 worker 满队丢帧累计 830（处理跟不上到达率，排查热路径耗时或降低到达率）
[peach_harvester-10] [WARN] [1790760688.456391097] [peach_scene_perception_node]: 感知 worker 满队丢帧累计 839（处理跟不上到达率，排查热路径耗时或降低到达率）
[peach_harvester-10] [WARN] [1790760688.926046402] [peach_scene_perception_node]: 感知 worker 满队丢帧累计 844（处理跟不上到达率，排查热路径耗时或降低到达率）
[peach_harvester-10] [INFO] [1790760689.781562933] [peach_scene_perception_node]: 目标注册表在册 1 个目标（累计注册 1、累计命中 476）
[peach_harvester-10] [WARN] [1790760689.786001070] [peach_scene_perception_node]: 感知 worker 满队丢帧累计 852（处理跟不上到达率，排查热路径耗时或降低到达率）
[peach_harvester-10] [WARN] [1790760690.402016430] [peach_target_reconstruction_node]: 重建 worker 队列已满，拒绝新帧以保持积分顺序
[peach_harvester-10] [WARN] [1790760690.498821906] [peach_scene_perception_node]: 感知 worker 满队丢帧累计 860（处理跟不上到达率，排查热路径耗时或降低到达率）
[peach_harvester-10] [WARN] [1790760691.251751127] [peach_scene_perception_node]: 感知 worker 满队丢帧累计 868（处理跟不上到达率，排查热路径耗时或降低到达率）
[peach_harvester-10] [WARN] [1790760691.879823906] [peach_target_reconstruction_node]: 重建 worker 队列已满，拒绝新帧以保持积分顺序
[peach_harvester-10] [WARN] [1790760691.966079160] [peach_scene_perception_node]: 感知 worker 满队丢帧累计 875（处理跟不上到达率，排查热路径耗时或降低到达率）
[peach_harvester-10] [WARN] [1790760692.637974678] [peach_scene_perception_node]: 感知 worker 满队丢帧累计 877（处理跟不上到达率，排查热路径耗时或降低到达率）
[peach_harvester-10] [WARN] [1790760692.827903215] [peach_scene_perception_node]: 感知 worker 满队丢帧累计 882（处理跟不上到达率，排查热路径耗时或降低到达率）
[peach_harvester-10] [WARN] [1790760693.306610386] [peach_scene_perception_node]: 感知 worker 满队丢帧累计 886（处理跟不上到达率，排查热路径耗时或降低到达率）
[peach_harvester-10] [WARN] [1790760693.665054799] [peach_scene_perception_node]: 感知 worker 满队丢帧累计 889（处理跟不上到达率，排查热路径耗时或降低到达率）
[stereo_camera_node-1] [INFO] [1790760694.089288885] [camera.peach_stereo_camera_node]: groups=1400 published=1400 rate=13.7 gps drop(stream=0 incomplete=0 nostamp=0 depth=0)
[peach_harvester-10] [WARN] [1790760694.130085036] [peach_scene_perception_node]: 感知 worker 满队丢帧累计 892（处理跟不上到达率，排查热路径耗时或降低到达率）
[peach_harvester-10] [WARN] [1790760694.301779931] [peach_target_reconstruction_node]: 重建 worker 队列已满，拒绝新帧以保持积分顺序
[peach_harvester-10] [WARN] [1790760694.371552712] [peach_scene_perception_node]: 感知 worker 满队丢帧累计 900（处理跟不上到达率，排查热路径耗时或降低到达率）
[peach_harvester-10] [WARN] [1790760694.890654741] [peach_scene_perception_node]: 感知 worker 满队丢帧累计 906（处理跟不上到达率，���查热路径耗时或降低到达率）
[peach_harvester-10] [WARN] [1790760695.618010432] [peach_target_reconstruction_node]: 重建 worker 队列已满，拒绝新帧以保持积分顺序
[peach_harvester-10] [WARN] [1790760695.752402838] [peach_scene_perception_node]: 感知 worker 满队丢帧累计 915（处理跟不上到达率，排查热路径耗时或降低到达率）
[peach_harvester-10] [WARN] [1790760696.511023876] [peach_scene_perception_node]: 感知 worker 满队丢帧累计 924（处理跟不上到达率，���查热路径耗时或降低到达率）
[peach_harvester-10] [WARN] [1790760697.145435406] [peach_target_reconstruction_node]: 重建 worker 队列已满，拒绝新帧以保持积分顺序
[peach_harvester-10] [WARN] [1790760697.296360557] [peach_scene_perception_node]: 感知 worker 满队丢帧累计 930（处理跟不上到达率，排查热路径耗时或降低到达率）
[peach_harvester-10] [WARN] [1790760697.892295512] [peach_scene_perception_node]: 感知 worker 满队丢帧累计 940（处理跟不上到达率，排查热路径耗时或降低到达率）
[peach_harvester-10] [WARN] [1790760698.624565426] [peach_target_reconstruction_node]: 重建 worker 队列已满，拒绝新帧以保持积分顺序
[peach_harvester-10] [WARN] [1790760698.821748754] [peach_scene_perception_node]: 感知 worker 满队丢帧累计 948（处理跟不上到达率，排查热路径耗时或降低到达率）
[peach_harvester-10] [WARN] [1790760699.532179784] [peach_scene_perception_node]: 感知 worker 满队丢帧累计 958（处理跟不上到达率，排查热路径耗时或降低到达率）
[peach_harvester-10] [INFO] [1790760700.202077229] [peach_scene_perception_node]: 目标注册表在册 1 个目标（累计注册 1、累计命中 509）
[peach_harvester-10] [WARN] [1790760700.298553279] [peach_target_reconstruction_node]: 重建 worker 队列已满，拒绝新帧以保持积分顺序
[peach_harvester-10] [WARN] [1790760700.462919883] [peach_scene_perception_node]: 感知 worker 满队丢帧累计 964（处理跟不上到达率，排查热路径耗时或降低到达率）
[peach_harvester-10] [WARN] [1790760700.917986340] [peach_scene_perception_node]: 感知 worker 满队丢帧累计 973（处理跟不上到达率，排查热路径耗时或降低到达率）
[stereo_camera_node-1] [INFO] [1790760701.254250913] [camera.peach_stereo_camera_node]: groups=1500 published=1500 rate=13.7 gps drop(stream=0 incomplete=0 nostamp=0 depth=0)
[peach_harvester-10] [WARN] [1790760701.647389958] [peach_target_reconstruction_node]: 重建 worker 队列已满，拒绝新帧以保持积分顺序
[peach_harvester-10] [WARN] [1790760701.818938622] [peach_scene_perception_node]: 感知 worker 满队丢帧累计 981（处理跟不上到达率，排查热路径耗时或降低到达率）
[peach_harvester-10] [WARN] [1790760702.572567286] [peach_scene_perception_node]: 感知 worker 满队丢帧累计 989（处理跟不上到达率，排查热路径耗时或降低到达率）
[peach_harvester-10] [WARN] [1790760703.205394581] [peach_target_reconstruction_node]: 重建 worker 队列已满，拒绝新帧以保持积分顺序
[peach_harvester-10] [WARN] [1790760703.370942189] [peach_scene_perception_node]: 感知 worker 满队丢帧累计 998（处理跟不上到达率，排查热路径耗时或降低到达率）
[peach_harvester-10] [WARN] [1790760704.013647162] [peach_scene_perception_node]: 感知 worker 满队丢帧累计 1003（处理跟不上到达率，排查热路径耗时或降低到达率）
[peach_harvester-10] [WARN] [1790760704.700992929] [peach_scene_perception_node]: 感知 worker 满队丢帧累计 1006（处理跟不上到达率，排查热路径耗时或降低到达率）
[peach_harvester-10] [WARN] [1790760705.078800780] [peach_scene_perception_node]: 感知 worker 满队丢帧累计 1009（处理跟不上到达率，排查热路径耗时或降低到达率）
[peach_harvester-10] [WARN] [1790760705.402796134] [peach_scene_perception_node]: 感知 worker 满队丢帧累计 1013（处理跟不上到达率，排查热路径耗时或降低到达率）
[peach_harvester-10] [WARN] [1790760705.922534436] [peach_scene_perception_node]: 感知 worker 满队丢帧累计 1021（处理跟不上到达率，排查热路径耗时或降低到达率）
[peach_harvester-10] [WARN] [1790760706.300752545] [peach_scene_perception_node]: 感知 worker 满队丢帧累计 1022（处理跟不上到达率，排查热路径耗时或降低到达率）
[peach_harvester-10] [WARN] [1790760706.500064638] [peach_scene_perception_node]: 感知 worker 满队丢帧累计 1023（处理跟不上到达率，排查热路径耗时或降低到达率）
[peach_harvester-10] [WARN] [1790760706.795409907] [peach_scene_perception_node]: 感知 worker 满队丢帧累计 1027（处理跟不上到达率，排查热路径耗时或降低到达率）
[peach_harvester-10] [WARN] [1790760706.965691801] [peach_scene_perception_node]: 感知 worker 满队丢帧累计 1030（处理跟不上到达率，排查热路径耗时或降低到达率）
[peach_harvester-10] [WARN] [1790760707.604623644] [peach_target_reconstruction_node]: 重建 worker 队列已满，拒绝新帧以保持积分顺序
[peach_harvester-10] [WARN] [1790760707.687680879] [peach_scene_perception_node]: 感知 worker 满队丢帧累计 1040（处理跟不上到达率，排查热路径耗时或降低到达率）
[stereo_camera_node-1] [INFO] [1790760708.504543645] [camera.peach_stereo_camera_node]: groups=1600 published=1600 rate=13.7 gps drop(stream=0 incomplete=0 nostamp=0 depth=0)
[peach_harvester-10] [WARN] [1790760708.531139803] [peach_scene_perception_node]: 感知 worker 满队丢帧累计 1042（处理跟不上到达率，排查热路径耗时或降低到达率）
[peach_harvester-10] [WARN] [1790760708.737030418] [peach_scene_perception_node]: 感知 worker 满队丢帧累计 1046（处理跟不上到达率，排查热路径耗时或降低到达率）
[peach_observability-12] [WARN] [1790760708.858576151] [peach_observability]: 自检[periodic] 12/18 通过，失败: camera_color_rate, camera_depth_rate，跳过: robot_status, imu_topic, model_files, vegetation_status
[peach_harvester-10] [WARN] [1790760709.327442426] [peach_scene_perception_node]: 感知 worker 满队丢帧累计 1055（处理跟不上到达率，排查热路径耗时或降低到达率）
[peach_harvester-10] [WARN] [1790760709.998718706] [peach_target_reconstruction_node]: 重建 worker 队列已满，拒绝新帧以保持积分顺序
[peach_harvester-10] [WARN] [1790760710.015140381] [peach_scene_perception_node]: 感知 worker 满队丢帧累计 1064（处理跟不上到达率，排查热路径耗时或降低到达率）
[peach_harvester-10] [INFO] [1790760710.876341767] [peach_scene_perception_node]: 目标注册表在册 1 个目标（累计注册 1、累计命中 546）
[peach_harvester-10] [WARN] [1790760710.896936662] [peach_scene_perception_node]: 感知 worker 满队丢帧累计 1073（处理跟不上到达率，排查热路径耗时或降低到达率）
[peach_harvester-10] [WARN] [1790760711.592324608] [peach_scene_perception_node]: 感知 worker 满队丢帧累计 1075（处理跟不上到达率，排查热路径耗时或降低到达率）
[peach_harvester-10] [WARN] [1790760711.916916237] [peach_scene_perception_node]: 感知 worker 满队丢帧累计 1081（处理跟不上到达率，排查热路径耗时或降低到达率）
[peach_harvester-10] [WARN] [1790760712.606325540] [peach_scene_perception_node]: 感知 worker 满队丢帧累计 1088（处理跟不上到达率，排查热路径耗时或降低到达率）
[peach_harvester-10] [WARN] [1790760713.017522311] [peach_scene_perception_node]: 感知 worker 满队丢帧累计 1093（处理跟不上到达率，排查热路径耗时或降低到达率）
[peach_harvester-10] [WARN] [1790760713.757940656] [peach_scene_perception_node]: 感知 worker 满队丢帧累计 1094（处理跟不上到达率，排查热路径耗时或降低到达率）
[peach_harvester-10] [WARN] [1790760713.935933773] [peach_scene_perception_node]: 感知 worker 满队丢帧累计 1100（处理跟不上到达率，排查热路径耗时或降低到达率）
[peach_harvester-10] [WARN] [1790760714.092849731] [peach_scene_perception_node]: 感知 worker 满队丢帧累计 1104（处理跟不上到达率，排查热路径耗时或降低到达率）
[peach_harvester-10] [WARN] [1790760715.050690698] [peach_scene_perception_node]: 感知 worker 满队丢帧累计 1108（处理跟不上到达率，排查热路径耗时或降低到达率）
[peach_harvester-10] [WARN] [1790760715.395156127] [peach_scene_perception_node]: 感知 worker 满队丢帧累计 1111（处理跟不上到达率，排查热路径耗时或降低到达率）
[peach_harvester-10] [WARN] [1790760715.787327267] [peach_scene_perception_node]: 感知 worker 满队丢帧累计 1113（处理跟不上到达率，排查热路径耗时或降低到达率）
[stereo_camera_node-1] [INFO] [1790760715.805395398] [camera.peach_stereo_camera_node]: groups=1700 published=1700 rate=13.7 gps drop(stream=0 incomplete=0 nostamp=0 depth=0)
[peach_harvester-10] [WARN] [1790760715.873547751] [peach_target_reconstruction_node]: 重建 worker 队列已满，拒绝新帧以保持积分顺序
[peach_harvester-10] [WARN] [1790760715.955399255] [peach_scene_perception_node]: 感知 worker 满队丢帧累计 1119（处理跟不上到达率，排查热路径耗时或降低到达率）
[peach_harvester-10] [WARN] [1790760716.613311218] [peach_scene_perception_node]: 感知 worker 满队丢帧累计 1127（处理跟不上到达率，排查热路径耗时或降低到达率）
[peach_harvester-10] [WARN] [1790760717.279049342] [peach_target_reconstruction_node]: 重建 worker 队列已满，拒绝新帧以保持积分顺序
[peach_harvester-10] [WARN] [1790760717.367924212] [peach_scene_perception_node]: 感知 worker 满队丢帧累计 1136（处理跟不上到达率，排查热路径耗时或降低到达率）
[peach_harvester-10] [WARN] [1790760718.286188485] [peach_scene_perception_node]: 感知 worker 满队丢帧累计 1145（处理跟不上到达率，排查热路径耗时或降低到达率）
[peach_harvester-10] [WARN] [1790760718.874998945] [peach_target_reconstruction_node]: 重建 worker 队列已满，拒绝新帧以保持积分顺序
[peach_harvester-10] [WARN] [1790760718.982065205] [peach_scene_perception_node]: 感知 worker 满队丢帧累计 1152（处理跟不上到达率，排查热路径耗时或降低到达率）
[peach_harvester-10] [WARN] [1790760719.701088591] [peach_scene_perception_node]: 感知 worker 满队丢帧累计 1160（处理跟不上到达率，排查热路径耗时或降低到达率）
[peach_harvester-10] [WARN] [1790760720.297821096] [peach_target_reconstruction_node]: 重建 worker 队列已满，拒绝新帧以保持积分顺序
[peach_harvester-10] [WARN] [1790760720.386543107] [peach_scene_perception_node]: 感知 worker 满队丢帧累计 1169（处理跟不上到达率，排查热路径耗时或降低到达率）
[peach_harvester-10] [INFO] [1790760721.108702637] [peach_scene_perception_node]: 目标注册表在册 1 个目标（累计注册 1、累计命中 581）
[peach_harvester-10] [WARN] [1790760721.123169526] [peach_scene_perception_node]: 感知 worker 满队丢帧累计 1176（处理跟不上到达率，排查热路径耗时或降低到达率）
[peach_harvester-10] [WARN] [1790760721.729362114] [peach_target_reconstruction_node]: 重建 worker 队列已满，拒绝新帧以保持积分顺序
[peach_harvester-10] [WARN] [1790760721.892772819] [peach_scene_perception_node]: 感知 worker 满队丢帧累计 1185（处理跟不上到达率，排查热路径耗时或降低到达率）
[peach_harvester-10] [WARN] [1790760722.537952734] [peach_scene_perception_node]: 感知 worker 满队丢帧累计 1194（处理跟不上到达率，排查热路径耗时或降低到达率）
[stereo_camera_node-1] [INFO] [1790760723.003699444] [camera.peach_stereo_camera_node]: groups=1800 published=1800 rate=13.7 gps drop(stream=0 incomplete=0 nostamp=0 depth=0)
[peach_harvester-10] [WARN] [1790760723.257138572] [peach_target_reconstruction_node]: 重建 worker 队列已满，拒绝新帧以保持积分顺序
[peach_harvester-10] [WARN] [1790760723.431944134] [peach_scene_perception_node]: 感知 worker 满队丢帧累计 1201（处理跟不上到达率，排查热路径耗时或降低到达率）
[peach_harvester-10] [WARN] [1790760724.080878901] [peach_scene_perception_node]: 感知 worker 满队丢帧累计 1205（处理跟不上到达率，排查热路径耗时或降低到达率）
[peach_harvester-10] [WARN] [1790760724.255771145] [peach_scene_perception_node]: 感知 worker 满队丢帧累计 1208（处理跟不上到达率，排查热路径耗时或降低到达率）
[peach_harvester-10] [WARN] [1790760724.796946650] [peach_scene_perception_node]: 感知 worker 满队丢帧累计 1209（处理跟不上到达率，排查热路径耗时或降低到达率）
[peach_harvester-10] [WARN] [1790760724.842415873] [peach_target_reconstruction_node]: 重建 worker 队列已满，拒绝新帧以保持积分顺序
[peach_harvester-10] [WARN] [1790760724.948224603] [peach_scene_perception_node]: 感知 worker 满队丢帧累计 1217（处理跟不上到达率，排查热路径耗时或降低到达率）
[peach_harvester-10] [WARN] [1790760725.626713559] [peach_scene_perception_node]: 感知 worker 满队丢帧累计 1224（处理跟不上到达率，排查热路径耗时或降低到达率）
[peach_harvester-10] [WARN] [1790760726.318453076] [peach_target_reconstruction_node]: 重建 worker 队列已满，拒绝新帧以保持积分顺序
[peach_harvester-10] [WARN] [1790760726.460004438] [peach_scene_perception_node]: 感知 worker 满队丢帧累计 1231（处理跟不上到达率，排查热路径耗时或降低到达率）
[peach_harvester-10] [WARN] [1790760726.892715402] [peach_scene_perception_node]: 感知 worker 满队丢帧累计 1232（处理跟不上到达率，排查热路径耗时或降低到达率）
[peach_harvester-10] [WARN] [1790760727.086825529] [peach_scene_perception_node]: 感知 worker 满队丢帧累计 1239（处理跟不上到达率，排查热路径耗时或降低到达率）
[peach_harvester-10] [WARN] [1790760727.776038310] [peach_target_reconstruction_node]: 重建 worker 队列已满，拒绝新帧以保持积分顺序
[peach_harvester-10] [WARN] [1790760727.807948037] [peach_scene_perception_node]: 感知 worker 满队丢帧累计 1249（处理跟不上到达率，排查热路径耗时或降低到达率）
[peach_harvester-10] [WARN] [1790760728.660921840] [peach_scene_perception_node]: 感知 worker 满队丢帧累计 1258（处理跟不上到达率，排查热路径耗时或降低到达率）
[peach_harvester-10] [WARN] [1790760729.323053994] [peach_target_reconstruction_node]: 重建 worker 队列已满，拒绝新帧以保持积分顺序
[peach_harvester-10] [WARN] [1790760729.397511313] [peach_scene_perception_node]: 感知 worker 满队丢帧累计 1266（处理跟不上到达率，排查热路径耗时或降低到达率）
[peach_harvester-10] [WARN] [1790760730.101422359] [peach_scene_perception_node]: 感知 worker 满队丢帧累计 1271（处理跟不上到达率，排查热路径耗时或降低到达率）
[stereo_camera_node-1] [INFO] [1790760730.203919517] [camera.peach_stereo_camera_node]: groups=1900 published=1900 rate=13.7 gps drop(stream=0 incomplete=0 nostamp=0 depth=0)
[peach_harvester-10] [WARN] [1790760730.261883683] [peach_scene_perception_node]: 感知 worker 满队丢帧累计 1273（处理跟不上到达率，排查热路径耗时或降低到达率）
[peach_harvester-10] [WARN] [1790760730.807012945] [peach_target_reconstruction_node]: 重建 worker 队列已满，拒绝新帧以保持积分顺序
[peach_harvester-10] [WARN] [1790760730.911732428] [peach_scene_perception_node]: 感知 worker 满队丢帧累计 1281（处理跟不上到达率，排查热路径耗时或降低到达率）
[peach_harvester-10] [WARN] [1790760731.531644311] [peach_scene_perception_node]: 感知 worker 满队丢帧累计 1282（处理跟不上到达率，排查热路径耗时或降低到达率）
[peach_harvester-10] [INFO] [1790760731.747092678] [peach_scene_perception_node]: 目标注册表在册 1 个目标（累计注册 1、累计命中 613）
[peach_harvester-10] [WARN] [1790760731.751012404] [peach_scene_perception_node]: 感知 worker 满队丢帧累计 1289（处理跟不上到达率，排查热路径耗时或降低到达率）
[peach_harvester-10] [WARN] [1790760731.925894728] [peach_scene_perception_node]: 感知 worker 满队丢帧累计 1290（处理跟不上到达率，排查热路径耗时或降低到达率）
[peach_harvester-10] [WARN] [1790760732.655672687] [peach_scene_perception_node]: 感知 worker 满队丢帧累计 1296（处理跟不上到达率，排查热路径耗时或降低到达率）
[peach_harvester-10] [WARN] [1790760733.222482282] [peach_scene_perception_node]: 感知 worker 满队丢帧累计 1299（处理跟不上到达率，排查热路径耗时或降低到达率）
[peach_harvester-10] [WARN] [1790760733.363225505] [peach_scene_perception_node]: 感知 worker 满队丢帧累计 1304（处理跟不上到达率，排查热路径耗时或降低到达率）
[peach_harvester-10] [WARN] [1790760733.937973489] [peach_scene_perception_node]: 感知 worker 满队丢帧累计 1310（处理跟不上到达率，排查热路径耗时或降低到达率）
[peach_harvester-10] [WARN] [1790760734.696114540] [peach_scene_perception_node]: 感知 worker 满队丢帧累计 1319（处理跟不上到达率，排查热路径耗时或降低到达率）
[peach_harvester-10] [WARN] [1790760735.347250696] [peach_scene_perception_node]: 感知 worker 满队丢帧累计 1322（处理跟不上到达率，排查热路径耗时或降低到达率）
[peach_harvester-10] [WARN] [1790760735.522684324] [peach_scene_perception_node]: 感知 worker 满队丢帧累计 1328（处理跟不上到达率，排查热路径耗时或降低到达率）
[peach_harvester-10] [WARN] [1790760736.007577870] [peach_scene_perception_node]: 感知 worker 满队丢帧累计 1329（处理跟不上到达率，排查热路径耗时或降低到达率）
[peach_harvester-10] [WARN] [1790760736.183125956] [peach_scene_perception_node]: 感知 worker 满队丢帧累计 1335（处理跟不上到达率，排查热路径耗时或降低到达率）
[peach_harvester-10] [WARN] [1790760736.956437882] [peach_scene_perception_node]: 感知 worker 满队丢帧累计 1345（处理跟不上到达率，排查热路径耗时或降低到达率）
[stereo_camera_node-1] [INFO] [1790760737.447863986] [camera.peach_stereo_camera_node]: groups=2000 published=2000 rate=13.7 gps drop(stream=0 incomplete=0 nostamp=0 depth=0)
[peach_harvester-10] [WARN] [1790760737.847365349] [peach_scene_perception_node]: 感知 worker 满队丢帧累计 1350（处理跟不上到达率，排查热路径耗时或降低到达率）
[peach_harvester-10] [WARN] [1790760738.266017387] [peach_scene_perception_node]: 感知 worker 满队丢帧累计 1351（处理跟不上到达率，排查热路径耗时或降低到达率）
[peach_harvester-10] [WARN] [1790760738.537812748] [peach_scene_perception_node]: 感知 worker 满队丢帧累计 1357（处理跟不上到达率，排查热路径耗时或降低到达率）
[peach_harvester-10] [WARN] [1790760738.676565383] [peach_scene_perception_node]: 感知 worker 满队丢帧累计 1358（处理跟不上到达率，排查热路径耗时或降低到达率）
[peach_harvester-10] [WARN] [1790760738.807870120] [peach_scene_perception_node]: 感知 worker 满队丢帧累计 1360（处理跟不上到达率，排查热路径耗时或降低到达率）
[peach_observability-12] [WARN] [1790760738.854529520] [peach_observability]: 自检[periodic] 12/18 通过，失败: camera_color_rate, camera_depth_rate，跳过: robot_status, imu_topic, model_files, vegetation_status
[peach_harvester-10] [WARN] [1790760739.432958204] [peach_target_reconstruction_node]: 重建 worker 队列已满，拒绝新帧以保持积分顺序
[peach_harvester-10] [WARN] [1790760739.535623742] [peach_scene_perception_node]: 感知 worker 满队丢帧累计 1368（处理跟不上到达率，排查热路径耗时或降低到达率）
[peach_harvester-10] [WARN] [1790760739.721629599] [peach_scene_perception_node]: 感知 worker 满队丢帧累计 1369（处理跟不上到达率，排查热路径耗时或降低到达率）
[peach_harvester-10] [WARN] [1790760739.861544122] [peach_scene_perception_node]: 感知 worker 满队丢帧累计 1370（处理跟不上到达率，排查热路径耗时或降低到达率）
[peach_harvester-10] [WARN] [1790760740.452501407] [peach_target_reconstruction_node]: 重建 worker 队列已满，拒绝新帧以保持积分顺序
[peach_harvester-10] [WARN] [1790760740.687676691] [peach_scene_perception_node]: 感知 worker 满队丢帧累计 1381（处理跟不上到达率，排查热路径耗时或降低到达率）
[peach_harvester-10] [WARN] [1790760741.158848398] [peach_scene_perception_node]: 感知 worker 满队丢帧累计 1382（处理跟不上到达率，排查热路径耗时或降低到达率）
[peach_harvester-10] [WARN] [1790760741.331804954] [peach_scene_perception_node]: 感知 worker 满队丢帧累计 1383（处理跟不上到达率，排查热路径耗时或降低到达率）
[peach_harvester-10] [WARN] [1790760741.465763225] [peach_scene_perception_node]: 感知 worker 满队丢帧累计 1386（处理跟不上到达率，排查热路径耗时或降低到达率）
[peach_harvester-10] [INFO] [1790760742.034769583] [peach_scene_perception_node]: 目标注册表在册 1 个目标（累计注册 1、累计命中 650）
[peach_harvester-10] [WARN] [1790760742.042323763] [peach_scene_perception_node]: 感知 worker 满队丢帧累计 1391（处理跟不上到达率，排查热路径耗时或降低到达率）
[peach_harvester-10] [WARN] [1790760742.201264385] [peach_scene_perception_node]: 感知 worker 满队丢帧累计 1395（处理跟不上到达率，排查热路径耗时或降低到达率）
[peach_harvester-10] [WARN] [1790760743.004410651] [peach_scene_perception_node]: 感知 worker 满队丢帧累计 1403（处理跟不上到达率，排查热路径耗时或降低到达率）
[peach_harvester-10] [WARN] [1790760743.644719087] [peach_scene_perception_node]: 感知 worker 满队丢帧累计 1406（处理跟不上到达率，排查热路径耗时或降低到达率）
[peach_harvester-10] [WARN] [1790760744.058141294] [peach_scene_perception_node]: 感知 worker 满队丢帧累计 1412（处理跟不上到达率，排查热路径耗时或降低到达率）
[peach_harvester-10] [WARN] [1790760744.478233442] [peach_scene_perception_node]: 感知 worker 满队丢帧累计 1416（处理跟不上到达率，排查热路径耗时或降低到达率）
[stereo_camera_node-1] [INFO] [1790760744.642076185] [camera.peach_stereo_camera_node]: groups=2100 published=2100 rate=13.7 gps drop(stream=0 incomplete=0 nostamp=0 depth=0)
[peach_harvester-10] [WARN] [1790760744.974444311] [peach_scene_perception_node]: 感知 worker 满队丢帧累计 1419（处理跟不上到达率，排查热路径耗时或降低到达率）
[peach_harvester-10] [WARN] [1790760745.294484731] [peach_target_reconstruction_node]: 重建 worker 队列已满，拒绝新帧以保持积分顺序
[peach_harvester-10] [WARN] [1790760745.397356235] [peach_scene_perception_node]: 感知 worker 满队丢帧累计 1428（处理跟不上到达率，排查热路径耗时或降低到达率）
[peach_harvester-10] [WARN] [1790760746.302444477] [peach_scene_perception_node]: 感知 worker 满队丢帧累计 1434（处理跟不上到达率，排查热路径耗时或降低到达率）
[peach_harvester-10] [WARN] [1790760746.888244908] [peach_target_reconstruction_node]: 重建 worker 队列已满，拒绝新帧以保持积分顺序
[peach_harvester-10] [WARN] [1790760747.037378731] [peach_scene_perception_node]: 感知 worker 满队丢帧累计 1442（处理跟不上到达率，排查热路径耗时或降低到达率）
[peach_harvester-10] [WARN] [1790760747.584855923] [peach_scene_perception_node]: 感知 worker 满队丢帧累计 1445（处理跟不上到达率，排查热路径耗时或降低到达率）
[peach_harvester-10] [WARN] [1790760747.830199841] [peach_scene_perception_node]: 感知 worker 满队丢帧累计 1449（处理跟不上到达率，排查热路径耗时或降低到达率）
[peach_harvester-10] [WARN] [1790760747.909709054] [peach_scene_perception_node]: 感知 worker 满队丢帧累计 1450（处理跟不上到达率，排查热路径耗时或降低到达率）
[peach_harvester-10] [WARN] [1790760748.682374830] [peach_target_reconstruction_node]: 重建 worker 队列已满，拒绝新帧以保持积分顺序
[peach_harvester-10] [WARN] [1790760748.796872947] [peach_scene_perception_node]: 感知 worker 满队丢帧累计 1458（处理跟不上到达率，排查热路径耗时或降低到达率）
[peach_harvester-10] [WARN] [1790760748.995544462] [peach_scene_perception_node]: 感知 worker 满队丢帧累计 1461（处理跟不上到达率，排查热路径耗时或降低到达率）
[peach_harvester-10] [WARN] [1790760749.146516763] [peach_scene_perception_node]: 感知 worker 满队丢帧累计 1463（处理跟不上到达率，排查热路径耗时或降低到达率）
[peach_harvester-10] [WARN] [1790760749.295626638] [peach_scene_perception_node]: 感知 worker 满队丢帧累计 1465（处理跟不上到达率，排查热路径耗时或降低到达率）
[peach_harvester-10] [WARN] [1790760749.564595465] [peach_scene_perception_node]: 感知 worker 满队丢帧累计 1466（处理跟不上到达率，排查热路径耗时或降低到达率）
[peach_harvester-10] [WARN] [1790760749.709849313] [peach_scene_perception_node]: 感知 worker 满队丢帧累计 1467（处理跟不上到达率，排查热路径耗时或降低到达率）
[peach_harvester-10] [WARN] [1790760749.852162609] [peach_scene_perception_node]: 感知 worker 满队丢帧累计 1468（处理跟不上到达率，排查热路径耗时或降低到达率）
[peach_harvester-10] [WARN] [1790760750.037640440] [peach_scene_perception_node]: 感知 worker 满队丢帧累计 1470（处理跟不上到达率，排查热路径耗时或降低到达率）
[peach_harvester-10] [WARN] [1790760750.272044463] [peach_scene_perception_node]: 感知 worker 满队丢帧累计 1472（处理跟不上到达率，排查热路径耗时或降低到达率）
[peach_harvester-10] [WARN] [1790760750.406067544] [peach_scene_perception_node]: 感知 worker 满队丢帧累计 1473（处理跟不上到达率，排查热路径耗时或降低到达率）
[peach_harvester-10] [WARN] [1790760750.587536199] [peach_scene_perception_node]: 感知 worker 满队丢帧累计 1474（处理跟不上到达率，排查热路径耗时或降低到达率）
[peach_harvester-10] [WARN] [1790760750.701209556] [peach_scene_perception_node]: 感知 worker 满队丢帧累计 1475（处理跟不上到达率，排查热路径耗时或降低到达率）
[peach_harvester-10] [WARN] [1790760750.996042836] [peach_scene_perception_node]: 感知 worker 满队丢帧累计 1477（处理跟不上到达率，排查热路径耗时或降低到达率）
[peach_harvester-10] [WARN] [1790760751.139231388] [peach_scene_perception_node]: 感知 worker 满队丢帧累计 1478（处理跟不上到达率，排查热路径耗时或降低到达率）
[peach_arm-11] [WARN] [1790760751.236807709] [peach_arm]: scan.protected_zones 丢弃畸形盒: 盒#0 存在 min>=max 的轴（空盒/退化盒），已丢弃
[peach_arm-11] [WARN] [1790760751.237014332] [peach_arm]: scan.protected_zones 丢弃畸形盒: 盒#0 存在 min>=max 的轴（空盒/退化盒），已丢弃
[peach_harvester-10] [WARN] [1790760751.277727049] [peach_scene_perception_node]: 感知 worker 满队丢帧累计 1479（处理跟不上到达率，排查热路径耗时或降低到达率）
[peach_arm-11] [WARN] [1790760751.289991278] [peach_arm]: scan.protected_zones 丢弃畸形盒: 盒#0 存在 min>=max 的轴（空盒/退化盒），已丢弃
[peach_arm-11] [WARN] [1790760751.290266002] [peach_arm]: scan.protected_zones 丢弃畸形盒: 盒#0 存在 min>=max 的轴（空盒/退化盒），已丢弃
[peach_arm-11] [WARN] [1790760751.290341012] [peach_arm]: scan.protected_zones 丢弃畸形盒: 盒#0 存在 min>=max 的轴（空盒/退化盒），已丢弃
[peach_arm-11] [WARN] [1790760751.290381288] [peach_arm]: scan.protected_zones 丢弃畸形盒: 盒#0 存在 min>=max 的轴（空盒/退化盒），已丢弃
[peach_harvester-10] [WARN] [1790760751.415832311] [peach_scene_perception_node]: 感知 worker 满队丢帧累计 1480（处理跟不上到达率，排查热路径耗时或降低到达率）
[peach_harvester-10] [WARN] [1790760751.713824073] [peach_scene_perception_node]: 感知 worker 满队丢帧累计 1482（处理跟不上到达率，排查热路径耗时或降低到达率）
[stereo_camera_node-1] [INFO] [1790760751.849464106] [camera.peach_stereo_camera_node]: groups=2200 published=2200 rate=13.7 gps drop(stream=0 incomplete=0 nostamp=0 depth=0)
[peach_harvester-10] [WARN] [1790760751.888944418] [peach_scene_perception_node]: 感知 worker 满队丢帧累计 1483（处理跟不上到达率，排查热路径耗时或降低到达率）
[peach_harvester-10] [INFO] [1790760752.078155741] [peach_scene_perception_node]: 目标注册表在册 1 个目标（累计注册 1、累计命中 699）
[peach_harvester-10] [WARN] [1790760752.085147518] [peach_scene_perception_node]: 感知 worker 满队丢帧累计 1485（处理跟不上到达率，排查热路径耗时或降低到达率）
[peach_harvester-10] [WARN] [1790760752.403073414] [peach_scene_perception_node]: 感知 worker 满队丢帧累计 1487（处理跟不上到达率，排查热路径耗时或降低到达率）
[peach_harvester-10] [WARN] [1790760752.571196232] [peach_scene_perception_node]: 感知 worker 满队丢帧累计 1488（处理跟不上到达率，排查热路径耗时或降低到达率）
[peach_harvester-10] [WARN] [1790760752.744894718] [peach_scene_perception_node]: 感知 worker 满队丢帧累计 1490（处理跟不上到达率，排查热路径耗时或降低到达率）
[peach_arm-11] [INFO] [1790760752.846683920] [peach_arm]: [PLAN_OBSERVATION] 生成目标导向主动视点
[peach_arm-11] [INFO] [1790760752.847287846] [peach_arm]: [FINALIZE] 等待重建精化几何（BuildTargetModel）
[peach_arm-11] [WARN] [1790760752.847309091] [peach_arm]: quality.allow_unrefined_geometry: 用场景观测几何代替重建精化 target=target_1
[peach_arm-11] [INFO] [1790760752.847329100] [peach_arm]: 接触几何（核对方向） target=target_1 entry=[0.304 -0.614 0.536] axis=[0.042 0.136 0.990] travel=0.060m axis_angle_deg=0.00
[peach_arm-11] [INFO] [1790760752.847388098] [peach_arm]: [RECONFIRM] 抓取前再确认：等待新鲜观测复核身份/锚点漂移/摆动平息
[peach_observability-12] [WARN] [1790760752.863579391] [rosbag2_cpp]: Message definition for topic '/peach_arm/execute_target/_action/status' with type 'action_msgs/msg/GoalStatusArray' not found. Message definition will be left empty in bag.
[peach_observability-12] [WARN] [1790760752.869433368] [rosbag2_cpp]: Message definition for topic '/peach_arm/execute_target/_action/feedback' with type 'peach_interfaces/msg/ExecuteTarget_FeedbackMessage' not found. Message definition will be left empty in bag.
[peach_harvester-10] [WARN] [1790760752.944999837] [peach_scene_perception_node]: 感知 worker 满队丢帧累计 1491（处理跟不上到达率，排查热路径耗时或降低到达率）
[peach_harvester-10] [WARN] [1790760753.092791083] [peach_scene_perception_node]: 感知 worker 满队丢帧累计 1492（处理跟不上到达率，排查热路径耗时或降低到达率）
[peach_arm-11] [INFO] [1790760753.101449509] [peach_arm]: [MTC_APPROACH_INSERT] 拍照位再最短路径到预抓取
[peach_arm-11] [INFO] [1790760753.102739470] [peach_arm.moveit.ros.current_state_monitor]: Listening to joint states on topic 'joint_states'
[peach_arm-11] [INFO] [1790760753.103796444] [peach_arm.moveit.ros.move_group_interface]: MoveGroup action client/server ready
[move_group-7] [INFO] [1790760753.104761031] [move_group.moveit.moveit.ros.move_group.move_action]: MoveGroupMoveAction: Received request
[move_group-7] [INFO] [1790760753.105012920] [move_group.moveit.moveit.ros.move_group.move_action]: executing..
[peach_arm-11] [INFO] [1790760753.105057242] [peach_arm.moveit.ros.move_group_interface]: Planning request accepted
[move_group-7] [INFO] [1790760753.108411397] [move_group.moveit.moveit.ros.move_group.move_action]: Planning request received for MoveGroup action. Forwarding to planning pipeline.
[move_group-7] [INFO] [1790760753.108467854] [move_group.moveit.moveit.ros.move_group.capability]: Using planning pipeline 'pilz_industrial_motion_planner'
[move_group-7] [INFO] [1790760753.108729496] [move_group]: Calling PlanningRequestAdapter 'ResolveConstraintFrames'
[move_group-7] [INFO] [1790760753.108775438] [move_group]: Calling PlanningRequestAdapter 'ValidateWorkspaceBounds'
[move_group-7] [WARN] [1790760753.108796160] [move_group.moveit.moveit.ros.validate_workspace_bounds]: It looks like the planning volume was not specified. Using default values.
[move_group-7] [INFO] [1790760753.108821444] [move_group]: Calling PlanningRequestAdapter 'CheckStartStateBounds'
[move_group-7] [INFO] [1790760753.108854791] [move_group]: Calling PlanningRequestAdapter 'CheckStartStateCollision'
[move_group-7] [INFO] [1790760753.109093329] [move_group.moveit.moveit.planners.pilz.trajectory_generator.ptp]: Initialized Point-to-Point Trajectory Generator.
[move_group-7] [INFO] [1790760753.109134882] [move_group]: Calling Planner 'Pilz Industrial Motion Planner'
[move_group-7] [INFO] [1790760753.109167993] [move_group.moveit.moveit.planners.pilz.trajectory_generator]: Generating PTP trajectory...
[move_group-7] [INFO] [1790760753.109469803] [move_group]: Calling PlanningResponseAdapter 'ValidateSolution'
[move_group-7] [INFO] [1790760753.109741469] [move_group.moveit.moveit.ros.move_group.move_action]: Motion plan was computed successfully.
[peach_arm-11] [INFO] [1790760753.110415893] [peach_arm.moveit.ros.move_group_interface]: Planning request complete!
[peach_arm-11] [INFO] [1790760753.110433338] [peach_arm.moveit.ros.move_group_interface]: time taken to generate plan: 0.000197081 seconds
[peach_arm-11] [INFO] [1790760753.111240955] [peach_arm.moveit.ros.move_group_interface]: Execute request accepted
[move_group-7] [INFO] [1790760753.111246890] [move_group.moveit.moveit.ros.move_group.clear_octomap_service]: Execution request received
[move_group-7] [INFO] [1790760753.111288613] [move_group.moveit.moveit.plugins.simple_controller_manager]: Returned 1 controllers in list
[move_group-7] [INFO] [1790760753.111307082] [move_group.moveit.moveit.plugins.simple_controller_manager]: Returned 1 controllers in list
[move_group-7] [INFO] [1790760753.111385969] [move_group.moveit.moveit.ros.trajectory_execution_manager]: Validating trajectory with allowed_start_tolerance 0.15
[peach_observability-12] [WARN] [1790760753.111724283] [rosbag2_cpp]: Message definition for topic '/move_action/_action/feedback' with type 'moveit_msgs/msg/MoveGroup_FeedbackMessage' not found. Message definition will be left empty in bag.
[peach_observability-12] [WARN] [1790760753.111811110] [rosbag2_cpp]: Message definition for topic '/move_action/_action/status' with type 'action_msgs/msg/GoalStatusArray' not found. Message definition will be left empty in bag.
[move_group-7] [INFO] [1790760753.113420358] [move_group.moveit.moveit.ros.trajectory_execution_manager]: Starting trajectory execution ...
[move_group-7] [INFO] [1790760753.113480168] [move_group.moveit.moveit.plugins.simple_controller_manager]: Returned 1 controllers in list
[move_group-7] [INFO] [1790760753.113506782] [move_group.moveit.moveit.plugins.simple_controller_manager]: Returned 1 controllers in list
[move_group-7] [INFO] [1790760753.113812227] [moveit.simple_controller_manager.follow_joint_trajectory_controller_handle]: sending trajectory to joint_trajectory_controller
[ros2_control_node-4] [INFO] [1790760753.114303174] [joint_trajectory_controller]: Received new action goal
[ros2_control_node-4] [INFO] [1790760753.114350418] [joint_trajectory_controller]: Accepted new action goal
[move_group-7] [INFO] [1790760753.114621784] [moveit.simple_controller_manager.follow_joint_trajectory_controller_handle]: joint_trajectory_controller started execution
[move_group-7] [INFO] [1790760753.114643809] [moveit.simple_controller_manager.follow_joint_trajectory_controller_handle]: Goal request accepted!
[peach_observability-12] [WARN] [1790760753.122815238] [rosbag2_cpp]: Message definition for topic '/execute_trajectory/_action/feedback' with type 'moveit_msgs/msg/ExecuteTrajectory_FeedbackMessage' not found. Message definition will be left empty in bag.
[peach_observability-12] [WARN] [1790760753.122902880] [rosbag2_cpp]: Message definition for topic '/execute_trajectory/_action/status' with type 'action_msgs/msg/GoalStatusArray' not found. Message definition will be left empty in bag.
[peach_observability-12] [WARN] [1790760753.124792839] [rosbag2_cpp]: Message definition for topic '/joint_trajectory_controller/follow_joint_trajectory/_action/status' with type 'action_msgs/msg/GoalStatusArray' not found. Message definition will be left empty in bag.
[peach_observability-12] [WARN] [1790760753.182814462] [rosbag2_cpp]: Message definition for topic '/joint_trajectory_controller/follow_joint_trajectory/_action/feedback' with type 'control_msgs/msg/FollowJointTrajectory_FeedbackMessage' not found. Message definition will be left empty in bag.
[peach_arm-11] [WARN] [1790760753.204866504] [peach_arm]: 忽略 refined diagnostics（unrefined_hold）: expected=target_1 actual=target_1
[peach_arm-11] [WARN] [1790760753.205056921] [peach_arm]: 忽略 refined pose（unrefined_hold）: gate=target_1 actual=target_1
[peach_harvester-10] [WARN] [1790760753.242983629] [peach_scene_perception_node]: 感知 worker 满队丢帧累计 1493（处理跟不上到达率，排查热路径耗时或降低到达率）
[peach_harvester-10] [WARN] [1790760753.552721151] [peach_scene_perception_node]: 感知 worker 满队丢帧累计 1495（处理跟不上到达率，排查热路径耗时或降低到达率）
[peach_harvester-10] [WARN] [1790760753.696624415] [peach_scene_perception_node]: 感知 worker 满队丢帧累计 1496（处理跟不上到达率，排查热路径耗时或降低到达率）
[ros2_control_node-4] [INFO] [1790760753.708157772] [joint_trajectory_controller]: Goal reached, success!
[move_group-7] [INFO] [1790760753.714959103] [moveit.simple_controller_manager.follow_joint_trajectory_controller_handle]: Controller 'joint_trajectory_controller' successfully finished
[move_group-7] [INFO] [1790760753.728418193] [move_group.moveit.moveit.ros.trajectory_execution_manager]: Completed trajectory execution with status SUCCEEDED ...
[move_group-7] [INFO] [1790760753.728526513] [move_group.moveit.moveit.ros.move_group.clear_octomap_service]: Execution completed: SUCCEEDED
[peach_arm-11] [INFO] [1790760753.728895358] [peach_arm.moveit.ros.move_group_interface]: Execute request success!
[peach_arm-11] [INFO] [1790760753.735653652] [peach_arm]: 预抓取从拍照位出发: 已到达全局拍照位姿
[peach_arm-11] [INFO] [1790760753.735727081] [peach_arm]: 接近：距入口 0.423m 轴向 -0.223m 侧向 0.360m 夹角 8.4° 扫角 121.7° 半径 0.423m 沿轴LIN 0.030m 刀口滚转 0° 原语 staging
[peach_arm-11] [INFO] [1790760753.830658186] [peach_arm]: staging IK 择优：滚转 30°（20 候选，腕轴加权距离² 14.003）
[peach_arm-11] [INFO] [1790760753.830704174] [peach_arm]: PTP 接近（主路径）：关节空间到中段点正下方 + 垂直入冠 0.050m + 沿轴 0.050m（滚转 30°）
[peach_arm-11] [INFO] [1790760753.856721314] [peach_arm.moveit.ros.rdf_loader]: Loaded robot model in 0.00157733 seconds
[peach_arm-11] [INFO] [1790760753.856742025] [peach_arm.moveit.core.robot_model]: Loading robot model 'aubo_e5'...
[peach_arm-11] [INFO] [1790760753.856745295] [peach_arm.moveit.core.robot_model]: No root/virtual joint specified in SRDF. Assuming fixed joint
[peach_arm-11] [INFO] [1790760753.889886873] [peach_arm.moveit.kinematics.kdl_kinematics_plugin]: Joint weights for group 'manipulator_e5': 1 1 1 1 1 1
[peach_harvester-10] [WARN] [1790760753.892566483] [peach_scene_perception_node]: 感知 worker 满队丢帧累计 1497（处理跟不上到达率，排查热路径耗时或降低到达率）
[peach_arm-11] [INFO] [1790760753.991006410] [peach_arm]: 场景障碍 ACM 豁免已应用: 26 条（含 <octomap> 保留名）
[peach_arm-11] [INFO] [1790760754.010455225] [peach_arm.moveit.planners.pilz.joint_limits_aggregator]: Reading limits from namespace robot_description_planning
[peach_arm-11] [INFO] [1790760754.011186065] [peach_arm.moveit.planners.pilz.command_planner]: Available plugins: pilz_industrial_motion_planner/PlanningContextLoaderCIRC pilz_industrial_motion_planner/PlanningContextLoaderLIN pilz_industrial_motion_planner/PlanningContextLoaderPTP 
[peach_arm-11] [INFO] [1790760754.011192156] [peach_arm.moveit.planners.pilz.command_planner]: About to load: pilz_industrial_motion_planner/PlanningContextLoaderCIRC
[peach_arm-11] [INFO] [1790760754.012437156] [peach_arm.moveit.planners.pilz.command_planner]: Registered Algorithm [CIRC]
[peach_arm-11] [INFO] [1790760754.012444483] [peach_arm.moveit.planners.pilz.command_planner]: About to load: pilz_industrial_motion_planner/PlanningContextLoaderLIN
[peach_arm-11] [INFO] [1790760754.013191202] [peach_arm.moveit.planners.pilz.command_planner]: Registered Algorithm [LIN]
[peach_arm-11] [INFO] [1790760754.013196924] [peach_arm.moveit.planners.pilz.command_planner]: About to load: pilz_industrial_motion_planner/PlanningContextLoaderPTP
[peach_arm-11] [INFO] [1790760754.014127815] [peach_arm.moveit.planners.pilz.command_planner]: Registered Algorithm [PTP]
[peach_arm-11] [INFO] [1790760754.014136042] [peach_arm.moveit.ros.planning_pipeline]: Successfully loaded planner 'Pilz Industrial Motion Planner'
[peach_arm-11] [INFO] [1790760754.015380450] [peach_arm]: Try loading adapter 'default_planning_request_adapters/ResolveConstraintFrames'
[peach_arm-11] [INFO] [1790760754.017164464] [peach_arm]: Loaded adapter 'default_planning_request_adapters/ResolveConstraintFrames'
[peach_arm-11] [INFO] [1790760754.017173205] [peach_arm]: Try loading adapter 'default_planning_request_adapters/ValidateWorkspaceBounds'
[peach_arm-11] [INFO] [1790760754.017244804] [peach_arm]: Loaded adapter 'default_planning_request_adapters/ValidateWorkspaceBounds'
[peach_arm-11] [INFO] [1790760754.017246874] [peach_arm]: Try loading adapter 'default_planning_request_adapters/CheckStartStateBounds'
[peach_arm-11] [INFO] [1790760754.017254320] [peach_arm]: Loaded adapter 'default_planning_request_adapters/CheckStartStateBounds'
[peach_arm-11] [INFO] [1790760754.017255608] [peach_arm]: Try loading adapter 'default_planning_request_adapters/CheckStartStateCollision'
[peach_arm-11] [INFO] [1790760754.017260044] [peach_arm]: Loaded adapter 'default_planning_request_adapters/CheckStartStateCollision'
[peach_arm-11] [INFO] [1790760754.018231653] [peach_arm]: Try loading adapter 'default_planning_response_adapters/ValidateSolution'
[peach_arm-11] [INFO] [1790760754.021529969] [peach_arm]: Loaded adapter 'default_planning_response_adapters/ValidateSolution'
[peach_arm-11] [INFO] [1790760754.093913151] [peach_arm]: Calling PlanningRequestAdapter 'ResolveConstraintFrames'
[peach_arm-11] [INFO] [1790760754.094029134] [peach_arm]: Calling PlanningRequestAdapter 'ValidateWorkspaceBounds'
[peach_arm-11] [WARN] [1790760754.094034133] [peach_arm.moveit.ros.validate_workspace_bounds]: It looks like the planning volume was not specified. Using default values.
[peach_arm-11] [INFO] [1790760754.094071973] [peach_arm]: Calling PlanningRequestAdapter 'CheckStartStateBounds'
[peach_arm-11] [INFO] [1790760754.094096857] [peach_arm]: Calling PlanningRequestAdapter 'CheckStartStateCollision'
[peach_arm-11] [INFO] [1790760754.095522115] [peach_arm.moveit.planners.pilz.trajectory_generator.ptp]: Initialized Point-to-Point Trajectory Generator.
[peach_arm-11] [INFO] [1790760754.095553136] [peach_arm]: Calling Planner 'Pilz Industrial Motion Planner'
[peach_arm-11] [INFO] [1790760754.095578423] [peach_arm.moveit.planners.pilz.trajectory_generator]: Generating PTP trajectory...
[peach_arm-11] [INFO] [1790760754.096212198] [peach_arm]: Calling PlanningResponseAdapter 'ValidateSolution'
[peach_arm-11] [INFO] [1790760754.096720158] [peach_arm]: MTC 接近短路径审查: segments=1 allowed=true points=19 duration=1.761s joint_total=5.240rad joint_max=1.937rad (短路径门通过)
[peach_arm-11] [INFO] [1790760754.096741186] [peach_arm]: MTC 接近果实胶囊审查(seg0 转移): allowed=true min_clearance=0.029m (果实胶囊审查通过)
[peach_arm-11] [INFO] [1790760754.096744366] [peach_arm]: MTC 接近笛卡尔审查: allowed=true path=0.581m chord=0.499m ratio=1.17 max_dev=0.128m recede=0.000m (笛卡尔短路径门通过)
[peach_arm-11] [INFO] [1790760754.096748544] [peach_arm]: MTC 接近姿态审查: allowed=true max_from_start=31.1deg (TCP 姿态行程通过)
[move_group-7] [WARN] [1790760754.106479247] [moveit_task_constructor_visualization.execute_task_solution]: The trajectory of stage '0' from task '' does not have any controllers specified for trajectory execution. This might lead to unexpected controller selection.
[move_group-7] [INFO] [1790760754.106512264] [moveit_task_constructor_visualization.execute_task_solution]: Executing TaskSolution
[move_group-7] [INFO] [1790760754.107102758] [move_group.moveit.moveit.plugins.simple_controller_manager]: Returned 1 controllers in list
[move_group-7] [INFO] [1790760754.107149135] [move_group.moveit.moveit.plugins.simple_controller_manager]: Returned 1 controllers in list
[move_group-7] [INFO] [1790760754.107204927] [move_group.moveit.moveit.ros.trajectory_execution_manager]: Validating trajectory with allowed_start_tolerance 0.15
[move_group-7] [INFO] [1790760754.109869751] [move_group.moveit.moveit.ros.trajectory_execution_manager]: Starting trajectory execution ...
[move_group-7] [INFO] [1790760754.109992706] [move_group.moveit.moveit.plugins.simple_controller_manager]: Returned 1 controllers in list
[move_group-7] [INFO] [1790760754.110012215] [move_group.moveit.moveit.plugins.simple_controller_manager]: Returned 1 controllers in list
[move_group-7] [INFO] [1790760754.110659268] [move_group.moveit.moveit.plugins.simple_controller_manager]: Returned 1 controllers in list
[move_group-7] [INFO] [1790760754.110685206] [move_group.moveit.moveit.plugins.simple_controller_manager]: Returned 1 controllers in list
[move_group-7] [INFO] [1790760754.110904066] [moveit.simple_controller_manager.follow_joint_trajectory_controller_handle]: sending trajectory to joint_trajectory_controller
[ros2_control_node-4] [INFO] [1790760754.111181554] [joint_trajectory_controller]: Received new action goal
[ros2_control_node-4] [INFO] [1790760754.111237194] [joint_trajectory_controller]: Accepted new action goal
[move_group-7] [INFO] [1790760754.111642904] [moveit.simple_controller_manager.follow_joint_trajectory_controller_handle]: joint_trajectory_controller started execution
[move_group-7] [INFO] [1790760754.111657752] [moveit.simple_controller_manager.follow_joint_trajectory_controller_handle]: Goal request accepted!
[peach_observability-12] [WARN] [1790760754.117762907] [rosbag2_cpp]: Message definition for topic '/execute_task_solution/_action/status' with type 'action_msgs/msg/GoalStatusArray' not found. Message definition will be left empty in bag.
[peach_observability-12] [WARN] [1790760754.118766980] [rosbag2_cpp]: Message definition for topic '/execute_task_solution/_action/feedback' with type 'moveit_task_constructor_msgs/msg/ExecuteTaskSolution_FeedbackMessage' not found. Message definition will be left empty in bag.
[peach_harvester-10] [WARN] [1790760754.983165128] [peach_scene_perception_node]: 感知 worker 满队丢帧累计 1498（处理跟不上到达率，排查热路径耗时或降低到达率）
[ros2_control_node-4] [INFO] [1790760755.873145975] [joint_trajectory_controller]: Goal reached, success!
[move_group-7] [INFO] [1790760755.912008058] [moveit.simple_controller_manager.follow_joint_trajectory_controller_handle]: Controller 'joint_trajectory_controller' successfully finished
[move_group-7] [INFO] [1790760755.928403706] [move_group.moveit.moveit.ros.trajectory_execution_manager]: Completed trajectory execution with status SUCCEEDED ...
[peach_arm-11] Warning: class_loader.ClassLoader: SEVERE WARNING!!! Attempting to unload library while objects created by this loader exist in the heap! You should delete your objects before attempting to unload the library or destroying the ClassLoader. The library will NOT be unloaded.
[peach_arm-11]          at line 127 in ./src/class_loader.cpp
[move_group-7] [INFO] [1790760755.954668233] [move_group.moveit.moveit.ros.move_group.capability]: Using planning pipeline 'pilz_industrial_motion_planner'
[move_group-7] [INFO] [1790760755.954812904] [move_group]: Calling PlanningRequestAdapter 'ResolveConstraintFrames'
[move_group-7] [INFO] [1790760755.954892274] [move_group]: Calling PlanningRequestAdapter 'ValidateWorkspaceBounds'
[move_group-7] [WARN] [1790760755.954900105] [move_group.moveit.moveit.ros.validate_workspace_bounds]: It looks like the planning volume was not specified. Using default values.
[move_group-7] [INFO] [1790760755.954914389] [move_group]: Calling PlanningRequestAdapter 'CheckStartStateBounds'
[move_group-7] [ERROR] [1790760755.954934784] [move_group.moveit.moveit.core.conversions]: Found empty JointState message
[move_group-7] [INFO] [1790760755.954975702] [move_group]: Calling PlanningRequestAdapter 'CheckStartStateCollision'
[move_group-7] [ERROR] [1790760755.954984544] [move_group.moveit.moveit.core.conversions]: Found empty JointState message
[move_group-7] [INFO] [1790760755.955092328] [move_group]: Calling Planner 'Pilz Industrial Motion Planner'
[move_group-7] [INFO] [1790760755.955107246] [move_group.moveit.moveit.planners.pilz.trajectory_generator]: Generating LIN trajectory...
[move_group-7] [ERROR] [1790760755.955142796] [move_group.moveit.moveit.core.conversions]: Found empty JointState message
[move_group-7] [INFO] [1790760755.955774276] [move_group]: Calling PlanningResponseAdapter 'ValidateSolution'
[move_group-7] [INFO] [1790760755.955971708] [move_group]: Calling PlanningRequestAdapter 'ResolveConstraintFrames'
[move_group-7] [INFO] [1790760755.955985256] [move_group]: Calling PlanningRequestAdapter 'ValidateWorkspaceBounds'
[move_group-7] [WARN] [1790760755.955990278] [move_group.moveit.moveit.ros.validate_workspace_bounds]: It looks like the planning volume was not specified. Using default values.
[move_group-7] [INFO] [1790760755.956002588] [move_group]: Calling PlanningRequestAdapter 'CheckStartStateBounds'
[move_group-7] [INFO] [1790760755.956019935] [move_group]: Calling PlanningRequestAdapter 'CheckStartStateCollision'
[move_group-7] [INFO] [1790760755.956062864] [move_group]: Calling Planner 'Pilz Industrial Motion Planner'
[move_group-7] [INFO] [1790760755.956073157] [move_group.moveit.moveit.planners.pilz.trajectory_generator]: Generating LIN trajectory...
[move_group-7] [INFO] [1790760755.956513980] [move_group]: Calling PlanningResponseAdapter 'ValidateSolution'
[move_group-7] [INFO] [1790760755.956694486] [move_group.moveit.moveit.planners.pilz.trajectory_blender_transition_window]: Start trajectory blending using transition window.
[move_group-7] [INFO] [1790760755.956724364] [move_group.moveit.moveit.planners.pilz.trajectory_blender_transition_window]: Search for start and end point of blending trajectory.
[move_group-7] [INFO] [1790760755.956740686] [move_group.moveit.moveit.planners.pilz.trajectory_blender_transition_window]: Intersection point of first trajectory found, index: 4
[move_group-7] [INFO] [1790760755.956750230] [move_group.moveit.moveit.planners.pilz.trajectory_blender_transition_window]: Intersection point of second trajectory found, index: 2
[peach_arm-11] [INFO] [1790760755.957186832] [peach_arm]: sequence 冠内审查: segments=1 allowed=true points=13 duration=1.132s joint_total=0.523rad (短路径门通过)
[move_group-7] [INFO] [1790760755.960211314] [move_group.moveit.moveit.ros.move_group.clear_octomap_service]: Execution request received
[move_group-7] [INFO] [1790760755.960249835] [move_group.moveit.moveit.plugins.simple_controller_manager]: Returned 1 controllers in list
[move_group-7] [INFO] [1790760755.960265745] [move_group.moveit.moveit.plugins.simple_controller_manager]: Returned 1 controllers in list
[move_group-7] [INFO] [1790760755.960308551] [move_group.moveit.moveit.ros.trajectory_execution_manager]: Validating trajectory with allowed_start_tolerance 0.15
[move_group-7] [INFO] [1790760755.963581111] [move_group.moveit.moveit.ros.trajectory_execution_manager]: Starting trajectory execution ...
[move_group-7] [INFO] [1790760755.963635226] [move_group.moveit.moveit.plugins.simple_controller_manager]: Returned 1 controllers in list
[move_group-7] [INFO] [1790760755.963652180] [move_group.moveit.moveit.plugins.simple_controller_manager]: Returned 1 controllers in list
[move_group-7] [INFO] [1790760755.963856025] [moveit.simple_controller_manager.follow_joint_trajectory_controller_handle]: sending trajectory to joint_trajectory_controller
[ros2_control_node-4] [INFO] [1790760755.963943113] [joint_trajectory_controller]: Received new action goal
[ros2_control_node-4] [INFO] [1790760755.963976692] [joint_trajectory_controller]: Accepted new action goal
[move_group-7] [INFO] [1790760755.964127806] [moveit.simple_controller_manager.follow_joint_trajectory_controller_handle]: joint_trajectory_controller started execution
[move_group-7] [INFO] [1790760755.964134862] [moveit.simple_controller_manager.follow_joint_trajectory_controller_handle]: Goal request accepted!
[ros2_control_node-4] [INFO] [1790760757.098154066] [joint_trajectory_controller]: Goal reached, success!
[move_group-7] [INFO] [1790760757.114243588] [moveit.simple_controller_manager.follow_joint_trajectory_controller_handle]: Controller 'joint_trajectory_controller' successfully finished
[move_group-7] [INFO] [1790760757.128382288] [move_group.moveit.moveit.ros.trajectory_execution_manager]: Completed trajectory execution with status SUCCEEDED ...
[move_group-7] [INFO] [1790760757.128473946] [move_group.moveit.moveit.ros.move_group.clear_octomap_service]: Execution completed: SUCCEEDED
[peach_arm-11] [INFO] [1790760757.130604259] [peach_arm]: 检查点 2（到预抓取）
[peach_arm-11] [INFO] [1790760757.130650243] [peach_arm]: [RECONFIRM] 预抓取停稳验证（不 SetIO）
[peach_harvester-10] [WARN] [1790760757.243241612] [peach_scene_perception_node]: 感知 worker 满队丢帧累计 1499（处理跟不上到达率，排查热路径耗时或降低到达率）
[peach_arm-11] [WARN] [1790760757.330831853] [peach_arm]: [FAILED] 套入预规划被拒绝（CONTACT）: 快照套入能力非 VALID（sleeve capability）
[peach_arm-11] [WARN] [1790760757.330864525] [peach_arm]: [RECOVERY_REQUIRED] 接触阶段取消或撤离未确认；保持停止，须现场人工撤离后确认恢复
[peach_harvester-10] [WARN] [1790760757.408749216] [peach_scene_perception_node]: 感知 worker 满队丢帧累计 1500（处理跟不上到达率，排查热路径耗时或降低到达率）
[stereo_camera_node-1] [INFO] [1790760759.142534872] [camera.peach_stereo_camera_node]: groups=2300 published=2300 rate=13.7 gps drop(stream=0 incomplete=0 nostamp=0 depth=0)
[peach_arm-11] [INFO] [1790760759.998766067] [peach_arm]: [IDLE] 已记录现场人工撤离确认；本服务不发送任何运动命令
[WARNING] [launch]: user interrupted with ctrl-c (SIGINT)
[lifecycle_manager-13] [INFO] [1790760760.262841034] [rclcpp]: signal_handler(SIGINT/SIGTERM)
[lifecycle_manager-13] [INFO] [1790760760.262942140] [peach_lifecycle_manager]: Running Nav2 LifecycleManager rcl preshutdown (peach_lifecycle_manager)
[ERROR] [peach_lifecycle_flag_bridge-14]: process has died [pid 1285473, exit code -2, cmd '/home/mu/Desktop/aubo_e5_jazzy_ws/install/peach_bringup/lib/peach_bringup/peach_lifecycle_flag_bridge --ros-args -r __node:=peach_lifecycle_flag_bridge -p use_sim_time:=False'].
[ERROR] [peach_scene_obstacles-2]: process has died [pid 1285461, exit code -2, cmd '/home/mu/Desktop/aubo_e5_jazzy_ws/install/peach_harvester/lib/peach_harvester/peach_scene_obstacles --ros-args -p use_sim_time:=False'].
[INFO] [lifecycle_manager-13]: process has finished cleanly [pid 1285472]
[INFO] [robot_state_publisher-3]: process has finished cleanly [pid 1285462]
[INFO] [ros2_control_node-4]: process has finished cleanly [pid 1285463]
[INFO] [extrinsics_publisher-9]: process has finished cleanly [pid 1285468]
[INFO] [stereo_camera_node-1]: process has finished cleanly [pid 1285460]
[ERROR] [peach_harvester-10]: process has died [pid 1285469, exit code -2, cmd '/home/mu/Desktop/aubo_e5_jazzy_ws/install/peach_harvester/lib/peach_harvester/peach_harvester --ros-args -r __ns:=/ -p use_sim_time:=False --params-file /tmp/launch_params_f1_51ubc --params-file /tmp/launch_params_pcyx170q --params-file /tmp/launch_params_pi9crbtt --params-file /tmp/peach_brain_overlay_bh6wxgvo.yaml'].
[robot_state_publisher-3] [INFO] [1790760760.262846878] [rclcpp]: signal_handler(SIGINT/SIGTERM)
[INFO] [peach_observability-12]: sending signal 'SIGINT' to process[peach_observability-12]
[INFO] [peach_arm-11]: sending signal 'SIGINT' to process[peach_arm-11]
[INFO] [move_group-7]: sending signal 'SIGINT' to process[move_group-7]
[peach_arm-11] [INFO] [1790760760.262926263] [rclcpp]: signal_handler(SIGINT/SIGTERM)
[peach_arm-11] [INFO] [1790760760.264154344] [peach_arm]: requestCancelAll: 停止当前执行（来源：deactivate 收口）
[ros2_control_node-4] [INFO] [1790760760.263031695] [rclcpp]: signal_handler(SIGINT/SIGTERM)
[ros2_control_node-4] [INFO] [1790760760.263084607] [controller_manager]: Shutdown request received....
[ros2_control_node-4] [INFO] [1790760760.263124933] [controller_manager]: Shutting down all controllers in the controller manager.
[ros2_control_node-4] [INFO] [1790760760.263144277] [controller_manager]: Deactivating controller 'joint_state_broadcaster'
[ros2_control_node-4] [INFO] [1790760760.263191894] [controller_manager]: Shutting down controller 'joint_state_broadcaster'
[ros2_control_node-4] [INFO] [1790760760.263305618] [controller_manager]: Deactivating controller 'joint_trajectory_controller'
[ros2_control_node-4] [INFO] [1790760760.263333901] [controller_manager]: Shutting down controller 'joint_trajectory_controller'
[ros2_control_node-4] [INFO] [1790760760.263368078] [resource_manager]: 'deactivate' hardware 'AuboE5System' 
[ros2_control_node-4] [INFO] [1790760760.263378724] [resource_manager]: Successful 'deactivate' of hardware 'AuboE5System'
[ros2_control_node-4] [INFO] [1790760760.263380643] [resource_manager]: 'shutdown' hardware 'AuboE5System' 
[ros2_control_node-4] [INFO] [1790760760.263382395] [resource_manager]: Successful 'shutdown' of hardware 'AuboE5System'
[ros2_control_node-4] [INFO] [1790760760.263435832] [controller_manager]: Shutting down the controller manager.
[ros2_control_node-4] [ERROR] [1790760760.263516146] [controller_manager.pal_statistics]: Exception in publisher thread: context cannot be slept with because it's invalid!. Aborting!
[ros2_control_node-4] [INFO] [1790760760.268217393] [controller_manager.pal_statistics]: Async messages lost 0
[ros2_control_node-4] [INFO] [1790760760.268230155] [controller_manager.pal_statistics]: publish_async_failures_ 1
[ros2_control_node-4] [INFO] [1790760760.269107037] [controller_manager.pal_statistics]: Async messages lost 0
[ros2_control_node-4] [INFO] [1790760760.269111829] [controller_manager.pal_statistics]: publish_async_failures_ 0
[move_group-7] [INFO] [1790760760.263079948] [rclcpp]: signal_handler(SIGINT/SIGTERM)
[move_group-7] Stack trace (most recent call last):
[move_group-7] #6    Object "", at 0xffffffffffffffff, in 
[stereo_camera_node-1] [INFO] [1790760760.263226070] [rclcpp]: signal_handler(SIGINT/SIGTERM)
[stereo_camera_node-1] [INFO] [1790760760.387181204] [camera.peach_stereo_camera_node]: device closed, laser restored
[lifecycle_manager-13] [INFO] [1790760760.269490447] [peach_lifecycle_manager]: Destroying peach_lifecycle_manager
[peach_lifecycle_flag_bridge-14] Traceback (most recent call last):
[peach_lifecycle_flag_bridge-14]   File "/home/mu/Desktop/aubo_e5_jazzy_ws/install/peach_bringup/lib/peach_bringup/peach_lifecycle_flag_bridge", line 33, in <module>
[peach_lifecycle_flag_bridge-14]     sys.exit(load_entry_point('peach-bringup==0.1.0', 'console_scripts', 'peach_lifecycle_flag_bridge')())
[peach_lifecycle_flag_bridge-14]              ^^^^^^^^^^^^^^^^^^^^^^^^^^^^^^^^^^^^^^^^^^^^^^^^^^^^^^^^^^^^^^^^^^^^^^^^^^^^^^^^^^^^^^^^^^^^
[peach_lifecycle_flag_bridge-14]   File "/home/mu/Desktop/aubo_e5_jazzy_ws/install/peach_bringup/lib/python3.12/site-packages/peach_bringup/lifecycle_flag_bridge.py", line 79, in main
[peach_lifecycle_flag_bridge-14]     rclpy.spin(node)
[peach_lifecycle_flag_bridge-14]   File "/opt/ros/jazzy/lib/python3.12/site-packages/rclpy/__init__.py", line 247, in spin
[peach_lifecycle_flag_bridge-14]     executor.spin_once()
[peach_lifecycle_flag_bridge-14]   File "/opt/ros/jazzy/lib/python3.12/site-packages/rclpy/executors.py", line 926, in spin_once
[peach_lifecycle_flag_bridge-14]     self._spin_once_impl(timeout_sec)
[peach_lifecycle_flag_bridge-14]   File "/opt/ros/jazzy/lib/python3.12/site-packages/rclpy/executors.py", line 907, in _spin_once_impl
[peach_lifecycle_flag_bridge-14]     handler, entity, node = self.wait_for_ready_callbacks(
[peach_lifecycle_flag_bridge-14]                             ^^^^^^^^^^^^^^^^^^^^^^^^^^^^^^
[peach_lifecycle_flag_bridge-14]   File "/opt/ros/jazzy/lib/python3.12/site-packages/rclpy/executors.py", line 877, in wait_for_ready_callbacks
[peach_lifecycle_flag_bridge-14]     return next(self._cb_iter)
[peach_lifecycle_flag_bridge-14]            ^^^^^^^^^^^^^^^^^^^
[peach_lifecycle_flag_bridge-14]   File "/opt/ros/jazzy/lib/python3.12/site-packages/rclpy/executors.py", line 781, in _wait_for_ready_callbacks
[peach_lifecycle_flag_bridge-14]     wait_set.wait(timeout_nsec)
[peach_lifecycle_flag_bridge-14] KeyboardInterrupt
[peach_observability-12] [WARN] [1790760760.278696828] [peach_observability]: 性能采样失败（本轮跳过）: Failed to publish: publisher's context is invalid, at ./src/rcl/publisher.c:423
[peach_observability-12] Failed to publish log message to rosout: publisher's context is invalid, at ./src/rcl/publisher.c:423
[peach_scene_obstacles-2] Traceback (most recent call last):
[peach_scene_obstacles-2]   File "/home/mu/Desktop/aubo_e5_jazzy_ws/install/peach_harvester/lib/peach_harvester/peach_scene_obstacles", line 33, in <module>
[peach_scene_obstacles-2]     sys.exit(load_entry_point('peach-harvester==0.1.0', 'console_scripts', 'peach_scene_obstacles')())
[peach_scene_obstacles-2]              ^^^^^^^^^^^^^^^^^^^^^^^^^^^^^^^^^^^^^^^^^^^^^^^^^^^^^^^^^^^^^^^^^^^^^^^^^^^^^^^^^^^^^^^^
[peach_scene_obstacles-2]   File "/home/mu/Desktop/aubo_e5_jazzy_ws/install/peach_harvester/lib/python3.12/site-packages/peach_harvester/vision/scene_obstacles/node.py", line 340, in main
[peach_scene_obstacles-2]     rclpy.spin(node)
[peach_scene_obstacles-2]   File "/opt/ros/jazzy/lib/python3.12/site-packages/rclpy/__init__.py", line 247, in spin
[peach_scene_obstacles-2]     executor.spin_once()
[peach_scene_obstacles-2]   File "/opt/ros/jazzy/lib/python3.12/site-packages/rclpy/executors.py", line 926, in spin_once
[peach_scene_obstacles-2]     self._spin_once_impl(timeout_sec)
[peach_scene_obstacles-2]   File "/opt/ros/jazzy/lib/python3.12/site-packages/rclpy/executors.py", line 907, in _spin_once_impl
[peach_scene_obstacles-2]     handler, entity, node = self.wait_for_ready_callbacks(
[peach_scene_obstacles-2]                             ^^^^^^^^^^^^^^^^^^^^^^^^^^^^^^
[peach_scene_obstacles-2]   File "/opt/ros/jazzy/lib/python3.12/site-packages/rclpy/executors.py", line 877, in wait_for_ready_callbacks
[peach_scene_obstacles-2]     return next(self._cb_iter)
[peach_scene_obstacles-2]            ^^^^^^^^^^^^^^^^^^^
[peach_scene_obstacles-2]   File "/opt/ros/jazzy/lib/python3.12/site-packages/rclpy/executors.py", line 781, in _wait_for_ready_callbacks
[peach_scene_obstacles-2]     wait_set.wait(timeout_nsec)
[peach_scene_obstacles-2] KeyboardInterrupt
[peach_arm-11] terminate called without an active exception
[peach_harvester-10] Traceback (most recent call last):
[peach_harvester-10]   File "/home/mu/Desktop/aubo_e5_jazzy_ws/install/peach_harvester/lib/peach_harvester/peach_harvester", line 33, in <module>
[peach_harvester-10]     sys.exit(load_entry_point('peach-harvester==0.1.0', 'console_scripts', 'peach_harvester')())
[peach_harvester-10]              ^^^^^^^^^^^^^^^^^^^^^^^^^^^^^^^^^^^^^^^^^^^^^^^^^^^^^^^^^^^^^^^^^^^^^^^^^^^^^^^^^^
[peach_harvester-10]   File "/home/mu/Desktop/aubo_e5_jazzy_ws/install/peach_harvester/lib/python3.12/site-packages/peach_harvester/brain.py", line 36, in main
[peach_harvester-10]     executor.spin()
[peach_harvester-10]   File "/opt/ros/jazzy/lib/python3.12/site-packages/rclpy/executors.py", line 359, in spin
[peach_harvester-10]     self._spin_once_impl()
[peach_harvester-10]   File "/opt/ros/jazzy/lib/python3.12/site-packages/rclpy/executors.py", line 991, in _spin_once_impl
[peach_harvester-10]     handler, entity, node = self.wait_for_ready_callbacks(
[peach_harvester-10]                             ^^^^^^^^^^^^^^^^^^^^^^^^^^^^^^
[peach_harvester-10]   File "/opt/ros/jazzy/lib/python3.12/site-packages/rclpy/executors.py", line 877, in wait_for_ready_callbacks
[peach_harvester-10]     return next(self._cb_iter)
[peach_harvester-10]            ^^^^^^^^^^^^^^^^^^^
[peach_harvester-10]   File "/opt/ros/jazzy/lib/python3.12/site-packages/rclpy/executors.py", line 685, in _wait_for_ready_callbacks
[peach_harvester-10]     services.extend(filter(self.can_execute, node.services))
[peach_harvester-10]   File "/opt/ros/jazzy/lib/python3.12/site-packages/rclpy/executors.py", line 621, in can_execute
[peach_harvester-10]     return not entity._executor_event and entity.callback_group.can_execute(entity)
[peach_harvester-10]                                           ^^^^^^^^^^^^^^^^^^^^^^^^^^^^^^^^^^^^^^^^^
[peach_harvester-10]   File "/opt/ros/jazzy/lib/python3.12/site-packages/rclpy/callback_groups.py", line 102, in can_execute
[peach_harvester-10]     with self._lock:
[peach_harvester-10] KeyboardInterrupt
[ERROR] [move_group-7]: process has died [pid 1285466, exit code -2, cmd '/opt/ros/jazzy/lib/moveit_ros_move_group/move_group --ros-args -p use_sim_time:=False --params-file /tmp/launch_params_4zyw4mnd --params-file /tmp/launch_params_57udr6rz'].
[peach_observability-12] Traceback (most recent call last):
[peach_observability-12]   File "/home/mu/Desktop/aubo_e5_jazzy_ws/install/peach_observability/lib/peach_observability/peach_observability", line 33, in <module>
[ERROR] [peach_arm-11]: process has died [pid 1285470, exit code -6, cmd '/home/mu/Desktop/aubo_e5_jazzy_ws/install/peach_arm/lib/peach_arm/peach_arm --ros-args -r __node:=peach_arm -r __ns:=/ -p use_sim_time:=False --params-file /tmp/launch_params_xb9366d1 --params-file /tmp/launch_params_nd5ikncd --params-file /tmp/launch_params_qtzhexba --params-file /tmp/launch_params_weh0cbk2 --params-file /tmp/launch_params_vz3len17 --params-file /tmp/launch_params_maby15ua --params-file /tmp/launch_params_92szw5gj --params-file /tmp/launch_params_ngf3nnbn --params-file /tmp/launch_params_hfuzp36o --params-file /tmp/launch_params_meb4duu2 --params-file /tmp/launch_params_ngd9ke6p --params-file /tmp/launch_params_9w8x25ox'].
[peach_observability-12]     sys.exit(load_entry_point('peach-observability==0.1.0', 'console_scripts', 'peach_observability')())
[peach_observability-12]              ^^^^^^^^^^^^^^^^^^^^^^^^^^^^^^^^^^^^^^^^^^^^^^^^^^^^^^^^^^^^^^^^^^^^^^^^^^^^^^^^^^^^^^^^^^
[peach_observability-12]   File "/home/mu/Desktop/aubo_e5_jazzy_ws/install/peach_observability/lib/python3.12/site-packages/peach_observability/observability_node.py", line 1348, in main
[peach_observability-12]     node.join_report()
[peach_observability-12]   File "/home/mu/Desktop/aubo_e5_jazzy_ws/install/peach_observability/lib/python3.12/site-packages/peach_observability/observability_node.py", line 1325, in join_report
[peach_observability-12]     self._report_thread.join(timeout=timeout)
[peach_observability-12]   File "/usr/lib/python3.12/threading.py", line 1151, in join
[peach_observability-12]     self._wait_for_tstate_lock(timeout=max(timeout, 0))
[peach_observability-12]   File "/usr/lib/python3.12/threading.py", line 1167, in _wait_for_tstate_lock
[peach_observability-12]     if lock.acquire(block, timeout):
[peach_observability-12]        ^^^^^^^^^^^^^^^^^^^^^^^^^^^^
[peach_observability-12] KeyboardInterrupt
[ERROR] [peach_observability-12]: process has died [pid 1285471, exit code -2, cmd '/home/mu/Desktop/aubo_e5_jazzy_ws/install/peach_observability/lib/peach_observability/peach_observability --ros-args -r __node:=peach_observability -r __ns:=/ -p use_sim_time:=False --params-file /tmp/launch_params_l7e4elgy --params-file /tmp/launch_params__7d55kpq'].
