{
  "pose_index": 16,
  "pattern_size": {
    "width": 11,
    "height": 8
  },
  "square_size_mm": 20,
  "rvec": {
    "x": -0.3345128511907235,
    "y": 0.046596196832763934,
    "z": 0.016136987853835192
  },
  "tvec": {
    "x": -151.6497755978074,
    "y": 67.033003127064,
    "z": 513.1438343684086
  },
  "rotation_matrix": [
    [
      0.9987957355949925,
      -0.023550792066823843,
      0.04303996689453976
    ],
    [
      0.008111706593274991,
      0.9444526436853001,
      0.32854741522646647
    ],
    [
      -0.04838676237776682,
      -0.32780262968571927,
      0.94350631009958
    ]
  ],
  "transformation_matrix": [
    [
      0.9987957355949925,
      -0.023550792066823843,
      0.04303996689453976,
      -151.6497755978074
    ],
    [
      0.008111706593274991,
      0.9444526436853001,
      0.32854741522646647,
      67.033003127064
    ],
    [
      -0.04838676237776682,
      -0.32780262968571927,
      0.94350631009958,
      513.1438343684086
    ],
    [
      0.0,
      0.0,
      0.0,
      1.0
    ]
  ],
  "orientation": {
    "x": -0.16646079253844764,
    "y": 0.023187270164508663,
    "z": 0.008030112379153942,
    "w": 0.9857427008834345
  }
}