{
  "pose_index": 16,
  "timestamp": 1768204414.3770704,
  "joint_position": {
    "rad": [
      -0.0317717008292675,
      0.35539788007736206,
      1.8609240055084229,
      0.28078019618988037,
      1.6180661916732788,
      -0.001782661653123796
    ],
    "deg": [
      -1.8203843654693257,
      20.36279857632941,
      106.62309151021259,
      16.087520212535384,
      92.70836375568499,
      -0.10213898902380786
    ]
  },
  "cartesian_position": {
    "position": {
      "x": 0.3576008975505829,
      "y": -0.12848280370235443,
      "z": 0.4519650638103485
    },
    "orientation": {
      "x": 0.7038833498954773,
      "y": 0.6887544393539429,
      "z": 0.13638004660606384,
      "w": 0.10754549503326416
    }
  }
}