{
  "header": {
    "stamp": {
      "sec": 1762347458,
      "nanosec": 982407908
    },
    "frame_id": "robot_base"
  },
  "is_online": true,
  "enable": true,
  "in_motion": false,
  "joint_position_deg": [91.6, 49.351, 25.735, 0.008, 14.919, -81.659],
  "joint_position_rad": [1.59872, 0.861337, 0.44916, 0.000139626, 0.260386, -1.42522],
  "cartesian_position": {
    "position": {
      "x": -14.325,
      "y": 526.613,
      "z": -21.364
    },
    "orientation": {
      "x": -0.0588621,
      "y": -0.998266,
      "z": 4.30439e-05,
      "w": 1.12799e-05
    },
    "euler_orientation_rpy_deg": [-179.995, -0.001, 173.251],
    "euler_orientation_rpy_rad": [-3.14151, -1.74533e-05, 3.0238]
  }
}
