{
  "pose_index": 12,
  "pattern_size": {
    "width": 11,
    "height": 8
  },
  "square_size_mm": 20,
  "rvec": {
    "x": -0.21339917283792745,
    "y": -0.37899197683277996,
    "z": 0.1077528830609144
  },
  "tvec": {
    "x": -157.7257101538312,
    "y": 10.615601759639409,
    "z": 417.36651114285166
  },
  "rotation_matrix": [
    [
      0.9236673273089777,
      -0.06441687022788606,
      -0.37774215450745446
    ],
    [
      0.14394923684834743,
      0.9718999840126491,
      0.1862499349986218
    ],
    [
      0.3551299560339402,
      -0.22640867453844643,
      0.9069850199540649
    ]
  ],
  "transformation_matrix": [
    [
      0.9236673273089777,
      -0.06441687022788606,
      -0.37774215450745446,
      -157.7257101538312
    ],
    [
      0.14394923684834743,
      0.9718999840126491,
      0.1862499349986218,
      10.615601759639409
    ],
    [
      0.3551299560339402,
      -0.22640867453844643,
      0.9069850199540649,
      417.36651114285166
    ],
    [
      0.0,
      0.0,
      0.0,
      1.0
    ]
  ],
  "orientation": {
    "x": -0.10580917179321421,
    "y": -0.18791463271230802,
    "z": 0.0534268393048807,
    "w": 0.975006709114826
  }
}