{
  "pose_index": 12,
  "timestamp": 1768204367.8365767,
  "joint_position": {
    "rad": [
      0.5139808654785156,
      0.3146277070045471,
      1.8319047689437866,
      -0.017767928540706635,
      1.1406797170639038,
      0.43892356753349304
    ],
    "deg": [
      29.448934342400257,
      18.0268397292392,
      104.96041173036721,
      -1.01802731607253,
      65.35613356393856,
      25.148467948494517
    ]
  },
  "cartesian_position": {
    "position": {
      "x": 0.38786715269088745,
      "y": 0.03444918245077133,
      "z": 0.42486572265625
    },
    "orientation": {
      "x": 0.6671025156974792,
      "y": 0.7135421633720398,
      "z": -0.048240069299936295,
      "w": 0.20857788622379303
    }
  }
}