{
  "pose_index": 4,
  "pattern_size": {
    "width": 11,
    "height": 8
  },
  "square_size_mm": 20,
  "rvec": {
    "x": 0.15640727496207443,
    "y": -0.01909176617563589,
    "z": -1.065184685380741
  },
  "tvec": {
    "x": -132.66643114130645,
    "y": 111.49315949547696,
    "z": 377.1595710094133
  },
  "rotation_matrix": [
    [
      0.4852640433674366,
      0.8696017576706989,
      -0.09116792895924465
    ],
    [
      -0.8723102539084315,
      0.47433481443528386,
      -0.11866467351681712
    ],
    [
      -0.05994688599831137,
      0.13711041853439196,
      0.9887401599957542
    ]
  ],
  "transformation_matrix": [
    [
      0.4852640433674366,
      0.8696017576706989,
      -0.09116792895924465,
      -132.66643114130645
    ],
    [
      -0.8723102539084315,
      0.47433481443528386,
      -0.11866467351681712,
      111.49315949547696
    ],
    [
      -0.05994688599831137,
      0.13711041853439196,
      0.9887401599957542,
      377.1595710094133
    ],
    [
      0.0,
      0.0,
      0.0,
      1.0
    ]
  ],
  "orientation": {
    "x": 0.07447997874663823,
    "y": -0.009091356775712272,
    "z": -0.5072330091272239,
    "w": 0.8585364025186226
  }
}