{
  "pose_index": 4,
  "timestamp": 1768204271.0353124,
  "joint_position": {
    "rad": [
      0.19009441137313843,
      0.02658816985785961,
      1.6611422300338745,
      -0.04071144387125969,
      1.6573543548583984,
      1.2938566207885742
    ],
    "deg": [
      10.891607480704508,
      1.5233899178323056,
      95.17643895189074,
      -2.3325939117069217,
      94.95940969101359,
      74.13252366624391
    ]
  },
  "cartesian_position": {
    "position": {
      "x": 0.4697627127170563,
      "y": -0.02506275102496147,
      "z": 0.3785729706287384
    },
    "orientation": {
      "x": -0.9711446762084961,
      "y": -0.22867093980312347,
      "z": 0.05023723095655441,
      "w": 0.04543006420135498
    }
  }
}