{
  "header": {
    "stamp": {
      "sec": 1762346811,
      "nanosec": 539845634
    },
    "frame_id": "robot_base"
  },
  "is_online": true,
  "enable": true,
  "in_motion": false,
  "joint_position_deg": [93.404, 47.891, 31.153, 0.011, 10.96, -21.672],
  "joint_position_rad": [1.63021, 0.835856, 0.543722, 0.000191986, 0.191288, -0.378248],
  "cartesian_position": {
    "position": {
      "x": -28.758,
      "y": 489.946,
      "z": -23.227
    },
    "orientation": {
      "x": -0.536821,
      "y": -0.843696,
      "z": 4.35045e-05,
      "w": -3.34932e-06
    },
    "euler_orientation_rpy_deg": [-179.996, 0.003, 115.065],
    "euler_orientation_rpy_rad": [-3.14152, 5.23599e-05, 2.00826]
  }
}
