{
  "feature_parameters" : 
  {
    "crop_height" : 606,
    "crop_width" : 606,
    "crop_x" : 1165,
    "crop_y" : 923,
    "final_valve_center_x" : 496.22314453125,
    "final_valve_center_y" : 303.03515625,
    "final_workpiece_radius" : 302.51821899414062,
    "rotation_angle_deg" : -60.877456227431018,
    "rotation_angle_rad" : -1.0625120514073971,
    "valve_area" : 12133,
    "valve_center_x" : 1562.068359375,
    "valve_center_y" : 1057.2210693359375,
    "valve_radius" : 92.278236389160156,
    "workpiece_area" : 57001,
    "workpiece_center_x_original" : 1467.9783935546875,
    "workpiece_center_y_original" : 1226.1109619140625,
    "workpiece_radius_original" : 302.51821899414062
  },
  "original_grasp_pose" : 
  {
    "cartesian_position" : 
    {
      "orientation" : 
      {
        "w" : 3.349319840233033e-06,
        "x" : 0.53682097439293253,
        "y" : 0.84369604024541034,
        "z" : -4.3504497924778159e-05
      },
      "position" : 
      {
        "x" : -28.757999999999999,
        "y" : 489.947,
        "z" : -38.293999999999997
      }
    }
  },
  "original_preparation_pose" : 
  {
    "cartesian_position" : 
    {
      "orientation" : 
      {
        "w" : 3.349319840233033e-06,
        "x" : 0.53682097439293253,
        "y" : 0.84369604024541034,
        "z" : -4.3504497924778159e-05
      },
      "position" : 
      {
        "x" : -28.757999999999999,
        "y" : 489.94600000000003,
        "z" : -23.227
      }
    }
  },
  "rotation_angle_deg" : -60.877456227431018,
  "rotation_angle_rad" : -1.0625120514073971,
  "standardized_grasp_pose" : 
  {
    "cartesian_position" : 
    {
      "orientation" : 
      {
        "w" : 0.00028834844446364179,
        "x" : 0.035407747460284335,
        "y" : 0.99936910452069727,
        "z" : 0.0027198142128434105
      },
      "position" : 
      {
        "x" : 16.781574748983413,
        "y" : 489.26547344583543,
        "z" : -38.492566019906121
      }
    }
  },
  "standardized_preparation_pose" : 
  {
    "cartesian_position" : 
    {
      "orientation" : 
      {
        "w" : 0.00028834844446364179,
        "x" : 0.035407747460284335,
        "y" : 0.99936910452069727,
        "z" : 0.0027198142128434105
      },
      "position" : 
      {
        "x" : 17.17138264171458,
        "y" : 489.19676661377298,
        "z" : -23.427473508187745
      }
    }
  }
}