{
  "header": {
    "stamp": {
      "sec": 1763260644,
      "nanosec": 183886220
    },
    "frame_id": "robot_base"
  },
  "is_online": true,
  "enable": false,
  "in_motion": false,
  "joint_position_deg": [
    79.386,
    52.937,
    30.248,
    0.008,
    6.82,
    -10.618
  ],
  "joint_position_rad": [
    1.3855470799882184,
    0.9239249461282383,
    0.5279271921432448,
    0.00013962634015954637,
    0.11903145498601327,
    -0.18531905997675793
  ],
  "cartesian_position": {
    "position": {
      "x": 89.429,
      "y": 475.1,
      "z": -59.926
    },
    "orientation": {
      "x": -0.7071314631963705,
      "y": -0.7070820967534702,
      "z": 4.319534137005608e-05,
      "w": -1.8510504449621435e-05
    },
    "euler_orientation_rpy_deg": [
      -179.998,
      0.005,
      89.996
    ],
    "euler_orientation_rpy_rad": [
      -3.1415577470047533,
      8.726646259971648e-05,
      1.5707265136248167
    ]
  }
}