{
  "header": {
    "stamp": {
      "sec": 1763260577,
      "nanosec": 93847547
    },
    "frame_id": "robot_base"
  },
  "is_online": true,
  "enable": false,
  "in_motion": false,
  "joint_position_deg": [
    97.332,
    47.833,
    32.766,
    0.015,
    9.407,
    7.321
  ],
  "joint_position_rad": [
    1.6987638675511207,
    0.8348433411064476,
    0.5718745827084619,
    0.0002617993877991494,
    0.16418312273510657,
    0.12777555453850487
  ],
  "cartesian_position": {
    "position": {
      "x": -60.748,
      "y": 475.099,
      "z": -26.241
    },
    "orientation": {
      "x": -0.7071314631963705,
      "y": -0.7070820967534702,
      "z": 4.319534137005608e-05,
      "w": -1.8510504449621435e-05
    },
    "euler_orientation_rpy_deg": [
      -179.998,
      0.005,
      89.996
    ],
    "euler_orientation_rpy_rad": [
      -3.1415577470047533,
      8.726646259971648e-05,
      1.5707265136248167
    ]
  }
}