{
  "header": {
    "stamp": {
      "sec": 1763260593,
      "nanosec": 724744747
    },
    "frame_id": "robot_base"
  },
  "is_online": true,
  "enable": true,
  "in_motion": false,
  "joint_position_deg": [
    97.332,
    50.047,
    31.978,
    0.018,
    7.979,
    7.318
  ],
  "joint_position_rad": [
    1.6987638675511207,
    0.873484930745602,
    0.5581213882027467,
    0.00031415926535897925,
    0.13925982101662754,
    0.12772319466094503
  ],
  "cartesian_position": {
    "position": {
      "x": -60.749,
      "y": 475.1,
      "z": -41.272
    },
    "orientation": {
      "x": -0.7071314633310058,
      "y": -0.7070820971034857,
      "z": 3.70244552392769e-05,
      "w": -1.2340049104469542e-05
    },
    "euler_orientation_rpy_deg": [
      -179.998,
      0.004,
      89.996
    ],
    "euler_orientation_rpy_rad": [
      -3.1415577470047533,
      6.981317007977319e-05,
      1.5707265136248167
    ]
  }
}