{
  "feature_parameters" : 
  {
    "crop_height" : 1177,
    "crop_width" : 688,
    "crop_x" : 2384,
    "crop_y" : 871,
    "final_valve_center_x" : 508.20306396484375,
    "final_valve_center_y" : 340.9346923828125,
    "final_workpiece_radius" : 591.59649658203125,
    "rotation_angle_deg" : 85.771036560110019,
    "rotation_angle_rad" : 1.496986990822351,
    "valve_area" : 83757,
    "valve_center_x" : 2987,
    "valve_center_y" : 1605,
    "valve_radius" : 449.91119384765625,
    "workpiece_area" : 133250,
    "workpiece_center_x_original" : 2976.5,
    "workpiece_center_y_original" : 1463,
    "workpiece_radius_original" : 591.59649658203125
  },
  "original_grasp_pose" : 
  {
    "cartesian_position" : 
    {
      "orientation" : 
      {
        "w" : 1.2341018398212091e-05,
        "x" : 0.7071129517226632,
        "y" : 0.70710060951958975,
        "z" : -3.7024132164858759e-05
      },
      "position" : 
      {
        "x" : 0,
        "y" : 490.00099999999998,
        "z" : 720.00300000000004
      }
    }
  },
  "original_preparation_pose" : 
  {
    "cartesian_position" : 
    {
      "orientation" : 
      {
        "w" : 1.8510504449621432e-05,
        "x" : 0.70713146319637055,
        "y" : 0.70708209675347022,
        "z" : -4.3195341370056079e-05
      },
      "position" : 
      {
        "x" : -60.747999999999998,
        "y" : 475.09899999999999,
        "z" : -26.241
      }
    }
  },
  "rotation_angle_deg" : 85.771036560110019,
  "rotation_angle_rad" : 1.496986990822351,
  "standardized_grasp_pose" : 
  {
    "cartesian_position" : 
    {
      "orientation" : 
      {
        "w" : 0.00016459576793328857,
        "x" : 0.99931129991181977,
        "y" : 0.036895483345556319,
        "z" : -0.0039524783971500669
      },
      "position" : 
      {
        "x" : -62.811827002079966,
        "y" : 532.02765513092186,
        "z" : 720.43359092543358
      }
    }
  },
  "standardized_preparation_pose" : 
  {
    "cartesian_position" : 
    {
      "orientation" : 
      {
        "w" : 0.00016501913007959908,
        "x" : 0.99931223097611044,
        "y" : 0.036869319674200075,
        "z" : -0.0039611938853377476
      },
      "position" : 
      {
        "x" : 107.12717200788458,
        "y" : 730.87155293107992,
        "z" : -25.962811544869169
      }
    }
  }
}