{
  "header": {
    "stamp": {
      "sec": 1763472991,
      "nanosec": 181005849
    },
    "frame_id": "robot_base"
  },
  "is_online": true,
  "enable": false,
  "in_motion": false,
  "joint_position_deg": [
    -2.546,
    51.965,
    0.226,
    0.003,
    37.813,
    1.07
  ],
  "joint_position_rad": [
    -0.044436082755775624,
    0.9069603457988533,
    0.003944444109507185,
    5.235987755982989e-05,
    0.6599613500566158,
    0.018675022996339326
  ],
  "cartesian_position": {
    "position": {
      "x": 686.826,
      "y": -30.921,
      "z": 57.731
    },
    "orientation": {
      "x": -0.9995016132639396,
      "y": 0.03156776139822191,
      "z": 3.433822671243182e-05,
      "w": 1.8546516759531205e-05
    },
    "euler_orientation_rpy_deg": [
      -179.998,
      0.004,
      -3.618
    ],
    "euler_orientation_rpy_rad": [
      -3.1415577470047533,
      6.981317007977319e-05,
      -0.06314601233715485
    ]
  }
}