{
  "feature_parameters" : 
  {
    "crop_height" : 695,
    "crop_width" : 695,
    "crop_x" : 957,
    "crop_y" : 878,
    "final_valve_center_x" : 545.677490234375,
    "final_valve_center_y" : 427.2008056640625,
    "final_workpiece_radius" : 347.3984375,
    "rotation_angle_deg" : 0,
    "rotation_angle_rad" : 0,
    "standardized_angle_deg" : 21.831209080217128,
    "standardized_angle_rad" : 0.38102647814107177,
    "valve_area" : 15076,
    "valve_center_x" : 1502.677490234375,
    "valve_center_y" : 1305.2008056640625,
    "valve_radius" : 112.65390777587891,
    "workpiece_area" : 56869,
    "workpiece_center_x_original" : 1305.1617431640625,
    "workpiece_center_y_original" : 1226.0753173828125,
    "workpiece_radius_original" : 347.3984375
  },
  "original_grasp_pose" : 
  {
    "cartesian_position" : 
    {
      "orientation" : 
      {
        "w" : -0.00208381432126864,
        "x" : 0.043278955592862413,
        "y" : 0.99901675512634924,
        "z" : -0.0093868363938747271
      },
      "position" : 
      {
        "x" : -39.865000000000002,
        "y" : 523.98000000000002,
        "z" : -35.628
      }
    }
  },
  "original_preparation_pose" : 
  {
    "cartesian_position" : 
    {
      "orientation" : 
      {
        "w" : -0.00208381432126864,
        "x" : 0.043278955592862413,
        "y" : 0.99901675512634924,
        "z" : -0.0093868363938747271
      },
      "position" : 
      {
        "x" : -39.865000000000002,
        "y" : 523.98000000000002,
        "z" : 8.4969999999999999
      }
    }
  },
  "rotation_angle_deg" : 0,
  "rotation_angle_rad" : 0,
  "standardized_grasp_pose" : 
  {
    "cartesian_position" : 
    {
      "orientation" : 
      {
        "w" : -0.00208381432126864,
        "x" : 0.04327895559286242,
        "y" : 0.99901675512634924,
        "z" : -0.0093868363938747271
      },
      "position" : 
      {
        "x" : -39.864999999999988,
        "y" : 523.9799999999999,
        "z" : -35.627999999999929
      }
    }
  },
  "standardized_preparation_pose" : 
  {
    "cartesian_position" : 
    {
      "orientation" : 
      {
        "w" : -0.00208381432126864,
        "x" : 0.04327895559286242,
        "y" : 0.99901675512634924,
        "z" : -0.0093868363938747271
      },
      "position" : 
      {
        "x" : -39.864999999999988,
        "y" : 523.98000000000002,
        "z" : 8.4970000000001846
      }
    }
  }
}