{
  "template_root": "/home/mu/IVG/aubo_ros2_ws/src/visual_pose_estimation/templates",
  "camera_pose_fixed_orientation": {
    "orientation": {
      "x": -0.7071067811865476,
      "y": -0.7071067811865476,
      "z": 0.0,
      "w": 0.0
    },
    "euler_orientation_rpy_rad": [-3.141592653589793, 0.0, 1.5707963267948966],
    "euler_orientation_rpy_deg": [-180.0, 0.0, 90.0]
  }
}
