{
  "header": {
    "stamp": {
      "sec": 1769493487,
      "nanosec": 517243015
    },
    "frame_id": "base_link"
  },
  "is_online": true,
  "enable": true,
  "in_motion": false,
  "joint_position_deg": [
    -10.672851889514632,
    16.268030159467774,
    92.95959177373639,
    -13.230781639346503,
    91.0377814469699,
    -9.542009058260533
  ],
  "joint_position_rad": [
    -0.1862764060497284,
    0.2839306890964508,
    1.6224509477615356,
    -0.2309207022190094,
    1.5889090299606323,
    -0.16653947532176971
  ],
  "cartesian_position": {
    "position": {
      "x": 0.3259216248989105,
      "y": -0.1833299994468689,
      "z": 0.482871413230896
    },
    "orientation": {
      "x": -0.7140165567398071,
      "y": -0.7000699043273926,
      "z": -0.007815797813236713,
      "w": 0.004624688532203436
    },
    "euler_orientation_rpy_rad": [
      3.1372529636120845,
      -0.01763734301320771,
      1.5511099085791071
    ],
    "euler_orientation_rpy_deg": [
      179.75135407988208,
      -1.0105453164813518,
      88.8720513225058
    ]
  }
}