{
  "feature_parameters": {
    "workpiece_center_x_original": 391.5,
    "workpiece_center_y_original": 173.5,
    "workpiece_radius_original": 55.0682373046875,
    "workpiece_area": 1168.0,
    "valve_center_x": 427.3307189941406,
    "valve_center_y": 190.3228302001953,
    "valve_radius": 15.68075180053711,
    "valve_area": 359.0,
    "standardized_angle_rad": 0.438958309483957,
    "standardized_angle_deg": 25.150458515628152,
    "final_workpiece_radius": 55.0682373046875,
    "crop_x": 336.0,
    "crop_y": 118.0,
    "crop_width": 111.0,
    "crop_height": 111.0,
    "rotation_angle_rad": 0.0,
    "rotation_angle_deg": 0.0,
    "final_valve_center_x": 91.33071899414062,
    "final_valve_center_y": 72.32283020019531
  }
}